,cargo_count0,cargo_count1,cargo_count2,cargo_count3,cargo_count4,cargo_count5,cargo_model0,cargo_model1,cargo_model2,cargo_model3,cargo_model4,cargo_model5,cargo_model_avg0,cargo_model_avg1,cargo_model_avg2,cargo_model_avg3,cargo_model_avg4,cargo_model_avg5,etc_count0,etc_count1,etc_count2,etc_count3,etc_count4,etc_count5,no_count0,no_count1,no_count2,no_count3,no_count4,no_count5,passenger_count0,passenger_count1,passenger_count2,passenger_count3,passenger_count4,passenger_count5,passenger_model0,passenger_model1,passenger_model2,passenger_model3,passenger_model4,passenger_model5,passenger_model_avg0,passenger_model_avg1,passenger_model_avg2,passenger_model_avg3,passenger_model_avg4,passenger_model_avg5,vehicle_model0,vehicle_model1,vehicle_model2,vehicle_model3,vehicle_model4,vehicle_model5,vehicle_model_avg0,vehicle_model_avg1,vehicle_model_avg2,vehicle_model_avg3,vehicle_model_avg4,vehicle_model_avg5,volume0,volume1,volume2,volume3,volume4,volume5,y,vehicle_all_model,cargo_all_model,passenger_all_model,no_all_count,cargo_all_count,passenger_all_count,volume_all,etc_all_count,vehicle_all_model_avg,cargo_all_model_avg,passenger_all_model_avg,month,day,hour,minute
2016-09-19 00:00:00,3.0,0.0,2.0,3.0,3.0,1.0,12.0,0.0,7.0,15.0,10.0,5.0,4.0,0.0,3.5,5.0,3.33333333333,5.0,4.0,1.0,1.0,1.0,3.0,0.0,0.0,0.0,0.0,0.0,1.0,0.0,10.0,6.0,7.0,7.0,10.0,9.0,10.0,6.0,10.0,7.0,10.0,9.0,1.0,1.0,1.42857142857,1.0,1.0,1.0,22.0,6.0,17.0,22.0,20.0,14.0,1.69230769231,1.0,1.88888888889,2.2,1.42857142857,1.4,13.0,6.0,9.0,10.0,14.0,10.0,4.0,101.0,49.0,52.0,1.0,12.0,49.0,62.0,10.0,1.62903225806,4.08333333333,1.0612244898,9,19,3,20
2016-09-19 00:20:00,0.0,2.0,3.0,3.0,1.0,3.0,0.0,7.0,15.0,10.0,5.0,12.0,0.0,3.5,5.0,3.33333333333,5.0,4.0,1.0,1.0,1.0,3.0,0.0,1.0,0.0,0.0,0.0,1.0,0.0,0.0,6.0,7.0,7.0,10.0,9.0,4.0,6.0,10.0,7.0,10.0,9.0,7.0,1.0,1.42857142857,1.0,1.0,1.0,1.75,6.0,17.0,22.0,20.0,14.0,19.0,1.0,1.88888888889,2.2,1.42857142857,1.4,2.71428571429,6.0,9.0,10.0,14.0,10.0,7.0,9.0,98.0,49.0,49.0,1.0,12.0,43.0,56.0,7.0,1.75,4.08333333333,1.13953488372,9,19,3,40
2016-09-19 00:40:00,2.0,3.0,3.0,1.0,3.0,7.0,7.0,15.0,10.0,5.0,12.0,20.0,3.5,5.0,3.33333333333,5.0,4.0,2.85714285714,1.0,1.0,3.0,0.0,1.0,1.0,0.0,0.0,1.0,0.0,0.0,0.0,7.0,7.0,10.0,9.0,4.0,3.0,10.0,7.0,10.0,9.0,7.0,3.0,1.42857142857,1.0,1.0,1.0,1.75,1.0,17.0,22.0,20.0,14.0,19.0,23.0,1.88888888889,2.2,1.42857142857,1.4,2.71428571429,2.3,9.0,10.0,14.0,10.0,7.0,10.0,10.0,115.0,69.0,46.0,1.0,19.0,40.0,60.0,7.0,1.91666666667,3.63157894737,1.15,9,19,4,0
2016-09-19 01:00:00,3.0,3.0,1.0,3.0,7.0,5.0,15.0,10.0,5.0,12.0,20.0,16.0,5.0,3.33333333333,5.0,4.0,2.85714285714,3.2,1.0,3.0,0.0,1.0,1.0,0.0,0.0,1.0,0.0,0.0,0.0,0.0,7.0,10.0,9.0,4.0,3.0,1.0,7.0,10.0,9.0,7.0,3.0,4.0,1.0,1.0,1.0,1.75,1.0,4.0,22.0,20.0,14.0,19.0,23.0,20.0,2.2,1.42857142857,1.4,2.71428571429,2.3,3.33333333333,10.0,14.0,10.0,7.0,10.0,6.0,13.0,118.0,78.0,40.0,1.0,22.0,34.0,57.0,6.0,2.0701754386,3.54545454545,1.17647058824,9,19,4,20
2016-09-19 01:20:00,3.0,1.0,3.0,7.0,5.0,4.0,10.0,5.0,12.0,20.0,16.0,14.0,3.33333333333,5.0,4.0,2.85714285714,3.2,3.5,3.0,0.0,1.0,1.0,0.0,0.0,1.0,0.0,0.0,0.0,0.0,0.0,10.0,9.0,4.0,3.0,1.0,5.0,10.0,9.0,7.0,3.0,4.0,5.0,1.0,1.0,1.75,1.0,4.0,1.0,20.0,14.0,19.0,23.0,20.0,19.0,1.42857142857,1.4,2.71428571429,2.3,3.33333333333,2.11111111111,14.0,10.0,7.0,10.0,6.0,9.0,12.0,115.0,77.0,38.0,1.0,23.0,32.0,56.0,5.0,2.05357142857,3.34782608696,1.1875,9,19,4,40
2016-09-19 01:40:00,1.0,3.0,7.0,5.0,4.0,1.0,5.0,12.0,20.0,16.0,14.0,3.0,5.0,4.0,2.85714285714,3.2,3.5,3.0,0.0,1.0,1.0,0.0,0.0,1.0,0.0,0.0,0.0,0.0,0.0,0.0,9.0,4.0,3.0,1.0,5.0,3.0,9.0,7.0,3.0,4.0,5.0,3.0,1.0,1.75,1.0,4.0,1.0,1.0,14.0,19.0,23.0,20.0,19.0,6.0,1.4,2.71428571429,2.3,3.33333333333,2.11111111111,1.5,10.0,7.0,10.0,6.0,9.0,4.0,2.0,101.0,70.0,31.0,0.0,21.0,25.0,46.0,3.0,2.19565217391,3.33333333333,1.24,9,19,5,0
2016-09-19 02:00:00,3.0,7.0,5.0,4.0,1.0,4.0,12.0,20.0,16.0,14.0,3.0,13.0,4.0,2.85714285714,3.2,3.5,3.0,3.25,1.0,1.0,0.0,0.0,1.0,2.0,0.0,0.0,0.0,0.0,0.0,0.0,4.0,3.0,1.0,5.0,3.0,5.0,7.0,3.0,4.0,5.0,3.0,5.0,1.75,1.0,4.0,1.0,1.0,1.0,19.0,23.0,20.0,19.0,6.0,18.0,2.71428571429,2.3,3.33333333333,2.11111111111,1.5,2.0,7.0,10.0,6.0,9.0,4.0,9.0,8.0,105.0,78.0,27.0,0.0,24.0,21.0,45.0,5.0,2.33333333333,3.25,1.28571428571,9,19,5,20
2016-09-19 02:20:00,7.0,5.0,4.0,1.0,4.0,4.0,20.0,16.0,14.0,3.0,13.0,12.0,2.85714285714,3.2,3.5,3.0,3.25,3.0,1.0,0.0,0.0,1.0,2.0,0.0,0.0,0.0,0.0,0.0,0.0,0.0,3.0,1.0,5.0,3.0,5.0,6.0,3.0,4.0,5.0,3.0,5.0,6.0,1.0,4.0,1.0,1.0,1.0,1.0,23.0,20.0,19.0,6.0,18.0,18.0,2.3,3.33333333333,2.11111111111,1.5,2.0,1.8,10.0,6.0,9.0,4.0,9.0,10.0,13.0,104.0,78.0,26.0,0.0,25.0,23.0,48.0,4.0,2.16666666667,3.12,1.13043478261,9,19,5,40
2016-09-19 02:40:00,5.0,4.0,1.0,4.0,4.0,4.0,16.0,14.0,3.0,13.0,12.0,12.0,3.2,3.5,3.0,3.25,3.0,3.0,0.0,0.0,1.0,2.0,0.0,0.0,0.0,0.0,0.0,0.0,0.0,0.0,1.0,5.0,3.0,5.0,6.0,9.0,4.0,5.0,3.0,5.0,6.0,9.0,4.0,1.0,1.0,1.0,1.0,1.0,20.0,19.0,6.0,18.0,18.0,21.0,3.33333333333,2.11111111111,1.5,2.0,1.8,1.61538461538,6.0,9.0,4.0,9.0,10.0,13.0,8.0,102.0,70.0,32.0,0.0,22.0,29.0,51.0,3.0,2.0,3.18181818182,1.10344827586,9,19,6,0
2016-09-19 03:00:00,4.0,1.0,4.0,4.0,4.0,4.0,14.0,3.0,13.0,12.0,12.0,12.0,3.5,3.0,3.25,3.0,3.0,3.0,0.0,1.0,2.0,0.0,0.0,0.0,0.0,0.0,0.0,0.0,0.0,0.0,5.0,3.0,5.0,6.0,9.0,8.0,5.0,3.0,5.0,6.0,9.0,8.0,1.0,1.0,1.0,1.0,1.0,1.0,19.0,6.0,18.0,18.0,21.0,20.0,2.11111111111,1.5,2.0,1.8,1.61538461538,1.66666666667,9.0,4.0,9.0,10.0,13.0,12.0,13.0,102.0,66.0,36.0,0.0,21.0,36.0,57.0,3.0,1.78947368421,3.14285714286,1.0,9,19,6,20
2016-09-19 03:20:00,1.0,4.0,4.0,4.0,4.0,2.0,3.0,13.0,12.0,12.0,12.0,4.0,3.0,3.25,3.0,3.0,3.0,2.0,1.0,2.0,0.0,0.0,0.0,0.0,0.0,0.0,0.0,0.0,0.0,0.0,3.0,5.0,6.0,9.0,8.0,0.0,3.0,5.0,6.0,9.0,8.0,0.0,1.0,1.0,1.0,1.0,1.0,0.0,6.0,18.0,18.0,21.0,20.0,4.0,1.5,2.0,1.8,1.61538461538,1.66666666667,2.0,4.0,9.0,10.0,13.0,12.0,2.0,32.0,87.0,56.0,31.0,0.0,19.0,31.0,50.0,3.0,1.74,2.94736842105,1.0,9,19,6,40
2016-09-19 03:40:00,4.0,4.0,4.0,4.0,2.0,2.0,13.0,12.0,12.0,12.0,4.0,4.0,3.25,3.0,3.0,3.0,2.0,2.0,2.0,0.0,0.0,0.0,0.0,2.0,0.0,0.0,0.0,0.0,0.0,0.0,5.0,6.0,9.0,8.0,0.0,6.0,5.0,6.0,9.0,8.0,0.0,6.0,1.0,1.0,1.0,1.0,0.0,1.0,18.0,18.0,21.0,20.0,4.0,10.0,2.0,1.8,1.61538461538,1.66666666667,2.0,1.25,9.0,10.0,13.0,12.0,2.0,8.0,39.0,91.0,57.0,34.0,0.0,20.0,34.0,54.0,4.0,1.68518518519,2.85,1.0,9,19,7,0
2016-09-19 04:00:00,4.0,4.0,4.0,2.0,2.0,1.0,12.0,12.0,12.0,4.0,4.0,2.0,3.0,3.0,3.0,2.0,2.0,2.0,0.0,0.0,0.0,0.0,2.0,2.0,0.0,0.0,0.0,0.0,0.0,0.0,6.0,9.0,8.0,0.0,6.0,12.0,6.0,9.0,8.0,0.0,6.0,12.0,1.0,1.0,1.0,0.0,1.0,1.0,18.0,21.0,20.0,4.0,10.0,14.0,1.8,1.61538461538,1.66666666667,2.0,1.25,1.07692307692,10.0,13.0,12.0,2.0,8.0,13.0,31.0,87.0,46.0,41.0,0.0,17.0,41.0,58.0,4.0,1.5,2.70588235294,1.0,9,19,7,20
2016-09-19 04:20:00,4.0,4.0,2.0,2.0,1.0,1.0,12.0,12.0,4.0,4.0,2.0,3.0,3.0,3.0,2.0,2.0,2.0,3.0,0.0,0.0,0.0,2.0,2.0,2.0,0.0,0.0,0.0,0.0,0.0,0.0,9.0,8.0,0.0,6.0,12.0,7.0,9.0,8.0,0.0,6.0,12.0,7.0,1.0,1.0,0.0,1.0,1.0,1.0,21.0,20.0,4.0,10.0,14.0,10.0,1.61538461538,1.66666666667,2.0,1.25,1.07692307692,1.25,13.0,12.0,2.0,8.0,13.0,8.0,43.0,79.0,37.0,42.0,0.0,14.0,42.0,56.0,6.0,1.41071428571,2.64285714286,1.0,9,19,7,40
2016-09-19 04:40:00,4.0,2.0,2.0,1.0,1.0,1.0,12.0,4.0,4.0,2.0,3.0,2.0,3.0,2.0,2.0,2.0,3.0,2.0,0.0,0.0,2.0,2.0,2.0,5.0,0.0,0.0,0.0,0.0,0.0,0.0,8.0,0.0,6.0,12.0,7.0,12.0,8.0,0.0,6.0,12.0,7.0,12.0,1.0,0.0,1.0,1.0,1.0,1.0,20.0,4.0,10.0,14.0,10.0,14.0,1.66666666667,2.0,1.25,1.07692307692,1.25,1.07692307692,12.0,2.0,8.0,13.0,8.0,13.0,46.0,72.0,27.0,45.0,0.0,11.0,45.0,56.0,11.0,1.28571428571,2.45454545455,1.0,9,19,8,0
2016-09-19 05:00:00,2.0,2.0,1.0,1.0,1.0,3.0,4.0,4.0,2.0,3.0,2.0,7.0,2.0,2.0,2.0,3.0,2.0,2.33333333333,0.0,2.0,2.0,2.0,5.0,9.0,0.0,0.0,0.0,0.0,0.0,0.0,0.0,6.0,12.0,7.0,12.0,29.0,0.0,6.0,12.0,7.0,12.0,32.0,0.0,1.0,1.0,1.0,1.0,1.10344827586,4.0,10.0,14.0,10.0,14.0,39.0,2.0,1.25,1.07692307692,1.25,1.07692307692,1.21875,2.0,8.0,13.0,8.0,13.0,32.0,56.0,91.0,22.0,69.0,0.0,10.0,66.0,76.0,20.0,1.19736842105,2.2,1.04545454545,9,19,8,20
2016-09-19 05:20:00,2.0,1.0,1.0,1.0,3.0,4.0,4.0,2.0,3.0,2.0,7.0,9.0,2.0,2.0,3.0,2.0,2.33333333333,2.25,2.0,2.0,2.0,5.0,9.0,10.0,0.0,0.0,0.0,0.0,0.0,0.0,6.0,12.0,7.0,12.0,29.0,35.0,6.0,12.0,7.0,12.0,32.0,38.0,1.0,1.0,1.0,1.0,1.10344827586,1.08571428571,10.0,14.0,10.0,14.0,39.0,47.0,1.25,1.07692307692,1.25,1.07692307692,1.21875,1.20512820513,8.0,13.0,8.0,13.0,32.0,39.0,41.0,134.0,27.0,107.0,0.0,12.0,101.0,113.0,30.0,1.18584070796,2.25,1.05940594059,9,19,8,40
2016-09-19 05:40:00,1.0,1.0,1.0,3.0,4.0,1.0,2.0,3.0,2.0,7.0,9.0,2.0,2.0,3.0,2.0,2.33333333333,2.25,2.0,2.0,2.0,5.0,9.0,10.0,11.0,0.0,0.0,0.0,0.0,0.0,0.0,12.0,7.0,12.0,29.0,35.0,30.0,12.0,7.0,12.0,32.0,38.0,30.0,1.0,1.0,1.0,1.10344827586,1.08571428571,1.0,14.0,10.0,14.0,39.0,47.0,32.0,1.07692307692,1.25,1.07692307692,1.21875,1.20512820513,1.03225806452,13.0,8.0,13.0,32.0,39.0,31.0,50.0,156.0,25.0,131.0,0.0,11.0,125.0,136.0,39.0,1.14705882353,2.27272727273,1.048,9,19,9,0
2016-09-19 06:00:00,1.0,1.0,3.0,4.0,1.0,3.0,3.0,2.0,7.0,9.0,2.0,7.0,3.0,2.0,2.33333333333,2.25,2.0,2.33333333333,2.0,5.0,9.0,10.0,11.0,16.0,0.0,0.0,0.0,0.0,0.0,0.0,7.0,12.0,29.0,35.0,30.0,40.0,7.0,12.0,32.0,38.0,30.0,40.0,1.0,1.0,1.10344827586,1.08571428571,1.0,1.0,10.0,14.0,39.0,47.0,32.0,47.0,1.25,1.07692307692,1.21875,1.20512820513,1.03225806452,1.09302325581,8.0,13.0,32.0,39.0,31.0,43.0,49.0,189.0,30.0,159.0,0.0,13.0,153.0,166.0,53.0,1.13855421687,2.30769230769,1.03921568627,9,19,9,20
2016-09-19 06:20:00,1.0,3.0,4.0,1.0,3.0,4.0,2.0,7.0,9.0,2.0,7.0,9.0,2.0,2.33333333333,2.25,2.0,2.33333333333,2.25,5.0,9.0,10.0,11.0,16.0,17.0,0.0,0.0,0.0,0.0,0.0,0.0,12.0,29.0,35.0,30.0,40.0,42.0,12.0,32.0,38.0,30.0,40.0,42.0,1.0,1.10344827586,1.08571428571,1.0,1.0,1.0,14.0,39.0,47.0,32.0,47.0,51.0,1.07692307692,1.21875,1.20512820513,1.03225806452,1.09302325581,1.10869565217,13.0,32.0,39.0,31.0,43.0,46.0,44.0,230.0,36.0,194.0,0.0,16.0,188.0,204.0,68.0,1.12745098039,2.25,1.03191489362,9,19,9,40
2016-09-19 06:40:00,3.0,4.0,1.0,3.0,4.0,6.0,7.0,9.0,2.0,7.0,9.0,14.0,2.33333333333,2.25,2.0,2.33333333333,2.25,2.33333333333,9.0,10.0,11.0,16.0,17.0,17.0,0.0,0.0,0.0,0.0,0.0,0.0,29.0,35.0,30.0,40.0,42.0,50.0,32.0,38.0,30.0,40.0,42.0,53.0,1.10344827586,1.08571428571,1.0,1.0,1.0,1.06,39.0,47.0,32.0,47.0,51.0,67.0,1.21875,1.20512820513,1.03225806452,1.09302325581,1.10869565217,1.19642857143,32.0,39.0,31.0,43.0,46.0,56.0,44.0,283.0,48.0,235.0,0.0,21.0,226.0,247.0,80.0,1.14574898785,2.28571428571,1.03982300885,9,19,10,0
2016-09-19 07:00:00,4.0,1.0,3.0,4.0,6.0,2.0,9.0,2.0,7.0,9.0,14.0,5.0,2.25,2.0,2.33333333333,2.25,2.33333333333,2.5,10.0,11.0,16.0,17.0,17.0,9.0,0.0,0.0,0.0,0.0,0.0,9.0,35.0,30.0,40.0,42.0,50.0,30.0,38.0,30.0,40.0,42.0,53.0,30.0,1.08571428571,1.0,1.0,1.0,1.06,1.0,47.0,32.0,47.0,51.0,67.0,35.0,1.20512820513,1.03225806452,1.09302325581,1.10869565217,1.19642857143,0.853658536585,39.0,31.0,43.0,46.0,56.0,41.0,44.0,279.0,46.0,233.0,9.0,20.0,227.0,256.0,80.0,1.08984375,2.3,1.02643171806,9,19,10,20
2016-09-19 07:20:00,1.0,3.0,4.0,6.0,2.0,6.0,2.0,7.0,9.0,14.0,5.0,12.0,2.0,2.33333333333,2.25,2.33333333333,2.5,2.0,11.0,16.0,17.0,17.0,9.0,18.0,0.0,0.0,0.0,0.0,9.0,0.0,30.0,40.0,42.0,50.0,30.0,44.0,30.0,40.0,42.0,53.0,30.0,44.0,1.0,1.0,1.0,1.06,1.0,1.0,32.0,47.0,51.0,67.0,35.0,56.0,1.03225806452,1.09302325581,1.10869565217,1.19642857143,0.853658536585,1.12,31.0,43.0,46.0,56.0,41.0,50.0,44.0,288.0,49.0,239.0,9.0,22.0,236.0,267.0,88.0,1.07865168539,2.22727272727,1.01271186441,9,19,10,40
2016-09-19 07:40:00,3.0,4.0,6.0,2.0,6.0,7.0,7.0,9.0,14.0,5.0,12.0,14.0,2.33333333333,2.25,2.33333333333,2.5,2.0,2.0,16.0,17.0,17.0,9.0,18.0,10.0,0.0,0.0,0.0,9.0,0.0,0.0,40.0,42.0,50.0,30.0,44.0,42.0,40.0,42.0,53.0,30.0,44.0,45.0,1.0,1.0,1.06,1.0,1.0,1.07142857143,47.0,51.0,67.0,35.0,56.0,59.0,1.09302325581,1.10869565217,1.19642857143,0.853658536585,1.12,1.20408163265,43.0,46.0,56.0,41.0,50.0,49.0,39.0,315.0,61.0,254.0,9.0,28.0,248.0,285.0,87.0,1.10526315789,2.17857142857,1.02419354839,9,19,11,0
2016-09-19 08:00:00,4.0,6.0,2.0,6.0,7.0,2.0,9.0,14.0,5.0,12.0,14.0,4.0,2.25,2.33333333333,2.5,2.0,2.0,2.0,17.0,17.0,9.0,18.0,10.0,3.0,0.0,0.0,9.0,0.0,0.0,0.0,42.0,50.0,30.0,44.0,42.0,42.0,42.0,53.0,30.0,44.0,45.0,42.0,1.0,1.06,1.0,1.0,1.07142857143,1.0,51.0,67.0,35.0,56.0,59.0,46.0,1.10869565217,1.19642857143,0.853658536585,1.12,1.20408163265,1.04545454545,46.0,56.0,41.0,50.0,49.0,44.0,30.0,314.0,58.0,256.0,9.0,27.0,250.0,286.0,74.0,1.0979020979,2.14814814815,1.024,9,19,11,20
2016-09-19 08:20:00,6.0,2.0,6.0,7.0,2.0,6.0,14.0,5.0,12.0,14.0,4.0,12.0,2.33333333333,2.5,2.0,2.0,2.0,2.0,17.0,9.0,18.0,10.0,3.0,7.0,0.0,9.0,0.0,0.0,0.0,0.0,50.0,30.0,44.0,42.0,42.0,38.0,53.0,30.0,44.0,45.0,42.0,38.0,1.06,1.0,1.0,1.07142857143,1.0,1.0,67.0,35.0,56.0,59.0,46.0,50.0,1.19642857143,0.853658536585,1.12,1.20408163265,1.04545454545,1.13636363636,56.0,41.0,50.0,49.0,44.0,44.0,34.0,313.0,61.0,252.0,9.0,29.0,246.0,284.0,64.0,1.10211267606,2.10344827586,1.0243902439,9,19,11,40
2016-09-19 08:40:00,2.0,6.0,7.0,2.0,6.0,1.0,5.0,12.0,14.0,4.0,12.0,2.0,2.5,2.0,2.0,2.0,2.0,2.0,9.0,18.0,10.0,3.0,7.0,6.0,9.0,0.0,0.0,0.0,0.0,0.0,30.0,44.0,42.0,42.0,38.0,43.0,30.0,44.0,45.0,42.0,38.0,43.0,1.0,1.0,1.07142857143,1.0,1.0,1.0,35.0,56.0,59.0,46.0,50.0,45.0,0.853658536585,1.12,1.20408163265,1.04545454545,1.13636363636,1.02272727273,41.0,50.0,49.0,44.0,44.0,44.0,45.0,291.0,49.0,242.0,9.0,24.0,239.0,272.0,53.0,1.06985294118,2.04166666667,1.01255230126,9,19,12,0
2016-09-19 09:00:00,6.0,7.0,2.0,6.0,1.0,2.0,12.0,14.0,4.0,12.0,2.0,4.0,2.0,2.0,2.0,2.0,2.0,2.0,18.0,10.0,3.0,7.0,6.0,10.0,0.0,0.0,0.0,0.0,0.0,0.0,44.0,42.0,42.0,38.0,43.0,42.0,44.0,45.0,42.0,38.0,43.0,45.0,1.0,1.07142857143,1.0,1.0,1.0,1.07142857143,56.0,59.0,46.0,50.0,45.0,49.0,1.12,1.20408163265,1.04545454545,1.13636363636,1.02272727273,1.11363636364,50.0,49.0,44.0,44.0,44.0,44.0,44.0,305.0,48.0,257.0,0.0,24.0,251.0,275.0,54.0,1.10909090909,2.0,1.02390438247,9,19,12,20
2016-09-19 09:20:00,7.0,2.0,6.0,1.0,2.0,7.0,14.0,4.0,12.0,2.0,4.0,15.0,2.0,2.0,2.0,2.0,2.0,2.14285714286,10.0,3.0,7.0,6.0,10.0,9.0,0.0,0.0,0.0,0.0,0.0,0.0,42.0,42.0,38.0,43.0,42.0,32.0,45.0,42.0,38.0,43.0,45.0,32.0,1.07142857143,1.0,1.0,1.0,1.07142857143,1.0,59.0,46.0,50.0,45.0,49.0,47.0,1.20408163265,1.04545454545,1.13636363636,1.02272727273,1.11363636364,1.20512820513,49.0,44.0,44.0,44.0,44.0,39.0,53.0,296.0,51.0,245.0,0.0,25.0,239.0,264.0,45.0,1.12121212121,2.04,1.02510460251,9,19,12,40
2016-09-19 09:40:00,2.0,6.0,1.0,2.0,7.0,5.0,4.0,12.0,2.0,4.0,15.0,10.0,2.0,2.0,2.0,2.0,2.14285714286,2.0,3.0,7.0,6.0,10.0,9.0,7.0,0.0,0.0,0.0,0.0,0.0,0.0,42.0,38.0,43.0,42.0,32.0,25.0,42.0,38.0,43.0,45.0,32.0,25.0,1.0,1.0,1.0,1.07142857143,1.0,1.0,46.0,50.0,45.0,49.0,47.0,35.0,1.04545454545,1.13636363636,1.02272727273,1.11363636364,1.20512820513,1.16666666667,44.0,44.0,44.0,44.0,39.0,30.0,57.0,272.0,47.0,225.0,0.0,23.0,222.0,245.0,42.0,1.11020408163,2.04347826087,1.01351351351,9,19,13,0
2016-09-19 10:00:00,6.0,1.0,2.0,7.0,5.0,2.0,12.0,2.0,4.0,15.0,10.0,9.0,2.0,2.0,2.0,2.14285714286,2.0,4.5,7.0,6.0,10.0,9.0,7.0,10.0,0.0,0.0,0.0,0.0,0.0,0.0,38.0,43.0,42.0,32.0,25.0,32.0,38.0,43.0,45.0,32.0,25.0,32.0,1.0,1.0,1.07142857143,1.0,1.0,1.0,50.0,45.0,49.0,47.0,35.0,41.0,1.13636363636,1.02272727273,1.11363636364,1.20512820513,1.16666666667,1.20588235294,44.0,44.0,44.0,39.0,30.0,34.0,61.0,267.0,52.0,215.0,0.0,23.0,212.0,235.0,49.0,1.13617021277,2.26086956522,1.0141509434,9,19,13,20
2016-09-19 10:20:00,1.0,2.0,7.0,5.0,2.0,2.0,2.0,4.0,15.0,10.0,9.0,4.0,2.0,2.0,2.14285714286,2.0,4.5,2.0,6.0,10.0,9.0,7.0,10.0,8.0,0.0,0.0,0.0,0.0,0.0,0.0,43.0,42.0,32.0,25.0,32.0,43.0,43.0,45.0,32.0,25.0,32.0,43.0,1.0,1.07142857143,1.0,1.0,1.0,1.0,45.0,49.0,47.0,35.0,41.0,47.0,1.02272727273,1.11363636364,1.20512820513,1.16666666667,1.20588235294,1.04444444444,44.0,44.0,39.0,30.0,34.0,45.0,53.0,264.0,44.0,220.0,0.0,19.0,217.0,236.0,50.0,1.1186440678,2.31578947368,1.01382488479,9,19,13,40
2016-09-19 10:40:00,2.0,7.0,5.0,2.0,2.0,4.0,4.0,15.0,10.0,9.0,4.0,10.0,2.0,2.14285714286,2.0,4.5,2.0,2.5,10.0,9.0,7.0,10.0,8.0,14.0,0.0,0.0,0.0,0.0,0.0,0.0,42.0,32.0,25.0,32.0,43.0,40.0,45.0,32.0,25.0,32.0,43.0,40.0,1.07142857143,1.0,1.0,1.0,1.0,1.0,49.0,47.0,35.0,41.0,47.0,50.0,1.11363636364,1.20512820513,1.16666666667,1.20588235294,1.04444444444,1.13636363636,44.0,39.0,30.0,34.0,45.0,44.0,55.0,269.0,52.0,217.0,0.0,22.0,214.0,236.0,58.0,1.13983050847,2.36363636364,1.01401869159,9,19,14,0
2016-09-19 11:00:00,7.0,5.0,2.0,2.0,4.0,4.0,15.0,10.0,9.0,4.0,10.0,9.0,2.14285714286,2.0,4.5,2.0,2.5,2.25,9.0,7.0,10.0,8.0,14.0,18.0,0.0,0.0,0.0,0.0,0.0,0.0,32.0,25.0,32.0,43.0,40.0,49.0,32.0,25.0,32.0,43.0,40.0,52.0,1.0,1.0,1.0,1.0,1.0,1.0612244898,47.0,35.0,41.0,47.0,50.0,61.0,1.20512820513,1.16666666667,1.20588235294,1.04444444444,1.13636363636,1.15094339623,39.0,30.0,34.0,45.0,44.0,53.0,52.0,281.0,57.0,224.0,0.0,24.0,221.0,245.0,66.0,1.14693877551,2.375,1.01357466063,9,19,14,20
2016-09-19 11:20:00,5.0,2.0,2.0,4.0,4.0,9.0,10.0,9.0,4.0,10.0,9.0,20.0,2.0,4.5,2.0,2.5,2.25,2.22222222222,7.0,10.0,8.0,14.0,18.0,17.0,0.0,0.0,0.0,0.0,0.0,0.0,25.0,32.0,43.0,40.0,49.0,48.0,25.0,32.0,43.0,40.0,52.0,48.0,1.0,1.0,1.0,1.0,1.0612244898,1.0,35.0,41.0,47.0,50.0,61.0,68.0,1.16666666667,1.20588235294,1.04444444444,1.13636363636,1.15094339623,1.19298245614,30.0,34.0,45.0,44.0,53.0,57.0,52.0,302.0,62.0,240.0,0.0,26.0,237.0,263.0,74.0,1.14828897338,2.38461538462,1.01265822785,9,19,14,40
2016-09-19 11:40:00,2.0,2.0,4.0,4.0,9.0,7.0,9.0,4.0,10.0,9.0,20.0,15.0,4.5,2.0,2.5,2.25,2.22222222222,2.14285714286,10.0,8.0,14.0,18.0,17.0,17.0,0.0,0.0,0.0,0.0,0.0,0.0,32.0,43.0,40.0,49.0,48.0,54.0,32.0,43.0,40.0,52.0,48.0,54.0,1.0,1.0,1.0,1.0612244898,1.0,1.0,41.0,47.0,50.0,61.0,68.0,69.0,1.20588235294,1.04444444444,1.13636363636,1.15094339623,1.19298245614,1.13114754098,34.0,45.0,44.0,53.0,57.0,61.0,48.0,336.0,67.0,269.0,0.0,28.0,266.0,294.0,84.0,1.14285714286,2.39285714286,1.01127819549,9,19,15,0
2016-09-19 12:00:00,2.0,4.0,4.0,9.0,7.0,2.0,4.0,10.0,9.0,20.0,15.0,4.0,2.0,2.5,2.25,2.22222222222,2.14285714286,2.0,8.0,14.0,18.0,17.0,17.0,17.0,0.0,0.0,0.0,0.0,0.0,0.0,43.0,40.0,49.0,48.0,54.0,51.0,43.0,40.0,52.0,48.0,54.0,51.0,1.0,1.0,1.0612244898,1.0,1.0,1.0,47.0,50.0,61.0,68.0,69.0,55.0,1.04444444444,1.13636363636,1.15094339623,1.19298245614,1.13114754098,1.03773584906,45.0,44.0,53.0,57.0,61.0,53.0,57.0,350.0,62.0,288.0,0.0,28.0,285.0,313.0,91.0,1.11821086262,2.21428571429,1.01052631579,9,19,15,20
2016-09-19 12:20:00,4.0,4.0,9.0,7.0,2.0,5.0,10.0,9.0,20.0,15.0,4.0,11.0,2.5,2.25,2.22222222222,2.14285714286,2.0,2.2,14.0,18.0,17.0,17.0,17.0,15.0,0.0,0.0,0.0,0.0,0.0,0.0,40.0,49.0,48.0,54.0,51.0,50.0,40.0,52.0,48.0,54.0,51.0,50.0,1.0,1.0612244898,1.0,1.0,1.0,1.0,50.0,61.0,68.0,69.0,55.0,61.0,1.13636363636,1.15094339623,1.19298245614,1.13114754098,1.03773584906,1.10909090909,44.0,53.0,57.0,61.0,53.0,55.0,43.0,364.0,69.0,295.0,0.0,31.0,292.0,323.0,98.0,1.12693498452,2.22580645161,1.0102739726,9,19,15,40
2016-09-19 12:40:00,4.0,9.0,7.0,2.0,5.0,6.0,9.0,20.0,15.0,4.0,11.0,13.0,2.25,2.22222222222,2.14285714286,2.0,2.2,2.16666666667,18.0,17.0,17.0,17.0,15.0,10.0,0.0,0.0,0.0,0.0,0.0,0.0,49.0,48.0,54.0,51.0,50.0,46.0,52.0,48.0,54.0,51.0,50.0,46.0,1.0612244898,1.0,1.0,1.0,1.0,1.0,61.0,68.0,69.0,55.0,61.0,59.0,1.15094339623,1.19298245614,1.13114754098,1.03773584906,1.10909090909,1.13461538462,53.0,57.0,61.0,53.0,55.0,52.0,42.0,373.0,72.0,301.0,0.0,33.0,298.0,331.0,94.0,1.12688821752,2.18181818182,1.01006711409,9,19,16,0
2016-09-19 13:00:00,9.0,7.0,2.0,5.0,6.0,3.0,20.0,15.0,4.0,11.0,13.0,6.0,2.22222222222,2.14285714286,2.0,2.2,2.16666666667,2.0,17.0,17.0,17.0,15.0,10.0,14.0,0.0,0.0,0.0,0.0,0.0,0.0,48.0,54.0,51.0,50.0,46.0,49.0,48.0,54.0,51.0,50.0,46.0,49.0,1.0,1.0,1.0,1.0,1.0,1.0,68.0,69.0,55.0,61.0,59.0,55.0,1.19298245614,1.13114754098,1.03773584906,1.10909090909,1.13461538462,1.05769230769,57.0,61.0,53.0,55.0,52.0,52.0,46.0,367.0,69.0,298.0,0.0,32.0,298.0,330.0,90.0,1.11212121212,2.15625,1.0,9,19,16,20
2016-09-19 13:20:00,7.0,2.0,5.0,6.0,3.0,4.0,15.0,4.0,11.0,13.0,6.0,9.0,2.14285714286,2.0,2.2,2.16666666667,2.0,2.25,17.0,17.0,15.0,10.0,14.0,15.0,0.0,0.0,0.0,0.0,0.0,0.0,54.0,51.0,50.0,46.0,49.0,44.0,54.0,51.0,50.0,46.0,49.0,44.0,1.0,1.0,1.0,1.0,1.0,1.0,69.0,55.0,61.0,59.0,55.0,53.0,1.13114754098,1.03773584906,1.10909090909,1.13461538462,1.05769230769,1.10416666667,61.0,53.0,55.0,52.0,52.0,48.0,55.0,352.0,58.0,294.0,0.0,27.0,294.0,321.0,88.0,1.09657320872,2.14814814815,1.0,9,19,16,40
2016-09-19 13:40:00,2.0,5.0,6.0,3.0,4.0,5.0,4.0,11.0,13.0,6.0,9.0,12.0,2.0,2.2,2.16666666667,2.0,2.25,2.4,17.0,15.0,10.0,14.0,15.0,8.0,0.0,0.0,0.0,0.0,0.0,0.0,51.0,50.0,46.0,49.0,44.0,52.0,51.0,50.0,46.0,49.0,44.0,52.0,1.0,1.0,1.0,1.0,1.0,1.0,55.0,61.0,59.0,55.0,53.0,64.0,1.03773584906,1.10909090909,1.13461538462,1.05769230769,1.10416666667,1.12280701754,53.0,55.0,52.0,52.0,48.0,57.0,36.0,347.0,55.0,292.0,0.0,25.0,292.0,317.0,79.0,1.09463722397,2.2,1.0,9,19,17,0
2016-09-19 14:00:00,5.0,6.0,3.0,4.0,5.0,5.0,11.0,13.0,6.0,9.0,12.0,10.0,2.2,2.16666666667,2.0,2.25,2.4,2.0,15.0,10.0,14.0,15.0,8.0,10.0,0.0,0.0,0.0,0.0,0.0,0.0,50.0,46.0,49.0,44.0,52.0,38.0,50.0,46.0,49.0,44.0,52.0,38.0,1.0,1.0,1.0,1.0,1.0,1.0,61.0,59.0,55.0,53.0,64.0,48.0,1.10909090909,1.13461538462,1.05769230769,1.10416666667,1.12280701754,1.11627906977,55.0,52.0,52.0,48.0,57.0,43.0,34.0,340.0,61.0,279.0,0.0,28.0,279.0,307.0,72.0,1.10749185668,2.17857142857,1.0,9,19,17,20
2016-09-19 14:20:00,6.0,3.0,4.0,5.0,5.0,4.0,13.0,6.0,9.0,12.0,10.0,9.0,2.16666666667,2.0,2.25,2.4,2.0,2.25,10.0,14.0,15.0,8.0,10.0,11.0,0.0,0.0,0.0,0.0,0.0,0.0,46.0,49.0,44.0,52.0,38.0,38.0,46.0,49.0,44.0,52.0,38.0,38.0,1.0,1.0,1.0,1.0,1.0,1.0,59.0,55.0,53.0,64.0,48.0,47.0,1.13461538462,1.05769230769,1.10416666667,1.12280701754,1.11627906977,1.11904761905,52.0,52.0,48.0,57.0,43.0,42.0,24.0,326.0,59.0,267.0,0.0,27.0,267.0,294.0,68.0,1.10884353741,2.18518518519,1.0,9,19,17,40
2016-09-19 14:40:00,3.0,4.0,5.0,5.0,4.0,3.0,6.0,9.0,12.0,10.0,9.0,6.0,2.0,2.25,2.4,2.0,2.25,2.0,14.0,15.0,8.0,10.0,11.0,11.0,0.0,0.0,0.0,0.0,0.0,0.0,49.0,44.0,52.0,38.0,38.0,43.0,49.0,44.0,52.0,38.0,38.0,46.0,1.0,1.0,1.0,1.0,1.0,1.06976744186,55.0,53.0,64.0,48.0,47.0,52.0,1.05769230769,1.10416666667,1.12280701754,1.11627906977,1.11904761905,1.13043478261,52.0,48.0,57.0,43.0,42.0,46.0,29.0,319.0,52.0,267.0,0.0,24.0,264.0,288.0,69.0,1.10763888889,2.16666666667,1.01136363636,9,19,18,0
2016-09-19 15:00:00,4.0,5.0,5.0,4.0,3.0,2.0,9.0,12.0,10.0,9.0,6.0,4.0,2.25,2.4,2.0,2.25,2.0,2.0,15.0,8.0,10.0,11.0,11.0,19.0,0.0,0.0,0.0,0.0,0.0,0.0,44.0,52.0,38.0,38.0,43.0,53.0,44.0,52.0,38.0,38.0,46.0,56.0,1.0,1.0,1.0,1.0,1.06976744186,1.05660377358,53.0,64.0,48.0,47.0,52.0,60.0,1.10416666667,1.12280701754,1.11627906977,1.11904761905,1.13043478261,1.09090909091,48.0,57.0,43.0,42.0,46.0,55.0,27.0,324.0,50.0,274.0,0.0,23.0,268.0,291.0,74.0,1.11340206186,2.17391304348,1.0223880597,9,19,18,20
2016-09-19 15:20:00,5.0,5.0,4.0,3.0,2.0,5.0,12.0,10.0,9.0,6.0,4.0,11.0,2.4,2.0,2.25,2.0,2.0,2.2,8.0,10.0,11.0,11.0,19.0,7.0,0.0,0.0,0.0,0.0,0.0,0.0,52.0,38.0,38.0,43.0,53.0,31.0,52.0,38.0,38.0,46.0,56.0,34.0,1.0,1.0,1.0,1.06976744186,1.05660377358,1.09677419355,64.0,48.0,47.0,52.0,60.0,45.0,1.12280701754,1.11627906977,1.11904761905,1.13043478261,1.09090909091,1.25,57.0,43.0,42.0,46.0,55.0,36.0,18.0,316.0,52.0,264.0,0.0,24.0,255.0,279.0,66.0,1.13261648746,2.16666666667,1.03529411765,9,19,18,40
2016-09-19 15:40:00,5.0,4.0,3.0,2.0,5.0,1.0,10.0,9.0,6.0,4.0,11.0,3.0,2.0,2.25,2.0,2.0,2.2,3.0,10.0,11.0,11.0,19.0,7.0,8.0,0.0,0.0,0.0,0.0,0.0,0.0,38.0,38.0,43.0,53.0,31.0,33.0,38.0,38.0,46.0,56.0,34.0,33.0,1.0,1.0,1.06976744186,1.05660377358,1.09677419355,1.0,48.0,47.0,52.0,60.0,45.0,36.0,1.11627906977,1.11904761905,1.13043478261,1.09090909091,1.25,1.05882352941,43.0,42.0,46.0,55.0,36.0,34.0,13.0,288.0,43.0,245.0,0.0,20.0,236.0,256.0,66.0,1.125,2.15,1.03813559322,9,19,19,0
2016-09-19 16:00:00,4.0,3.0,2.0,5.0,1.0,2.0,9.0,6.0,4.0,11.0,3.0,4.0,2.25,2.0,2.0,2.2,3.0,2.0,11.0,11.0,19.0,7.0,8.0,8.0,0.0,0.0,0.0,0.0,0.0,0.0,38.0,43.0,53.0,31.0,33.0,22.0,38.0,46.0,56.0,34.0,33.0,22.0,1.0,1.06976744186,1.05660377358,1.09677419355,1.0,1.0,47.0,52.0,60.0,45.0,36.0,26.0,1.11904761905,1.13043478261,1.09090909091,1.25,1.05882352941,1.08333333333,42.0,46.0,55.0,36.0,34.0,24.0,22.0,266.0,37.0,229.0,0.0,17.0,220.0,237.0,64.0,1.1223628692,2.17647058824,1.04090909091,9,19,19,20
2016-09-19 16:20:00,3.0,2.0,5.0,1.0,2.0,2.0,6.0,4.0,11.0,3.0,4.0,6.0,2.0,2.0,2.2,3.0,2.0,3.0,11.0,19.0,7.0,8.0,8.0,11.0,0.0,0.0,0.0,0.0,0.0,0.0,43.0,53.0,31.0,33.0,22.0,27.0,46.0,56.0,34.0,33.0,22.0,27.0,1.06976744186,1.05660377358,1.09677419355,1.0,1.0,1.0,52.0,60.0,45.0,36.0,26.0,33.0,1.13043478261,1.09090909091,1.25,1.05882352941,1.08333333333,1.13793103448,46.0,55.0,36.0,34.0,24.0,29.0,27.0,252.0,34.0,218.0,0.0,15.0,209.0,224.0,64.0,1.125,2.26666666667,1.04306220096,9,19,19,40
2016-09-19 16:40:00,2.0,5.0,1.0,2.0,2.0,2.0,4.0,11.0,3.0,4.0,6.0,4.0,2.0,2.2,3.0,2.0,3.0,2.0,19.0,7.0,8.0,8.0,11.0,5.0,0.0,0.0,0.0,0.0,0.0,0.0,53.0,31.0,33.0,22.0,27.0,25.0,56.0,34.0,33.0,22.0,27.0,25.0,1.05660377358,1.09677419355,1.0,1.0,1.0,1.0,60.0,45.0,36.0,26.0,33.0,29.0,1.09090909091,1.25,1.05882352941,1.08333333333,1.13793103448,1.07407407407,55.0,36.0,34.0,24.0,29.0,27.0,17.0,229.0,32.0,197.0,0.0,14.0,191.0,205.0,58.0,1.11707317073,2.28571428571,1.03141361257,9,19,20,0
2016-09-19 17:00:00,5.0,1.0,2.0,2.0,2.0,2.0,11.0,3.0,4.0,6.0,4.0,4.0,2.2,3.0,2.0,3.0,2.0,2.0,7.0,8.0,8.0,11.0,5.0,1.0,0.0,0.0,0.0,0.0,0.0,0.0,31.0,33.0,22.0,27.0,25.0,16.0,34.0,33.0,22.0,27.0,25.0,16.0,1.09677419355,1.0,1.0,1.0,1.0,1.0,45.0,36.0,26.0,33.0,29.0,20.0,1.25,1.05882352941,1.08333333333,1.13793103448,1.07407407407,1.11111111111,36.0,34.0,24.0,29.0,27.0,18.0,16.0,189.0,32.0,157.0,0.0,14.0,154.0,168.0,40.0,1.125,2.28571428571,1.01948051948,9,19,20,20
2016-09-19 17:20:00,1.0,2.0,2.0,2.0,2.0,1.0,3.0,4.0,6.0,4.0,4.0,2.0,3.0,2.0,3.0,2.0,2.0,2.0,8.0,8.0,11.0,5.0,1.0,4.0,0.0,0.0,0.0,0.0,0.0,0.0,33.0,22.0,27.0,25.0,16.0,12.0,33.0,22.0,27.0,25.0,16.0,12.0,1.0,1.0,1.0,1.0,1.0,1.0,36.0,26.0,33.0,29.0,20.0,14.0,1.05882352941,1.08333333333,1.13793103448,1.07407407407,1.11111111111,1.07692307692,34.0,24.0,29.0,27.0,18.0,13.0,17.0,158.0,23.0,135.0,0.0,10.0,135.0,145.0,37.0,1.08965517241,2.3,1.0,9,19,20,40
2016-09-19 17:40:00,2.0,2.0,2.0,2.0,1.0,3.0,4.0,6.0,4.0,4.0,2.0,8.0,2.0,3.0,2.0,2.0,2.0,2.66666666667,8.0,11.0,5.0,1.0,4.0,5.0,0.0,0.0,0.0,0.0,0.0,0.0,22.0,27.0,25.0,16.0,12.0,19.0,22.0,27.0,25.0,16.0,12.0,19.0,1.0,1.0,1.0,1.0,1.0,1.0,26.0,33.0,29.0,20.0,14.0,27.0,1.08333333333,1.13793103448,1.07407407407,1.11111111111,1.07692307692,1.22727272727,24.0,29.0,27.0,18.0,13.0,22.0,17.0,149.0,28.0,121.0,0.0,12.0,121.0,133.0,34.0,1.12030075188,2.33333333333,1.0,9,19,21,0
2016-09-19 18:00:00,2.0,2.0,2.0,1.0,3.0,2.0,6.0,4.0,4.0,2.0,8.0,4.0,3.0,2.0,2.0,2.0,2.66666666667,2.0,11.0,5.0,1.0,4.0,5.0,6.0,0.0,0.0,0.0,0.0,0.0,1.0,27.0,25.0,16.0,12.0,19.0,24.0,27.0,25.0,16.0,12.0,19.0,24.0,1.0,1.0,1.0,1.0,1.0,1.0,33.0,29.0,20.0,14.0,27.0,28.0,1.13793103448,1.07407407407,1.11111111111,1.07692307692,1.22727272727,1.03703703704,29.0,27.0,18.0,13.0,22.0,27.0,22.0,151.0,28.0,123.0,1.0,12.0,123.0,136.0,32.0,1.11029411765,2.33333333333,1.0,9,19,21,20
2016-09-19 18:20:00,2.0,2.0,1.0,3.0,2.0,0.0,4.0,4.0,2.0,8.0,4.0,0.0,2.0,2.0,2.0,2.66666666667,2.0,0.0,5.0,1.0,4.0,5.0,6.0,6.0,0.0,0.0,0.0,0.0,1.0,0.0,25.0,16.0,12.0,19.0,24.0,17.0,25.0,16.0,12.0,19.0,24.0,17.0,1.0,1.0,1.0,1.0,1.0,1.0,29.0,20.0,14.0,27.0,28.0,17.0,1.07407407407,1.11111111111,1.07692307692,1.22727272727,1.03703703704,1.0,27.0,18.0,13.0,22.0,27.0,17.0,5.0,135.0,22.0,113.0,1.0,10.0,113.0,124.0,27.0,1.08870967742,2.2,1.0,9,19,21,40
2016-09-19 18:40:00,2.0,1.0,3.0,2.0,0.0,1.0,4.0,2.0,8.0,4.0,0.0,2.0,2.0,2.0,2.66666666667,2.0,0.0,2.0,1.0,4.0,5.0,6.0,6.0,4.0,0.0,0.0,0.0,1.0,0.0,0.0,16.0,12.0,19.0,24.0,17.0,15.0,16.0,12.0,19.0,24.0,17.0,15.0,1.0,1.0,1.0,1.0,1.0,1.0,20.0,14.0,27.0,28.0,17.0,17.0,1.11111111111,1.07692307692,1.22727272727,1.03703703704,1.0,1.0625,18.0,13.0,22.0,27.0,17.0,16.0,4.0,123.0,20.0,103.0,1.0,9.0,103.0,113.0,26.0,1.08849557522,2.22222222222,1.0,9,19,22,0
2016-09-19 19:00:00,1.0,3.0,2.0,0.0,1.0,0.0,2.0,8.0,4.0,0.0,2.0,0.0,2.0,2.66666666667,2.0,0.0,2.0,0.0,4.0,5.0,6.0,6.0,4.0,4.0,0.0,0.0,1.0,0.0,0.0,0.0,12.0,19.0,24.0,17.0,15.0,17.0,12.0,19.0,24.0,17.0,15.0,17.0,1.0,1.0,1.0,1.0,1.0,1.0,14.0,27.0,28.0,17.0,17.0,17.0,1.07692307692,1.22727272727,1.03703703704,1.0,1.0625,1.0,13.0,22.0,27.0,17.0,16.0,17.0,9.0,120.0,16.0,104.0,1.0,7.0,104.0,112.0,29.0,1.07142857143,2.28571428571,1.0,9,19,22,20
2016-09-19 19:20:00,3.0,2.0,0.0,1.0,0.0,3.0,8.0,4.0,0.0,2.0,0.0,6.0,2.66666666667,2.0,0.0,2.0,0.0,2.0,5.0,6.0,6.0,4.0,4.0,4.0,0.0,1.0,0.0,0.0,0.0,0.0,19.0,24.0,17.0,15.0,17.0,14.0,19.0,24.0,17.0,15.0,17.0,14.0,1.0,1.0,1.0,1.0,1.0,1.0,27.0,28.0,17.0,17.0,17.0,20.0,1.22727272727,1.03703703704,1.0,1.0625,1.0,1.17647058824,22.0,27.0,17.0,16.0,17.0,17.0,3.0,126.0,20.0,106.0,1.0,9.0,106.0,116.0,29.0,1.08620689655,2.22222222222,1.0,9,19,22,40
2016-09-19 19:40:00,2.0,0.0,1.0,0.0,3.0,4.0,4.0,0.0,2.0,0.0,6.0,8.0,2.0,0.0,2.0,0.0,2.0,2.0,6.0,6.0,4.0,4.0,4.0,9.0,1.0,0.0,0.0,0.0,0.0,0.0,24.0,17.0,15.0,17.0,14.0,18.0,24.0,17.0,15.0,17.0,14.0,18.0,1.0,1.0,1.0,1.0,1.0,1.0,28.0,17.0,17.0,17.0,20.0,26.0,1.03703703704,1.0,1.0625,1.0,1.17647058824,1.18181818182,27.0,17.0,16.0,17.0,17.0,22.0,1.0,125.0,20.0,105.0,1.0,10.0,105.0,116.0,33.0,1.0775862069,2.0,1.0,9,19,23,0
2016-09-19 20:00:00,0.0,1.0,0.0,3.0,4.0,1.0,0.0,2.0,0.0,6.0,8.0,2.0,0.0,2.0,0.0,2.0,2.0,2.0,6.0,4.0,4.0,4.0,9.0,1.0,0.0,0.0,0.0,0.0,0.0,0.0,17.0,15.0,17.0,14.0,18.0,4.0,17.0,15.0,17.0,14.0,18.0,4.0,1.0,1.0,1.0,1.0,1.0,1.0,17.0,17.0,17.0,20.0,26.0,6.0,1.0,1.0625,1.0,1.17647058824,1.18181818182,1.2,17.0,16.0,17.0,17.0,22.0,5.0,7.0,103.0,18.0,85.0,0.0,9.0,85.0,94.0,28.0,1.09574468085,2.0,1.0,9,19,23,20
2016-09-19 20:20:00,1.0,0.0,3.0,4.0,1.0,0.0,2.0,0.0,6.0,8.0,2.0,0.0,2.0,0.0,2.0,2.0,2.0,0.0,4.0,4.0,4.0,9.0,1.0,0.0,0.0,0.0,0.0,0.0,0.0,0.0,15.0,17.0,14.0,18.0,4.0,4.0,15.0,17.0,14.0,18.0,4.0,4.0,1.0,1.0,1.0,1.0,1.0,1.0,17.0,17.0,20.0,26.0,6.0,4.0,1.0625,1.0,1.17647058824,1.18181818182,1.2,1.0,16.0,17.0,17.0,22.0,5.0,4.0,6.0,90.0,18.0,72.0,0.0,9.0,72.0,81.0,22.0,1.11111111111,2.0,1.0,9,19,23,40
2016-09-19 20:40:00,0.0,3.0,4.0,1.0,0.0,0.0,0.0,6.0,8.0,2.0,0.0,0.0,0.0,2.0,2.0,2.0,0.0,0.0,4.0,4.0,9.0,1.0,0.0,2.0,0.0,0.0,0.0,0.0,0.0,0.0,17.0,14.0,18.0,4.0,4.0,9.0,17.0,14.0,18.0,4.0,4.0,9.0,1.0,1.0,1.0,1.0,1.0,1.0,17.0,20.0,26.0,6.0,4.0,9.0,1.0,1.17647058824,1.18181818182,1.2,1.0,1.0,17.0,17.0,22.0,5.0,4.0,9.0,14.0,82.0,16.0,66.0,0.0,8.0,66.0,74.0,20.0,1.10810810811,2.0,1.0,9,20,0,0
2016-09-19 21:00:00,3.0,4.0,1.0,0.0,0.0,0.0,6.0,8.0,2.0,0.0,0.0,0.0,2.0,2.0,2.0,0.0,0.0,0.0,4.0,9.0,1.0,0.0,2.0,2.0,0.0,0.0,0.0,0.0,0.0,0.0,14.0,18.0,4.0,4.0,9.0,3.0,14.0,18.0,4.0,4.0,9.0,3.0,1.0,1.0,1.0,1.0,1.0,1.0,20.0,26.0,6.0,4.0,9.0,3.0,1.17647058824,1.18181818182,1.2,1.0,1.0,1.0,17.0,22.0,5.0,4.0,9.0,3.0,13.0,68.0,16.0,52.0,0.0,8.0,52.0,60.0,18.0,1.13333333333,2.0,1.0,9,20,0,20
2016-09-19 21:20:00,4.0,1.0,0.0,0.0,0.0,0.0,8.0,2.0,0.0,0.0,0.0,0.0,2.0,2.0,0.0,0.0,0.0,0.0,9.0,1.0,0.0,2.0,2.0,1.0,0.0,0.0,0.0,0.0,0.0,0.0,18.0,4.0,4.0,9.0,3.0,1.0,18.0,4.0,4.0,9.0,3.0,1.0,1.0,1.0,1.0,1.0,1.0,1.0,26.0,6.0,4.0,9.0,3.0,1.0,1.18181818182,1.2,1.0,1.0,1.0,1.0,22.0,5.0,4.0,9.0,3.0,1.0,7.0,49.0,10.0,39.0,0.0,5.0,39.0,44.0,15.0,1.11363636364,2.0,1.0,9,20,0,40
2016-09-19 21:40:00,1.0,0.0,0.0,0.0,0.0,2.0,2.0,0.0,0.0,0.0,0.0,4.0,2.0,0.0,0.0,0.0,0.0,2.0,1.0,0.0,2.0,2.0,1.0,1.0,0.0,0.0,0.0,0.0,0.0,0.0,4.0,4.0,9.0,3.0,1.0,5.0,4.0,4.0,9.0,3.0,1.0,5.0,1.0,1.0,1.0,1.0,1.0,1.0,6.0,4.0,9.0,3.0,1.0,9.0,1.2,1.0,1.0,1.0,1.0,1.28571428571,5.0,4.0,9.0,3.0,1.0,7.0,6.0,32.0,6.0,26.0,0.0,3.0,26.0,29.0,7.0,1.10344827586,2.0,1.0,9,20,1,0
2016-09-19 22:00:00,0.0,0.0,0.0,0.0,2.0,0.0,0.0,0.0,0.0,0.0,4.0,0.0,0.0,0.0,0.0,0.0,2.0,0.0,0.0,2.0,2.0,1.0,1.0,2.0,0.0,0.0,0.0,0.0,0.0,0.0,4.0,9.0,3.0,1.0,5.0,6.0,4.0,9.0,3.0,1.0,5.0,9.0,1.0,1.0,1.0,1.0,1.0,1.5,4.0,9.0,3.0,1.0,9.0,9.0,1.0,1.0,1.0,1.0,1.28571428571,1.5,4.0,9.0,3.0,1.0,7.0,6.0,5.0,35.0,4.0,31.0,0.0,2.0,28.0,30.0,8.0,1.16666666667,2.0,1.10714285714,9,20,1,20
2016-09-19 22:20:00,0.0,0.0,0.0,2.0,0.0,2.0,0.0,0.0,0.0,4.0,0.0,7.0,0.0,0.0,0.0,2.0,0.0,3.5,2.0,2.0,1.0,1.0,2.0,1.0,0.0,0.0,0.0,0.0,0.0,0.0,9.0,3.0,1.0,5.0,6.0,12.0,9.0,3.0,1.0,5.0,9.0,15.0,1.0,1.0,1.0,1.0,1.5,1.25,9.0,3.0,1.0,9.0,9.0,22.0,1.0,1.0,1.0,1.28571428571,1.5,1.57142857143,9.0,3.0,1.0,7.0,6.0,14.0,5.0,53.0,11.0,42.0,0.0,4.0,36.0,40.0,9.0,1.325,2.75,1.16666666667,9,20,1,40
2016-09-19 22:40:00,0.0,0.0,2.0,0.0,2.0,3.0,0.0,0.0,4.0,0.0,7.0,13.0,0.0,0.0,2.0,0.0,3.5,4.33333333333,2.0,1.0,1.0,2.0,1.0,0.0,0.0,0.0,0.0,0.0,0.0,0.0,3.0,1.0,5.0,6.0,12.0,10.0,3.0,1.0,5.0,9.0,15.0,10.0,1.0,1.0,1.0,1.5,1.25,1.0,3.0,1.0,9.0,9.0,22.0,23.0,1.0,1.0,1.28571428571,1.5,1.57142857143,1.76923076923,3.0,1.0,7.0,6.0,14.0,13.0,6.0,67.0,24.0,43.0,0.0,7.0,37.0,44.0,7.0,1.52272727273,3.42857142857,1.16216216216,9,20,2,0
2016-09-19 23:00:00,0.0,2.0,0.0,2.0,3.0,0.0,0.0,4.0,0.0,7.0,13.0,0.0,0.0,2.0,0.0,3.5,4.33333333333,0.0,1.0,1.0,2.0,1.0,0.0,1.0,0.0,0.0,0.0,0.0,0.0,0.0,1.0,5.0,6.0,12.0,10.0,7.0,1.0,5.0,9.0,15.0,10.0,7.0,1.0,1.0,1.5,1.25,1.0,1.0,1.0,9.0,9.0,22.0,23.0,7.0,1.0,1.28571428571,1.5,1.57142857143,1.76923076923,1.0,1.0,7.0,6.0,14.0,13.0,7.0,9.0,71.0,24.0,47.0,0.0,7.0,41.0,48.0,6.0,1.47916666667,3.42857142857,1.14634146341,9,20,2,20
2016-09-19 23:20:00,2.0,0.0,2.0,3.0,0.0,2.0,4.0,0.0,7.0,13.0,0.0,7.0,2.0,0.0,3.5,4.33333333333,0.0,3.5,1.0,2.0,1.0,0.0,1.0,2.0,0.0,0.0,0.0,0.0,0.0,0.0,5.0,6.0,12.0,10.0,7.0,4.0,5.0,9.0,15.0,10.0,7.0,4.0,1.0,1.5,1.25,1.0,1.0,1.0,9.0,9.0,22.0,23.0,7.0,11.0,1.28571428571,1.5,1.57142857143,1.76923076923,1.0,1.83333333333,7.0,6.0,14.0,13.0,7.0,6.0,7.0,81.0,31.0,50.0,0.0,9.0,44.0,53.0,7.0,1.52830188679,3.44444444444,1.13636363636,9,20,2,40
2016-09-19 23:40:00,0.0,2.0,3.0,0.0,2.0,2.0,0.0,7.0,13.0,0.0,7.0,6.0,0.0,3.5,4.33333333333,0.0,3.5,3.0,2.0,1.0,0.0,1.0,2.0,1.0,0.0,0.0,0.0,0.0,0.0,0.0,6.0,12.0,10.0,7.0,4.0,3.0,9.0,15.0,10.0,7.0,4.0,3.0,1.5,1.25,1.0,1.0,1.0,1.0,9.0,22.0,23.0,7.0,11.0,9.0,1.5,1.57142857143,1.76923076923,1.0,1.83333333333,1.8,6.0,14.0,13.0,7.0,6.0,5.0,10.0,81.0,33.0,48.0,0.0,9.0,42.0,51.0,7.0,1.58823529412,3.66666666667,1.14285714286,9,20,3,0
2016-09-20 00:00:00,2.0,3.0,0.0,2.0,2.0,1.0,7.0,13.0,0.0,7.0,6.0,5.0,3.5,4.33333333333,0.0,3.5,3.0,5.0,1.0,0.0,1.0,2.0,1.0,1.0,0.0,0.0,0.0,0.0,0.0,0.0,12.0,10.0,7.0,4.0,3.0,4.0,15.0,10.0,7.0,4.0,3.0,4.0,1.25,1.0,1.0,1.0,1.0,1.0,22.0,23.0,7.0,11.0,9.0,9.0,1.57142857143,1.76923076923,1.0,1.83333333333,1.8,1.8,14.0,13.0,7.0,6.0,5.0,5.0,8.0,81.0,38.0,43.0,0.0,10.0,40.0,50.0,6.0,1.62,3.8,1.075,9,20,3,20
2016-09-20 00:20:00,3.0,0.0,2.0,2.0,1.0,4.0,13.0,0.0,7.0,6.0,5.0,18.0,4.33333333333,0.0,3.5,3.0,5.0,4.5,0.0,1.0,2.0,1.0,1.0,0.0,0.0,0.0,0.0,0.0,0.0,0.0,10.0,7.0,4.0,3.0,4.0,2.0,10.0,7.0,4.0,3.0,4.0,2.0,1.0,1.0,1.0,1.0,1.0,1.0,23.0,7.0,11.0,9.0,9.0,20.0,1.76923076923,1.0,1.83333333333,1.8,1.8,3.33333333333,13.0,7.0,6.0,5.0,5.0,6.0,5.0,79.0,49.0,30.0,0.0,12.0,30.0,42.0,5.0,1.88095238095,4.08333333333,1.0,9,20,3,40
2016-09-20 00:40:00,0.0,2.0,2.0,1.0,4.0,5.0,0.0,7.0,6.0,5.0,18.0,17.0,0.0,3.5,3.0,5.0,4.5,3.4,1.0,2.0,1.0,1.0,0.0,2.0,0.0,0.0,0.0,0.0,0.0,0.0,7.0,4.0,3.0,4.0,2.0,4.0,7.0,4.0,3.0,4.0,2.0,4.0,1.0,1.0,1.0,1.0,1.0,1.0,7.0,11.0,9.0,9.0,20.0,21.0,1.0,1.83333333333,1.8,1.8,3.33333333333,2.33333333333,7.0,6.0,5.0,5.0,6.0,9.0,11.0,77.0,53.0,24.0,0.0,14.0,24.0,38.0,7.0,2.02631578947,3.78571428571,1.0,9,20,4,0
2016-09-20 01:00:00,2.0,2.0,1.0,4.0,5.0,3.0,7.0,6.0,5.0,18.0,17.0,12.0,3.5,3.0,5.0,4.5,3.4,4.0,2.0,1.0,1.0,0.0,2.0,0.0,0.0,0.0,0.0,0.0,0.0,0.0,4.0,3.0,4.0,2.0,4.0,4.0,4.0,3.0,4.0,2.0,4.0,4.0,1.0,1.0,1.0,1.0,1.0,1.0,11.0,9.0,9.0,20.0,21.0,16.0,1.83333333333,1.8,1.8,3.33333333333,2.33333333333,2.28571428571,6.0,5.0,5.0,6.0,9.0,7.0,8.0,86.0,65.0,21.0,0.0,17.0,21.0,38.0,6.0,2.26315789474,3.82352941176,1.0,9,20,4,20
2016-09-20 01:20:00,2.0,1.0,4.0,5.0,3.0,7.0,6.0,5.0,18.0,17.0,12.0,25.0,3.0,5.0,4.5,3.4,4.0,3.57142857143,1.0,1.0,0.0,2.0,0.0,0.0,0.0,0.0,0.0,0.0,0.0,0.0,3.0,4.0,2.0,4.0,4.0,3.0,3.0,4.0,2.0,4.0,4.0,6.0,1.0,1.0,1.0,1.0,1.0,2.0,9.0,9.0,20.0,21.0,16.0,31.0,1.8,1.8,3.33333333333,2.33333333333,2.28571428571,3.1,5.0,5.0,6.0,9.0,7.0,10.0,15.0,106.0,83.0,23.0,0.0,22.0,20.0,42.0,4.0,2.52380952381,3.77272727273,1.15,9,20,4,40
2016-09-20 01:40:00,1.0,4.0,5.0,3.0,7.0,6.0,5.0,18.0,17.0,12.0,25.0,22.0,5.0,4.5,3.4,4.0,3.57142857143,3.66666666667,1.0,0.0,2.0,0.0,0.0,0.0,0.0,0.0,0.0,0.0,0.0,0.0,4.0,2.0,4.0,4.0,3.0,2.0,4.0,2.0,4.0,4.0,6.0,2.0,1.0,1.0,1.0,1.0,2.0,1.0,9.0,20.0,21.0,16.0,31.0,24.0,1.8,3.33333333333,2.33333333333,2.28571428571,3.1,3.0,5.0,6.0,9.0,7.0,10.0,8.0,9.0,121.0,99.0,22.0,0.0,26.0,19.0,45.0,3.0,2.68888888889,3.80769230769,1.15789473684,9,20,5,0
2016-09-20 02:00:00,4.0,5.0,3.0,7.0,6.0,3.0,18.0,17.0,12.0,25.0,22.0,10.0,4.5,3.4,4.0,3.57142857143,3.66666666667,3.33333333333,0.0,2.0,0.0,0.0,0.0,0.0,0.0,0.0,0.0,0.0,0.0,0.0,2.0,4.0,4.0,3.0,2.0,2.0,2.0,4.0,4.0,6.0,2.0,2.0,1.0,1.0,1.0,2.0,1.0,1.0,20.0,21.0,16.0,31.0,24.0,12.0,3.33333333333,2.33333333333,2.28571428571,3.1,3.0,2.4,6.0,9.0,7.0,10.0,8.0,5.0,4.0,124.0,104.0,20.0,0.0,28.0,17.0,45.0,2.0,2.75555555556,3.71428571429,1.17647058824,9,20,5,20
2016-09-20 02:20:00,5.0,3.0,7.0,6.0,3.0,7.0,17.0,12.0,25.0,22.0,10.0,21.0,3.4,4.0,3.57142857143,3.66666666667,3.33333333333,3.0,2.0,0.0,0.0,0.0,0.0,0.0,0.0,0.0,0.0,0.0,0.0,0.0,4.0,4.0,3.0,2.0,2.0,4.0,4.0,4.0,6.0,2.0,2.0,4.0,1.0,1.0,2.0,1.0,1.0,1.0,21.0,16.0,31.0,24.0,12.0,25.0,2.33333333333,2.28571428571,3.1,3.0,2.4,2.27272727273,9.0,7.0,10.0,8.0,5.0,11.0,10.0,129.0,107.0,22.0,0.0,31.0,19.0,50.0,2.0,2.58,3.45161290323,1.15789473684,9,20,5,40
2016-09-20 02:40:00,3.0,7.0,6.0,3.0,7.0,5.0,12.0,25.0,22.0,10.0,21.0,16.0,4.0,3.57142857143,3.66666666667,3.33333333333,3.0,3.2,0.0,0.0,0.0,0.0,0.0,1.0,0.0,0.0,0.0,0.0,0.0,0.0,4.0,3.0,2.0,2.0,4.0,3.0,4.0,6.0,2.0,2.0,4.0,3.0,1.0,2.0,1.0,1.0,1.0,1.0,16.0,31.0,24.0,12.0,25.0,19.0,2.28571428571,3.1,3.0,2.4,2.27272727273,2.375,7.0,10.0,8.0,5.0,11.0,8.0,13.0,127.0,106.0,21.0,0.0,31.0,18.0,49.0,1.0,2.59183673469,3.41935483871,1.16666666667,9,20,6,0
2016-09-20 03:00:00,7.0,6.0,3.0,7.0,5.0,8.0,25.0,22.0,10.0,21.0,16.0,21.0,3.57142857143,3.66666666667,3.33333333333,3.0,3.2,2.625,0.0,0.0,0.0,0.0,1.0,1.0,0.0,0.0,0.0,0.0,0.0,0.0,3.0,2.0,2.0,4.0,3.0,7.0,6.0,2.0,2.0,4.0,3.0,10.0,2.0,1.0,1.0,1.0,1.0,1.42857142857,31.0,24.0,12.0,25.0,19.0,31.0,3.1,3.0,2.4,2.27272727273,2.375,2.06666666667,10.0,8.0,5.0,11.0,8.0,15.0,20.0,142.0,115.0,27.0,0.0,36.0,21.0,57.0,2.0,2.49122807018,3.19444444444,1.28571428571,9,20,6,20
2016-09-20 03:20:00,6.0,3.0,7.0,5.0,8.0,6.0,22.0,10.0,21.0,16.0,21.0,13.0,3.66666666667,3.33333333333,3.0,3.2,2.625,2.16666666667,0.0,0.0,0.0,1.0,1.0,1.0,0.0,0.0,0.0,0.0,0.0,0.0,2.0,2.0,4.0,3.0,7.0,3.0,2.0,2.0,4.0,3.0,10.0,3.0,1.0,1.0,1.0,1.0,1.42857142857,1.0,24.0,12.0,25.0,19.0,31.0,16.0,3.0,2.4,2.27272727273,2.375,2.06666666667,1.77777777778,8.0,5.0,11.0,8.0,15.0,9.0,29.0,127.0,103.0,24.0,0.0,35.0,21.0,56.0,3.0,2.26785714286,2.94285714286,1.14285714286,9,20,6,40
2016-09-20 03:40:00,3.0,7.0,5.0,8.0,6.0,1.0,10.0,21.0,16.0,21.0,13.0,2.0,3.33333333333,3.0,3.2,2.625,2.16666666667,2.0,0.0,0.0,1.0,1.0,1.0,0.0,0.0,0.0,0.0,0.0,0.0,0.0,2.0,4.0,3.0,7.0,3.0,3.0,2.0,4.0,3.0,10.0,3.0,3.0,1.0,1.0,1.0,1.42857142857,1.0,1.0,12.0,25.0,19.0,31.0,16.0,5.0,2.4,2.27272727273,2.375,2.06666666667,1.77777777778,1.25,5.0,11.0,8.0,15.0,9.0,4.0,38.0,108.0,83.0,25.0,0.0,30.0,22.0,52.0,3.0,2.07692307692,2.76666666667,1.13636363636,9,20,7,0
2016-09-20 04:00:00,7.0,5.0,8.0,6.0,1.0,2.0,21.0,16.0,21.0,13.0,2.0,4.0,3.0,3.2,2.625,2.16666666667,2.0,2.0,0.0,1.0,1.0,1.0,0.0,2.0,0.0,0.0,0.0,0.0,0.0,0.0,4.0,3.0,7.0,3.0,3.0,8.0,4.0,3.0,10.0,3.0,3.0,8.0,1.0,1.0,1.42857142857,1.0,1.0,1.0,25.0,19.0,31.0,16.0,5.0,12.0,2.27272727273,2.375,2.06666666667,1.77777777778,1.25,1.2,11.0,8.0,15.0,9.0,4.0,10.0,30.0,108.0,77.0,31.0,0.0,29.0,28.0,57.0,5.0,1.89473684211,2.65517241379,1.10714285714,9,20,7,20
2016-09-20 04:20:00,5.0,8.0,6.0,1.0,2.0,2.0,16.0,21.0,13.0,2.0,4.0,4.0,3.2,2.625,2.16666666667,2.0,2.0,2.0,1.0,1.0,1.0,0.0,2.0,4.0,0.0,0.0,0.0,0.0,0.0,0.0,3.0,7.0,3.0,3.0,8.0,11.0,3.0,10.0,3.0,3.0,8.0,11.0,1.0,1.42857142857,1.0,1.0,1.0,1.0,19.0,31.0,16.0,5.0,12.0,15.0,2.375,2.06666666667,1.77777777778,1.25,1.2,1.15384615385,8.0,15.0,9.0,4.0,10.0,13.0,31.0,98.0,60.0,38.0,0.0,24.0,35.0,59.0,9.0,1.66101694915,2.5,1.08571428571,9,20,7,40
2016-09-20 04:40:00,8.0,6.0,1.0,2.0,2.0,5.0,21.0,13.0,2.0,4.0,4.0,10.0,2.625,2.16666666667,2.0,2.0,2.0,2.0,1.0,1.0,0.0,2.0,4.0,4.0,0.0,0.0,0.0,0.0,0.0,0.0,7.0,3.0,3.0,8.0,11.0,15.0,10.0,3.0,3.0,8.0,11.0,15.0,1.42857142857,1.0,1.0,1.0,1.0,1.0,31.0,16.0,5.0,12.0,15.0,25.0,2.06666666667,1.77777777778,1.25,1.2,1.15384615385,1.25,15.0,9.0,4.0,10.0,13.0,20.0,53.0,104.0,54.0,50.0,0.0,24.0,47.0,71.0,12.0,1.46478873239,2.25,1.06382978723,9,20,8,0
2016-09-20 05:00:00,6.0,1.0,2.0,2.0,5.0,4.0,13.0,2.0,4.0,4.0,10.0,10.0,2.16666666667,2.0,2.0,2.0,2.0,2.5,1.0,0.0,2.0,4.0,4.0,8.0,0.0,0.0,0.0,0.0,0.0,0.0,3.0,3.0,8.0,11.0,15.0,25.0,3.0,3.0,8.0,11.0,15.0,28.0,1.0,1.0,1.0,1.0,1.0,1.12,16.0,5.0,12.0,15.0,25.0,38.0,1.77777777778,1.25,1.2,1.15384615385,1.25,1.31034482759,9.0,4.0,10.0,13.0,20.0,29.0,50.0,111.0,43.0,68.0,0.0,20.0,65.0,85.0,19.0,1.30588235294,2.15,1.04615384615,9,20,8,20
2016-09-20 05:20:00,1.0,2.0,2.0,5.0,4.0,3.0,2.0,4.0,4.0,10.0,10.0,6.0,2.0,2.0,2.0,2.0,2.5,2.0,0.0,2.0,4.0,4.0,8.0,14.0,0.0,0.0,0.0,0.0,0.0,0.0,3.0,8.0,11.0,15.0,25.0,35.0,3.0,8.0,11.0,15.0,28.0,38.0,1.0,1.0,1.0,1.0,1.12,1.08571428571,5.0,12.0,15.0,25.0,38.0,44.0,1.25,1.2,1.15384615385,1.25,1.31034482759,1.15789473684,4.0,10.0,13.0,20.0,29.0,38.0,45.0,139.0,36.0,103.0,0.0,17.0,97.0,114.0,32.0,1.21929824561,2.11764705882,1.0618556701,9,20,8,40
2016-09-20 05:40:00,2.0,2.0,5.0,4.0,3.0,2.0,4.0,4.0,10.0,10.0,6.0,4.0,2.0,2.0,2.0,2.5,2.0,2.0,2.0,4.0,4.0,8.0,14.0,7.0,0.0,0.0,0.0,0.0,0.0,0.0,8.0,11.0,15.0,25.0,35.0,28.0,8.0,11.0,15.0,28.0,38.0,28.0,1.0,1.0,1.0,1.12,1.08571428571,1.0,12.0,15.0,25.0,38.0,44.0,32.0,1.2,1.15384615385,1.25,1.31034482759,1.15789473684,1.06666666667,10.0,13.0,20.0,29.0,38.0,30.0,51.0,166.0,38.0,128.0,0.0,18.0,122.0,140.0,39.0,1.18571428571,2.11111111111,1.04918032787,9,20,9,0
2016-09-20 06:00:00,2.0,5.0,4.0,3.0,2.0,1.0,4.0,10.0,10.0,6.0,4.0,2.0,2.0,2.0,2.5,2.0,2.0,2.0,4.0,4.0,8.0,14.0,7.0,9.0,0.0,0.0,0.0,0.0,0.0,0.0,11.0,15.0,25.0,35.0,28.0,30.0,11.0,15.0,28.0,38.0,28.0,30.0,1.0,1.0,1.12,1.08571428571,1.0,1.0,15.0,25.0,38.0,44.0,32.0,32.0,1.15384615385,1.25,1.31034482759,1.15789473684,1.06666666667,1.03225806452,13.0,20.0,29.0,38.0,30.0,31.0,68.0,186.0,36.0,150.0,0.0,17.0,144.0,161.0,46.0,1.15527950311,2.11764705882,1.04166666667,9,20,9,20
2016-09-20 06:20:00,5.0,4.0,3.0,2.0,1.0,7.0,10.0,10.0,6.0,4.0,2.0,14.0,2.0,2.5,2.0,2.0,2.0,2.0,4.0,8.0,14.0,7.0,9.0,21.0,0.0,0.0,0.0,0.0,0.0,0.0,15.0,25.0,35.0,28.0,30.0,46.0,15.0,28.0,38.0,28.0,30.0,46.0,1.0,1.12,1.08571428571,1.0,1.0,1.0,25.0,38.0,44.0,32.0,32.0,60.0,1.25,1.31034482759,1.15789473684,1.06666666667,1.03225806452,1.1320754717,20.0,29.0,38.0,30.0,31.0,53.0,59.0,231.0,46.0,185.0,0.0,22.0,179.0,201.0,63.0,1.14925373134,2.09090909091,1.03351955307,9,20,9,40
2016-09-20 06:40:00,4.0,3.0,2.0,1.0,7.0,8.0,10.0,6.0,4.0,2.0,14.0,18.0,2.5,2.0,2.0,2.0,2.0,2.25,8.0,14.0,7.0,9.0,21.0,21.0,0.0,0.0,0.0,0.0,0.0,0.0,25.0,35.0,28.0,30.0,46.0,42.0,28.0,38.0,28.0,30.0,46.0,42.0,1.12,1.08571428571,1.0,1.0,1.0,1.0,38.0,44.0,32.0,32.0,60.0,60.0,1.31034482759,1.15789473684,1.06666666667,1.03225806452,1.1320754717,1.2,29.0,38.0,30.0,31.0,53.0,50.0,56.0,266.0,54.0,212.0,0.0,25.0,206.0,231.0,80.0,1.15151515152,2.16,1.02912621359,9,20,10,0
2016-09-20 07:00:00,3.0,2.0,1.0,7.0,8.0,3.0,6.0,4.0,2.0,14.0,18.0,8.0,2.0,2.0,2.0,2.0,2.25,2.66666666667,14.0,7.0,9.0,21.0,21.0,15.0,0.0,0.0,0.0,0.0,0.0,0.0,35.0,28.0,30.0,46.0,42.0,42.0,38.0,28.0,30.0,46.0,42.0,42.0,1.08571428571,1.0,1.0,1.0,1.0,1.0,44.0,32.0,32.0,60.0,60.0,50.0,1.15789473684,1.06666666667,1.03225806452,1.1320754717,1.2,1.11111111111,38.0,30.0,31.0,53.0,50.0,45.0,60.0,278.0,52.0,226.0,0.0,24.0,223.0,247.0,87.0,1.12550607287,2.16666666667,1.0134529148,9,20,10,20
2016-09-20 07:20:00,2.0,1.0,7.0,8.0,3.0,3.0,4.0,2.0,14.0,18.0,8.0,6.0,2.0,2.0,2.0,2.25,2.66666666667,2.0,7.0,9.0,21.0,21.0,15.0,13.0,0.0,0.0,0.0,0.0,0.0,0.0,28.0,30.0,46.0,42.0,42.0,48.0,28.0,30.0,46.0,42.0,42.0,60.0,1.0,1.0,1.0,1.0,1.0,1.25,32.0,32.0,60.0,60.0,50.0,66.0,1.06666666667,1.03225806452,1.1320754717,1.2,1.11111111111,1.29411764706,30.0,31.0,53.0,50.0,45.0,51.0,63.0,300.0,52.0,248.0,0.0,24.0,236.0,260.0,86.0,1.15384615385,2.16666666667,1.05084745763,9,20,10,40
2016-09-20 07:40:00,1.0,7.0,8.0,3.0,3.0,3.0,2.0,14.0,18.0,8.0,6.0,6.0,2.0,2.0,2.25,2.66666666667,2.0,2.0,9.0,21.0,21.0,15.0,13.0,21.0,0.0,0.0,0.0,0.0,0.0,0.0,30.0,46.0,42.0,42.0,48.0,65.0,30.0,46.0,42.0,42.0,60.0,65.0,1.0,1.0,1.0,1.0,1.25,1.0,32.0,60.0,60.0,50.0,66.0,71.0,1.03225806452,1.1320754717,1.2,1.11111111111,1.29411764706,1.04411764706,31.0,53.0,50.0,45.0,51.0,68.0,57.0,339.0,54.0,285.0,0.0,25.0,273.0,298.0,100.0,1.13758389262,2.16,1.04395604396,9,20,11,0
2016-09-20 08:00:00,7.0,8.0,3.0,3.0,3.0,2.0,14.0,18.0,8.0,6.0,6.0,4.0,2.0,2.25,2.66666666667,2.0,2.0,2.0,21.0,21.0,15.0,13.0,21.0,14.0,0.0,0.0,0.0,0.0,0.0,0.0,46.0,42.0,42.0,48.0,65.0,57.0,46.0,42.0,42.0,60.0,65.0,60.0,1.0,1.0,1.0,1.25,1.0,1.05263157895,60.0,60.0,50.0,66.0,71.0,64.0,1.1320754717,1.2,1.11111111111,1.29411764706,1.04411764706,1.08474576271,53.0,50.0,45.0,51.0,68.0,59.0,64.0,371.0,56.0,315.0,0.0,26.0,300.0,326.0,105.0,1.13803680982,2.15384615385,1.05,9,20,11,20
2016-09-20 08:20:00,8.0,3.0,3.0,3.0,2.0,3.0,18.0,8.0,6.0,6.0,4.0,6.0,2.25,2.66666666667,2.0,2.0,2.0,2.0,21.0,15.0,13.0,21.0,14.0,10.0,0.0,0.0,0.0,0.0,0.0,0.0,42.0,42.0,48.0,65.0,57.0,53.0,42.0,42.0,60.0,65.0,60.0,53.0,1.0,1.0,1.25,1.0,1.05263157895,1.0,60.0,50.0,66.0,71.0,64.0,59.0,1.2,1.11111111111,1.29411764706,1.04411764706,1.08474576271,1.05357142857,50.0,45.0,51.0,68.0,59.0,56.0,50.0,370.0,48.0,322.0,0.0,22.0,307.0,329.0,94.0,1.12462006079,2.18181818182,1.04885993485,9,20,11,40
2016-09-20 08:40:00,3.0,3.0,3.0,2.0,3.0,6.0,8.0,6.0,6.0,4.0,6.0,12.0,2.66666666667,2.0,2.0,2.0,2.0,2.0,15.0,13.0,21.0,14.0,10.0,14.0,0.0,0.0,0.0,0.0,0.0,0.0,42.0,48.0,65.0,57.0,53.0,54.0,42.0,60.0,65.0,60.0,53.0,54.0,1.0,1.25,1.0,1.05263157895,1.0,1.0,50.0,66.0,71.0,64.0,59.0,66.0,1.11111111111,1.29411764706,1.04411764706,1.08474576271,1.05357142857,1.1,45.0,51.0,68.0,59.0,56.0,60.0,53.0,376.0,42.0,334.0,0.0,20.0,319.0,339.0,87.0,1.10914454277,2.1,1.04702194357,9,20,12,0
2016-09-20 09:00:00,3.0,3.0,2.0,3.0,6.0,4.0,6.0,6.0,4.0,6.0,12.0,8.0,2.0,2.0,2.0,2.0,2.0,2.0,13.0,21.0,14.0,10.0,14.0,12.0,0.0,0.0,0.0,0.0,0.0,0.0,48.0,65.0,57.0,53.0,54.0,59.0,60.0,65.0,60.0,53.0,54.0,59.0,1.25,1.0,1.05263157895,1.0,1.0,1.0,66.0,71.0,64.0,59.0,66.0,67.0,1.29411764706,1.04411764706,1.08474576271,1.05357142857,1.1,1.06349206349,51.0,68.0,59.0,56.0,60.0,63.0,62.0,393.0,42.0,351.0,0.0,21.0,336.0,357.0,84.0,1.10084033613,2.0,1.04464285714,9,20,12,20
2016-09-20 09:20:00,3.0,2.0,3.0,6.0,4.0,2.0,6.0,4.0,6.0,12.0,8.0,4.0,2.0,2.0,2.0,2.0,2.0,2.0,21.0,14.0,10.0,14.0,12.0,16.0,0.0,0.0,0.0,0.0,0.0,0.0,65.0,57.0,53.0,54.0,59.0,55.0,65.0,60.0,53.0,54.0,59.0,61.0,1.0,1.05263157895,1.0,1.0,1.0,1.10909090909,71.0,64.0,59.0,66.0,67.0,65.0,1.04411764706,1.08474576271,1.05357142857,1.1,1.06349206349,1.14035087719,68.0,59.0,56.0,60.0,63.0,57.0,75.0,392.0,40.0,352.0,0.0,20.0,343.0,363.0,87.0,1.07988980716,2.0,1.02623906706,9,20,12,40
2016-09-20 09:40:00,2.0,3.0,6.0,4.0,2.0,5.0,4.0,6.0,12.0,8.0,4.0,11.0,2.0,2.0,2.0,2.0,2.0,2.2,14.0,10.0,14.0,12.0,16.0,17.0,0.0,0.0,0.0,0.0,0.0,0.0,57.0,53.0,54.0,59.0,55.0,59.0,60.0,53.0,54.0,59.0,61.0,62.0,1.05263157895,1.0,1.0,1.0,1.10909090909,1.05084745763,64.0,59.0,66.0,67.0,65.0,73.0,1.08474576271,1.05357142857,1.1,1.06349206349,1.14035087719,1.140625,59.0,56.0,60.0,63.0,57.0,64.0,98.0,394.0,45.0,349.0,0.0,22.0,337.0,359.0,83.0,1.09749303621,2.04545454545,1.03560830861,9,20,13,0
2016-09-20 10:00:00,3.0,6.0,4.0,2.0,5.0,5.0,6.0,12.0,8.0,4.0,11.0,10.0,2.0,2.0,2.0,2.0,2.2,2.0,10.0,14.0,12.0,16.0,17.0,7.0,0.0,0.0,0.0,0.0,0.0,0.0,53.0,54.0,59.0,55.0,59.0,45.0,53.0,54.0,59.0,61.0,62.0,45.0,1.0,1.0,1.0,1.10909090909,1.05084745763,1.0,59.0,66.0,67.0,65.0,73.0,55.0,1.05357142857,1.1,1.06349206349,1.14035087719,1.140625,1.1,56.0,60.0,63.0,57.0,64.0,50.0,82.0,385.0,51.0,334.0,0.0,25.0,325.0,350.0,76.0,1.1,2.04,1.02769230769,9,20,13,20
2016-09-20 10:20:00,6.0,4.0,2.0,5.0,5.0,4.0,12.0,8.0,4.0,11.0,10.0,8.0,2.0,2.0,2.0,2.2,2.0,2.0,14.0,12.0,16.0,17.0,7.0,17.0,0.0,0.0,0.0,0.0,0.0,0.0,54.0,59.0,55.0,59.0,45.0,49.0,54.0,59.0,61.0,62.0,45.0,49.0,1.0,1.0,1.10909090909,1.05084745763,1.0,1.0,66.0,67.0,65.0,73.0,55.0,57.0,1.1,1.06349206349,1.14035087719,1.140625,1.1,1.07547169811,60.0,63.0,57.0,64.0,50.0,53.0,84.0,383.0,53.0,330.0,0.0,26.0,321.0,347.0,83.0,1.10374639769,2.03846153846,1.02803738318,9,20,13,40
2016-09-20 10:40:00,4.0,2.0,5.0,5.0,4.0,3.0,8.0,4.0,11.0,10.0,8.0,7.0,2.0,2.0,2.2,2.0,2.0,2.33333333333,12.0,16.0,17.0,7.0,17.0,21.0,0.0,0.0,0.0,0.0,0.0,0.0,59.0,55.0,59.0,45.0,49.0,59.0,59.0,61.0,62.0,45.0,49.0,59.0,1.0,1.10909090909,1.05084745763,1.0,1.0,1.0,67.0,65.0,73.0,55.0,57.0,66.0,1.06349206349,1.14035087719,1.140625,1.1,1.07547169811,1.06451612903,63.0,57.0,64.0,50.0,53.0,62.0,81.0,383.0,48.0,335.0,0.0,23.0,326.0,349.0,90.0,1.09742120344,2.08695652174,1.02760736196,9,20,14,0
2016-09-20 11:00:00,2.0,5.0,5.0,4.0,3.0,4.0,4.0,11.0,10.0,8.0,7.0,8.0,2.0,2.2,2.0,2.0,2.33333333333,2.0,16.0,17.0,7.0,17.0,21.0,20.0,0.0,0.0,0.0,0.0,0.0,0.0,55.0,59.0,45.0,49.0,59.0,71.0,61.0,62.0,45.0,49.0,59.0,71.0,1.10909090909,1.05084745763,1.0,1.0,1.0,1.0,65.0,73.0,55.0,57.0,66.0,79.0,1.14035087719,1.140625,1.1,1.07547169811,1.06451612903,1.05333333333,57.0,64.0,50.0,53.0,62.0,75.0,90.0,395.0,48.0,347.0,0.0,23.0,338.0,361.0,98.0,1.09418282548,2.08695652174,1.02662721893,9,20,14,20
2016-09-20 11:20:00,5.0,5.0,4.0,3.0,4.0,6.0,11.0,10.0,8.0,7.0,8.0,14.0,2.2,2.0,2.0,2.33333333333,2.0,2.33333333333,17.0,7.0,17.0,21.0,20.0,23.0,0.0,0.0,0.0,0.0,0.0,0.0,59.0,45.0,49.0,59.0,71.0,92.0,62.0,45.0,49.0,59.0,71.0,92.0,1.05084745763,1.0,1.0,1.0,1.0,1.0,73.0,55.0,57.0,66.0,79.0,106.0,1.140625,1.1,1.07547169811,1.06451612903,1.05333333333,1.08163265306,64.0,50.0,53.0,62.0,75.0,98.0,67.0,436.0,58.0,378.0,0.0,27.0,375.0,402.0,105.0,1.08457711443,2.14814814815,1.008,9,20,14,40
2016-09-20 11:40:00,5.0,4.0,3.0,4.0,6.0,3.0,10.0,8.0,7.0,8.0,14.0,6.0,2.0,2.0,2.33333333333,2.0,2.33333333333,2.0,7.0,17.0,21.0,20.0,23.0,25.0,0.0,0.0,0.0,0.0,0.0,0.0,45.0,49.0,59.0,71.0,92.0,79.0,45.0,49.0,59.0,71.0,92.0,79.0,1.0,1.0,1.0,1.0,1.0,1.0,55.0,57.0,66.0,79.0,106.0,85.0,1.1,1.07547169811,1.06451612903,1.05333333333,1.08163265306,1.03658536585,50.0,53.0,62.0,75.0,98.0,82.0,71.0,448.0,53.0,395.0,0.0,25.0,395.0,420.0,113.0,1.06666666667,2.12,1.0,9,20,15,0
2016-09-20 12:00:00,4.0,3.0,4.0,6.0,3.0,4.0,8.0,7.0,8.0,14.0,6.0,9.0,2.0,2.33333333333,2.0,2.33333333333,2.0,2.25,17.0,21.0,20.0,23.0,25.0,22.0,0.0,0.0,0.0,0.0,0.0,0.0,49.0,59.0,71.0,92.0,79.0,80.0,49.0,59.0,71.0,92.0,79.0,80.0,1.0,1.0,1.0,1.0,1.0,1.0,57.0,66.0,79.0,106.0,85.0,89.0,1.07547169811,1.06451612903,1.05333333333,1.08163265306,1.03658536585,1.05952380952,53.0,62.0,75.0,98.0,82.0,84.0,64.0,482.0,52.0,430.0,0.0,24.0,430.0,454.0,128.0,1.06167400881,2.16666666667,1.0,9,20,15,20
2016-09-20 12:20:00,3.0,4.0,6.0,3.0,4.0,6.0,7.0,8.0,14.0,6.0,9.0,13.0,2.33333333333,2.0,2.33333333333,2.0,2.25,2.16666666667,21.0,20.0,23.0,25.0,22.0,14.0,0.0,0.0,0.0,0.0,0.0,0.0,59.0,71.0,92.0,79.0,80.0,75.0,59.0,71.0,92.0,79.0,80.0,75.0,1.0,1.0,1.0,1.0,1.0,1.0,66.0,79.0,106.0,85.0,89.0,88.0,1.06451612903,1.05333333333,1.08163265306,1.03658536585,1.05952380952,1.08641975309,62.0,75.0,98.0,82.0,84.0,81.0,73.0,513.0,57.0,456.0,0.0,26.0,456.0,482.0,125.0,1.0643153527,2.19230769231,1.0,9,20,15,40
2016-09-20 12:40:00,4.0,6.0,3.0,4.0,6.0,6.0,8.0,14.0,6.0,9.0,13.0,12.0,2.0,2.33333333333,2.0,2.25,2.16666666667,2.0,20.0,23.0,25.0,22.0,14.0,19.0,0.0,0.0,0.0,0.0,0.0,0.0,71.0,92.0,79.0,80.0,75.0,84.0,71.0,92.0,79.0,80.0,75.0,84.0,1.0,1.0,1.0,1.0,1.0,1.0,79.0,106.0,85.0,89.0,88.0,96.0,1.05333333333,1.08163265306,1.03658536585,1.05952380952,1.08641975309,1.06666666667,75.0,98.0,82.0,84.0,81.0,90.0,48.0,543.0,62.0,481.0,0.0,29.0,481.0,510.0,123.0,1.06470588235,2.13793103448,1.0,9,20,16,0
2016-09-20 13:00:00,6.0,3.0,4.0,6.0,6.0,9.0,14.0,6.0,9.0,13.0,12.0,19.0,2.33333333333,2.0,2.25,2.16666666667,2.0,2.11111111111,23.0,25.0,22.0,14.0,19.0,11.0,0.0,0.0,0.0,0.0,0.0,0.0,92.0,79.0,80.0,75.0,84.0,58.0,92.0,79.0,80.0,75.0,84.0,58.0,1.0,1.0,1.0,1.0,1.0,1.0,106.0,85.0,89.0,88.0,96.0,77.0,1.08163265306,1.03658536585,1.05952380952,1.08641975309,1.06666666667,1.14925373134,98.0,82.0,84.0,81.0,90.0,67.0,57.0,541.0,73.0,468.0,0.0,34.0,468.0,502.0,114.0,1.07768924303,2.14705882353,1.0,9,20,16,20
2016-09-20 13:20:00,3.0,4.0,6.0,6.0,9.0,5.0,6.0,9.0,13.0,12.0,19.0,10.0,2.0,2.25,2.16666666667,2.0,2.11111111111,2.0,25.0,22.0,14.0,19.0,11.0,16.0,0.0,0.0,0.0,0.0,0.0,0.0,79.0,80.0,75.0,84.0,58.0,66.0,79.0,80.0,75.0,84.0,58.0,66.0,1.0,1.0,1.0,1.0,1.0,1.0,85.0,89.0,88.0,96.0,77.0,76.0,1.03658536585,1.05952380952,1.08641975309,1.06666666667,1.14925373134,1.07042253521,82.0,84.0,81.0,90.0,67.0,71.0,48.0,511.0,69.0,442.0,0.0,33.0,442.0,475.0,107.0,1.07578947368,2.09090909091,1.0,9,20,16,40
2016-09-20 13:40:00,4.0,6.0,6.0,9.0,5.0,6.0,9.0,13.0,12.0,19.0,10.0,14.0,2.25,2.16666666667,2.0,2.11111111111,2.0,2.33333333333,22.0,14.0,19.0,11.0,16.0,15.0,0.0,0.0,0.0,0.0,0.0,0.0,80.0,75.0,84.0,58.0,66.0,58.0,80.0,75.0,84.0,58.0,66.0,58.0,1.0,1.0,1.0,1.0,1.0,1.0,89.0,88.0,96.0,77.0,76.0,72.0,1.05952380952,1.08641975309,1.06666666667,1.14925373134,1.07042253521,1.125,84.0,81.0,90.0,67.0,71.0,64.0,38.0,498.0,77.0,421.0,0.0,36.0,421.0,457.0,97.0,1.08971553611,2.13888888889,1.0,9,20,17,0
2016-09-20 14:00:00,6.0,6.0,9.0,5.0,6.0,8.0,13.0,12.0,19.0,10.0,14.0,16.0,2.16666666667,2.0,2.11111111111,2.0,2.33333333333,2.0,14.0,19.0,11.0,16.0,15.0,14.0,0.0,0.0,0.0,0.0,0.0,0.0,75.0,84.0,58.0,66.0,58.0,65.0,75.0,84.0,58.0,66.0,58.0,65.0,1.0,1.0,1.0,1.0,1.0,1.0,88.0,96.0,77.0,76.0,72.0,81.0,1.08641975309,1.06666666667,1.14925373134,1.07042253521,1.125,1.1095890411,81.0,90.0,67.0,71.0,64.0,73.0,42.0,490.0,84.0,406.0,0.0,40.0,406.0,446.0,89.0,1.09865470852,2.1,1.0,9,20,17,20
2016-09-20 14:20:00,6.0,9.0,5.0,6.0,8.0,1.0,12.0,19.0,10.0,14.0,16.0,2.0,2.0,2.11111111111,2.0,2.33333333333,2.0,2.0,19.0,11.0,16.0,15.0,14.0,17.0,0.0,0.0,0.0,0.0,0.0,0.0,84.0,58.0,66.0,58.0,65.0,47.0,84.0,58.0,66.0,58.0,65.0,47.0,1.0,1.0,1.0,1.0,1.0,1.0,96.0,77.0,76.0,72.0,81.0,49.0,1.06666666667,1.14925373134,1.07042253521,1.125,1.1095890411,1.02083333333,90.0,67.0,71.0,64.0,73.0,48.0,38.0,451.0,73.0,378.0,0.0,35.0,378.0,413.0,92.0,1.09200968523,2.08571428571,1.0,9,20,17,40
2016-09-20 14:40:00,9.0,5.0,6.0,8.0,1.0,1.0,19.0,10.0,14.0,16.0,2.0,2.0,2.11111111111,2.0,2.33333333333,2.0,2.0,2.0,11.0,16.0,15.0,14.0,17.0,14.0,0.0,0.0,0.0,0.0,0.0,0.0,58.0,66.0,58.0,65.0,47.0,56.0,58.0,66.0,58.0,65.0,47.0,59.0,1.0,1.0,1.0,1.0,1.0,1.05357142857,77.0,76.0,72.0,81.0,49.0,61.0,1.14925373134,1.07042253521,1.125,1.1095890411,1.02083333333,1.0701754386,67.0,71.0,64.0,73.0,48.0,57.0,26.0,416.0,63.0,353.0,0.0,30.0,350.0,380.0,87.0,1.09473684211,2.1,1.00857142857,9,20,18,0
2016-09-20 15:00:00,5.0,6.0,8.0,1.0,1.0,0.0,10.0,14.0,16.0,2.0,2.0,0.0,2.0,2.33333333333,2.0,2.0,2.0,0.0,16.0,15.0,14.0,17.0,14.0,14.0,0.0,0.0,0.0,0.0,0.0,0.0,66.0,58.0,65.0,47.0,56.0,48.0,66.0,58.0,65.0,47.0,59.0,48.0,1.0,1.0,1.0,1.0,1.05357142857,1.0,76.0,72.0,81.0,49.0,61.0,48.0,1.07042253521,1.125,1.1095890411,1.02083333333,1.0701754386,1.0,71.0,64.0,73.0,48.0,57.0,48.0,29.0,387.0,44.0,343.0,0.0,21.0,340.0,361.0,90.0,1.07202216066,2.09523809524,1.00882352941,9,20,18,20
2016-09-20 15:20:00,6.0,8.0,1.0,1.0,0.0,2.0,14.0,16.0,2.0,2.0,0.0,4.0,2.33333333333,2.0,2.0,2.0,0.0,2.0,15.0,14.0,17.0,14.0,14.0,9.0,0.0,0.0,0.0,0.0,0.0,0.0,58.0,65.0,47.0,56.0,48.0,36.0,58.0,65.0,47.0,59.0,48.0,36.0,1.0,1.0,1.0,1.05357142857,1.0,1.0,72.0,81.0,49.0,61.0,48.0,40.0,1.125,1.1095890411,1.02083333333,1.0701754386,1.0,1.05263157895,64.0,73.0,48.0,57.0,48.0,38.0,20.0,351.0,38.0,313.0,0.0,18.0,310.0,328.0,83.0,1.07012195122,2.11111111111,1.00967741935,9,20,18,40
2016-09-20 15:40:00,8.0,1.0,1.0,0.0,2.0,2.0,16.0,2.0,2.0,0.0,4.0,4.0,2.0,2.0,2.0,0.0,2.0,2.0,14.0,17.0,14.0,14.0,9.0,14.0,0.0,0.0,0.0,0.0,0.0,0.0,65.0,47.0,56.0,48.0,36.0,40.0,65.0,47.0,59.0,48.0,36.0,43.0,1.0,1.0,1.05357142857,1.0,1.0,1.075,81.0,49.0,61.0,48.0,40.0,47.0,1.1095890411,1.02083333333,1.0701754386,1.0,1.05263157895,1.11904761905,73.0,48.0,57.0,48.0,38.0,42.0,17.0,326.0,28.0,298.0,0.0,14.0,292.0,306.0,82.0,1.06535947712,2.0,1.02054794521,9,20,19,0
2016-09-20 16:00:00,1.0,1.0,0.0,2.0,2.0,2.0,2.0,2.0,0.0,4.0,4.0,5.0,2.0,2.0,0.0,2.0,2.0,2.5,17.0,14.0,14.0,9.0,14.0,15.0,0.0,0.0,0.0,0.0,0.0,0.0,47.0,56.0,48.0,36.0,40.0,36.0,47.0,59.0,48.0,36.0,43.0,36.0,1.0,1.05357142857,1.0,1.0,1.075,1.0,49.0,61.0,48.0,40.0,47.0,41.0,1.02083333333,1.0701754386,1.0,1.05263157895,1.11904761905,1.07894736842,48.0,57.0,48.0,38.0,42.0,38.0,29.0,286.0,17.0,269.0,0.0,8.0,263.0,271.0,83.0,1.05535055351,2.125,1.02281368821,9,20,19,20
2016-09-20 16:20:00,1.0,0.0,2.0,2.0,2.0,3.0,2.0,0.0,4.0,4.0,5.0,6.0,2.0,0.0,2.0,2.0,2.5,2.0,14.0,14.0,9.0,14.0,15.0,4.0,0.0,0.0,0.0,0.0,0.0,0.0,56.0,48.0,36.0,40.0,36.0,23.0,59.0,48.0,36.0,43.0,36.0,23.0,1.05357142857,1.0,1.0,1.075,1.0,1.0,61.0,48.0,40.0,47.0,41.0,29.0,1.0701754386,1.0,1.05263157895,1.11904761905,1.07894736842,1.11538461538,57.0,48.0,38.0,42.0,38.0,26.0,21.0,266.0,21.0,245.0,0.0,10.0,239.0,249.0,70.0,1.06827309237,2.1,1.02510460251,9,20,19,40
2016-09-20 16:40:00,0.0,2.0,2.0,2.0,3.0,3.0,0.0,4.0,4.0,5.0,6.0,6.0,0.0,2.0,2.0,2.5,2.0,2.0,14.0,9.0,14.0,15.0,4.0,10.0,0.0,0.0,0.0,0.0,0.0,0.0,48.0,36.0,40.0,36.0,23.0,26.0,48.0,36.0,43.0,36.0,23.0,26.0,1.0,1.0,1.075,1.0,1.0,1.0,48.0,40.0,47.0,41.0,29.0,32.0,1.0,1.05263157895,1.11904761905,1.07894736842,1.11538461538,1.10344827586,48.0,38.0,42.0,38.0,26.0,29.0,12.0,237.0,25.0,212.0,0.0,12.0,209.0,221.0,66.0,1.07239819005,2.08333333333,1.01435406699,9,20,20,0
2016-09-20 17:00:00,2.0,2.0,2.0,3.0,3.0,1.0,4.0,4.0,5.0,6.0,6.0,2.0,2.0,2.0,2.5,2.0,2.0,2.0,9.0,14.0,15.0,4.0,10.0,6.0,0.0,0.0,0.0,0.0,0.0,0.0,36.0,40.0,36.0,23.0,26.0,19.0,36.0,43.0,36.0,23.0,26.0,19.0,1.0,1.075,1.0,1.0,1.0,1.0,40.0,47.0,41.0,29.0,32.0,21.0,1.05263157895,1.11904761905,1.07894736842,1.11538461538,1.10344827586,1.05,38.0,42.0,38.0,26.0,29.0,20.0,16.0,210.0,27.0,183.0,0.0,13.0,180.0,193.0,58.0,1.08808290155,2.07692307692,1.01666666667,9,20,20,20
2016-09-20 17:20:00,2.0,2.0,3.0,3.0,1.0,1.0,4.0,5.0,6.0,6.0,2.0,3.0,2.0,2.5,2.0,2.0,2.0,3.0,14.0,15.0,4.0,10.0,6.0,5.0,0.0,0.0,0.0,0.0,0.0,0.0,40.0,36.0,23.0,26.0,19.0,16.0,43.0,36.0,23.0,26.0,19.0,16.0,1.075,1.0,1.0,1.0,1.0,1.0,47.0,41.0,29.0,32.0,21.0,19.0,1.11904761905,1.07894736842,1.11538461538,1.10344827586,1.05,1.11764705882,42.0,38.0,26.0,29.0,20.0,17.0,16.0,189.0,26.0,163.0,0.0,12.0,160.0,172.0,54.0,1.0988372093,2.16666666667,1.01875,9,20,20,40
2016-09-20 17:40:00,2.0,3.0,3.0,1.0,1.0,1.0,5.0,6.0,6.0,2.0,3.0,2.0,2.5,2.0,2.0,2.0,3.0,2.0,15.0,4.0,10.0,6.0,5.0,10.0,0.0,0.0,0.0,0.0,0.0,0.0,36.0,23.0,26.0,19.0,16.0,28.0,36.0,23.0,26.0,19.0,16.0,28.0,1.0,1.0,1.0,1.0,1.0,1.0,41.0,29.0,32.0,21.0,19.0,30.0,1.07894736842,1.11538461538,1.10344827586,1.05,1.11764705882,1.03448275862,38.0,26.0,29.0,20.0,17.0,29.0,17.0,172.0,24.0,148.0,0.0,11.0,148.0,159.0,50.0,1.08176100629,2.18181818182,1.0,9,20,21,0
2016-09-20 18:00:00,3.0,3.0,1.0,1.0,1.0,1.0,6.0,6.0,2.0,3.0,2.0,2.0,2.0,2.0,2.0,3.0,2.0,2.0,4.0,10.0,6.0,5.0,10.0,9.0,0.0,0.0,0.0,0.0,0.0,0.0,23.0,26.0,19.0,16.0,28.0,20.0,23.0,26.0,19.0,16.0,28.0,20.0,1.0,1.0,1.0,1.0,1.0,1.0,29.0,32.0,21.0,19.0,30.0,22.0,1.11538461538,1.10344827586,1.05,1.11764705882,1.03448275862,1.04761904762,26.0,29.0,20.0,17.0,29.0,21.0,29.0,153.0,21.0,132.0,0.0,10.0,132.0,142.0,44.0,1.07746478873,2.1,1.0,9,20,21,20
2016-09-20 18:20:00,3.0,1.0,1.0,1.0,1.0,1.0,6.0,2.0,3.0,2.0,2.0,2.0,2.0,2.0,3.0,2.0,2.0,2.0,10.0,6.0,5.0,10.0,9.0,4.0,0.0,0.0,0.0,0.0,0.0,0.0,26.0,19.0,16.0,28.0,20.0,11.0,26.0,19.0,16.0,28.0,20.0,11.0,1.0,1.0,1.0,1.0,1.0,1.0,32.0,21.0,19.0,30.0,22.0,13.0,1.10344827586,1.05,1.11764705882,1.03448275862,1.04761904762,1.08333333333,29.0,20.0,17.0,29.0,21.0,12.0,37.0,137.0,17.0,120.0,0.0,8.0,120.0,128.0,44.0,1.0703125,2.125,1.0,9,20,21,40
2016-09-20 18:40:00,1.0,1.0,1.0,1.0,1.0,1.0,2.0,3.0,2.0,2.0,2.0,2.0,2.0,3.0,2.0,2.0,2.0,2.0,6.0,5.0,10.0,9.0,4.0,8.0,0.0,0.0,0.0,0.0,0.0,0.0,19.0,16.0,28.0,20.0,11.0,15.0,19.0,16.0,28.0,20.0,11.0,15.0,1.0,1.0,1.0,1.0,1.0,1.0,21.0,19.0,30.0,22.0,13.0,17.0,1.05,1.11764705882,1.03448275862,1.04761904762,1.08333333333,1.0625,20.0,17.0,29.0,21.0,12.0,16.0,30.0,122.0,13.0,109.0,0.0,6.0,109.0,115.0,42.0,1.06086956522,2.16666666667,1.0,9,20,22,0
2016-09-20 19:00:00,1.0,1.0,1.0,1.0,1.0,0.0,3.0,2.0,2.0,2.0,2.0,0.0,3.0,2.0,2.0,2.0,2.0,0.0,5.0,10.0,9.0,4.0,8.0,4.0,0.0,0.0,0.0,0.0,0.0,0.0,16.0,28.0,20.0,11.0,15.0,16.0,16.0,28.0,20.0,11.0,15.0,16.0,1.0,1.0,1.0,1.0,1.0,1.0,19.0,30.0,22.0,13.0,17.0,16.0,1.11764705882,1.03448275862,1.04761904762,1.08333333333,1.0625,1.0,17.0,29.0,21.0,12.0,16.0,16.0,17.0,117.0,11.0,106.0,0.0,5.0,106.0,111.0,40.0,1.05405405405,2.2,1.0,9,20,22,20
2016-09-20 19:20:00,1.0,1.0,1.0,1.0,0.0,1.0,2.0,2.0,2.0,2.0,0.0,2.0,2.0,2.0,2.0,2.0,0.0,2.0,10.0,9.0,4.0,8.0,4.0,9.0,0.0,0.0,0.0,0.0,0.0,0.0,28.0,20.0,11.0,15.0,16.0,16.0,28.0,20.0,11.0,15.0,16.0,16.0,1.0,1.0,1.0,1.0,1.0,1.0,30.0,22.0,13.0,17.0,16.0,18.0,1.03448275862,1.04761904762,1.08333333333,1.0625,1.0,1.05882352941,29.0,21.0,12.0,16.0,16.0,17.0,19.0,116.0,10.0,106.0,0.0,5.0,106.0,111.0,44.0,1.04504504505,2.0,1.0,9,20,22,40
2016-09-20 19:40:00,1.0,1.0,1.0,0.0,1.0,8.0,2.0,2.0,2.0,0.0,2.0,23.0,2.0,2.0,2.0,0.0,2.0,2.875,9.0,4.0,8.0,4.0,9.0,3.0,0.0,0.0,0.0,0.0,0.0,0.0,20.0,11.0,15.0,16.0,16.0,21.0,20.0,11.0,15.0,16.0,16.0,21.0,1.0,1.0,1.0,1.0,1.0,1.0,22.0,13.0,17.0,16.0,18.0,44.0,1.04761904762,1.08333333333,1.0625,1.0,1.05882352941,1.51724137931,21.0,12.0,16.0,16.0,17.0,29.0,20.0,130.0,31.0,99.0,0.0,12.0,99.0,111.0,37.0,1.17117117117,2.58333333333,1.0,9,20,23,0
2016-09-20 20:00:00,1.0,1.0,0.0,1.0,8.0,6.0,2.0,2.0,0.0,2.0,23.0,15.0,2.0,2.0,0.0,2.0,2.875,2.5,4.0,8.0,4.0,9.0,3.0,2.0,0.0,0.0,0.0,0.0,0.0,0.0,11.0,15.0,16.0,16.0,21.0,31.0,11.0,15.0,16.0,16.0,21.0,34.0,1.0,1.0,1.0,1.0,1.0,1.09677419355,13.0,17.0,16.0,18.0,44.0,49.0,1.08333333333,1.0625,1.0,1.05882352941,1.51724137931,1.32432432432,12.0,16.0,16.0,17.0,29.0,37.0,7.0,157.0,44.0,113.0,0.0,17.0,110.0,127.0,30.0,1.23622047244,2.58823529412,1.02727272727,9,20,23,20
2016-09-20 20:20:00,1.0,0.0,1.0,8.0,6.0,4.0,2.0,0.0,2.0,23.0,15.0,12.0,2.0,0.0,2.0,2.875,2.5,3.0,8.0,4.0,9.0,3.0,2.0,5.0,0.0,0.0,0.0,0.0,0.0,0.0,15.0,16.0,16.0,21.0,31.0,26.0,15.0,16.0,16.0,21.0,34.0,26.0,1.0,1.0,1.0,1.0,1.09677419355,1.0,17.0,16.0,18.0,44.0,49.0,38.0,1.0625,1.0,1.05882352941,1.51724137931,1.32432432432,1.26666666667,16.0,16.0,17.0,29.0,37.0,30.0,11.0,182.0,54.0,128.0,0.0,20.0,125.0,145.0,31.0,1.25517241379,2.7,1.024,9,20,23,40
2016-09-20 20:40:00,0.0,1.0,8.0,6.0,4.0,7.0,0.0,2.0,23.0,15.0,12.0,22.0,0.0,2.0,2.875,2.5,3.0,3.14285714286,4.0,9.0,3.0,2.0,5.0,0.0,0.0,0.0,0.0,0.0,0.0,0.0,16.0,16.0,21.0,31.0,26.0,10.0,16.0,16.0,21.0,34.0,26.0,10.0,1.0,1.0,1.0,1.09677419355,1.0,1.0,16.0,18.0,44.0,49.0,38.0,32.0,1.0,1.05882352941,1.51724137931,1.32432432432,1.26666666667,1.88235294118,16.0,17.0,29.0,37.0,30.0,17.0,12.0,197.0,74.0,123.0,0.0,26.0,120.0,146.0,23.0,1.34931506849,2.84615384615,1.025,9,21,0,0
2016-09-20 21:00:00,1.0,8.0,6.0,4.0,7.0,6.0,2.0,23.0,15.0,12.0,22.0,14.0,2.0,2.875,2.5,3.0,3.14285714286,2.33333333333,9.0,3.0,2.0,5.0,0.0,1.0,0.0,0.0,0.0,0.0,0.0,0.0,16.0,21.0,31.0,26.0,10.0,13.0,16.0,21.0,34.0,26.0,10.0,13.0,1.0,1.0,1.09677419355,1.0,1.0,1.0,18.0,44.0,49.0,38.0,32.0,27.0,1.05882352941,1.51724137931,1.32432432432,1.26666666667,1.88235294118,1.42105263158,17.0,29.0,37.0,30.0,17.0,19.0,6.0,208.0,88.0,120.0,0.0,32.0,117.0,149.0,20.0,1.39597315436,2.75,1.02564102564,9,21,0,20
2016-09-20 21:20:00,8.0,6.0,4.0,7.0,6.0,5.0,23.0,15.0,12.0,22.0,14.0,19.0,2.875,2.5,3.0,3.14285714286,2.33333333333,3.8,3.0,2.0,5.0,0.0,1.0,0.0,0.0,0.0,0.0,0.0,0.0,0.0,21.0,31.0,26.0,10.0,13.0,15.0,21.0,34.0,26.0,10.0,13.0,15.0,1.0,1.09677419355,1.0,1.0,1.0,1.0,44.0,49.0,38.0,32.0,27.0,34.0,1.51724137931,1.32432432432,1.26666666667,1.88235294118,1.42105263158,1.7,29.0,37.0,30.0,17.0,19.0,20.0,7.0,224.0,105.0,119.0,0.0,36.0,116.0,152.0,11.0,1.47368421053,2.91666666667,1.02586206897,9,21,0,40
2016-09-20 21:40:00,6.0,4.0,7.0,6.0,5.0,1.0,15.0,12.0,22.0,14.0,19.0,2.0,2.5,3.0,3.14285714286,2.33333333333,3.8,2.0,2.0,5.0,0.0,1.0,0.0,2.0,0.0,0.0,0.0,0.0,0.0,0.0,31.0,26.0,10.0,13.0,15.0,6.0,34.0,26.0,10.0,13.0,15.0,6.0,1.09677419355,1.0,1.0,1.0,1.0,1.0,49.0,38.0,32.0,27.0,34.0,8.0,1.32432432432,1.26666666667,1.88235294118,1.42105263158,1.7,1.14285714286,37.0,30.0,17.0,19.0,20.0,7.0,7.0,188.0,84.0,104.0,0.0,29.0,101.0,130.0,10.0,1.44615384615,2.89655172414,1.0297029703,9,21,1,0
2016-09-20 22:00:00,4.0,7.0,6.0,5.0,1.0,4.0,12.0,22.0,14.0,19.0,2.0,8.0,3.0,3.14285714286,2.33333333333,3.8,2.0,2.0,5.0,0.0,1.0,0.0,2.0,2.0,0.0,0.0,0.0,0.0,0.0,0.0,26.0,10.0,13.0,15.0,6.0,7.0,26.0,10.0,13.0,15.0,6.0,7.0,1.0,1.0,1.0,1.0,1.0,1.0,38.0,32.0,27.0,34.0,8.0,15.0,1.26666666667,1.88235294118,1.42105263158,1.7,1.14285714286,1.36363636364,30.0,17.0,19.0,20.0,7.0,11.0,4.0,154.0,77.0,77.0,0.0,27.0,77.0,104.0,10.0,1.48076923077,2.85185185185,1.0,9,21,1,20
2016-09-20 22:20:00,7.0,6.0,5.0,1.0,4.0,3.0,22.0,14.0,19.0,2.0,8.0,7.0,3.14285714286,2.33333333333,3.8,2.0,2.0,2.33333333333,0.0,1.0,0.0,2.0,2.0,1.0,0.0,0.0,0.0,0.0,0.0,0.0,10.0,13.0,15.0,6.0,7.0,9.0,10.0,13.0,15.0,6.0,7.0,9.0,1.0,1.0,1.0,1.0,1.0,1.0,32.0,27.0,34.0,8.0,15.0,16.0,1.88235294118,1.42105263158,1.7,1.14285714286,1.36363636364,1.33333333333,17.0,19.0,20.0,7.0,11.0,12.0,6.0,132.0,72.0,60.0,0.0,26.0,60.0,86.0,6.0,1.53488372093,2.76923076923,1.0,9,21,1,40
2016-09-20 22:40:00,6.0,5.0,1.0,4.0,3.0,4.0,14.0,19.0,2.0,8.0,7.0,15.0,2.33333333333,3.8,2.0,2.0,2.33333333333,3.75,1.0,0.0,2.0,2.0,1.0,0.0,0.0,0.0,0.0,0.0,0.0,0.0,13.0,15.0,6.0,7.0,9.0,2.0,13.0,15.0,6.0,7.0,9.0,2.0,1.0,1.0,1.0,1.0,1.0,1.0,27.0,34.0,8.0,15.0,16.0,17.0,1.42105263158,1.7,1.14285714286,1.36363636364,1.33333333333,2.83333333333,19.0,20.0,7.0,11.0,12.0,6.0,6.0,117.0,65.0,52.0,0.0,23.0,52.0,75.0,6.0,1.56,2.82608695652,1.0,9,21,2,0
2016-09-20 23:00:00,5.0,1.0,4.0,3.0,4.0,1.0,19.0,2.0,8.0,7.0,15.0,5.0,3.8,2.0,2.0,2.33333333333,3.75,5.0,0.0,2.0,2.0,1.0,0.0,2.0,0.0,0.0,0.0,0.0,0.0,0.0,15.0,6.0,7.0,9.0,2.0,6.0,15.0,6.0,7.0,9.0,2.0,12.0,1.0,1.0,1.0,1.0,1.0,2.0,34.0,8.0,15.0,16.0,17.0,17.0,1.7,1.14285714286,1.36363636364,1.33333333333,2.83333333333,2.42857142857,20.0,7.0,11.0,12.0,6.0,7.0,10.0,107.0,56.0,51.0,0.0,18.0,45.0,63.0,7.0,1.69841269841,3.11111111111,1.13333333333,9,21,2,20
2016-09-20 23:20:00,1.0,4.0,3.0,4.0,1.0,2.0,2.0,8.0,7.0,15.0,5.0,7.0,2.0,2.0,2.33333333333,3.75,5.0,3.5,2.0,2.0,1.0,0.0,2.0,1.0,0.0,0.0,0.0,0.0,0.0,0.0,6.0,7.0,9.0,2.0,6.0,5.0,6.0,7.0,9.0,2.0,12.0,5.0,1.0,1.0,1.0,1.0,2.0,1.0,8.0,15.0,16.0,17.0,17.0,12.0,1.14285714286,1.36363636364,1.33333333333,2.83333333333,2.42857142857,1.71428571429,7.0,11.0,12.0,6.0,7.0,7.0,6.0,85.0,44.0,41.0,0.0,15.0,35.0,50.0,8.0,1.7,2.93333333333,1.17142857143,9,21,2,40
2016-09-20 23:40:00,4.0,3.0,4.0,1.0,2.0,0.0,8.0,7.0,15.0,5.0,7.0,0.0,2.0,2.33333333333,3.75,5.0,3.5,0.0,2.0,1.0,0.0,2.0,1.0,3.0,0.0,0.0,0.0,0.0,0.0,0.0,7.0,9.0,2.0,6.0,5.0,4.0,7.0,9.0,2.0,12.0,5.0,4.0,1.0,1.0,1.0,2.0,1.0,1.0,15.0,16.0,17.0,17.0,12.0,4.0,1.36363636364,1.33333333333,2.83333333333,2.42857142857,1.71428571429,1.0,11.0,12.0,6.0,7.0,7.0,4.0,5.0,81.0,42.0,39.0,0.0,14.0,33.0,47.0,9.0,1.72340425532,3.0,1.18181818182,9,21,3,0
2016-09-21 00:00:00,3.0,4.0,1.0,2.0,0.0,1.0,7.0,15.0,5.0,7.0,0.0,2.0,2.33333333333,3.75,5.0,3.5,0.0,2.0,1.0,0.0,2.0,1.0,3.0,0.0,0.0,0.0,0.0,0.0,0.0,0.0,9.0,2.0,6.0,5.0,4.0,5.0,9.0,2.0,12.0,5.0,4.0,5.0,1.0,1.0,2.0,1.0,1.0,1.0,16.0,17.0,17.0,12.0,4.0,7.0,1.33333333333,2.83333333333,2.42857142857,1.71428571429,1.0,1.16666666667,12.0,6.0,7.0,7.0,4.0,6.0,6.0,73.0,36.0,37.0,0.0,11.0,31.0,42.0,7.0,1.7380952381,3.27272727273,1.1935483871,9,21,3,20
2016-09-21 00:20:00,4.0,1.0,2.0,0.0,1.0,4.0,15.0,5.0,7.0,0.0,2.0,10.0,3.75,5.0,3.5,0.0,2.0,2.5,0.0,2.0,1.0,3.0,0.0,0.0,0.0,0.0,0.0,0.0,0.0,0.0,2.0,6.0,5.0,4.0,5.0,2.0,2.0,12.0,5.0,4.0,5.0,5.0,1.0,2.0,1.0,1.0,1.0,2.5,17.0,17.0,12.0,4.0,7.0,15.0,2.83333333333,2.42857142857,1.71428571429,1.0,1.16666666667,2.5,6.0,7.0,7.0,4.0,6.0,6.0,10.0,72.0,39.0,33.0,0.0,12.0,24.0,36.0,6.0,2.0,3.25,1.375,9,21,3,40
2016-09-21 00:40:00,1.0,2.0,0.0,1.0,4.0,4.0,5.0,7.0,0.0,2.0,10.0,11.0,5.0,3.5,0.0,2.0,2.5,2.75,2.0,1.0,3.0,0.0,0.0,2.0,0.0,0.0,0.0,0.0,0.0,0.0,6.0,5.0,4.0,5.0,2.0,6.0,12.0,5.0,4.0,5.0,5.0,6.0,2.0,1.0,1.0,1.0,2.5,1.0,17.0,12.0,4.0,7.0,15.0,17.0,2.42857142857,1.71428571429,1.0,1.16666666667,2.5,1.7,7.0,7.0,4.0,6.0,6.0,10.0,16.0,72.0,35.0,37.0,0.0,12.0,28.0,40.0,8.0,1.8,2.91666666667,1.32142857143,9,21,4,0
2016-09-21 01:00:00,2.0,0.0,1.0,4.0,4.0,3.0,7.0,0.0,2.0,10.0,11.0,12.0,3.5,0.0,2.0,2.5,2.75,4.0,1.0,3.0,0.0,0.0,2.0,0.0,0.0,0.0,0.0,0.0,0.0,0.0,5.0,4.0,5.0,2.0,6.0,3.0,5.0,4.0,5.0,5.0,6.0,3.0,1.0,1.0,1.0,2.5,1.0,1.0,12.0,4.0,7.0,15.0,17.0,15.0,1.71428571429,1.0,1.16666666667,2.5,1.7,2.5,7.0,4.0,6.0,6.0,10.0,6.0,14.0,70.0,42.0,28.0,0.0,14.0,25.0,39.0,6.0,1.79487179487,3.0,1.12,9,21,4,20
2016-09-21 01:20:00,0.0,1.0,4.0,4.0,3.0,1.0,0.0,2.0,10.0,11.0,12.0,3.0,0.0,2.0,2.5,2.75,4.0,3.0,3.0,0.0,0.0,2.0,0.0,1.0,0.0,0.0,0.0,0.0,0.0,0.0,4.0,5.0,2.0,6.0,3.0,4.0,4.0,5.0,5.0,6.0,3.0,4.0,1.0,1.0,2.5,1.0,1.0,1.0,4.0,7.0,15.0,17.0,15.0,7.0,1.0,1.16666666667,2.5,1.7,2.5,1.4,4.0,6.0,6.0,10.0,6.0,5.0,11.0,65.0,38.0,27.0,0.0,13.0,24.0,37.0,6.0,1.75675675676,2.92307692308,1.125,9,21,4,40
2016-09-21 01:40:00,1.0,4.0,4.0,3.0,1.0,5.0,2.0,10.0,11.0,12.0,3.0,12.0,2.0,2.5,2.75,4.0,3.0,2.4,0.0,0.0,2.0,0.0,1.0,0.0,0.0,0.0,0.0,0.0,0.0,0.0,5.0,2.0,6.0,3.0,4.0,1.0,5.0,5.0,6.0,3.0,4.0,1.0,1.0,2.5,1.0,1.0,1.0,1.0,7.0,15.0,17.0,15.0,7.0,13.0,1.16666666667,2.5,1.7,2.5,1.4,2.16666666667,6.0,6.0,10.0,6.0,5.0,6.0,10.0,74.0,50.0,24.0,0.0,18.0,21.0,39.0,3.0,1.89743589744,2.77777777778,1.14285714286,9,21,5,0
2016-09-21 02:00:00,4.0,4.0,3.0,1.0,5.0,3.0,10.0,11.0,12.0,3.0,12.0,12.0,2.5,2.75,4.0,3.0,2.4,4.0,0.0,2.0,0.0,1.0,0.0,2.0,0.0,0.0,0.0,0.0,0.0,0.0,2.0,6.0,3.0,4.0,1.0,7.0,5.0,6.0,3.0,4.0,1.0,7.0,2.5,1.0,1.0,1.0,1.0,1.0,15.0,17.0,15.0,7.0,13.0,19.0,2.5,1.7,2.5,1.4,2.16666666667,1.9,6.0,10.0,6.0,5.0,6.0,10.0,14.0,86.0,60.0,26.0,0.0,20.0,23.0,43.0,5.0,2.0,3.0,1.13043478261,9,21,5,20
2016-09-21 02:20:00,4.0,3.0,1.0,5.0,3.0,10.0,11.0,12.0,3.0,12.0,12.0,36.0,2.75,4.0,3.0,2.4,4.0,3.6,2.0,0.0,1.0,0.0,2.0,1.0,0.0,0.0,0.0,0.0,0.0,0.0,6.0,3.0,4.0,1.0,7.0,6.0,6.0,3.0,4.0,1.0,7.0,6.0,1.0,1.0,1.0,1.0,1.0,1.0,17.0,15.0,7.0,13.0,19.0,42.0,1.7,2.5,1.4,2.16666666667,1.9,2.625,10.0,6.0,5.0,6.0,10.0,16.0,28.0,113.0,86.0,27.0,0.0,26.0,27.0,53.0,6.0,2.1320754717,3.30769230769,1.0,9,21,5,40
2016-09-21 02:40:00,3.0,1.0,5.0,3.0,10.0,6.0,12.0,3.0,12.0,12.0,36.0,15.0,4.0,3.0,2.4,4.0,3.6,2.5,0.0,1.0,0.0,2.0,1.0,0.0,0.0,0.0,0.0,0.0,0.0,0.0,3.0,4.0,1.0,7.0,6.0,8.0,3.0,4.0,1.0,7.0,6.0,11.0,1.0,1.0,1.0,1.0,1.0,1.375,15.0,7.0,13.0,19.0,42.0,26.0,2.5,1.4,2.16666666667,1.9,2.625,1.85714285714,6.0,5.0,6.0,10.0,16.0,14.0,36.0,122.0,90.0,32.0,0.0,28.0,29.0,57.0,4.0,2.14035087719,3.21428571429,1.10344827586,9,21,6,0
2016-09-21 03:00:00,1.0,5.0,3.0,10.0,6.0,5.0,3.0,12.0,12.0,36.0,15.0,19.0,3.0,2.4,4.0,3.6,2.5,3.8,1.0,0.0,2.0,1.0,0.0,0.0,0.0,0.0,0.0,0.0,0.0,0.0,4.0,1.0,7.0,6.0,8.0,6.0,4.0,1.0,7.0,6.0,11.0,6.0,1.0,1.0,1.0,1.0,1.375,1.0,7.0,13.0,19.0,42.0,26.0,25.0,1.4,2.16666666667,1.9,2.625,1.85714285714,2.27272727273,5.0,6.0,10.0,16.0,14.0,11.0,41.0,132.0,97.0,35.0,0.0,30.0,32.0,62.0,4.0,2.12903225806,3.23333333333,1.09375,9,21,6,20
2016-09-21 03:20:00,5.0,3.0,10.0,6.0,5.0,2.0,12.0,12.0,36.0,15.0,19.0,7.0,2.4,4.0,3.6,2.5,3.8,3.5,0.0,2.0,1.0,0.0,0.0,1.0,0.0,0.0,0.0,0.0,0.0,0.0,1.0,7.0,6.0,8.0,6.0,8.0,1.0,7.0,6.0,11.0,6.0,8.0,1.0,1.0,1.0,1.375,1.0,1.0,13.0,19.0,42.0,26.0,25.0,15.0,2.16666666667,1.9,2.625,1.85714285714,2.27272727273,1.5,6.0,10.0,16.0,14.0,11.0,10.0,75.0,140.0,101.0,39.0,0.0,31.0,36.0,67.0,4.0,2.08955223881,3.25806451613,1.08333333333,9,21,6,40
2016-09-21 03:40:00,3.0,10.0,6.0,5.0,2.0,5.0,12.0,36.0,15.0,19.0,7.0,13.0,4.0,3.6,2.5,3.8,3.5,2.6,2.0,1.0,0.0,0.0,1.0,1.0,0.0,0.0,0.0,0.0,0.0,0.0,7.0,6.0,8.0,6.0,8.0,9.0,7.0,6.0,11.0,6.0,8.0,12.0,1.0,1.0,1.375,1.0,1.0,1.33333333333,19.0,42.0,26.0,25.0,15.0,25.0,1.9,2.625,1.85714285714,2.27272727273,1.5,1.78571428571,10.0,16.0,14.0,11.0,10.0,14.0,78.0,152.0,102.0,50.0,0.0,31.0,44.0,75.0,5.0,2.02666666667,3.29032258065,1.13636363636,9,21,7,0
2016-09-21 04:00:00,10.0,6.0,5.0,2.0,5.0,9.0,36.0,15.0,19.0,7.0,13.0,22.0,3.6,2.5,3.8,3.5,2.6,2.44444444444,1.0,0.0,0.0,1.0,1.0,1.0,0.0,0.0,0.0,0.0,0.0,0.0,6.0,8.0,6.0,8.0,9.0,19.0,6.0,11.0,6.0,8.0,12.0,19.0,1.0,1.375,1.0,1.0,1.33333333333,1.0,42.0,26.0,25.0,15.0,25.0,41.0,2.625,1.85714285714,2.27272727273,1.5,1.78571428571,1.46428571429,16.0,14.0,11.0,10.0,14.0,28.0,84.0,174.0,112.0,62.0,0.0,37.0,56.0,93.0,4.0,1.87096774194,3.02702702703,1.10714285714,9,21,7,20
2016-09-21 04:20:00,6.0,5.0,2.0,5.0,9.0,9.0,15.0,19.0,7.0,13.0,22.0,22.0,2.5,3.8,3.5,2.6,2.44444444444,2.44444444444,0.0,0.0,1.0,1.0,1.0,5.0,0.0,0.0,0.0,0.0,0.0,0.0,8.0,6.0,8.0,9.0,19.0,27.0,11.0,6.0,8.0,12.0,19.0,27.0,1.375,1.0,1.0,1.33333333333,1.0,1.0,26.0,25.0,15.0,25.0,41.0,49.0,1.85714285714,2.27272727273,1.5,1.78571428571,1.46428571429,1.36111111111,14.0,11.0,10.0,14.0,28.0,36.0,95.0,181.0,98.0,83.0,0.0,36.0,77.0,113.0,8.0,1.6017699115,2.72222222222,1.07792207792,9,21,7,40
2016-09-21 04:40:00,5.0,2.0,5.0,9.0,9.0,10.0,19.0,7.0,13.0,22.0,22.0,27.0,3.8,3.5,2.6,2.44444444444,2.44444444444,2.7,0.0,1.0,1.0,1.0,5.0,3.0,0.0,0.0,0.0,0.0,0.0,0.0,6.0,8.0,9.0,19.0,27.0,31.0,6.0,8.0,12.0,19.0,27.0,31.0,1.0,1.0,1.33333333333,1.0,1.0,1.0,25.0,15.0,25.0,41.0,49.0,58.0,2.27272727273,1.5,1.78571428571,1.46428571429,1.36111111111,1.41463414634,11.0,10.0,14.0,28.0,36.0,41.0,122.0,213.0,110.0,103.0,0.0,40.0,100.0,140.0,11.0,1.52142857143,2.75,1.03,9,21,8,0
2016-09-21 05:00:00,2.0,5.0,9.0,9.0,10.0,8.0,7.0,13.0,22.0,22.0,27.0,17.0,3.5,2.6,2.44444444444,2.44444444444,2.7,2.125,1.0,1.0,1.0,5.0,3.0,10.0,0.0,0.0,0.0,0.0,0.0,0.0,8.0,9.0,19.0,27.0,31.0,67.0,8.0,12.0,19.0,27.0,31.0,76.0,1.0,1.33333333333,1.0,1.0,1.0,1.13432835821,15.0,25.0,41.0,49.0,58.0,93.0,1.5,1.78571428571,1.46428571429,1.36111111111,1.41463414634,1.24,10.0,14.0,28.0,36.0,41.0,75.0,126.0,281.0,108.0,173.0,0.0,43.0,161.0,204.0,21.0,1.37745098039,2.51162790698,1.07453416149,9,21,8,20
2016-09-21 05:20:00,5.0,9.0,9.0,10.0,8.0,8.0,13.0,22.0,22.0,27.0,17.0,25.0,2.6,2.44444444444,2.44444444444,2.7,2.125,3.125,1.0,1.0,5.0,3.0,10.0,10.0,0.0,0.0,0.0,0.0,0.0,0.0,9.0,19.0,27.0,31.0,67.0,70.0,12.0,19.0,27.0,31.0,76.0,73.0,1.33333333333,1.0,1.0,1.0,1.13432835821,1.04285714286,25.0,41.0,49.0,58.0,93.0,98.0,1.78571428571,1.46428571429,1.36111111111,1.41463414634,1.24,1.25641025641,14.0,28.0,36.0,41.0,75.0,78.0,77.0,364.0,126.0,238.0,0.0,49.0,223.0,272.0,30.0,1.33823529412,2.57142857143,1.06726457399,9,21,8,40
2016-09-21 05:40:00,9.0,9.0,10.0,8.0,8.0,6.0,22.0,22.0,27.0,17.0,25.0,13.0,2.44444444444,2.44444444444,2.7,2.125,3.125,2.16666666667,1.0,5.0,3.0,10.0,10.0,6.0,0.0,0.0,0.0,0.0,0.0,0.0,19.0,27.0,31.0,67.0,70.0,78.0,19.0,27.0,31.0,76.0,73.0,78.0,1.0,1.0,1.0,1.13432835821,1.04285714286,1.0,41.0,49.0,58.0,93.0,98.0,91.0,1.46428571429,1.36111111111,1.41463414634,1.24,1.25641025641,1.08333333333,28.0,36.0,41.0,75.0,78.0,84.0,49.0,430.0,126.0,304.0,0.0,50.0,292.0,342.0,35.0,1.25730994152,2.52,1.04109589041,9,21,9,0
2016-09-21 06:00:00,9.0,10.0,8.0,8.0,6.0,11.0,22.0,27.0,17.0,25.0,13.0,23.0,2.44444444444,2.7,2.125,3.125,2.16666666667,2.09090909091,5.0,3.0,10.0,10.0,6.0,17.0,0.0,0.0,0.0,0.0,0.0,0.0,27.0,31.0,67.0,70.0,78.0,84.0,27.0,31.0,76.0,73.0,78.0,84.0,1.0,1.0,1.13432835821,1.04285714286,1.0,1.0,49.0,58.0,93.0,98.0,91.0,107.0,1.36111111111,1.41463414634,1.24,1.25641025641,1.08333333333,1.12631578947,36.0,41.0,75.0,78.0,84.0,95.0,55.0,496.0,127.0,369.0,0.0,52.0,357.0,409.0,51.0,1.21271393643,2.44230769231,1.03361344538,9,21,9,20
2016-09-21 06:20:00,10.0,8.0,8.0,6.0,11.0,7.0,27.0,17.0,25.0,13.0,23.0,18.0,2.7,2.125,3.125,2.16666666667,2.09090909091,2.57142857143,3.0,10.0,10.0,6.0,17.0,14.0,0.0,0.0,0.0,0.0,0.0,1.0,31.0,67.0,70.0,78.0,84.0,114.0,31.0,76.0,73.0,78.0,84.0,114.0,1.0,1.13432835821,1.04285714286,1.0,1.0,1.0,58.0,93.0,98.0,91.0,107.0,132.0,1.41463414634,1.24,1.25641025641,1.08333333333,1.12631578947,1.08196721311,41.0,75.0,78.0,84.0,95.0,122.0,53.0,579.0,123.0,456.0,1.0,50.0,444.0,495.0,60.0,1.1696969697,2.46,1.02702702703,9,21,9,40
2016-09-21 06:40:00,8.0,8.0,6.0,11.0,7.0,14.0,17.0,25.0,13.0,23.0,18.0,38.0,2.125,3.125,2.16666666667,2.09090909091,2.57142857143,2.71428571429,10.0,10.0,6.0,17.0,14.0,8.0,0.0,0.0,0.0,0.0,1.0,1.0,67.0,70.0,78.0,84.0,114.0,111.0,76.0,73.0,78.0,84.0,114.0,111.0,1.13432835821,1.04285714286,1.0,1.0,1.0,1.0,93.0,98.0,91.0,107.0,132.0,149.0,1.24,1.25641025641,1.08333333333,1.12631578947,1.08196721311,1.18253968254,75.0,78.0,84.0,95.0,122.0,126.0,36.0,670.0,134.0,536.0,2.0,54.0,524.0,580.0,65.0,1.15517241379,2.48148148148,1.02290076336,9,21,10,0
2016-09-21 07:00:00,8.0,6.0,11.0,7.0,14.0,5.0,25.0,13.0,23.0,18.0,38.0,11.0,3.125,2.16666666667,2.09090909091,2.57142857143,2.71428571429,2.2,10.0,6.0,17.0,14.0,8.0,15.0,0.0,0.0,0.0,1.0,1.0,0.0,70.0,78.0,84.0,114.0,111.0,72.0,73.0,78.0,84.0,114.0,111.0,72.0,1.04285714286,1.0,1.0,1.0,1.0,1.0,98.0,91.0,107.0,132.0,149.0,83.0,1.25641025641,1.08333333333,1.12631578947,1.08196721311,1.18253968254,1.07792207792,78.0,84.0,95.0,122.0,126.0,77.0,57.0,660.0,128.0,532.0,2.0,51.0,529.0,582.0,70.0,1.13402061856,2.50980392157,1.0056710775,9,21,10,20
2016-09-21 07:20:00,6.0,11.0,7.0,14.0,5.0,4.0,13.0,23.0,18.0,38.0,11.0,8.0,2.16666666667,2.09090909091,2.57142857143,2.71428571429,2.2,2.0,6.0,17.0,14.0,8.0,15.0,13.0,0.0,0.0,1.0,1.0,0.0,0.0,78.0,84.0,114.0,111.0,72.0,45.0,78.0,84.0,114.0,111.0,72.0,45.0,1.0,1.0,1.0,1.0,1.0,1.0,91.0,107.0,132.0,149.0,83.0,53.0,1.08333333333,1.12631578947,1.08196721311,1.18253968254,1.07792207792,1.08163265306,84.0,95.0,122.0,126.0,77.0,49.0,37.0,615.0,111.0,504.0,2.0,47.0,504.0,553.0,73.0,1.11211573237,2.36170212766,1.0,9,21,10,40
2016-09-21 07:40:00,11.0,7.0,14.0,5.0,4.0,3.0,23.0,18.0,38.0,11.0,8.0,6.0,2.09090909091,2.57142857143,2.71428571429,2.2,2.0,2.0,17.0,14.0,8.0,15.0,13.0,13.0,0.0,1.0,1.0,0.0,0.0,0.0,84.0,114.0,111.0,72.0,45.0,52.0,84.0,114.0,111.0,72.0,45.0,52.0,1.0,1.0,1.0,1.0,1.0,1.0,107.0,132.0,149.0,83.0,53.0,58.0,1.12631578947,1.08196721311,1.18253968254,1.07792207792,1.08163265306,1.05454545455,95.0,122.0,126.0,77.0,49.0,55.0,32.0,582.0,104.0,478.0,2.0,44.0,478.0,524.0,80.0,1.1106870229,2.36363636364,1.0,9,21,11,0
2016-09-21 08:00:00,7.0,14.0,5.0,4.0,3.0,4.0,18.0,38.0,11.0,8.0,6.0,8.0,2.57142857143,2.71428571429,2.2,2.0,2.0,2.0,14.0,8.0,15.0,13.0,13.0,6.0,1.0,1.0,0.0,0.0,0.0,0.0,114.0,111.0,72.0,45.0,52.0,49.0,114.0,111.0,72.0,45.0,52.0,49.0,1.0,1.0,1.0,1.0,1.0,1.0,132.0,149.0,83.0,53.0,58.0,57.0,1.08196721311,1.18253968254,1.07792207792,1.08163265306,1.05454545455,1.07547169811,122.0,126.0,77.0,49.0,55.0,53.0,27.0,532.0,89.0,443.0,2.0,37.0,443.0,482.0,69.0,1.10373443983,2.40540540541,1.0,9,21,11,20
2016-09-21 08:20:00,14.0,5.0,4.0,3.0,4.0,1.0,38.0,11.0,8.0,6.0,8.0,2.0,2.71428571429,2.2,2.0,2.0,2.0,2.0,8.0,15.0,13.0,13.0,6.0,6.0,1.0,0.0,0.0,0.0,0.0,0.0,111.0,72.0,45.0,52.0,49.0,35.0,111.0,72.0,45.0,52.0,49.0,35.0,1.0,1.0,1.0,1.0,1.0,1.0,149.0,83.0,53.0,58.0,57.0,37.0,1.18253968254,1.07792207792,1.08163265306,1.05454545455,1.07547169811,1.02777777778,126.0,77.0,49.0,55.0,53.0,36.0,32.0,437.0,73.0,364.0,1.0,31.0,364.0,396.0,61.0,1.10353535354,2.35483870968,1.0,9,21,11,40
2016-09-21 08:40:00,5.0,4.0,3.0,4.0,1.0,6.0,11.0,8.0,6.0,8.0,2.0,13.0,2.2,2.0,2.0,2.0,2.0,2.16666666667,15.0,13.0,13.0,6.0,6.0,11.0,0.0,0.0,0.0,0.0,0.0,0.0,72.0,45.0,52.0,49.0,35.0,51.0,72.0,45.0,52.0,49.0,35.0,51.0,1.0,1.0,1.0,1.0,1.0,1.0,83.0,53.0,58.0,57.0,37.0,64.0,1.07792207792,1.08163265306,1.05454545455,1.07547169811,1.02777777778,1.12280701754,77.0,49.0,55.0,53.0,36.0,57.0,45.0,352.0,48.0,304.0,0.0,23.0,304.0,327.0,64.0,1.07645259939,2.08695652174,1.0,9,21,12,0
2016-09-21 09:00:00,4.0,3.0,4.0,1.0,6.0,7.0,8.0,6.0,8.0,2.0,13.0,14.0,2.0,2.0,2.0,2.0,2.16666666667,2.0,13.0,13.0,6.0,6.0,11.0,8.0,0.0,0.0,0.0,0.0,0.0,0.0,45.0,52.0,49.0,35.0,51.0,30.0,45.0,52.0,49.0,35.0,51.0,30.0,1.0,1.0,1.0,1.0,1.0,1.0,53.0,58.0,57.0,37.0,64.0,44.0,1.08163265306,1.05454545455,1.07547169811,1.02777777778,1.12280701754,1.18918918919,49.0,55.0,53.0,36.0,57.0,37.0,42.0,313.0,51.0,262.0,0.0,25.0,262.0,287.0,57.0,1.09059233449,2.04,1.0,9,21,12,20
2016-09-21 09:20:00,3.0,4.0,1.0,6.0,7.0,3.0,6.0,8.0,2.0,13.0,14.0,6.0,2.0,2.0,2.0,2.16666666667,2.0,2.0,13.0,6.0,6.0,11.0,8.0,6.0,0.0,0.0,0.0,0.0,0.0,0.0,52.0,49.0,35.0,51.0,30.0,29.0,52.0,49.0,35.0,51.0,30.0,29.0,1.0,1.0,1.0,1.0,1.0,1.0,58.0,57.0,37.0,64.0,44.0,35.0,1.05454545455,1.07547169811,1.02777777778,1.12280701754,1.18918918919,1.09375,55.0,53.0,36.0,57.0,37.0,32.0,38.0,295.0,49.0,246.0,0.0,24.0,246.0,270.0,50.0,1.09259259259,2.04166666667,1.0,9,21,12,40
2016-09-21 09:40:00,4.0,1.0,6.0,7.0,3.0,4.0,8.0,2.0,13.0,14.0,6.0,9.0,2.0,2.0,2.16666666667,2.0,2.0,2.25,6.0,6.0,11.0,8.0,6.0,6.0,0.0,0.0,0.0,0.0,0.0,0.0,49.0,35.0,51.0,30.0,29.0,23.0,49.0,35.0,51.0,30.0,29.0,26.0,1.0,1.0,1.0,1.0,1.0,1.13043478261,57.0,37.0,64.0,44.0,35.0,35.0,1.07547169811,1.02777777778,1.12280701754,1.18918918919,1.09375,1.2962962963,53.0,36.0,57.0,37.0,32.0,27.0,44.0,272.0,52.0,220.0,0.0,25.0,217.0,242.0,43.0,1.12396694215,2.08,1.01382488479,9,21,13,0
2016-09-21 10:00:00,1.0,6.0,7.0,3.0,4.0,7.0,2.0,13.0,14.0,6.0,9.0,14.0,2.0,2.16666666667,2.0,2.0,2.25,2.0,6.0,11.0,8.0,6.0,6.0,5.0,0.0,0.0,0.0,0.0,0.0,0.0,35.0,51.0,30.0,29.0,23.0,25.0,35.0,51.0,30.0,29.0,26.0,25.0,1.0,1.0,1.0,1.0,1.13043478261,1.0,37.0,64.0,44.0,35.0,35.0,39.0,1.02777777778,1.12280701754,1.18918918919,1.09375,1.2962962963,1.21875,36.0,57.0,37.0,32.0,27.0,32.0,41.0,254.0,58.0,196.0,0.0,28.0,193.0,221.0,42.0,1.14932126697,2.07142857143,1.01554404145,9,21,13,20
2016-09-21 10:20:00,6.0,7.0,3.0,4.0,7.0,6.0,13.0,14.0,6.0,9.0,14.0,18.0,2.16666666667,2.0,2.0,2.25,2.0,3.0,11.0,8.0,6.0,6.0,5.0,13.0,0.0,0.0,0.0,0.0,0.0,0.0,51.0,30.0,29.0,23.0,25.0,39.0,51.0,30.0,29.0,26.0,25.0,45.0,1.0,1.0,1.0,1.13043478261,1.0,1.15384615385,64.0,44.0,35.0,35.0,39.0,63.0,1.12280701754,1.18918918919,1.09375,1.2962962963,1.21875,1.4,57.0,37.0,32.0,27.0,32.0,45.0,51.0,280.0,74.0,206.0,0.0,33.0,197.0,230.0,49.0,1.21739130435,2.24242424242,1.04568527919,9,21,13,40
2016-09-21 10:40:00,7.0,3.0,4.0,7.0,6.0,7.0,14.0,6.0,9.0,14.0,18.0,15.0,2.0,2.0,2.25,2.0,3.0,2.14285714286,8.0,6.0,6.0,5.0,13.0,16.0,0.0,0.0,0.0,0.0,0.0,0.0,30.0,29.0,23.0,25.0,39.0,35.0,30.0,29.0,26.0,25.0,45.0,35.0,1.0,1.0,1.13043478261,1.0,1.15384615385,1.0,44.0,35.0,35.0,39.0,63.0,50.0,1.18918918919,1.09375,1.2962962963,1.21875,1.4,1.19047619048,37.0,32.0,27.0,32.0,45.0,42.0,53.0,266.0,76.0,190.0,0.0,34.0,181.0,215.0,54.0,1.23720930233,2.23529411765,1.04972375691,9,21,14,0
2016-09-21 11:00:00,3.0,4.0,7.0,6.0,7.0,3.0,6.0,9.0,14.0,18.0,15.0,7.0,2.0,2.25,2.0,3.0,2.14285714286,2.33333333333,6.0,6.0,5.0,13.0,16.0,15.0,0.0,0.0,0.0,0.0,0.0,0.0,29.0,23.0,25.0,39.0,35.0,35.0,29.0,26.0,25.0,45.0,35.0,38.0,1.0,1.13043478261,1.0,1.15384615385,1.0,1.08571428571,35.0,35.0,39.0,63.0,50.0,45.0,1.09375,1.2962962963,1.21875,1.4,1.19047619048,1.18421052632,32.0,27.0,32.0,45.0,42.0,38.0,43.0,267.0,69.0,198.0,0.0,30.0,186.0,216.0,61.0,1.23611111111,2.3,1.06451612903,9,21,14,20
2016-09-21 11:20:00,4.0,7.0,6.0,7.0,3.0,4.0,9.0,14.0,18.0,15.0,7.0,10.0,2.25,2.0,3.0,2.14285714286,2.33333333333,2.5,6.0,5.0,13.0,16.0,15.0,9.0,0.0,0.0,0.0,0.0,0.0,0.0,23.0,25.0,39.0,35.0,35.0,40.0,26.0,25.0,45.0,35.0,38.0,40.0,1.13043478261,1.0,1.15384615385,1.0,1.08571428571,1.0,35.0,39.0,63.0,50.0,45.0,50.0,1.2962962963,1.21875,1.4,1.19047619048,1.18421052632,1.13636363636,27.0,32.0,45.0,42.0,38.0,44.0,54.0,282.0,73.0,209.0,0.0,31.0,197.0,228.0,64.0,1.23684210526,2.35483870968,1.06091370558,9,21,14,40
2016-09-21 11:40:00,7.0,6.0,7.0,3.0,4.0,2.0,14.0,18.0,15.0,7.0,10.0,4.0,2.0,3.0,2.14285714286,2.33333333333,2.5,2.0,5.0,13.0,16.0,15.0,9.0,9.0,0.0,0.0,0.0,0.0,0.0,0.0,25.0,39.0,35.0,35.0,40.0,39.0,25.0,45.0,35.0,38.0,40.0,39.0,1.0,1.15384615385,1.0,1.08571428571,1.0,1.0,39.0,63.0,50.0,45.0,50.0,43.0,1.21875,1.4,1.19047619048,1.18421052632,1.13636363636,1.0487804878,32.0,45.0,42.0,38.0,44.0,41.0,48.0,290.0,68.0,222.0,0.0,29.0,213.0,242.0,67.0,1.19834710744,2.34482758621,1.04225352113,9,21,15,0
2016-09-21 12:00:00,6.0,7.0,3.0,4.0,2.0,6.0,18.0,15.0,7.0,10.0,4.0,13.0,3.0,2.14285714286,2.33333333333,2.5,2.0,2.16666666667,13.0,16.0,15.0,9.0,9.0,14.0,0.0,0.0,0.0,0.0,0.0,0.0,39.0,35.0,35.0,40.0,39.0,45.0,45.0,35.0,38.0,40.0,39.0,45.0,1.15384615385,1.0,1.08571428571,1.0,1.0,1.0,63.0,50.0,45.0,50.0,43.0,58.0,1.4,1.19047619048,1.18421052632,1.13636363636,1.0487804878,1.13725490196,45.0,42.0,38.0,44.0,41.0,51.0,46.0,309.0,67.0,242.0,0.0,28.0,233.0,261.0,76.0,1.18390804598,2.39285714286,1.03862660944,9,21,15,20
2016-09-21 12:20:00,7.0,3.0,4.0,2.0,6.0,5.0,15.0,7.0,10.0,4.0,13.0,11.0,2.14285714286,2.33333333333,2.5,2.0,2.16666666667,2.2,16.0,15.0,9.0,9.0,14.0,17.0,0.0,0.0,0.0,0.0,0.0,0.0,35.0,35.0,40.0,39.0,45.0,48.0,35.0,38.0,40.0,39.0,45.0,48.0,1.0,1.08571428571,1.0,1.0,1.0,1.0,50.0,45.0,50.0,43.0,58.0,59.0,1.19047619048,1.18421052632,1.13636363636,1.0487804878,1.13725490196,1.11320754717,42.0,38.0,44.0,41.0,51.0,53.0,49.0,305.0,60.0,245.0,0.0,27.0,242.0,269.0,80.0,1.13382899628,2.22222222222,1.01239669421,9,21,15,40
2016-09-21 12:40:00,3.0,4.0,2.0,6.0,5.0,6.0,7.0,10.0,4.0,13.0,11.0,12.0,2.33333333333,2.5,2.0,2.16666666667,2.2,2.0,15.0,9.0,9.0,14.0,17.0,10.0,0.0,0.0,0.0,0.0,0.0,0.0,35.0,40.0,39.0,45.0,48.0,37.0,38.0,40.0,39.0,45.0,48.0,37.0,1.08571428571,1.0,1.0,1.0,1.0,1.0,45.0,50.0,43.0,58.0,59.0,49.0,1.18421052632,1.13636363636,1.0487804878,1.13725490196,1.11320754717,1.13953488372,38.0,44.0,41.0,51.0,53.0,43.0,46.0,304.0,57.0,247.0,0.0,26.0,244.0,270.0,74.0,1.12592592593,2.19230769231,1.01229508197,9,21,16,0
2016-09-21 13:00:00,4.0,2.0,6.0,5.0,6.0,4.0,10.0,4.0,13.0,11.0,12.0,9.0,2.5,2.0,2.16666666667,2.2,2.0,2.25,9.0,9.0,14.0,17.0,10.0,14.0,0.0,0.0,0.0,0.0,0.0,0.0,40.0,39.0,45.0,48.0,37.0,50.0,40.0,39.0,45.0,48.0,37.0,50.0,1.0,1.0,1.0,1.0,1.0,1.0,50.0,43.0,58.0,59.0,49.0,59.0,1.13636363636,1.0487804878,1.13725490196,1.11320754717,1.13953488372,1.09259259259,44.0,41.0,51.0,53.0,43.0,54.0,45.0,318.0,59.0,259.0,0.0,27.0,259.0,286.0,73.0,1.11188811189,2.18518518519,1.0,9,21,16,20
2016-09-21 13:20:00,2.0,6.0,5.0,6.0,4.0,3.0,4.0,13.0,11.0,12.0,9.0,6.0,2.0,2.16666666667,2.2,2.0,2.25,2.0,9.0,14.0,17.0,10.0,14.0,9.0,0.0,0.0,0.0,0.0,0.0,1.0,39.0,45.0,48.0,37.0,50.0,44.0,39.0,45.0,48.0,37.0,50.0,44.0,1.0,1.0,1.0,1.0,1.0,1.0,43.0,58.0,59.0,49.0,59.0,50.0,1.0487804878,1.13725490196,1.11320754717,1.13953488372,1.09259259259,1.04166666667,41.0,51.0,53.0,43.0,54.0,48.0,46.0,318.0,55.0,263.0,1.0,26.0,263.0,290.0,73.0,1.09655172414,2.11538461538,1.0,9,21,16,40
2016-09-21 13:40:00,6.0,5.0,6.0,4.0,3.0,4.0,13.0,11.0,12.0,9.0,6.0,11.0,2.16666666667,2.2,2.0,2.25,2.0,2.75,14.0,17.0,10.0,14.0,9.0,13.0,0.0,0.0,0.0,0.0,1.0,0.0,45.0,48.0,37.0,50.0,44.0,42.0,45.0,48.0,37.0,50.0,44.0,42.0,1.0,1.0,1.0,1.0,1.0,1.0,58.0,59.0,49.0,59.0,50.0,53.0,1.13725490196,1.11320754717,1.13953488372,1.09259259259,1.04166666667,1.15217391304,51.0,53.0,43.0,54.0,48.0,46.0,47.0,328.0,62.0,266.0,1.0,28.0,266.0,295.0,77.0,1.11186440678,2.21428571429,1.0,9,21,17,0
2016-09-21 14:00:00,5.0,6.0,4.0,3.0,4.0,6.0,11.0,12.0,9.0,6.0,11.0,12.0,2.2,2.0,2.25,2.0,2.75,2.0,17.0,10.0,14.0,9.0,13.0,18.0,0.0,0.0,0.0,1.0,0.0,0.0,48.0,37.0,50.0,44.0,42.0,43.0,48.0,37.0,50.0,44.0,42.0,43.0,1.0,1.0,1.0,1.0,1.0,1.0,59.0,49.0,59.0,50.0,53.0,55.0,1.11320754717,1.13953488372,1.09259259259,1.04166666667,1.15217391304,1.12244897959,53.0,43.0,54.0,48.0,46.0,49.0,35.0,325.0,61.0,264.0,1.0,28.0,264.0,293.0,81.0,1.10921501706,2.17857142857,1.0,9,21,17,20
2016-09-21 14:20:00,6.0,4.0,3.0,4.0,6.0,2.0,12.0,9.0,6.0,11.0,12.0,4.0,2.0,2.25,2.0,2.75,2.0,2.0,10.0,14.0,9.0,13.0,18.0,12.0,0.0,0.0,1.0,0.0,0.0,0.0,37.0,50.0,44.0,42.0,43.0,44.0,37.0,50.0,44.0,42.0,43.0,47.0,1.0,1.0,1.0,1.0,1.0,1.06818181818,49.0,59.0,50.0,53.0,55.0,51.0,1.13953488372,1.09259259259,1.04166666667,1.15217391304,1.12244897959,1.10869565217,43.0,54.0,48.0,46.0,49.0,46.0,20.0,317.0,54.0,263.0,1.0,25.0,260.0,286.0,76.0,1.10839160839,2.16,1.01153846154,9,21,17,40
2016-09-21 14:40:00,4.0,3.0,4.0,6.0,2.0,1.0,9.0,6.0,11.0,12.0,4.0,2.0,2.25,2.0,2.75,2.0,2.0,2.0,14.0,9.0,13.0,18.0,12.0,12.0,0.0,1.0,0.0,0.0,0.0,0.0,50.0,44.0,42.0,43.0,44.0,44.0,50.0,44.0,42.0,43.0,47.0,47.0,1.0,1.0,1.0,1.0,1.06818181818,1.06818181818,59.0,50.0,53.0,55.0,51.0,49.0,1.09259259259,1.04166666667,1.15217391304,1.12244897959,1.10869565217,1.08888888889,54.0,48.0,46.0,49.0,46.0,45.0,20.0,317.0,44.0,273.0,1.0,20.0,267.0,288.0,78.0,1.10069444444,2.2,1.02247191011,9,21,18,0
2016-09-21 15:00:00,3.0,4.0,6.0,2.0,1.0,3.0,6.0,11.0,12.0,4.0,2.0,6.0,2.0,2.75,2.0,2.0,2.0,2.0,9.0,13.0,18.0,12.0,12.0,14.0,1.0,0.0,0.0,0.0,0.0,0.0,44.0,42.0,43.0,44.0,44.0,43.0,44.0,42.0,43.0,47.0,47.0,49.0,1.0,1.0,1.0,1.06818181818,1.06818181818,1.13953488372,50.0,53.0,55.0,51.0,49.0,55.0,1.04166666667,1.15217391304,1.12244897959,1.10869565217,1.08888888889,1.19565217391,48.0,46.0,49.0,46.0,45.0,46.0,20.0,313.0,41.0,272.0,1.0,19.0,260.0,280.0,78.0,1.11785714286,2.15789473684,1.04615384615,9,21,18,20
2016-09-21 15:20:00,4.0,6.0,2.0,1.0,3.0,3.0,11.0,12.0,4.0,2.0,6.0,6.0,2.75,2.0,2.0,2.0,2.0,2.0,13.0,18.0,12.0,12.0,14.0,8.0,0.0,0.0,0.0,0.0,0.0,0.0,42.0,43.0,44.0,44.0,43.0,44.0,42.0,43.0,47.0,47.0,49.0,44.0,1.0,1.0,1.06818181818,1.06818181818,1.13953488372,1.0,53.0,55.0,51.0,49.0,55.0,50.0,1.15217391304,1.12244897959,1.10869565217,1.08888888889,1.19565217391,1.06382978723,46.0,49.0,46.0,45.0,46.0,47.0,24.0,313.0,41.0,272.0,0.0,19.0,260.0,279.0,77.0,1.12186379928,2.15789473684,1.04615384615,9,21,18,40
2016-09-21 15:40:00,6.0,2.0,1.0,3.0,3.0,4.0,12.0,4.0,2.0,6.0,6.0,9.0,2.0,2.0,2.0,2.0,2.0,2.25,18.0,12.0,12.0,14.0,8.0,12.0,0.0,0.0,0.0,0.0,0.0,0.0,43.0,44.0,44.0,43.0,44.0,31.0,43.0,47.0,47.0,49.0,44.0,31.0,1.0,1.06818181818,1.06818181818,1.13953488372,1.0,1.0,55.0,51.0,49.0,55.0,50.0,40.0,1.12244897959,1.10869565217,1.08888888889,1.19565217391,1.06382978723,1.14285714286,49.0,46.0,45.0,46.0,47.0,35.0,19.0,300.0,39.0,261.0,0.0,19.0,249.0,268.0,76.0,1.11940298507,2.05263157895,1.04819277108,9,21,19,0
2016-09-21 16:00:00,2.0,1.0,3.0,3.0,4.0,0.0,4.0,2.0,6.0,6.0,9.0,0.0,2.0,2.0,2.0,2.0,2.25,0.0,12.0,12.0,14.0,8.0,12.0,9.0,0.0,0.0,0.0,0.0,0.0,0.0,44.0,44.0,43.0,44.0,31.0,20.0,47.0,47.0,49.0,44.0,31.0,20.0,1.06818181818,1.06818181818,1.13953488372,1.0,1.0,1.0,51.0,49.0,55.0,50.0,40.0,20.0,1.10869565217,1.08888888889,1.19565217391,1.06382978723,1.14285714286,1.0,46.0,45.0,46.0,47.0,35.0,20.0,19.0,265.0,27.0,238.0,0.0,13.0,226.0,239.0,67.0,1.10878661088,2.07692307692,1.05309734513,9,21,19,20
2016-09-21 16:20:00,1.0,3.0,3.0,4.0,0.0,1.0,2.0,6.0,6.0,9.0,0.0,2.0,2.0,2.0,2.0,2.25,0.0,2.0,12.0,14.0,8.0,12.0,9.0,6.0,0.0,0.0,0.0,0.0,0.0,0.0,44.0,43.0,44.0,31.0,20.0,19.0,47.0,49.0,44.0,31.0,20.0,19.0,1.06818181818,1.13953488372,1.0,1.0,1.0,1.0,49.0,55.0,50.0,40.0,20.0,21.0,1.08888888889,1.19565217391,1.06382978723,1.14285714286,1.0,1.05,45.0,46.0,47.0,35.0,20.0,20.0,25.0,235.0,25.0,210.0,0.0,12.0,201.0,213.0,61.0,1.10328638498,2.08333333333,1.0447761194,9,21,19,40
2016-09-21 16:40:00,3.0,3.0,4.0,0.0,1.0,1.0,6.0,6.0,9.0,0.0,2.0,2.0,2.0,2.0,2.25,0.0,2.0,2.0,14.0,8.0,12.0,9.0,6.0,4.0,0.0,0.0,0.0,0.0,0.0,0.0,43.0,44.0,31.0,20.0,19.0,19.0,49.0,44.0,31.0,20.0,19.0,19.0,1.13953488372,1.0,1.0,1.0,1.0,1.0,55.0,50.0,40.0,20.0,21.0,21.0,1.19565217391,1.06382978723,1.14285714286,1.0,1.05,1.05,46.0,47.0,35.0,20.0,20.0,20.0,20.0,207.0,25.0,182.0,0.0,12.0,176.0,188.0,53.0,1.10106382979,2.08333333333,1.03409090909,9,21,20,0
2016-09-21 17:00:00,3.0,4.0,0.0,1.0,1.0,0.0,6.0,9.0,0.0,2.0,2.0,0.0,2.0,2.25,0.0,2.0,2.0,0.0,8.0,12.0,9.0,6.0,4.0,8.0,0.0,0.0,0.0,0.0,0.0,0.0,44.0,31.0,20.0,19.0,19.0,24.0,44.0,31.0,20.0,19.0,19.0,24.0,1.0,1.0,1.0,1.0,1.0,1.0,50.0,40.0,20.0,21.0,21.0,24.0,1.06382978723,1.14285714286,1.0,1.05,1.05,1.0,47.0,35.0,20.0,20.0,20.0,24.0,15.0,176.0,19.0,157.0,0.0,9.0,157.0,166.0,47.0,1.06024096386,2.11111111111,1.0,9,21,20,20
2016-09-21 17:20:00,4.0,0.0,1.0,1.0,0.0,0.0,9.0,0.0,2.0,2.0,0.0,0.0,2.25,0.0,2.0,2.0,0.0,0.0,12.0,9.0,6.0,4.0,8.0,3.0,0.0,0.0,0.0,0.0,0.0,0.0,31.0,20.0,19.0,19.0,24.0,19.0,31.0,20.0,19.0,19.0,24.0,19.0,1.0,1.0,1.0,1.0,1.0,1.0,40.0,20.0,21.0,21.0,24.0,19.0,1.14285714286,1.0,1.05,1.05,1.0,1.0,35.0,20.0,20.0,20.0,24.0,19.0,30.0,145.0,13.0,132.0,0.0,6.0,132.0,138.0,42.0,1.05072463768,2.16666666667,1.0,9,21,20,40
2016-09-21 17:40:00,0.0,1.0,1.0,0.0,0.0,1.0,0.0,2.0,2.0,0.0,0.0,2.0,0.0,2.0,2.0,0.0,0.0,2.0,9.0,6.0,4.0,8.0,3.0,6.0,0.0,0.0,0.0,0.0,0.0,0.0,20.0,19.0,19.0,24.0,19.0,18.0,20.0,19.0,19.0,24.0,19.0,18.0,1.0,1.0,1.0,1.0,1.0,1.0,20.0,21.0,21.0,24.0,19.0,20.0,1.0,1.05,1.05,1.0,1.0,1.05263157895,20.0,20.0,20.0,24.0,19.0,19.0,13.0,125.0,6.0,119.0,0.0,3.0,119.0,122.0,36.0,1.02459016393,2.0,1.0,9,21,21,0
2016-09-21 18:00:00,1.0,1.0,0.0,0.0,1.0,1.0,2.0,2.0,0.0,0.0,2.0,3.0,2.0,2.0,0.0,0.0,2.0,3.0,6.0,4.0,8.0,3.0,6.0,9.0,0.0,0.0,0.0,0.0,0.0,0.0,19.0,19.0,24.0,19.0,18.0,24.0,19.0,19.0,24.0,19.0,18.0,24.0,1.0,1.0,1.0,1.0,1.0,1.0,21.0,21.0,24.0,19.0,20.0,27.0,1.05,1.05,1.0,1.0,1.05263157895,1.08,20.0,20.0,24.0,19.0,19.0,25.0,18.0,132.0,9.0,123.0,0.0,4.0,123.0,127.0,36.0,1.03937007874,2.25,1.0,9,21,21,20
2016-09-21 18:20:00,1.0,0.0,0.0,1.0,1.0,0.0,2.0,0.0,0.0,2.0,3.0,0.0,2.0,0.0,0.0,2.0,3.0,0.0,4.0,8.0,3.0,6.0,9.0,7.0,0.0,0.0,0.0,0.0,0.0,0.0,19.0,24.0,19.0,18.0,24.0,20.0,19.0,24.0,19.0,18.0,24.0,20.0,1.0,1.0,1.0,1.0,1.0,1.0,21.0,24.0,19.0,20.0,27.0,20.0,1.05,1.0,1.0,1.05263157895,1.08,1.0,20.0,24.0,19.0,19.0,25.0,20.0,11.0,131.0,7.0,124.0,0.0,3.0,124.0,127.0,37.0,1.03149606299,2.33333333333,1.0,9,21,21,40
2016-09-21 18:40:00,0.0,0.0,1.0,1.0,0.0,2.0,0.0,0.0,2.0,3.0,0.0,4.0,0.0,0.0,2.0,3.0,0.0,2.0,8.0,3.0,6.0,9.0,7.0,4.0,0.0,0.0,0.0,0.0,0.0,0.0,24.0,19.0,18.0,24.0,20.0,13.0,24.0,19.0,18.0,24.0,20.0,13.0,1.0,1.0,1.0,1.0,1.0,1.0,24.0,19.0,20.0,27.0,20.0,17.0,1.0,1.0,1.05263157895,1.08,1.0,1.13333333333,24.0,19.0,19.0,25.0,20.0,15.0,11.0,127.0,9.0,118.0,0.0,4.0,118.0,122.0,37.0,1.04098360656,2.25,1.0,9,21,22,0
2016-09-21 19:00:00,0.0,1.0,1.0,0.0,2.0,6.0,0.0,2.0,3.0,0.0,4.0,12.0,0.0,2.0,3.0,0.0,2.0,2.0,3.0,6.0,9.0,7.0,4.0,5.0,0.0,0.0,0.0,0.0,0.0,0.0,19.0,18.0,24.0,20.0,13.0,24.0,19.0,18.0,24.0,20.0,13.0,24.0,1.0,1.0,1.0,1.0,1.0,1.0,19.0,20.0,27.0,20.0,17.0,36.0,1.0,1.05263157895,1.08,1.0,1.13333333333,1.2,19.0,19.0,25.0,20.0,15.0,30.0,8.0,139.0,21.0,118.0,0.0,10.0,118.0,128.0,34.0,1.0859375,2.1,1.0,9,21,22,20
2016-09-21 19:20:00,1.0,1.0,0.0,2.0,6.0,0.0,2.0,3.0,0.0,4.0,12.0,0.0,2.0,3.0,0.0,2.0,2.0,0.0,6.0,9.0,7.0,4.0,5.0,4.0,0.0,0.0,0.0,0.0,0.0,0.0,18.0,24.0,20.0,13.0,24.0,13.0,18.0,24.0,20.0,13.0,24.0,13.0,1.0,1.0,1.0,1.0,1.0,1.0,20.0,27.0,20.0,17.0,36.0,13.0,1.05263157895,1.08,1.0,1.13333333333,1.2,1.0,19.0,25.0,20.0,15.0,30.0,13.0,7.0,133.0,21.0,112.0,0.0,10.0,112.0,122.0,35.0,1.09016393443,2.1,1.0,9,21,22,40
2016-09-21 19:40:00,1.0,0.0,2.0,6.0,0.0,6.0,3.0,0.0,4.0,12.0,0.0,12.0,3.0,0.0,2.0,2.0,0.0,2.0,9.0,7.0,4.0,5.0,4.0,3.0,0.0,0.0,0.0,0.0,0.0,0.0,24.0,20.0,13.0,24.0,13.0,12.0,24.0,20.0,13.0,24.0,13.0,12.0,1.0,1.0,1.0,1.0,1.0,1.0,27.0,20.0,17.0,36.0,13.0,24.0,1.08,1.0,1.13333333333,1.2,1.0,1.33333333333,25.0,20.0,15.0,30.0,13.0,18.0,19.0,137.0,31.0,106.0,0.0,15.0,106.0,121.0,32.0,1.13223140496,2.06666666667,1.0,9,21,23,0
2016-09-21 20:00:00,0.0,2.0,6.0,0.0,6.0,0.0,0.0,4.0,12.0,0.0,12.0,0.0,0.0,2.0,2.0,0.0,2.0,0.0,7.0,4.0,5.0,4.0,3.0,3.0,0.0,0.0,0.0,0.0,0.0,0.0,20.0,13.0,24.0,13.0,12.0,11.0,20.0,13.0,24.0,13.0,12.0,11.0,1.0,1.0,1.0,1.0,1.0,1.0,20.0,17.0,36.0,13.0,24.0,11.0,1.0,1.13333333333,1.2,1.0,1.33333333333,1.0,20.0,15.0,30.0,13.0,18.0,11.0,13.0,121.0,28.0,93.0,0.0,14.0,93.0,107.0,26.0,1.1308411215,2.0,1.0,9,21,23,20
2016-09-21 20:20:00,2.0,6.0,0.0,6.0,0.0,0.0,4.0,12.0,0.0,12.0,0.0,0.0,2.0,2.0,0.0,2.0,0.0,0.0,4.0,5.0,4.0,3.0,3.0,4.0,0.0,0.0,0.0,0.0,0.0,0.0,13.0,24.0,13.0,12.0,11.0,11.0,13.0,24.0,13.0,12.0,11.0,11.0,1.0,1.0,1.0,1.0,1.0,1.0,17.0,36.0,13.0,24.0,11.0,11.0,1.13333333333,1.2,1.0,1.33333333333,1.0,1.0,15.0,30.0,13.0,18.0,11.0,11.0,16.0,112.0,28.0,84.0,0.0,14.0,84.0,98.0,23.0,1.14285714286,2.0,1.0,9,21,23,40
2016-09-21 20:40:00,6.0,0.0,6.0,0.0,0.0,0.0,12.0,0.0,12.0,0.0,0.0,0.0,2.0,0.0,2.0,0.0,0.0,0.0,5.0,4.0,3.0,3.0,4.0,5.0,0.0,0.0,0.0,0.0,0.0,0.0,24.0,13.0,12.0,11.0,11.0,8.0,24.0,13.0,12.0,11.0,11.0,8.0,1.0,1.0,1.0,1.0,1.0,1.0,36.0,13.0,24.0,11.0,11.0,8.0,1.2,1.0,1.33333333333,1.0,1.0,1.0,30.0,13.0,18.0,11.0,11.0,8.0,17.0,103.0,24.0,79.0,0.0,12.0,79.0,91.0,24.0,1.13186813187,2.0,1.0,9,22,0,0
2016-09-21 21:00:00,0.0,6.0,0.0,0.0,0.0,2.0,0.0,12.0,0.0,0.0,0.0,4.0,0.0,2.0,0.0,0.0,0.0,2.0,4.0,3.0,3.0,4.0,5.0,2.0,0.0,0.0,0.0,0.0,0.0,0.0,13.0,12.0,11.0,11.0,8.0,5.0,13.0,12.0,11.0,11.0,8.0,5.0,1.0,1.0,1.0,1.0,1.0,1.0,13.0,24.0,11.0,11.0,8.0,9.0,1.0,1.33333333333,1.0,1.0,1.0,1.28571428571,13.0,18.0,11.0,11.0,8.0,7.0,5.0,76.0,16.0,60.0,0.0,8.0,60.0,68.0,21.0,1.11764705882,2.0,1.0,9,22,0,20
2016-09-21 21:20:00,6.0,0.0,0.0,0.0,2.0,7.0,12.0,0.0,0.0,0.0,4.0,23.0,2.0,0.0,0.0,0.0,2.0,3.28571428571,3.0,3.0,4.0,5.0,2.0,2.0,0.0,0.0,0.0,0.0,0.0,0.0,12.0,11.0,11.0,8.0,5.0,12.0,12.0,11.0,11.0,8.0,5.0,12.0,1.0,1.0,1.0,1.0,1.0,1.0,24.0,11.0,11.0,8.0,9.0,35.0,1.33333333333,1.0,1.0,1.0,1.28571428571,1.84210526316,18.0,11.0,11.0,8.0,7.0,19.0,16.0,98.0,39.0,59.0,0.0,15.0,59.0,74.0,19.0,1.32432432432,2.6,1.0,9,22,0,40
2016-09-21 21:40:00,0.0,0.0,0.0,2.0,7.0,4.0,0.0,0.0,0.0,4.0,23.0,11.0,0.0,0.0,0.0,2.0,3.28571428571,2.75,3.0,4.0,5.0,2.0,2.0,0.0,0.0,0.0,0.0,0.0,0.0,0.0,11.0,11.0,8.0,5.0,12.0,9.0,11.0,11.0,8.0,5.0,12.0,9.0,1.0,1.0,1.0,1.0,1.0,1.0,11.0,11.0,8.0,9.0,35.0,20.0,1.0,1.0,1.0,1.28571428571,1.84210526316,1.53846153846,11.0,11.0,8.0,7.0,19.0,13.0,6.0,94.0,38.0,56.0,0.0,13.0,56.0,69.0,16.0,1.36231884058,2.92307692308,1.0,9,22,1,0
2016-09-21 22:00:00,0.0,0.0,2.0,7.0,4.0,3.0,0.0,0.0,4.0,23.0,11.0,12.0,0.0,0.0,2.0,3.28571428571,2.75,4.0,4.0,5.0,2.0,2.0,0.0,1.0,0.0,0.0,0.0,0.0,0.0,0.0,11.0,8.0,5.0,12.0,9.0,13.0,11.0,8.0,5.0,12.0,9.0,13.0,1.0,1.0,1.0,1.0,1.0,1.0,11.0,8.0,9.0,35.0,20.0,25.0,1.0,1.0,1.28571428571,1.84210526316,1.53846153846,1.5625,11.0,8.0,7.0,19.0,13.0,16.0,9.0,108.0,50.0,58.0,0.0,16.0,58.0,74.0,14.0,1.45945945946,3.125,1.0,9,22,1,20
2016-09-21 22:20:00,0.0,2.0,7.0,4.0,3.0,3.0,0.0,4.0,23.0,11.0,12.0,13.0,0.0,2.0,3.28571428571,2.75,4.0,4.33333333333,5.0,2.0,2.0,0.0,1.0,3.0,0.0,0.0,0.0,0.0,0.0,0.0,8.0,5.0,12.0,9.0,13.0,14.0,8.0,5.0,12.0,9.0,13.0,17.0,1.0,1.0,1.0,1.0,1.0,1.21428571429,8.0,9.0,35.0,20.0,25.0,30.0,1.0,1.28571428571,1.84210526316,1.53846153846,1.5625,1.76470588235,8.0,7.0,19.0,13.0,16.0,17.0,12.0,127.0,63.0,64.0,0.0,19.0,61.0,80.0,13.0,1.5875,3.31578947368,1.04918032787,9,22,1,40
2016-09-21 22:40:00,2.0,7.0,4.0,3.0,3.0,1.0,4.0,23.0,11.0,12.0,13.0,5.0,2.0,3.28571428571,2.75,4.0,4.33333333333,5.0,2.0,2.0,0.0,1.0,3.0,1.0,0.0,0.0,0.0,0.0,0.0,0.0,5.0,12.0,9.0,13.0,14.0,4.0,5.0,12.0,9.0,13.0,17.0,4.0,1.0,1.0,1.0,1.0,1.21428571429,1.0,9.0,35.0,20.0,25.0,30.0,9.0,1.28571428571,1.84210526316,1.53846153846,1.5625,1.76470588235,1.8,7.0,19.0,13.0,16.0,17.0,5.0,4.0,128.0,68.0,60.0,0.0,20.0,57.0,77.0,9.0,1.66233766234,3.4,1.05263157895,9,22,2,0
2016-09-21 23:00:00,7.0,4.0,3.0,3.0,1.0,5.0,23.0,11.0,12.0,13.0,5.0,19.0,3.28571428571,2.75,4.0,4.33333333333,5.0,3.8,2.0,0.0,1.0,3.0,1.0,2.0,0.0,0.0,0.0,0.0,0.0,1.0,12.0,9.0,13.0,14.0,4.0,10.0,12.0,9.0,13.0,17.0,4.0,13.0,1.0,1.0,1.0,1.21428571429,1.0,1.3,35.0,20.0,25.0,30.0,9.0,32.0,1.84210526316,1.53846153846,1.5625,1.76470588235,1.8,2.0,19.0,13.0,16.0,17.0,5.0,16.0,8.0,151.0,83.0,68.0,1.0,23.0,62.0,86.0,9.0,1.75581395349,3.60869565217,1.09677419355,9,22,2,20
2016-09-21 23:20:00,4.0,3.0,3.0,1.0,5.0,2.0,11.0,12.0,13.0,5.0,19.0,7.0,2.75,4.0,4.33333333333,5.0,3.8,3.5,0.0,1.0,3.0,1.0,2.0,0.0,0.0,0.0,0.0,0.0,1.0,0.0,9.0,13.0,14.0,4.0,10.0,4.0,9.0,13.0,17.0,4.0,13.0,7.0,1.0,1.0,1.21428571429,1.0,1.3,1.75,20.0,25.0,30.0,9.0,32.0,14.0,1.53846153846,1.5625,1.76470588235,1.8,2.0,2.33333333333,13.0,16.0,17.0,5.0,16.0,6.0,10.0,130.0,67.0,63.0,1.0,18.0,54.0,73.0,7.0,1.78082191781,3.72222222222,1.16666666667,9,22,2,40
2016-09-21 23:40:00,3.0,3.0,1.0,5.0,2.0,3.0,12.0,13.0,5.0,19.0,7.0,12.0,4.0,4.33333333333,5.0,3.8,3.5,4.0,1.0,3.0,1.0,2.0,0.0,0.0,0.0,0.0,0.0,1.0,0.0,1.0,13.0,14.0,4.0,10.0,4.0,5.0,13.0,17.0,4.0,13.0,7.0,5.0,1.0,1.21428571429,1.0,1.3,1.75,1.0,25.0,30.0,9.0,32.0,14.0,17.0,1.5625,1.76470588235,1.8,2.0,2.33333333333,1.88888888889,16.0,17.0,5.0,16.0,6.0,9.0,7.0,127.0,68.0,59.0,2.0,17.0,50.0,69.0,7.0,1.84057971014,4.0,1.18,9,22,3,0
2016-09-22 00:00:00,3.0,1.0,5.0,2.0,3.0,6.0,13.0,5.0,19.0,7.0,12.0,21.0,4.33333333333,5.0,3.8,3.5,4.0,3.5,3.0,1.0,2.0,0.0,0.0,1.0,0.0,0.0,1.0,0.0,1.0,0.0,14.0,4.0,10.0,4.0,5.0,6.0,17.0,4.0,13.0,7.0,5.0,6.0,1.21428571429,1.0,1.3,1.75,1.0,1.0,30.0,9.0,32.0,14.0,17.0,27.0,1.76470588235,1.8,2.0,2.33333333333,1.88888888889,2.25,17.0,5.0,16.0,6.0,9.0,12.0,8.0,129.0,77.0,52.0,2.0,20.0,43.0,65.0,7.0,1.98461538462,3.85,1.20930232558,9,22,3,20
2016-09-22 00:20:00,1.0,5.0,2.0,3.0,6.0,2.0,5.0,19.0,7.0,12.0,21.0,8.0,5.0,3.8,3.5,4.0,3.5,4.0,1.0,2.0,0.0,0.0,1.0,0.0,0.0,1.0,0.0,1.0,0.0,0.0,4.0,10.0,4.0,5.0,6.0,2.0,4.0,13.0,7.0,5.0,6.0,2.0,1.0,1.3,1.75,1.0,1.0,1.0,9.0,32.0,14.0,17.0,27.0,10.0,1.8,2.0,2.33333333333,1.88888888889,2.25,2.5,5.0,16.0,6.0,9.0,12.0,4.0,6.0,109.0,72.0,37.0,2.0,19.0,31.0,52.0,4.0,2.09615384615,3.78947368421,1.1935483871,9,22,3,40
2016-09-22 00:40:00,5.0,2.0,3.0,6.0,2.0,5.0,19.0,7.0,12.0,21.0,8.0,13.0,3.8,3.5,4.0,3.5,4.0,2.6,2.0,0.0,0.0,1.0,0.0,1.0,1.0,0.0,1.0,0.0,0.0,0.0,10.0,4.0,5.0,6.0,2.0,3.0,13.0,7.0,5.0,6.0,2.0,3.0,1.3,1.75,1.0,1.0,1.0,1.0,32.0,14.0,17.0,27.0,10.0,16.0,2.0,2.33333333333,1.88888888889,2.25,2.5,2.0,16.0,6.0,9.0,12.0,4.0,8.0,4.0,116.0,80.0,36.0,2.0,23.0,30.0,55.0,4.0,2.10909090909,3.47826086957,1.2,9,22,4,0
2016-09-22 01:00:00,2.0,3.0,6.0,2.0,5.0,7.0,7.0,12.0,21.0,8.0,13.0,19.0,3.5,4.0,3.5,4.0,2.6,2.71428571429,0.0,0.0,1.0,0.0,1.0,1.0,0.0,1.0,0.0,0.0,0.0,0.0,4.0,5.0,6.0,2.0,3.0,3.0,7.0,5.0,6.0,2.0,3.0,3.0,1.75,1.0,1.0,1.0,1.0,1.0,14.0,17.0,27.0,10.0,16.0,22.0,2.33333333333,1.88888888889,2.25,2.5,2.0,2.2,6.0,9.0,12.0,4.0,8.0,10.0,10.0,106.0,80.0,26.0,1.0,25.0,23.0,49.0,3.0,2.16326530612,3.2,1.13043478261,9,22,4,20
2016-09-22 01:20:00,3.0,6.0,2.0,5.0,7.0,3.0,12.0,21.0,8.0,13.0,19.0,10.0,4.0,3.5,4.0,2.6,2.71428571429,3.33333333333,0.0,1.0,0.0,1.0,1.0,1.0,1.0,0.0,0.0,0.0,0.0,0.0,5.0,6.0,2.0,3.0,3.0,4.0,5.0,6.0,2.0,3.0,3.0,4.0,1.0,1.0,1.0,1.0,1.0,1.0,17.0,27.0,10.0,16.0,22.0,14.0,1.88888888889,2.25,2.5,2.0,2.2,2.0,9.0,12.0,4.0,8.0,10.0,7.0,11.0,106.0,83.0,23.0,1.0,26.0,23.0,50.0,4.0,2.12,3.19230769231,1.0,9,22,4,40
2016-09-22 01:40:00,6.0,2.0,5.0,7.0,3.0,3.0,21.0,8.0,13.0,19.0,10.0,11.0,3.5,4.0,2.6,2.71428571429,3.33333333333,3.66666666667,1.0,0.0,1.0,1.0,1.0,1.0,0.0,0.0,0.0,0.0,0.0,1.0,6.0,2.0,3.0,3.0,4.0,4.0,6.0,2.0,3.0,3.0,4.0,4.0,1.0,1.0,1.0,1.0,1.0,1.0,27.0,10.0,16.0,22.0,14.0,15.0,2.25,2.5,2.0,2.2,2.0,1.875,12.0,4.0,8.0,10.0,7.0,8.0,5.0,104.0,82.0,22.0,1.0,26.0,22.0,49.0,5.0,2.12244897959,3.15384615385,1.0,9,22,5,0
2016-09-22 02:00:00,2.0,5.0,7.0,3.0,3.0,2.0,8.0,13.0,19.0,10.0,11.0,4.0,4.0,2.6,2.71428571429,3.33333333333,3.66666666667,2.0,0.0,1.0,1.0,1.0,1.0,1.0,0.0,0.0,0.0,0.0,1.0,0.0,2.0,3.0,3.0,4.0,4.0,4.0,2.0,3.0,3.0,4.0,4.0,4.0,1.0,1.0,1.0,1.0,1.0,1.0,10.0,16.0,22.0,14.0,15.0,8.0,2.5,2.0,2.2,2.0,1.875,1.33333333333,4.0,8.0,10.0,7.0,8.0,6.0,2.0,85.0,65.0,20.0,1.0,22.0,20.0,43.0,5.0,1.97674418605,2.95454545455,1.0,9,22,5,20
2016-09-22 02:20:00,5.0,7.0,3.0,3.0,2.0,3.0,13.0,19.0,10.0,11.0,4.0,12.0,2.6,2.71428571429,3.33333333333,3.66666666667,2.0,4.0,1.0,1.0,1.0,1.0,1.0,0.0,0.0,0.0,0.0,1.0,0.0,0.0,3.0,3.0,4.0,4.0,4.0,1.0,3.0,3.0,4.0,4.0,4.0,1.0,1.0,1.0,1.0,1.0,1.0,1.0,16.0,22.0,14.0,15.0,8.0,13.0,2.0,2.2,2.0,1.875,1.33333333333,3.25,8.0,10.0,7.0,8.0,6.0,4.0,3.0,88.0,69.0,19.0,1.0,23.0,19.0,43.0,5.0,2.04651162791,3.0,1.0,9,22,5,40
2016-09-22 02:40:00,7.0,3.0,3.0,2.0,3.0,7.0,19.0,10.0,11.0,4.0,12.0,27.0,2.71428571429,3.33333333333,3.66666666667,2.0,4.0,3.85714285714,1.0,1.0,1.0,1.0,0.0,1.0,0.0,0.0,1.0,0.0,0.0,0.0,3.0,4.0,4.0,4.0,1.0,3.0,3.0,4.0,4.0,4.0,1.0,3.0,1.0,1.0,1.0,1.0,1.0,1.0,22.0,14.0,15.0,8.0,13.0,30.0,2.2,2.0,1.875,1.33333333333,3.25,3.0,10.0,7.0,8.0,6.0,4.0,10.0,6.0,102.0,83.0,19.0,1.0,25.0,19.0,45.0,5.0,2.26666666667,3.32,1.0,9,22,6,0
2016-09-22 03:00:00,3.0,3.0,2.0,3.0,7.0,7.0,10.0,11.0,4.0,12.0,27.0,24.0,3.33333333333,3.66666666667,2.0,4.0,3.85714285714,3.42857142857,1.0,1.0,1.0,0.0,1.0,0.0,0.0,1.0,0.0,0.0,0.0,0.0,4.0,4.0,4.0,1.0,3.0,4.0,4.0,4.0,4.0,1.0,3.0,4.0,1.0,1.0,1.0,1.0,1.0,1.0,14.0,15.0,8.0,13.0,30.0,28.0,2.0,1.875,1.33333333333,3.25,3.0,2.54545454545,7.0,8.0,6.0,4.0,10.0,11.0,10.0,108.0,88.0,20.0,1.0,25.0,20.0,46.0,4.0,2.34782608696,3.52,1.0,9,22,6,20
2016-09-22 03:20:00,3.0,2.0,3.0,7.0,7.0,3.0,11.0,4.0,12.0,27.0,24.0,6.0,3.66666666667,2.0,4.0,3.85714285714,3.42857142857,2.0,1.0,1.0,0.0,1.0,0.0,0.0,1.0,0.0,0.0,0.0,0.0,0.0,4.0,4.0,1.0,3.0,4.0,2.0,4.0,4.0,1.0,3.0,4.0,2.0,1.0,1.0,1.0,1.0,1.0,1.0,15.0,8.0,13.0,30.0,28.0,8.0,1.875,1.33333333333,3.25,3.0,2.54545454545,1.6,8.0,6.0,4.0,10.0,11.0,5.0,36.0,102.0,84.0,18.0,1.0,25.0,18.0,44.0,3.0,2.31818181818,3.36,1.0,9,22,6,40
2016-09-22 03:40:00,2.0,3.0,7.0,7.0,3.0,0.0,4.0,12.0,27.0,24.0,6.0,0.0,2.0,4.0,3.85714285714,3.42857142857,2.0,0.0,1.0,0.0,1.0,0.0,0.0,1.0,0.0,0.0,0.0,0.0,0.0,0.0,4.0,1.0,3.0,4.0,2.0,2.0,4.0,1.0,3.0,4.0,2.0,2.0,1.0,1.0,1.0,1.0,1.0,1.0,8.0,13.0,30.0,28.0,8.0,2.0,1.33333333333,3.25,3.0,2.54545454545,1.6,1.0,6.0,4.0,10.0,11.0,5.0,2.0,28.0,89.0,73.0,16.0,0.0,22.0,16.0,38.0,3.0,2.34210526316,3.31818181818,1.0,9,22,7,0
2016-09-22 04:00:00,3.0,7.0,7.0,3.0,0.0,1.0,12.0,27.0,24.0,6.0,0.0,2.0,4.0,3.85714285714,3.42857142857,2.0,0.0,2.0,0.0,1.0,0.0,0.0,1.0,1.0,0.0,0.0,0.0,0.0,0.0,0.0,1.0,3.0,4.0,2.0,2.0,2.0,1.0,3.0,4.0,2.0,2.0,2.0,1.0,1.0,1.0,1.0,1.0,1.0,13.0,30.0,28.0,8.0,2.0,4.0,3.25,3.0,2.54545454545,1.6,1.0,1.33333333333,4.0,10.0,11.0,5.0,2.0,3.0,40.0,85.0,71.0,14.0,0.0,21.0,14.0,35.0,3.0,2.42857142857,3.38095238095,1.0,9,22,7,20
2016-09-22 04:20:00,7.0,7.0,3.0,0.0,1.0,1.0,27.0,24.0,6.0,0.0,2.0,2.0,3.85714285714,3.42857142857,2.0,0.0,2.0,2.0,1.0,0.0,0.0,1.0,1.0,0.0,0.0,0.0,0.0,0.0,0.0,3.0,3.0,4.0,2.0,2.0,2.0,2.0,3.0,4.0,2.0,2.0,2.0,2.0,1.0,1.0,1.0,1.0,1.0,1.0,30.0,28.0,8.0,2.0,4.0,4.0,3.0,2.54545454545,1.6,1.0,1.33333333333,0.666666666667,10.0,11.0,5.0,2.0,3.0,6.0,34.0,76.0,61.0,15.0,3.0,19.0,15.0,37.0,3.0,2.05405405405,3.21052631579,1.0,9,22,7,40
2016-09-22 04:40:00,7.0,3.0,0.0,1.0,1.0,3.0,24.0,6.0,0.0,2.0,2.0,7.0,3.42857142857,2.0,0.0,2.0,2.0,2.33333333333,0.0,0.0,1.0,1.0,0.0,2.0,0.0,0.0,0.0,0.0,3.0,0.0,4.0,2.0,2.0,2.0,2.0,7.0,4.0,2.0,2.0,2.0,2.0,7.0,1.0,1.0,1.0,1.0,1.0,1.0,28.0,8.0,2.0,4.0,4.0,14.0,2.54545454545,1.6,1.0,1.33333333333,0.666666666667,1.4,11.0,5.0,2.0,3.0,6.0,10.0,50.0,60.0,41.0,19.0,3.0,15.0,19.0,37.0,4.0,1.62162162162,2.73333333333,1.0,9,22,8,0
2016-09-22 05:00:00,3.0,0.0,1.0,1.0,3.0,9.0,6.0,0.0,2.0,2.0,7.0,19.0,2.0,0.0,2.0,2.0,2.33333333333,2.11111111111,0.0,1.0,1.0,0.0,2.0,5.0,0.0,0.0,0.0,3.0,0.0,0.0,2.0,2.0,2.0,2.0,7.0,27.0,2.0,2.0,2.0,2.0,7.0,33.0,1.0,1.0,1.0,1.0,1.0,1.22222222222,8.0,2.0,4.0,4.0,14.0,52.0,1.6,1.0,1.33333333333,0.666666666667,1.4,1.44444444444,5.0,2.0,3.0,6.0,10.0,36.0,58.0,84.0,36.0,48.0,3.0,17.0,42.0,62.0,9.0,1.35483870968,2.11764705882,1.14285714286,9,22,8,20
2016-09-22 05:20:00,0.0,1.0,1.0,3.0,9.0,6.0,0.0,2.0,2.0,7.0,19.0,12.0,0.0,2.0,2.0,2.33333333333,2.11111111111,2.0,1.0,1.0,0.0,2.0,5.0,5.0,0.0,0.0,3.0,0.0,0.0,0.0,2.0,2.0,2.0,7.0,27.0,22.0,2.0,2.0,2.0,7.0,33.0,22.0,1.0,1.0,1.0,1.0,1.22222222222,1.0,2.0,4.0,4.0,14.0,52.0,34.0,1.0,1.33333333333,0.666666666667,1.4,1.44444444444,1.21428571429,2.0,3.0,6.0,10.0,36.0,28.0,51.0,110.0,42.0,68.0,3.0,20.0,62.0,85.0,14.0,1.29411764706,2.1,1.09677419355,9,22,8,40
2016-09-22 05:40:00,1.0,1.0,3.0,9.0,6.0,3.0,2.0,2.0,7.0,19.0,12.0,6.0,2.0,2.0,2.33333333333,2.11111111111,2.0,2.0,1.0,0.0,2.0,5.0,5.0,12.0,0.0,3.0,0.0,0.0,0.0,0.0,2.0,2.0,7.0,27.0,22.0,37.0,2.0,2.0,7.0,33.0,22.0,37.0,1.0,1.0,1.0,1.22222222222,1.0,1.0,4.0,4.0,14.0,52.0,34.0,43.0,1.33333333333,0.666666666667,1.4,1.44444444444,1.21428571429,1.075,3.0,6.0,10.0,36.0,28.0,40.0,43.0,151.0,48.0,103.0,3.0,23.0,97.0,123.0,25.0,1.22764227642,2.08695652174,1.0618556701,9,22,9,0
2016-09-22 06:00:00,1.0,3.0,9.0,6.0,3.0,2.0,2.0,7.0,19.0,12.0,6.0,4.0,2.0,2.33333333333,2.11111111111,2.0,2.0,2.0,0.0,2.0,5.0,5.0,12.0,13.0,3.0,0.0,0.0,0.0,0.0,0.0,2.0,7.0,27.0,22.0,37.0,32.0,2.0,7.0,33.0,22.0,37.0,32.0,1.0,1.0,1.22222222222,1.0,1.0,1.0,4.0,14.0,52.0,34.0,43.0,36.0,0.666666666667,1.4,1.44444444444,1.21428571429,1.075,1.05882352941,6.0,10.0,36.0,28.0,40.0,34.0,52.0,183.0,50.0,133.0,3.0,24.0,127.0,154.0,37.0,1.18831168831,2.08333333333,1.04724409449,9,22,9,20
2016-09-22 06:20:00,3.0,9.0,6.0,3.0,2.0,2.0,7.0,19.0,12.0,6.0,4.0,4.0,2.33333333333,2.11111111111,2.0,2.0,2.0,2.0,2.0,5.0,5.0,12.0,13.0,14.0,0.0,0.0,0.0,0.0,0.0,0.0,7.0,27.0,22.0,37.0,32.0,48.0,7.0,33.0,22.0,37.0,32.0,54.0,1.0,1.22222222222,1.0,1.0,1.0,1.125,14.0,52.0,34.0,43.0,36.0,58.0,1.4,1.44444444444,1.21428571429,1.075,1.05882352941,1.16,10.0,36.0,28.0,40.0,34.0,50.0,59.0,237.0,52.0,185.0,0.0,25.0,173.0,198.0,51.0,1.19696969697,2.08,1.06936416185,9,22,9,40
2016-09-22 06:40:00,9.0,6.0,3.0,2.0,2.0,9.0,19.0,12.0,6.0,4.0,4.0,20.0,2.11111111111,2.0,2.0,2.0,2.0,2.22222222222,5.0,5.0,12.0,13.0,14.0,15.0,0.0,0.0,0.0,0.0,0.0,0.0,27.0,22.0,37.0,32.0,48.0,49.0,33.0,22.0,37.0,32.0,54.0,49.0,1.22222222222,1.0,1.0,1.0,1.125,1.0,52.0,34.0,43.0,36.0,58.0,69.0,1.44444444444,1.21428571429,1.075,1.05882352941,1.16,1.18965517241,36.0,28.0,40.0,34.0,50.0,58.0,47.0,292.0,65.0,227.0,0.0,31.0,215.0,246.0,64.0,1.18699186992,2.09677419355,1.05581395349,9,22,10,0
2016-09-22 07:00:00,6.0,3.0,2.0,2.0,9.0,3.0,12.0,6.0,4.0,4.0,20.0,8.0,2.0,2.0,2.0,2.0,2.22222222222,2.66666666667,5.0,12.0,13.0,14.0,15.0,20.0,0.0,0.0,0.0,0.0,0.0,0.0,22.0,37.0,32.0,48.0,49.0,48.0,22.0,37.0,32.0,54.0,49.0,48.0,1.0,1.0,1.0,1.125,1.0,1.0,34.0,43.0,36.0,58.0,69.0,56.0,1.21428571429,1.075,1.05882352941,1.16,1.18965517241,1.09803921569,28.0,40.0,34.0,50.0,58.0,51.0,49.0,296.0,54.0,242.0,0.0,25.0,236.0,261.0,79.0,1.13409961686,2.16,1.02542372881,9,22,10,20
2016-09-22 07:20:00,3.0,2.0,2.0,9.0,3.0,4.0,6.0,4.0,4.0,20.0,8.0,8.0,2.0,2.0,2.0,2.22222222222,2.66666666667,2.0,12.0,13.0,14.0,15.0,20.0,13.0,0.0,0.0,0.0,0.0,0.0,0.0,37.0,32.0,48.0,49.0,48.0,39.0,37.0,32.0,54.0,49.0,48.0,42.0,1.0,1.0,1.125,1.0,1.0,1.07692307692,43.0,36.0,58.0,69.0,56.0,50.0,1.075,1.05882352941,1.16,1.18965517241,1.09803921569,1.16279069767,40.0,34.0,50.0,58.0,51.0,43.0,43.0,312.0,50.0,262.0,0.0,23.0,253.0,276.0,87.0,1.13043478261,2.17391304348,1.03557312253,9,22,10,40
2016-09-22 07:40:00,2.0,2.0,9.0,3.0,4.0,5.0,4.0,4.0,20.0,8.0,8.0,10.0,2.0,2.0,2.22222222222,2.66666666667,2.0,2.0,13.0,14.0,15.0,20.0,13.0,6.0,0.0,0.0,0.0,0.0,0.0,0.0,32.0,48.0,49.0,48.0,39.0,47.0,32.0,54.0,49.0,48.0,42.0,47.0,1.0,1.125,1.0,1.0,1.07692307692,1.0,36.0,58.0,69.0,56.0,50.0,57.0,1.05882352941,1.16,1.18965517241,1.09803921569,1.16279069767,1.09615384615,34.0,50.0,58.0,51.0,43.0,52.0,27.0,326.0,54.0,272.0,0.0,25.0,263.0,288.0,81.0,1.13194444444,2.16,1.03422053232,9,22,11,0
2016-09-22 08:00:00,2.0,9.0,3.0,4.0,5.0,7.0,4.0,20.0,8.0,8.0,10.0,15.0,2.0,2.22222222222,2.66666666667,2.0,2.0,2.14285714286,14.0,15.0,20.0,13.0,6.0,13.0,0.0,0.0,0.0,0.0,0.0,0.0,48.0,49.0,48.0,39.0,47.0,52.0,54.0,49.0,48.0,42.0,47.0,52.0,1.125,1.0,1.0,1.07692307692,1.0,1.0,58.0,69.0,56.0,50.0,57.0,67.0,1.16,1.18965517241,1.09803921569,1.16279069767,1.09615384615,1.13559322034,50.0,58.0,51.0,43.0,52.0,59.0,35.0,357.0,65.0,292.0,0.0,30.0,283.0,313.0,81.0,1.14057507987,2.16666666667,1.03180212014,9,22,11,20
2016-09-22 08:20:00,9.0,3.0,4.0,5.0,7.0,2.0,20.0,8.0,8.0,10.0,15.0,4.0,2.22222222222,2.66666666667,2.0,2.0,2.14285714286,2.0,15.0,20.0,13.0,6.0,13.0,10.0,0.0,0.0,0.0,0.0,0.0,0.0,49.0,48.0,39.0,47.0,52.0,45.0,49.0,48.0,42.0,47.0,52.0,48.0,1.0,1.0,1.07692307692,1.0,1.0,1.06666666667,69.0,56.0,50.0,57.0,67.0,52.0,1.18965517241,1.09803921569,1.16279069767,1.09615384615,1.13559322034,1.10638297872,58.0,51.0,43.0,52.0,59.0,47.0,49.0,351.0,65.0,286.0,0.0,30.0,280.0,310.0,77.0,1.13225806452,2.16666666667,1.02142857143,9,22,11,40
2016-09-22 08:40:00,3.0,4.0,5.0,7.0,2.0,3.0,8.0,8.0,10.0,15.0,4.0,6.0,2.66666666667,2.0,2.0,2.14285714286,2.0,2.0,20.0,13.0,6.0,13.0,10.0,12.0,0.0,0.0,0.0,0.0,0.0,0.0,48.0,39.0,47.0,52.0,45.0,46.0,48.0,42.0,47.0,52.0,48.0,49.0,1.0,1.07692307692,1.0,1.0,1.06666666667,1.0652173913,56.0,50.0,57.0,67.0,52.0,55.0,1.09803921569,1.16279069767,1.09615384615,1.13559322034,1.10638297872,1.12244897959,51.0,43.0,52.0,59.0,47.0,49.0,34.0,337.0,51.0,286.0,0.0,24.0,277.0,301.0,74.0,1.1196013289,2.125,1.03249097473,9,22,12,0
2016-09-22 09:00:00,4.0,5.0,7.0,2.0,3.0,5.0,8.0,10.0,15.0,4.0,6.0,10.0,2.0,2.0,2.14285714286,2.0,2.0,2.0,13.0,6.0,13.0,10.0,12.0,9.0,0.0,0.0,0.0,0.0,0.0,0.0,39.0,47.0,52.0,45.0,46.0,38.0,42.0,47.0,52.0,48.0,49.0,38.0,1.07692307692,1.0,1.0,1.06666666667,1.0652173913,1.0,50.0,57.0,67.0,52.0,55.0,48.0,1.16279069767,1.09615384615,1.13559322034,1.10638297872,1.12244897959,1.11627906977,43.0,52.0,59.0,47.0,49.0,43.0,43.0,329.0,53.0,276.0,0.0,26.0,267.0,293.0,63.0,1.1228668942,2.03846153846,1.03370786517,9,22,12,20
2016-09-22 09:20:00,5.0,7.0,2.0,3.0,5.0,3.0,10.0,15.0,4.0,6.0,10.0,6.0,2.0,2.14285714286,2.0,2.0,2.0,2.0,6.0,13.0,10.0,12.0,9.0,5.0,0.0,0.0,0.0,0.0,0.0,0.0,47.0,52.0,45.0,46.0,38.0,24.0,47.0,52.0,48.0,49.0,38.0,27.0,1.0,1.0,1.06666666667,1.0652173913,1.0,1.125,57.0,67.0,52.0,55.0,48.0,33.0,1.09615384615,1.13559322034,1.10638297872,1.12244897959,1.11627906977,1.22222222222,52.0,59.0,47.0,49.0,43.0,27.0,41.0,312.0,51.0,261.0,0.0,25.0,252.0,277.0,55.0,1.12635379061,2.04,1.03571428571,9,22,12,40
2016-09-22 09:40:00,7.0,2.0,3.0,5.0,3.0,3.0,15.0,4.0,6.0,10.0,6.0,7.0,2.14285714286,2.0,2.0,2.0,2.0,2.33333333333,13.0,10.0,12.0,9.0,5.0,8.0,0.0,0.0,0.0,0.0,0.0,0.0,52.0,45.0,46.0,38.0,24.0,32.0,52.0,48.0,49.0,38.0,27.0,32.0,1.0,1.06666666667,1.0652173913,1.0,1.125,1.0,67.0,52.0,55.0,48.0,33.0,39.0,1.13559322034,1.10638297872,1.12244897959,1.11627906977,1.22222222222,1.11428571429,59.0,47.0,49.0,43.0,27.0,35.0,46.0,294.0,48.0,246.0,0.0,23.0,237.0,260.0,57.0,1.13076923077,2.08695652174,1.03797468354,9,22,13,0
2016-09-22 10:00:00,2.0,3.0,5.0,3.0,3.0,8.0,4.0,6.0,10.0,6.0,7.0,16.0,2.0,2.0,2.0,2.0,2.33333333333,2.0,10.0,12.0,9.0,5.0,8.0,6.0,0.0,0.0,0.0,0.0,0.0,0.0,45.0,46.0,38.0,24.0,32.0,41.0,48.0,49.0,38.0,27.0,32.0,41.0,1.06666666667,1.0652173913,1.0,1.125,1.0,1.0,52.0,55.0,48.0,33.0,39.0,57.0,1.10638297872,1.12244897959,1.11627906977,1.22222222222,1.11428571429,1.16326530612,47.0,49.0,43.0,27.0,35.0,49.0,64.0,284.0,49.0,235.0,0.0,24.0,226.0,250.0,50.0,1.136,2.04166666667,1.03982300885,9,22,13,20
2016-09-22 10:20:00,3.0,5.0,3.0,3.0,8.0,3.0,6.0,10.0,6.0,7.0,16.0,6.0,2.0,2.0,2.0,2.33333333333,2.0,2.0,12.0,9.0,5.0,8.0,6.0,11.0,0.0,0.0,0.0,0.0,0.0,0.0,46.0,38.0,24.0,32.0,41.0,31.0,49.0,38.0,27.0,32.0,41.0,31.0,1.0652173913,1.0,1.125,1.0,1.0,1.0,55.0,48.0,33.0,39.0,57.0,37.0,1.12244897959,1.11627906977,1.22222222222,1.11428571429,1.16326530612,1.08823529412,49.0,43.0,27.0,35.0,49.0,34.0,41.0,269.0,51.0,218.0,0.0,25.0,212.0,237.0,51.0,1.13502109705,2.04,1.02830188679,9,22,13,40
2016-09-22 10:40:00,5.0,3.0,3.0,8.0,3.0,5.0,10.0,6.0,7.0,16.0,6.0,12.0,2.0,2.0,2.33333333333,2.0,2.0,2.4,9.0,5.0,8.0,6.0,11.0,15.0,0.0,0.0,0.0,0.0,0.0,0.0,38.0,24.0,32.0,41.0,31.0,38.0,38.0,27.0,32.0,41.0,31.0,44.0,1.0,1.125,1.0,1.0,1.0,1.15789473684,48.0,33.0,39.0,57.0,37.0,56.0,1.11627906977,1.22222222222,1.11428571429,1.16326530612,1.08823529412,1.3023255814,43.0,27.0,35.0,49.0,34.0,43.0,58.0,270.0,57.0,213.0,0.0,27.0,204.0,231.0,54.0,1.16883116883,2.11111111111,1.04411764706,9,22,14,0
2016-09-22 11:00:00,3.0,3.0,8.0,3.0,5.0,4.0,6.0,7.0,16.0,6.0,12.0,8.0,2.0,2.33333333333,2.0,2.0,2.4,2.0,5.0,8.0,6.0,11.0,15.0,11.0,0.0,0.0,0.0,0.0,0.0,0.0,24.0,32.0,41.0,31.0,38.0,37.0,27.0,32.0,41.0,31.0,44.0,40.0,1.125,1.0,1.0,1.0,1.15789473684,1.08108108108,33.0,39.0,57.0,37.0,56.0,48.0,1.22222222222,1.11428571429,1.16326530612,1.08823529412,1.3023255814,1.17073170732,27.0,35.0,49.0,34.0,43.0,41.0,41.0,270.0,55.0,215.0,0.0,26.0,203.0,229.0,56.0,1.17903930131,2.11538461538,1.05911330049,9,22,14,20
2016-09-22 11:20:00,3.0,8.0,3.0,5.0,4.0,5.0,7.0,16.0,6.0,12.0,8.0,12.0,2.33333333333,2.0,2.0,2.4,2.0,2.4,8.0,6.0,11.0,15.0,11.0,10.0,0.0,0.0,0.0,0.0,0.0,0.0,32.0,41.0,31.0,38.0,37.0,41.0,32.0,41.0,31.0,44.0,40.0,41.0,1.0,1.0,1.0,1.15789473684,1.08108108108,1.0,39.0,57.0,37.0,56.0,48.0,53.0,1.11428571429,1.16326530612,1.08823529412,1.3023255814,1.17073170732,1.15217391304,35.0,49.0,34.0,43.0,41.0,46.0,33.0,290.0,61.0,229.0,0.0,28.0,220.0,248.0,61.0,1.16935483871,2.17857142857,1.04090909091,9,22,14,40
2016-09-22 11:40:00,8.0,3.0,5.0,4.0,5.0,5.0,16.0,6.0,12.0,8.0,12.0,10.0,2.0,2.0,2.4,2.0,2.4,2.0,6.0,11.0,15.0,11.0,10.0,17.0,0.0,0.0,0.0,0.0,0.0,0.0,41.0,31.0,38.0,37.0,41.0,59.0,41.0,31.0,44.0,40.0,41.0,71.0,1.0,1.0,1.15789473684,1.08108108108,1.0,1.20338983051,57.0,37.0,56.0,48.0,53.0,81.0,1.16326530612,1.08823529412,1.3023255814,1.17073170732,1.15217391304,1.265625,49.0,34.0,43.0,41.0,46.0,64.0,61.0,332.0,64.0,268.0,0.0,30.0,247.0,277.0,70.0,1.19855595668,2.13333333333,1.08502024291,9,22,15,0
2016-09-22 12:00:00,3.0,5.0,4.0,5.0,5.0,2.0,6.0,12.0,8.0,12.0,10.0,4.0,2.0,2.4,2.0,2.4,2.0,2.0,11.0,15.0,11.0,10.0,17.0,11.0,0.0,0.0,0.0,0.0,0.0,0.0,31.0,38.0,37.0,41.0,59.0,39.0,31.0,44.0,40.0,41.0,71.0,42.0,1.0,1.15789473684,1.08108108108,1.0,1.20338983051,1.07692307692,37.0,56.0,48.0,53.0,81.0,46.0,1.08823529412,1.3023255814,1.17073170732,1.15217391304,1.265625,1.12195121951,34.0,43.0,41.0,46.0,64.0,41.0,48.0,321.0,52.0,269.0,0.0,24.0,245.0,269.0,75.0,1.19330855019,2.16666666667,1.09795918367,9,22,15,20
2016-09-22 12:20:00,5.0,4.0,5.0,5.0,2.0,6.0,12.0,8.0,12.0,10.0,4.0,14.0,2.4,2.0,2.4,2.0,2.0,2.33333333333,15.0,11.0,10.0,17.0,11.0,22.0,0.0,0.0,0.0,0.0,0.0,0.0,38.0,37.0,41.0,59.0,39.0,52.0,44.0,40.0,41.0,71.0,42.0,52.0,1.15789473684,1.08108108108,1.0,1.20338983051,1.07692307692,1.0,56.0,48.0,53.0,81.0,46.0,66.0,1.3023255814,1.17073170732,1.15217391304,1.265625,1.12195121951,1.13793103448,43.0,41.0,46.0,64.0,41.0,58.0,57.0,350.0,60.0,290.0,0.0,27.0,266.0,293.0,86.0,1.19453924915,2.22222222222,1.09022556391,9,22,15,40
2016-09-22 12:40:00,4.0,5.0,5.0,2.0,6.0,3.0,8.0,12.0,10.0,4.0,14.0,6.0,2.0,2.4,2.0,2.0,2.33333333333,2.0,11.0,10.0,17.0,11.0,22.0,9.0,0.0,0.0,0.0,0.0,0.0,0.0,37.0,41.0,59.0,39.0,52.0,38.0,40.0,41.0,71.0,42.0,52.0,38.0,1.08108108108,1.0,1.20338983051,1.07692307692,1.0,1.0,48.0,53.0,81.0,46.0,66.0,44.0,1.17073170732,1.15217391304,1.265625,1.12195121951,1.13793103448,1.07317073171,41.0,46.0,64.0,41.0,58.0,41.0,58.0,338.0,54.0,284.0,0.0,25.0,266.0,291.0,80.0,1.16151202749,2.16,1.06766917293,9,22,16,0
2016-09-22 13:00:00,5.0,5.0,2.0,6.0,3.0,6.0,12.0,10.0,4.0,14.0,6.0,12.0,2.4,2.0,2.0,2.33333333333,2.0,2.0,10.0,17.0,11.0,22.0,9.0,11.0,0.0,0.0,0.0,0.0,0.0,0.0,41.0,59.0,39.0,52.0,38.0,27.0,41.0,71.0,42.0,52.0,38.0,27.0,1.0,1.20338983051,1.07692307692,1.0,1.0,1.0,53.0,81.0,46.0,66.0,44.0,39.0,1.15217391304,1.265625,1.12195121951,1.13793103448,1.07317073171,1.18181818182,46.0,64.0,41.0,58.0,41.0,33.0,52.0,329.0,58.0,271.0,0.0,27.0,256.0,283.0,80.0,1.16254416961,2.14814814815,1.05859375,9,22,16,20
2016-09-22 13:20:00,5.0,2.0,6.0,3.0,6.0,8.0,10.0,4.0,14.0,6.0,12.0,16.0,2.0,2.0,2.33333333333,2.0,2.0,2.0,17.0,11.0,22.0,9.0,11.0,18.0,0.0,0.0,0.0,0.0,0.0,0.0,59.0,39.0,52.0,38.0,27.0,53.0,71.0,42.0,52.0,38.0,27.0,53.0,1.20338983051,1.07692307692,1.0,1.0,1.0,1.0,81.0,46.0,66.0,44.0,39.0,69.0,1.265625,1.12195121951,1.13793103448,1.07317073171,1.18181818182,1.13114754098,64.0,41.0,58.0,41.0,33.0,61.0,42.0,345.0,62.0,283.0,0.0,30.0,268.0,298.0,88.0,1.15771812081,2.06666666667,1.05597014925,9,22,16,40
2016-09-22 13:40:00,2.0,6.0,3.0,6.0,8.0,3.0,4.0,14.0,6.0,12.0,16.0,8.0,2.0,2.33333333333,2.0,2.0,2.0,2.66666666667,11.0,22.0,9.0,11.0,18.0,15.0,0.0,0.0,0.0,0.0,0.0,0.0,39.0,52.0,38.0,27.0,53.0,45.0,42.0,52.0,38.0,27.0,53.0,45.0,1.07692307692,1.0,1.0,1.0,1.0,1.0,46.0,66.0,44.0,39.0,69.0,53.0,1.12195121951,1.13793103448,1.07317073171,1.18181818182,1.13114754098,1.10416666667,41.0,58.0,41.0,33.0,61.0,48.0,29.0,317.0,60.0,257.0,0.0,28.0,254.0,282.0,86.0,1.12411347518,2.14285714286,1.01181102362,9,22,17,0
2016-09-22 14:00:00,6.0,3.0,6.0,8.0,3.0,5.0,14.0,6.0,12.0,16.0,8.0,11.0,2.33333333333,2.0,2.0,2.0,2.66666666667,2.2,22.0,9.0,11.0,18.0,15.0,14.0,0.0,0.0,0.0,0.0,0.0,0.0,52.0,38.0,27.0,53.0,45.0,52.0,52.0,38.0,27.0,53.0,45.0,52.0,1.0,1.0,1.0,1.0,1.0,1.0,66.0,44.0,39.0,69.0,53.0,63.0,1.13793103448,1.07317073171,1.18181818182,1.13114754098,1.10416666667,1.10526315789,58.0,41.0,33.0,61.0,48.0,57.0,36.0,334.0,67.0,267.0,0.0,31.0,267.0,298.0,89.0,1.12080536913,2.16129032258,1.0,9,22,17,20
2016-09-22 14:20:00,3.0,6.0,8.0,3.0,5.0,2.0,6.0,12.0,16.0,8.0,11.0,4.0,2.0,2.0,2.0,2.66666666667,2.2,2.0,9.0,11.0,18.0,15.0,14.0,13.0,0.0,0.0,0.0,0.0,0.0,0.0,38.0,27.0,53.0,45.0,52.0,56.0,38.0,27.0,53.0,45.0,52.0,56.0,1.0,1.0,1.0,1.0,1.0,1.0,44.0,39.0,69.0,53.0,63.0,60.0,1.07317073171,1.18181818182,1.13114754098,1.10416666667,1.10526315789,1.03448275862,41.0,33.0,61.0,48.0,57.0,58.0,33.0,328.0,57.0,271.0,0.0,27.0,271.0,298.0,80.0,1.10067114094,2.11111111111,1.0,9,22,17,40
2016-09-22 14:40:00,6.0,8.0,3.0,5.0,2.0,1.0,12.0,16.0,8.0,11.0,4.0,2.0,2.0,2.0,2.66666666667,2.2,2.0,2.0,11.0,18.0,15.0,14.0,13.0,13.0,0.0,0.0,0.0,0.0,0.0,0.0,27.0,53.0,45.0,52.0,56.0,51.0,27.0,53.0,45.0,52.0,56.0,54.0,1.0,1.0,1.0,1.0,1.0,1.05882352941,39.0,69.0,53.0,63.0,60.0,56.0,1.18181818182,1.13114754098,1.10416666667,1.10526315789,1.03448275862,1.07692307692,33.0,61.0,48.0,57.0,58.0,52.0,26.0,340.0,53.0,287.0,0.0,25.0,284.0,309.0,84.0,1.1003236246,2.12,1.01056338028,9,22,18,0
2016-09-22 15:00:00,8.0,3.0,5.0,2.0,1.0,2.0,16.0,8.0,11.0,4.0,2.0,4.0,2.0,2.66666666667,2.2,2.0,2.0,2.0,18.0,15.0,14.0,13.0,13.0,13.0,0.0,0.0,0.0,0.0,0.0,0.0,53.0,45.0,52.0,56.0,51.0,40.0,53.0,45.0,52.0,56.0,54.0,40.0,1.0,1.0,1.0,1.0,1.05882352941,1.0,69.0,53.0,63.0,60.0,56.0,44.0,1.13114754098,1.10416666667,1.10526315789,1.03448275862,1.07692307692,1.04761904762,61.0,48.0,57.0,58.0,52.0,42.0,21.0,345.0,45.0,300.0,0.0,21.0,297.0,318.0,86.0,1.08490566038,2.14285714286,1.0101010101,9,22,18,20
2016-09-22 15:20:00,3.0,5.0,2.0,1.0,2.0,2.0,8.0,11.0,4.0,2.0,4.0,4.0,2.66666666667,2.2,2.0,2.0,2.0,2.0,15.0,14.0,13.0,13.0,13.0,7.0,0.0,0.0,0.0,0.0,0.0,0.0,45.0,52.0,56.0,51.0,40.0,27.0,45.0,52.0,56.0,54.0,40.0,27.0,1.0,1.0,1.0,1.05882352941,1.0,1.0,53.0,63.0,60.0,56.0,44.0,31.0,1.10416666667,1.10526315789,1.03448275862,1.07692307692,1.04761904762,1.06896551724,48.0,57.0,58.0,52.0,42.0,29.0,24.0,307.0,33.0,274.0,0.0,15.0,271.0,286.0,75.0,1.07342657343,2.2,1.0110701107,9,22,18,40
2016-09-22 15:40:00,5.0,2.0,1.0,2.0,2.0,1.0,11.0,4.0,2.0,4.0,4.0,2.0,2.2,2.0,2.0,2.0,2.0,2.0,14.0,13.0,13.0,13.0,7.0,9.0,0.0,0.0,0.0,0.0,0.0,0.0,52.0,56.0,51.0,40.0,27.0,35.0,52.0,56.0,54.0,40.0,27.0,35.0,1.0,1.0,1.05882352941,1.0,1.0,1.0,63.0,60.0,56.0,44.0,31.0,37.0,1.10526315789,1.03448275862,1.07692307692,1.04761904762,1.06896551724,1.02777777778,57.0,58.0,52.0,42.0,29.0,36.0,30.0,291.0,27.0,264.0,0.0,13.0,261.0,274.0,69.0,1.06204379562,2.07692307692,1.01149425287,9,22,19,0
2016-09-22 16:00:00,2.0,1.0,2.0,2.0,1.0,4.0,4.0,2.0,4.0,4.0,2.0,8.0,2.0,2.0,2.0,2.0,2.0,2.0,13.0,13.0,13.0,7.0,9.0,7.0,0.0,0.0,0.0,0.0,0.0,0.0,56.0,51.0,40.0,27.0,35.0,29.0,56.0,54.0,40.0,27.0,35.0,29.0,1.0,1.05882352941,1.0,1.0,1.0,1.0,60.0,56.0,44.0,31.0,37.0,37.0,1.03448275862,1.07692307692,1.04761904762,1.06896551724,1.02777777778,1.12121212121,58.0,52.0,42.0,29.0,36.0,33.0,18.0,265.0,24.0,241.0,0.0,12.0,238.0,250.0,62.0,1.06,2.0,1.01260504202,9,22,19,20
2016-09-22 16:20:00,1.0,2.0,2.0,1.0,4.0,0.0,2.0,4.0,4.0,2.0,8.0,0.0,2.0,2.0,2.0,2.0,2.0,0.0,13.0,13.0,7.0,9.0,7.0,9.0,0.0,0.0,0.0,0.0,0.0,0.0,51.0,40.0,27.0,35.0,29.0,26.0,54.0,40.0,27.0,35.0,29.0,26.0,1.05882352941,1.0,1.0,1.0,1.0,1.0,56.0,44.0,31.0,37.0,37.0,26.0,1.07692307692,1.04761904762,1.06896551724,1.02777777778,1.12121212121,1.0,52.0,42.0,29.0,36.0,33.0,26.0,33.0,231.0,20.0,211.0,0.0,10.0,208.0,218.0,58.0,1.05963302752,2.0,1.01442307692,9,22,19,40
2016-09-22 16:40:00,2.0,2.0,1.0,4.0,0.0,1.0,4.0,4.0,2.0,8.0,0.0,2.0,2.0,2.0,2.0,2.0,0.0,2.0,13.0,7.0,9.0,7.0,9.0,5.0,0.0,0.0,0.0,0.0,0.0,0.0,40.0,27.0,35.0,29.0,26.0,20.0,40.0,27.0,35.0,29.0,26.0,20.0,1.0,1.0,1.0,1.0,1.0,1.0,44.0,31.0,37.0,37.0,26.0,22.0,1.04761904762,1.06896551724,1.02777777778,1.12121212121,1.0,1.04761904762,42.0,29.0,36.0,33.0,26.0,21.0,24.0,197.0,20.0,177.0,0.0,10.0,177.0,187.0,50.0,1.05347593583,2.0,1.0,9,22,20,0
2016-09-22 17:00:00,2.0,1.0,4.0,0.0,1.0,3.0,4.0,2.0,8.0,0.0,2.0,6.0,2.0,2.0,2.0,0.0,2.0,2.0,7.0,9.0,7.0,9.0,5.0,8.0,0.0,0.0,0.0,0.0,0.0,0.0,27.0,35.0,29.0,26.0,20.0,21.0,27.0,35.0,29.0,26.0,20.0,21.0,1.0,1.0,1.0,1.0,1.0,1.0,31.0,37.0,37.0,26.0,22.0,27.0,1.06896551724,1.02777777778,1.12121212121,1.0,1.04761904762,1.125,29.0,36.0,33.0,26.0,21.0,24.0,18.0,180.0,22.0,158.0,0.0,11.0,158.0,169.0,45.0,1.0650887574,2.0,1.0,9,22,20,20
2016-09-22 17:20:00,1.0,4.0,0.0,1.0,3.0,5.0,2.0,8.0,0.0,2.0,6.0,10.0,2.0,2.0,0.0,2.0,2.0,2.0,9.0,7.0,9.0,5.0,8.0,7.0,0.0,0.0,0.0,0.0,0.0,0.0,35.0,29.0,26.0,20.0,21.0,25.0,35.0,29.0,26.0,20.0,21.0,25.0,1.0,1.0,1.0,1.0,1.0,1.0,37.0,37.0,26.0,22.0,27.0,35.0,1.02777777778,1.12121212121,1.0,1.04761904762,1.125,1.16666666667,36.0,33.0,26.0,21.0,24.0,30.0,18.0,184.0,28.0,156.0,0.0,14.0,156.0,170.0,45.0,1.08235294118,2.0,1.0,9,22,20,40
2016-09-22 17:40:00,4.0,0.0,1.0,3.0,5.0,1.0,8.0,0.0,2.0,6.0,10.0,2.0,2.0,0.0,2.0,2.0,2.0,2.0,7.0,9.0,5.0,8.0,7.0,3.0,0.0,0.0,0.0,0.0,0.0,0.0,29.0,26.0,20.0,21.0,25.0,17.0,29.0,26.0,20.0,21.0,25.0,17.0,1.0,1.0,1.0,1.0,1.0,1.0,37.0,26.0,22.0,27.0,35.0,19.0,1.12121212121,1.0,1.04761904762,1.125,1.16666666667,1.05555555556,33.0,26.0,21.0,24.0,30.0,18.0,17.0,166.0,28.0,138.0,0.0,14.0,138.0,152.0,39.0,1.09210526316,2.0,1.0,9,22,21,0
2016-09-22 18:00:00,0.0,1.0,3.0,5.0,1.0,1.0,0.0,2.0,6.0,10.0,2.0,2.0,0.0,2.0,2.0,2.0,2.0,2.0,9.0,5.0,8.0,7.0,3.0,8.0,0.0,0.0,0.0,0.0,0.0,0.0,26.0,20.0,21.0,25.0,17.0,32.0,26.0,20.0,21.0,25.0,17.0,32.0,1.0,1.0,1.0,1.0,1.0,1.0,26.0,22.0,27.0,35.0,19.0,34.0,1.0,1.04761904762,1.125,1.16666666667,1.05555555556,1.0303030303,26.0,21.0,24.0,30.0,18.0,33.0,18.0,163.0,22.0,141.0,0.0,11.0,141.0,152.0,40.0,1.07236842105,2.0,1.0,9,22,21,20
2016-09-22 18:20:00,1.0,3.0,5.0,1.0,1.0,0.0,2.0,6.0,10.0,2.0,2.0,0.0,2.0,2.0,2.0,2.0,2.0,0.0,5.0,8.0,7.0,3.0,8.0,6.0,0.0,0.0,0.0,0.0,0.0,0.0,20.0,21.0,25.0,17.0,32.0,24.0,20.0,21.0,25.0,17.0,32.0,24.0,1.0,1.0,1.0,1.0,1.0,1.0,22.0,27.0,35.0,19.0,34.0,24.0,1.04761904762,1.125,1.16666666667,1.05555555556,1.0303030303,1.0,21.0,24.0,30.0,18.0,33.0,24.0,20.0,161.0,22.0,139.0,0.0,11.0,139.0,150.0,37.0,1.07333333333,2.0,1.0,9,22,21,40
2016-09-22 18:40:00,3.0,5.0,1.0,1.0,0.0,0.0,6.0,10.0,2.0,2.0,0.0,0.0,2.0,2.0,2.0,2.0,0.0,0.0,8.0,7.0,3.0,8.0,6.0,1.0,0.0,0.0,0.0,0.0,0.0,0.0,21.0,25.0,17.0,32.0,24.0,18.0,21.0,25.0,17.0,32.0,24.0,18.0,1.0,1.0,1.0,1.0,1.0,1.0,27.0,35.0,19.0,34.0,24.0,18.0,1.125,1.16666666667,1.05555555556,1.0303030303,1.0,1.0,24.0,30.0,18.0,33.0,24.0,18.0,9.0,157.0,20.0,137.0,0.0,10.0,137.0,147.0,33.0,1.06802721088,2.0,1.0,9,22,22,0
2016-09-22 19:00:00,5.0,1.0,1.0,0.0,0.0,1.0,10.0,2.0,2.0,0.0,0.0,2.0,2.0,2.0,2.0,0.0,0.0,2.0,7.0,3.0,8.0,6.0,1.0,6.0,0.0,0.0,0.0,0.0,0.0,0.0,25.0,17.0,32.0,24.0,18.0,17.0,25.0,17.0,32.0,24.0,18.0,17.0,1.0,1.0,1.0,1.0,1.0,1.0,35.0,19.0,34.0,24.0,18.0,19.0,1.16666666667,1.05555555556,1.0303030303,1.0,1.0,1.05555555556,30.0,18.0,33.0,24.0,18.0,18.0,7.0,149.0,16.0,133.0,0.0,8.0,133.0,141.0,31.0,1.05673758865,2.0,1.0,9,22,22,20
2016-09-22 19:20:00,1.0,1.0,0.0,0.0,1.0,2.0,2.0,2.0,0.0,0.0,2.0,4.0,2.0,2.0,0.0,0.0,2.0,2.0,3.0,8.0,6.0,1.0,6.0,6.0,0.0,0.0,0.0,0.0,0.0,0.0,17.0,32.0,24.0,18.0,17.0,15.0,17.0,32.0,24.0,18.0,17.0,15.0,1.0,1.0,1.0,1.0,1.0,1.0,19.0,34.0,24.0,18.0,19.0,19.0,1.05555555556,1.0303030303,1.0,1.0,1.05555555556,1.11764705882,18.0,33.0,24.0,18.0,18.0,17.0,7.0,133.0,10.0,123.0,0.0,5.0,123.0,128.0,30.0,1.0390625,2.0,1.0,9,22,22,40
2016-09-22 19:40:00,1.0,0.0,0.0,1.0,2.0,1.0,2.0,0.0,0.0,2.0,4.0,2.0,2.0,0.0,0.0,2.0,2.0,2.0,8.0,6.0,1.0,6.0,6.0,4.0,0.0,0.0,0.0,0.0,0.0,0.0,32.0,24.0,18.0,17.0,15.0,17.0,32.0,24.0,18.0,17.0,15.0,17.0,1.0,1.0,1.0,1.0,1.0,1.0,34.0,24.0,18.0,19.0,19.0,19.0,1.0303030303,1.0,1.0,1.05555555556,1.11764705882,1.05555555556,33.0,24.0,18.0,18.0,17.0,18.0,2.0,133.0,10.0,123.0,0.0,5.0,123.0,128.0,31.0,1.0390625,2.0,1.0,9,22,23,0
2016-09-22 20:00:00,0.0,0.0,1.0,2.0,1.0,2.0,0.0,0.0,2.0,4.0,2.0,4.0,0.0,0.0,2.0,2.0,2.0,2.0,6.0,1.0,6.0,6.0,4.0,7.0,0.0,0.0,0.0,0.0,0.0,0.0,24.0,18.0,17.0,15.0,17.0,18.0,24.0,18.0,17.0,15.0,17.0,18.0,1.0,1.0,1.0,1.0,1.0,1.0,24.0,18.0,19.0,19.0,19.0,22.0,1.0,1.0,1.05555555556,1.11764705882,1.05555555556,1.1,24.0,18.0,18.0,17.0,18.0,20.0,6.0,121.0,12.0,109.0,0.0,6.0,109.0,115.0,30.0,1.05217391304,2.0,1.0,9,22,23,20
2016-09-22 20:20:00,0.0,1.0,2.0,1.0,2.0,2.0,0.0,2.0,4.0,2.0,4.0,4.0,0.0,2.0,2.0,2.0,2.0,2.0,1.0,6.0,6.0,4.0,7.0,3.0,0.0,0.0,0.0,0.0,0.0,0.0,18.0,17.0,15.0,17.0,18.0,7.0,18.0,17.0,15.0,17.0,18.0,7.0,1.0,1.0,1.0,1.0,1.0,1.0,18.0,19.0,19.0,19.0,22.0,11.0,1.0,1.05555555556,1.11764705882,1.05555555556,1.1,1.22222222222,18.0,18.0,17.0,18.0,20.0,9.0,5.0,108.0,16.0,92.0,0.0,8.0,92.0,100.0,27.0,1.08,2.0,1.0,9,22,23,40
2016-09-22 20:40:00,1.0,2.0,1.0,2.0,2.0,0.0,2.0,4.0,2.0,4.0,4.0,0.0,2.0,2.0,2.0,2.0,2.0,0.0,6.0,6.0,4.0,7.0,3.0,0.0,0.0,0.0,0.0,0.0,0.0,0.0,17.0,15.0,17.0,18.0,7.0,7.0,17.0,15.0,17.0,18.0,7.0,7.0,1.0,1.0,1.0,1.0,1.0,1.0,19.0,19.0,19.0,22.0,11.0,7.0,1.05555555556,1.11764705882,1.05555555556,1.1,1.22222222222,1.0,18.0,17.0,18.0,20.0,9.0,7.0,10.0,97.0,16.0,81.0,0.0,8.0,81.0,89.0,26.0,1.08988764045,2.0,1.0,9,23,0,0
2016-09-22 21:00:00,2.0,1.0,2.0,2.0,0.0,0.0,4.0,2.0,4.0,4.0,0.0,0.0,2.0,2.0,2.0,2.0,0.0,0.0,6.0,4.0,7.0,3.0,0.0,0.0,0.0,0.0,0.0,0.0,0.0,0.0,15.0,17.0,18.0,7.0,7.0,7.0,15.0,17.0,18.0,7.0,7.0,7.0,1.0,1.0,1.0,1.0,1.0,1.0,19.0,19.0,22.0,11.0,7.0,7.0,1.11764705882,1.05555555556,1.1,1.22222222222,1.0,1.0,17.0,18.0,20.0,9.0,7.0,7.0,11.0,85.0,14.0,71.0,0.0,7.0,71.0,78.0,20.0,1.08974358974,2.0,1.0,9,23,0,20
2016-09-22 21:20:00,1.0,2.0,2.0,0.0,0.0,0.0,2.0,4.0,4.0,0.0,0.0,0.0,2.0,2.0,2.0,0.0,0.0,0.0,4.0,7.0,3.0,0.0,0.0,0.0,0.0,0.0,0.0,0.0,0.0,0.0,17.0,18.0,7.0,7.0,7.0,2.0,17.0,18.0,7.0,7.0,7.0,2.0,1.0,1.0,1.0,1.0,1.0,1.0,19.0,22.0,11.0,7.0,7.0,2.0,1.05555555556,1.1,1.22222222222,1.0,1.0,1.0,18.0,20.0,9.0,7.0,7.0,2.0,8.0,68.0,10.0,58.0,0.0,5.0,58.0,63.0,14.0,1.07936507937,2.0,1.0,9,23,0,40
2016-09-22 21:40:00,2.0,2.0,0.0,0.0,0.0,0.0,4.0,4.0,0.0,0.0,0.0,0.0,2.0,2.0,0.0,0.0,0.0,0.0,7.0,3.0,0.0,0.0,0.0,3.0,0.0,0.0,0.0,0.0,0.0,0.0,18.0,7.0,7.0,7.0,2.0,6.0,18.0,7.0,7.0,7.0,2.0,6.0,1.0,1.0,1.0,1.0,1.0,1.0,22.0,11.0,7.0,7.0,2.0,6.0,1.1,1.22222222222,1.0,1.0,1.0,1.0,20.0,9.0,7.0,7.0,2.0,6.0,9.0,55.0,8.0,47.0,0.0,4.0,47.0,51.0,13.0,1.07843137255,2.0,1.0,9,23,1,0
2016-09-22 22:00:00,2.0,0.0,0.0,0.0,0.0,2.0,4.0,0.0,0.0,0.0,0.0,4.0,2.0,0.0,0.0,0.0,0.0,2.0,3.0,0.0,0.0,0.0,3.0,1.0,0.0,0.0,0.0,0.0,0.0,0.0,7.0,7.0,7.0,2.0,6.0,3.0,7.0,7.0,7.0,2.0,6.0,6.0,1.0,1.0,1.0,1.0,1.0,2.0,11.0,7.0,7.0,2.0,6.0,10.0,1.22222222222,1.0,1.0,1.0,1.0,2.0,9.0,7.0,7.0,2.0,6.0,5.0,5.0,43.0,8.0,35.0,0.0,4.0,32.0,36.0,7.0,1.19444444444,2.0,1.09375,9,23,1,20
2016-09-22 22:20:00,0.0,0.0,0.0,0.0,2.0,4.0,0.0,0.0,0.0,0.0,4.0,17.0,0.0,0.0,0.0,0.0,2.0,4.25,0.0,0.0,0.0,3.0,1.0,2.0,0.0,0.0,0.0,0.0,0.0,0.0,7.0,7.0,2.0,6.0,3.0,6.0,7.0,7.0,2.0,6.0,6.0,9.0,1.0,1.0,1.0,1.0,2.0,1.5,7.0,7.0,2.0,6.0,10.0,26.0,1.0,1.0,1.0,1.0,2.0,2.6,7.0,7.0,2.0,6.0,5.0,10.0,7.0,58.0,21.0,37.0,0.0,6.0,31.0,37.0,6.0,1.56756756757,3.5,1.1935483871,9,23,1,40
2016-09-22 22:40:00,0.0,0.0,0.0,2.0,4.0,2.0,0.0,0.0,0.0,4.0,17.0,7.0,0.0,0.0,0.0,2.0,4.25,3.5,0.0,0.0,3.0,1.0,2.0,0.0,0.0,0.0,0.0,0.0,0.0,0.0,7.0,2.0,6.0,3.0,6.0,9.0,7.0,2.0,6.0,6.0,9.0,9.0,1.0,1.0,1.0,2.0,1.5,1.0,7.0,2.0,6.0,10.0,26.0,16.0,1.0,1.0,1.0,2.0,2.6,1.45454545455,7.0,2.0,6.0,5.0,10.0,11.0,4.0,67.0,28.0,39.0,0.0,8.0,33.0,41.0,6.0,1.63414634146,3.5,1.18181818182,9,23,2,0
2016-09-22 23:00:00,0.0,0.0,2.0,4.0,2.0,3.0,0.0,0.0,4.0,17.0,7.0,7.0,0.0,0.0,2.0,4.25,3.5,2.33333333333,0.0,3.0,1.0,2.0,0.0,1.0,0.0,0.0,0.0,0.0,0.0,0.0,2.0,6.0,3.0,6.0,9.0,5.0,2.0,6.0,6.0,9.0,9.0,5.0,1.0,1.0,2.0,1.5,1.0,1.0,2.0,6.0,10.0,26.0,16.0,12.0,1.0,1.0,2.0,2.6,1.45454545455,1.5,2.0,6.0,5.0,10.0,11.0,8.0,5.0,72.0,35.0,37.0,0.0,11.0,31.0,42.0,7.0,1.71428571429,3.18181818182,1.1935483871,9,23,2,20
2016-09-22 23:20:00,0.0,2.0,4.0,2.0,3.0,4.0,0.0,4.0,17.0,7.0,7.0,9.0,0.0,2.0,4.25,3.5,2.33333333333,2.25,3.0,1.0,2.0,0.0,1.0,1.0,0.0,0.0,0.0,0.0,0.0,0.0,6.0,3.0,6.0,9.0,5.0,5.0,6.0,6.0,9.0,9.0,5.0,5.0,1.0,2.0,1.5,1.0,1.0,1.0,6.0,10.0,26.0,16.0,12.0,14.0,1.0,2.0,2.6,1.45454545455,1.5,1.55555555556,6.0,5.0,10.0,11.0,8.0,9.0,9.0,84.0,44.0,40.0,0.0,15.0,34.0,49.0,8.0,1.71428571429,2.93333333333,1.17647058824,9,23,2,40
2016-09-22 23:40:00,2.0,4.0,2.0,3.0,4.0,3.0,4.0,17.0,7.0,7.0,9.0,13.0,2.0,4.25,3.5,2.33333333333,2.25,4.33333333333,1.0,2.0,0.0,1.0,1.0,0.0,0.0,0.0,0.0,0.0,0.0,0.0,3.0,6.0,9.0,5.0,5.0,2.0,6.0,9.0,9.0,5.0,5.0,2.0,2.0,1.5,1.0,1.0,1.0,1.0,10.0,26.0,16.0,12.0,14.0,15.0,2.0,2.6,1.45454545455,1.5,1.55555555556,3.0,5.0,10.0,11.0,8.0,9.0,5.0,8.0,93.0,57.0,36.0,0.0,18.0,30.0,48.0,5.0,1.9375,3.16666666667,1.2,9,23,3,0
2016-09-23 00:00:00,4.0,2.0,3.0,4.0,3.0,3.0,17.0,7.0,7.0,9.0,13.0,13.0,4.25,3.5,2.33333333333,2.25,4.33333333333,4.33333333333,2.0,0.0,1.0,1.0,0.0,1.0,0.0,0.0,0.0,0.0,0.0,0.0,6.0,9.0,5.0,5.0,2.0,4.0,9.0,9.0,5.0,5.0,2.0,4.0,1.5,1.0,1.0,1.0,1.0,1.0,26.0,16.0,12.0,14.0,15.0,17.0,2.6,1.45454545455,1.5,1.55555555556,3.0,2.42857142857,10.0,11.0,8.0,9.0,5.0,7.0,13.0,100.0,66.0,34.0,0.0,19.0,31.0,50.0,5.0,2.0,3.47368421053,1.09677419355,9,23,3,20
2016-09-23 00:20:00,2.0,3.0,4.0,3.0,3.0,0.0,7.0,7.0,9.0,13.0,13.0,0.0,3.5,2.33333333333,2.25,4.33333333333,4.33333333333,0.0,0.0,1.0,1.0,0.0,1.0,0.0,0.0,0.0,0.0,0.0,0.0,0.0,9.0,5.0,5.0,2.0,4.0,4.0,9.0,5.0,5.0,2.0,4.0,4.0,1.0,1.0,1.0,1.0,1.0,1.0,16.0,12.0,14.0,15.0,17.0,4.0,1.45454545455,1.5,1.55555555556,3.0,2.42857142857,1.0,11.0,8.0,9.0,5.0,7.0,4.0,10.0,78.0,49.0,29.0,0.0,15.0,29.0,44.0,3.0,1.77272727273,3.26666666667,1.0,9,23,3,40
2016-09-23 00:40:00,3.0,4.0,3.0,3.0,0.0,3.0,7.0,9.0,13.0,13.0,0.0,6.0,2.33333333333,2.25,4.33333333333,4.33333333333,0.0,2.0,1.0,1.0,0.0,1.0,0.0,1.0,0.0,0.0,0.0,0.0,0.0,0.0,5.0,5.0,2.0,4.0,4.0,2.0,5.0,5.0,2.0,4.0,4.0,2.0,1.0,1.0,1.0,1.0,1.0,1.0,12.0,14.0,15.0,17.0,4.0,8.0,1.5,1.55555555556,3.0,2.42857142857,1.0,1.6,8.0,9.0,5.0,7.0,4.0,5.0,7.0,70.0,48.0,22.0,0.0,16.0,22.0,38.0,4.0,1.84210526316,3.0,1.0,9,23,4,0
2016-09-23 01:00:00,4.0,3.0,3.0,0.0,3.0,7.0,9.0,13.0,13.0,0.0,6.0,20.0,2.25,4.33333333333,4.33333333333,0.0,2.0,2.85714285714,1.0,0.0,1.0,0.0,1.0,0.0,0.0,0.0,0.0,0.0,0.0,0.0,5.0,2.0,4.0,4.0,2.0,2.0,5.0,2.0,4.0,4.0,2.0,2.0,1.0,1.0,1.0,1.0,1.0,1.0,14.0,15.0,17.0,4.0,8.0,22.0,1.55555555556,3.0,2.42857142857,1.0,1.6,2.44444444444,9.0,5.0,7.0,4.0,5.0,9.0,11.0,80.0,61.0,19.0,0.0,20.0,19.0,39.0,3.0,2.05128205128,3.05,1.0,9,23,4,20
2016-09-23 01:20:00,3.0,3.0,0.0,3.0,7.0,5.0,13.0,13.0,0.0,6.0,20.0,23.0,4.33333333333,4.33333333333,0.0,2.0,2.85714285714,4.6,0.0,1.0,0.0,1.0,0.0,0.0,0.0,0.0,0.0,0.0,0.0,0.0,2.0,4.0,4.0,2.0,2.0,3.0,2.0,4.0,4.0,2.0,2.0,3.0,1.0,1.0,1.0,1.0,1.0,1.0,15.0,17.0,4.0,8.0,22.0,26.0,3.0,2.42857142857,1.0,1.6,2.44444444444,3.25,5.0,7.0,4.0,5.0,9.0,8.0,15.0,92.0,75.0,17.0,0.0,21.0,17.0,38.0,2.0,2.42105263158,3.57142857143,1.0,9,23,4,40
2016-09-23 01:40:00,3.0,0.0,3.0,7.0,5.0,4.0,13.0,0.0,6.0,20.0,23.0,11.0,4.33333333333,0.0,2.0,2.85714285714,4.6,2.75,1.0,0.0,1.0,0.0,0.0,1.0,0.0,0.0,0.0,0.0,0.0,0.0,4.0,4.0,2.0,2.0,3.0,9.0,4.0,4.0,2.0,2.0,3.0,9.0,1.0,1.0,1.0,1.0,1.0,1.0,17.0,4.0,8.0,22.0,26.0,20.0,2.42857142857,1.0,1.6,2.44444444444,3.25,1.53846153846,7.0,4.0,5.0,9.0,8.0,13.0,6.0,97.0,73.0,24.0,0.0,22.0,24.0,46.0,3.0,2.10869565217,3.31818181818,1.0,9,23,5,0
2016-09-23 02:00:00,0.0,3.0,7.0,5.0,4.0,5.0,0.0,6.0,20.0,23.0,11.0,17.0,0.0,2.0,2.85714285714,4.6,2.75,3.4,0.0,1.0,0.0,0.0,1.0,2.0,0.0,0.0,0.0,0.0,0.0,0.0,4.0,2.0,2.0,3.0,9.0,5.0,4.0,2.0,2.0,3.0,9.0,5.0,1.0,1.0,1.0,1.0,1.0,1.0,4.0,8.0,22.0,26.0,20.0,22.0,1.0,1.6,2.44444444444,3.25,1.53846153846,2.2,4.0,5.0,9.0,8.0,13.0,10.0,5.0,102.0,77.0,25.0,0.0,24.0,25.0,49.0,4.0,2.08163265306,3.20833333333,1.0,9,23,5,20
2016-09-23 02:20:00,3.0,7.0,5.0,4.0,5.0,6.0,6.0,20.0,23.0,11.0,17.0,17.0,2.0,2.85714285714,4.6,2.75,3.4,2.83333333333,1.0,0.0,0.0,1.0,2.0,0.0,0.0,0.0,0.0,0.0,0.0,0.0,2.0,2.0,3.0,9.0,5.0,1.0,2.0,2.0,3.0,9.0,5.0,1.0,1.0,1.0,1.0,1.0,1.0,1.0,8.0,22.0,26.0,20.0,22.0,18.0,1.6,2.44444444444,3.25,1.53846153846,2.2,2.57142857143,5.0,9.0,8.0,13.0,10.0,7.0,7.0,116.0,94.0,22.0,0.0,30.0,22.0,52.0,4.0,2.23076923077,3.13333333333,1.0,9,23,5,40
2016-09-23 02:40:00,7.0,5.0,4.0,5.0,6.0,5.0,20.0,23.0,11.0,17.0,17.0,16.0,2.85714285714,4.6,2.75,3.4,2.83333333333,3.2,0.0,0.0,1.0,2.0,0.0,1.0,0.0,0.0,0.0,0.0,0.0,0.0,2.0,3.0,9.0,5.0,1.0,6.0,2.0,3.0,9.0,5.0,1.0,6.0,1.0,1.0,1.0,1.0,1.0,1.0,22.0,26.0,20.0,22.0,18.0,22.0,2.44444444444,3.25,1.53846153846,2.2,2.57142857143,2.0,9.0,8.0,13.0,10.0,7.0,11.0,12.0,130.0,104.0,26.0,0.0,32.0,26.0,58.0,4.0,2.24137931034,3.25,1.0,9,23,6,0
2016-09-23 03:00:00,5.0,4.0,5.0,6.0,5.0,4.0,23.0,11.0,17.0,17.0,16.0,12.0,4.6,2.75,3.4,2.83333333333,3.2,3.0,0.0,1.0,2.0,0.0,1.0,1.0,0.0,0.0,0.0,0.0,0.0,0.0,3.0,9.0,5.0,1.0,6.0,11.0,3.0,9.0,5.0,1.0,6.0,11.0,1.0,1.0,1.0,1.0,1.0,1.0,26.0,20.0,22.0,18.0,22.0,23.0,3.25,1.53846153846,2.2,2.57142857143,2.0,1.53333333333,8.0,13.0,10.0,7.0,11.0,15.0,17.0,131.0,96.0,35.0,0.0,29.0,35.0,64.0,5.0,2.046875,3.31034482759,1.0,9,23,6,20
2016-09-23 03:20:00,4.0,5.0,6.0,5.0,4.0,2.0,11.0,17.0,17.0,16.0,12.0,4.0,2.75,3.4,2.83333333333,3.2,3.0,2.0,1.0,2.0,0.0,1.0,1.0,0.0,0.0,0.0,0.0,0.0,0.0,0.0,9.0,5.0,1.0,6.0,11.0,4.0,9.0,5.0,1.0,6.0,11.0,4.0,1.0,1.0,1.0,1.0,1.0,1.0,20.0,22.0,18.0,22.0,23.0,8.0,1.53846153846,2.2,2.57142857143,2.0,1.53333333333,1.33333333333,13.0,10.0,7.0,11.0,15.0,6.0,32.0,113.0,77.0,36.0,0.0,26.0,36.0,62.0,5.0,1.82258064516,2.96153846154,1.0,9,23,6,40
2016-09-23 03:40:00,5.0,6.0,5.0,4.0,2.0,2.0,17.0,17.0,16.0,12.0,4.0,4.0,3.4,2.83333333333,3.2,3.0,2.0,2.0,2.0,0.0,1.0,1.0,0.0,1.0,0.0,0.0,0.0,0.0,0.0,0.0,5.0,1.0,6.0,11.0,4.0,3.0,5.0,1.0,6.0,11.0,4.0,3.0,1.0,1.0,1.0,1.0,1.0,1.0,22.0,18.0,22.0,23.0,8.0,7.0,2.2,2.57142857143,2.0,1.53333333333,1.33333333333,1.4,10.0,7.0,11.0,15.0,6.0,5.0,28.0,100.0,70.0,30.0,0.0,24.0,30.0,54.0,5.0,1.85185185185,2.91666666667,1.0,9,23,7,0
2016-09-23 04:00:00,6.0,5.0,4.0,2.0,2.0,3.0,17.0,16.0,12.0,4.0,4.0,6.0,2.83333333333,3.2,3.0,2.0,2.0,2.0,0.0,1.0,1.0,0.0,1.0,1.0,0.0,0.0,0.0,0.0,0.0,0.0,1.0,6.0,11.0,4.0,3.0,4.0,1.0,6.0,11.0,4.0,3.0,4.0,1.0,1.0,1.0,1.0,1.0,1.0,18.0,22.0,23.0,8.0,7.0,10.0,2.57142857143,2.0,1.53333333333,1.33333333333,1.4,1.42857142857,7.0,11.0,15.0,6.0,5.0,7.0,41.0,88.0,59.0,29.0,0.0,22.0,29.0,51.0,4.0,1.72549019608,2.68181818182,1.0,9,23,7,20
2016-09-23 04:20:00,5.0,4.0,2.0,2.0,3.0,1.0,16.0,12.0,4.0,4.0,6.0,2.0,3.2,3.0,2.0,2.0,2.0,2.0,1.0,1.0,0.0,1.0,1.0,2.0,0.0,0.0,0.0,0.0,0.0,0.0,6.0,11.0,4.0,3.0,4.0,11.0,6.0,11.0,4.0,3.0,4.0,11.0,1.0,1.0,1.0,1.0,1.0,1.0,22.0,23.0,8.0,7.0,10.0,13.0,2.0,1.53333333333,1.33333333333,1.4,1.42857142857,1.08333333333,11.0,15.0,6.0,5.0,7.0,12.0,42.0,83.0,44.0,39.0,0.0,17.0,39.0,56.0,6.0,1.48214285714,2.58823529412,1.0,9,23,7,40
2016-09-23 04:40:00,4.0,2.0,2.0,3.0,1.0,5.0,12.0,4.0,4.0,6.0,2.0,10.0,3.0,2.0,2.0,2.0,2.0,2.0,1.0,0.0,1.0,1.0,2.0,2.0,0.0,0.0,0.0,0.0,0.0,0.0,11.0,4.0,3.0,4.0,11.0,12.0,11.0,4.0,3.0,4.0,11.0,12.0,1.0,1.0,1.0,1.0,1.0,1.0,23.0,8.0,7.0,10.0,13.0,22.0,1.53333333333,1.33333333333,1.4,1.42857142857,1.08333333333,1.29411764706,15.0,6.0,5.0,7.0,12.0,17.0,49.0,83.0,38.0,45.0,0.0,17.0,45.0,62.0,7.0,1.33870967742,2.23529411765,1.0,9,23,8,0
2016-09-23 05:00:00,2.0,2.0,3.0,1.0,5.0,7.0,4.0,4.0,6.0,2.0,10.0,15.0,2.0,2.0,2.0,2.0,2.0,2.14285714286,0.0,1.0,1.0,2.0,2.0,10.0,0.0,0.0,0.0,0.0,0.0,0.0,4.0,3.0,4.0,11.0,12.0,25.0,4.0,3.0,4.0,11.0,12.0,31.0,1.0,1.0,1.0,1.0,1.0,1.24,8.0,7.0,10.0,13.0,22.0,46.0,1.33333333333,1.4,1.42857142857,1.08333333333,1.29411764706,1.4375,6.0,5.0,7.0,12.0,17.0,32.0,68.0,106.0,41.0,65.0,0.0,20.0,59.0,79.0,16.0,1.3417721519,2.05,1.10169491525,9,23,8,20
2016-09-23 05:20:00,2.0,3.0,1.0,5.0,7.0,4.0,4.0,6.0,2.0,10.0,15.0,8.0,2.0,2.0,2.0,2.0,2.14285714286,2.0,1.0,1.0,2.0,2.0,10.0,3.0,0.0,0.0,0.0,0.0,0.0,0.0,3.0,4.0,11.0,12.0,25.0,24.0,3.0,4.0,11.0,12.0,31.0,24.0,1.0,1.0,1.0,1.0,1.24,1.0,7.0,10.0,13.0,22.0,46.0,32.0,1.4,1.42857142857,1.08333333333,1.29411764706,1.4375,1.14285714286,5.0,7.0,12.0,17.0,32.0,28.0,50.0,130.0,45.0,85.0,0.0,22.0,79.0,101.0,19.0,1.28712871287,2.04545454545,1.07594936709,9,23,8,40
2016-09-23 05:40:00,3.0,1.0,5.0,7.0,4.0,3.0,6.0,2.0,10.0,15.0,8.0,6.0,2.0,2.0,2.0,2.14285714286,2.0,2.0,1.0,2.0,2.0,10.0,3.0,6.0,0.0,0.0,0.0,0.0,0.0,0.0,4.0,11.0,12.0,25.0,24.0,38.0,4.0,11.0,12.0,31.0,24.0,38.0,1.0,1.0,1.0,1.24,1.0,1.0,10.0,13.0,22.0,46.0,32.0,44.0,1.42857142857,1.08333333333,1.29411764706,1.4375,1.14285714286,1.07317073171,7.0,12.0,17.0,32.0,28.0,41.0,41.0,167.0,47.0,120.0,0.0,23.0,114.0,137.0,24.0,1.21897810219,2.04347826087,1.05263157895,9,23,9,0
2016-09-23 06:00:00,1.0,5.0,7.0,4.0,3.0,4.0,2.0,10.0,15.0,8.0,6.0,8.0,2.0,2.0,2.14285714286,2.0,2.0,2.0,2.0,2.0,10.0,3.0,6.0,9.0,0.0,0.0,0.0,0.0,0.0,0.0,11.0,12.0,25.0,24.0,38.0,38.0,11.0,12.0,31.0,24.0,38.0,38.0,1.0,1.0,1.24,1.0,1.0,1.0,13.0,22.0,46.0,32.0,44.0,46.0,1.08333333333,1.29411764706,1.4375,1.14285714286,1.07317073171,1.09523809524,12.0,17.0,32.0,28.0,41.0,42.0,52.0,203.0,49.0,154.0,0.0,24.0,148.0,172.0,32.0,1.18023255814,2.04166666667,1.04054054054,9,23,9,20
2016-09-23 06:20:00,5.0,7.0,4.0,3.0,4.0,5.0,10.0,15.0,8.0,6.0,8.0,12.0,2.0,2.14285714286,2.0,2.0,2.0,2.4,2.0,10.0,3.0,6.0,9.0,16.0,0.0,0.0,0.0,0.0,0.0,0.0,12.0,25.0,24.0,38.0,38.0,44.0,12.0,31.0,24.0,38.0,38.0,44.0,1.0,1.24,1.0,1.0,1.0,1.0,22.0,46.0,32.0,44.0,46.0,56.0,1.29411764706,1.4375,1.14285714286,1.07317073171,1.09523809524,1.14285714286,17.0,32.0,28.0,41.0,42.0,49.0,44.0,246.0,59.0,187.0,0.0,28.0,181.0,209.0,46.0,1.17703349282,2.10714285714,1.03314917127,9,23,9,40
2016-09-23 06:40:00,7.0,4.0,3.0,4.0,5.0,5.0,15.0,8.0,6.0,8.0,12.0,11.0,2.14285714286,2.0,2.0,2.0,2.4,2.2,10.0,3.0,6.0,9.0,16.0,22.0,0.0,0.0,0.0,0.0,0.0,0.0,25.0,24.0,38.0,38.0,44.0,63.0,31.0,24.0,38.0,38.0,44.0,63.0,1.24,1.0,1.0,1.0,1.0,1.0,46.0,32.0,44.0,46.0,56.0,74.0,1.4375,1.14285714286,1.07317073171,1.09523809524,1.14285714286,1.08823529412,32.0,28.0,41.0,42.0,49.0,68.0,58.0,298.0,60.0,238.0,0.0,28.0,232.0,260.0,66.0,1.14615384615,2.14285714286,1.02586206897,9,23,10,0
2016-09-23 07:00:00,4.0,3.0,4.0,5.0,5.0,5.0,8.0,6.0,8.0,12.0,11.0,11.0,2.0,2.0,2.0,2.4,2.2,2.2,3.0,6.0,9.0,16.0,22.0,16.0,0.0,0.0,0.0,0.0,0.0,0.0,24.0,38.0,38.0,44.0,63.0,45.0,24.0,38.0,38.0,44.0,63.0,45.0,1.0,1.0,1.0,1.0,1.0,1.0,32.0,44.0,46.0,56.0,74.0,56.0,1.14285714286,1.07317073171,1.09523809524,1.14285714286,1.08823529412,1.12,28.0,41.0,42.0,49.0,68.0,50.0,53.0,308.0,56.0,252.0,0.0,26.0,252.0,278.0,72.0,1.10791366906,2.15384615385,1.0,9,23,10,20
2016-09-23 07:20:00,3.0,4.0,5.0,5.0,5.0,4.0,6.0,8.0,12.0,11.0,11.0,8.0,2.0,2.0,2.4,2.2,2.2,2.0,6.0,9.0,16.0,22.0,16.0,16.0,0.0,0.0,0.0,0.0,0.0,0.0,38.0,38.0,44.0,63.0,45.0,37.0,38.0,38.0,44.0,63.0,45.0,37.0,1.0,1.0,1.0,1.0,1.0,1.0,44.0,46.0,56.0,74.0,56.0,45.0,1.07317073171,1.09523809524,1.14285714286,1.08823529412,1.12,1.09756097561,41.0,42.0,49.0,68.0,50.0,41.0,56.0,321.0,56.0,265.0,0.0,26.0,265.0,291.0,85.0,1.10309278351,2.15384615385,1.0,9,23,10,40
2016-09-23 07:40:00,4.0,5.0,5.0,5.0,4.0,4.0,8.0,12.0,11.0,11.0,8.0,9.0,2.0,2.4,2.2,2.2,2.0,2.25,9.0,16.0,22.0,16.0,16.0,16.0,0.0,0.0,0.0,0.0,0.0,0.0,38.0,44.0,63.0,45.0,37.0,48.0,38.0,44.0,63.0,45.0,37.0,48.0,1.0,1.0,1.0,1.0,1.0,1.0,46.0,56.0,74.0,56.0,45.0,57.0,1.09523809524,1.14285714286,1.08823529412,1.12,1.09756097561,1.09615384615,42.0,49.0,68.0,50.0,41.0,52.0,56.0,334.0,59.0,275.0,0.0,27.0,275.0,302.0,95.0,1.1059602649,2.18518518519,1.0,9,23,11,0
2016-09-23 08:00:00,5.0,5.0,5.0,4.0,4.0,3.0,12.0,11.0,11.0,8.0,9.0,6.0,2.4,2.2,2.2,2.0,2.25,2.0,16.0,22.0,16.0,16.0,16.0,9.0,0.0,0.0,0.0,0.0,0.0,1.0,44.0,63.0,45.0,37.0,48.0,40.0,44.0,63.0,45.0,37.0,48.0,40.0,1.0,1.0,1.0,1.0,1.0,1.0,56.0,74.0,56.0,45.0,57.0,46.0,1.14285714286,1.08823529412,1.12,1.09756097561,1.09615384615,1.04545454545,49.0,68.0,50.0,41.0,52.0,44.0,45.0,334.0,57.0,277.0,1.0,26.0,277.0,304.0,95.0,1.09868421053,2.19230769231,1.0,9,23,11,20
2016-09-23 08:20:00,5.0,5.0,4.0,4.0,3.0,7.0,11.0,11.0,8.0,9.0,6.0,15.0,2.2,2.2,2.0,2.25,2.0,2.14285714286,22.0,16.0,16.0,16.0,9.0,16.0,0.0,0.0,0.0,0.0,1.0,0.0,63.0,45.0,37.0,48.0,40.0,51.0,63.0,45.0,37.0,48.0,40.0,51.0,1.0,1.0,1.0,1.0,1.0,1.0,74.0,56.0,45.0,57.0,46.0,66.0,1.08823529412,1.12,1.09756097561,1.09615384615,1.04545454545,1.13793103448,68.0,50.0,41.0,52.0,44.0,58.0,41.0,344.0,60.0,284.0,1.0,28.0,284.0,313.0,95.0,1.09904153355,2.14285714286,1.0,9,23,11,40
2016-09-23 08:40:00,5.0,4.0,4.0,3.0,7.0,4.0,11.0,8.0,9.0,6.0,15.0,8.0,2.2,2.0,2.25,2.0,2.14285714286,2.0,16.0,16.0,16.0,9.0,16.0,6.0,0.0,0.0,0.0,1.0,0.0,0.0,45.0,37.0,48.0,40.0,51.0,49.0,45.0,37.0,48.0,40.0,51.0,49.0,1.0,1.0,1.0,1.0,1.0,1.0,56.0,45.0,57.0,46.0,66.0,57.0,1.12,1.09756097561,1.09615384615,1.04545454545,1.13793103448,1.07547169811,50.0,41.0,52.0,44.0,58.0,53.0,56.0,327.0,57.0,270.0,1.0,27.0,270.0,298.0,79.0,1.09731543624,2.11111111111,1.0,9,23,12,0
2016-09-23 09:00:00,4.0,4.0,3.0,7.0,4.0,4.0,8.0,9.0,6.0,15.0,8.0,9.0,2.0,2.25,2.0,2.14285714286,2.0,2.25,16.0,16.0,9.0,16.0,6.0,15.0,0.0,0.0,1.0,0.0,0.0,0.0,37.0,48.0,40.0,51.0,49.0,52.0,37.0,48.0,40.0,51.0,49.0,52.0,1.0,1.0,1.0,1.0,1.0,1.0,45.0,57.0,46.0,66.0,57.0,61.0,1.09756097561,1.09615384615,1.04545454545,1.13793103448,1.07547169811,1.08928571429,41.0,52.0,44.0,58.0,53.0,56.0,51.0,332.0,55.0,277.0,1.0,26.0,277.0,304.0,78.0,1.09210526316,2.11538461538,1.0,9,23,12,20
2016-09-23 09:20:00,4.0,3.0,7.0,4.0,4.0,4.0,9.0,6.0,15.0,8.0,9.0,9.0,2.25,2.0,2.14285714286,2.0,2.25,2.25,16.0,9.0,16.0,6.0,15.0,14.0,0.0,1.0,0.0,0.0,0.0,0.0,48.0,40.0,51.0,49.0,52.0,52.0,48.0,40.0,51.0,49.0,52.0,52.0,1.0,1.0,1.0,1.0,1.0,1.0,57.0,46.0,66.0,57.0,61.0,61.0,1.09615384615,1.04545454545,1.13793103448,1.07547169811,1.08928571429,1.08928571429,52.0,44.0,58.0,53.0,56.0,56.0,61.0,348.0,56.0,292.0,1.0,26.0,292.0,319.0,76.0,1.09090909091,2.15384615385,1.0,9,23,12,40
2016-09-23 09:40:00,3.0,7.0,4.0,4.0,4.0,7.0,6.0,15.0,8.0,9.0,9.0,14.0,2.0,2.14285714286,2.0,2.25,2.25,2.0,9.0,16.0,6.0,15.0,14.0,9.0,1.0,0.0,0.0,0.0,0.0,0.0,40.0,51.0,49.0,52.0,52.0,38.0,40.0,51.0,49.0,52.0,52.0,38.0,1.0,1.0,1.0,1.0,1.0,1.0,46.0,66.0,57.0,61.0,61.0,52.0,1.04545454545,1.13793103448,1.07547169811,1.08928571429,1.08928571429,1.15555555556,44.0,58.0,53.0,56.0,56.0,45.0,57.0,343.0,61.0,282.0,1.0,29.0,282.0,312.0,69.0,1.09935897436,2.10344827586,1.0,9,23,13,0
2016-09-23 10:00:00,7.0,4.0,4.0,4.0,7.0,4.0,15.0,8.0,9.0,9.0,14.0,8.0,2.14285714286,2.0,2.25,2.25,2.0,2.0,16.0,6.0,15.0,14.0,9.0,15.0,0.0,0.0,0.0,0.0,0.0,0.0,51.0,49.0,52.0,52.0,38.0,37.0,51.0,49.0,52.0,52.0,38.0,37.0,1.0,1.0,1.0,1.0,1.0,1.0,66.0,57.0,61.0,61.0,52.0,45.0,1.13793103448,1.07547169811,1.08928571429,1.08928571429,1.15555555556,1.09756097561,58.0,53.0,56.0,56.0,45.0,41.0,67.0,342.0,63.0,279.0,0.0,30.0,279.0,309.0,75.0,1.1067961165,2.1,1.0,9,23,13,20
2016-09-23 10:20:00,4.0,4.0,4.0,7.0,4.0,6.0,8.0,9.0,9.0,14.0,8.0,12.0,2.0,2.25,2.25,2.0,2.0,2.0,6.0,15.0,14.0,9.0,15.0,17.0,0.0,0.0,0.0,0.0,0.0,0.0,49.0,52.0,52.0,38.0,37.0,50.0,49.0,52.0,52.0,38.0,37.0,50.0,1.0,1.0,1.0,1.0,1.0,1.0,57.0,61.0,61.0,52.0,45.0,62.0,1.07547169811,1.08928571429,1.08928571429,1.15555555556,1.09756097561,1.10714285714,53.0,56.0,56.0,45.0,41.0,56.0,45.0,338.0,60.0,278.0,0.0,29.0,278.0,307.0,76.0,1.1009771987,2.06896551724,1.0,9,23,13,40
2016-09-23 10:40:00,4.0,4.0,7.0,4.0,6.0,7.0,9.0,9.0,14.0,8.0,12.0,15.0,2.25,2.25,2.0,2.0,2.0,2.14285714286,15.0,14.0,9.0,15.0,17.0,16.0,0.0,0.0,0.0,0.0,0.0,0.0,52.0,52.0,38.0,37.0,50.0,44.0,52.0,52.0,38.0,37.0,50.0,44.0,1.0,1.0,1.0,1.0,1.0,1.0,61.0,61.0,52.0,45.0,62.0,59.0,1.08928571429,1.08928571429,1.15555555556,1.09756097561,1.10714285714,1.1568627451,56.0,56.0,45.0,41.0,56.0,51.0,58.0,340.0,67.0,273.0,0.0,32.0,273.0,305.0,86.0,1.11475409836,2.09375,1.0,9,23,14,0
2016-09-23 11:00:00,4.0,7.0,4.0,6.0,7.0,9.0,9.0,14.0,8.0,12.0,15.0,21.0,2.25,2.0,2.0,2.0,2.14285714286,2.33333333333,14.0,9.0,15.0,17.0,16.0,23.0,0.0,0.0,0.0,0.0,0.0,0.0,52.0,38.0,37.0,50.0,44.0,52.0,52.0,38.0,37.0,50.0,44.0,58.0,1.0,1.0,1.0,1.0,1.0,1.11538461538,61.0,52.0,45.0,62.0,59.0,79.0,1.08928571429,1.15555555556,1.09756097561,1.10714285714,1.1568627451,1.29508196721,56.0,45.0,41.0,56.0,51.0,61.0,53.0,358.0,79.0,279.0,0.0,37.0,273.0,310.0,94.0,1.15483870968,2.13513513514,1.02197802198,9,23,14,20
2016-09-23 11:20:00,7.0,4.0,6.0,7.0,9.0,4.0,14.0,8.0,12.0,15.0,21.0,8.0,2.0,2.0,2.0,2.14285714286,2.33333333333,2.0,9.0,15.0,17.0,16.0,23.0,15.0,0.0,0.0,0.0,0.0,0.0,0.0,38.0,37.0,50.0,44.0,52.0,53.0,38.0,37.0,50.0,44.0,58.0,56.0,1.0,1.0,1.0,1.0,1.11538461538,1.05660377358,52.0,45.0,62.0,59.0,79.0,64.0,1.15555555556,1.09756097561,1.10714285714,1.1568627451,1.29508196721,1.12280701754,45.0,41.0,56.0,51.0,61.0,57.0,59.0,361.0,78.0,283.0,0.0,37.0,274.0,311.0,95.0,1.16077170418,2.10810810811,1.03284671533,9,23,14,40
2016-09-23 11:40:00,4.0,6.0,7.0,9.0,4.0,4.0,8.0,12.0,15.0,21.0,8.0,8.0,2.0,2.0,2.14285714286,2.33333333333,2.0,2.0,15.0,17.0,16.0,23.0,15.0,15.0,0.0,0.0,0.0,0.0,0.0,0.0,37.0,50.0,44.0,52.0,53.0,63.0,37.0,50.0,44.0,58.0,56.0,63.0,1.0,1.0,1.0,1.11538461538,1.05660377358,1.0,45.0,62.0,59.0,79.0,64.0,71.0,1.09756097561,1.10714285714,1.1568627451,1.29508196721,1.12280701754,1.05970149254,41.0,56.0,51.0,61.0,57.0,67.0,47.0,380.0,72.0,308.0,0.0,34.0,299.0,333.0,101.0,1.14114114114,2.11764705882,1.03010033445,9,23,15,0
2016-09-23 12:00:00,6.0,7.0,9.0,4.0,4.0,4.0,12.0,15.0,21.0,8.0,8.0,8.0,2.0,2.14285714286,2.33333333333,2.0,2.0,2.0,17.0,16.0,23.0,15.0,15.0,11.0,0.0,0.0,0.0,0.0,0.0,0.0,50.0,44.0,52.0,53.0,63.0,41.0,50.0,44.0,58.0,56.0,63.0,41.0,1.0,1.0,1.11538461538,1.05660377358,1.0,1.0,62.0,59.0,79.0,64.0,71.0,49.0,1.10714285714,1.1568627451,1.29508196721,1.12280701754,1.05970149254,1.08888888889,56.0,51.0,61.0,57.0,67.0,45.0,66.0,384.0,72.0,312.0,0.0,34.0,303.0,337.0,97.0,1.13946587537,2.11764705882,1.0297029703,9,23,15,20
2016-09-23 12:20:00,7.0,9.0,4.0,4.0,4.0,5.0,15.0,21.0,8.0,8.0,8.0,12.0,2.14285714286,2.33333333333,2.0,2.0,2.0,2.4,16.0,23.0,15.0,15.0,11.0,12.0,0.0,0.0,0.0,0.0,0.0,0.0,44.0,52.0,53.0,63.0,41.0,53.0,44.0,58.0,56.0,63.0,41.0,53.0,1.0,1.11538461538,1.05660377358,1.0,1.0,1.0,59.0,79.0,64.0,71.0,49.0,65.0,1.1568627451,1.29508196721,1.12280701754,1.05970149254,1.08888888889,1.12068965517,51.0,61.0,57.0,67.0,45.0,58.0,78.0,387.0,72.0,315.0,0.0,33.0,306.0,339.0,92.0,1.14159292035,2.18181818182,1.02941176471,9,23,15,40
2016-09-23 12:40:00,9.0,4.0,4.0,4.0,5.0,8.0,21.0,8.0,8.0,8.0,12.0,16.0,2.33333333333,2.0,2.0,2.0,2.4,2.0,23.0,15.0,15.0,11.0,12.0,12.0,0.0,0.0,0.0,0.0,0.0,0.0,52.0,53.0,63.0,41.0,53.0,45.0,58.0,56.0,63.0,41.0,53.0,45.0,1.11538461538,1.05660377358,1.0,1.0,1.0,1.0,79.0,64.0,71.0,49.0,65.0,61.0,1.29508196721,1.12280701754,1.05970149254,1.08888888889,1.12068965517,1.15094339623,61.0,57.0,67.0,45.0,58.0,53.0,76.0,389.0,73.0,316.0,0.0,34.0,307.0,341.0,88.0,1.14076246334,2.14705882353,1.02931596091,9,23,16,0
2016-09-23 13:00:00,4.0,4.0,4.0,5.0,8.0,4.0,8.0,8.0,8.0,12.0,16.0,8.0,2.0,2.0,2.0,2.4,2.0,2.0,15.0,15.0,11.0,12.0,12.0,6.0,0.0,0.0,0.0,0.0,0.0,0.0,53.0,63.0,41.0,53.0,45.0,55.0,56.0,63.0,41.0,53.0,45.0,55.0,1.05660377358,1.0,1.0,1.0,1.0,1.0,64.0,71.0,49.0,65.0,61.0,63.0,1.12280701754,1.05970149254,1.08888888889,1.12068965517,1.15094339623,1.06779661017,57.0,67.0,45.0,58.0,53.0,59.0,86.0,373.0,60.0,313.0,0.0,29.0,310.0,339.0,71.0,1.10029498525,2.06896551724,1.00967741935,9,23,16,20
2016-09-23 13:20:00,4.0,4.0,5.0,8.0,4.0,3.0,8.0,8.0,12.0,16.0,8.0,6.0,2.0,2.0,2.4,2.0,2.0,2.0,15.0,11.0,12.0,12.0,6.0,14.0,0.0,0.0,0.0,0.0,0.0,0.0,63.0,41.0,53.0,45.0,55.0,44.0,63.0,41.0,53.0,45.0,55.0,47.0,1.0,1.0,1.0,1.0,1.0,1.06818181818,71.0,49.0,65.0,61.0,63.0,53.0,1.05970149254,1.08888888889,1.12068965517,1.15094339623,1.06779661017,1.12765957447,67.0,45.0,58.0,53.0,59.0,47.0,44.0,362.0,58.0,304.0,0.0,28.0,301.0,329.0,70.0,1.10030395137,2.07142857143,1.00996677741,9,23,16,40
2016-09-23 13:40:00,4.0,5.0,8.0,4.0,3.0,4.0,8.0,12.0,16.0,8.0,6.0,9.0,2.0,2.4,2.0,2.0,2.0,2.25,11.0,12.0,12.0,6.0,14.0,18.0,0.0,0.0,0.0,0.0,0.0,0.0,41.0,53.0,45.0,55.0,44.0,62.0,41.0,53.0,45.0,55.0,47.0,62.0,1.0,1.0,1.0,1.0,1.06818181818,1.0,49.0,65.0,61.0,63.0,53.0,71.0,1.08888888889,1.12068965517,1.15094339623,1.06779661017,1.12765957447,1.07575757576,45.0,58.0,53.0,59.0,47.0,66.0,45.0,362.0,59.0,303.0,0.0,28.0,300.0,328.0,73.0,1.10365853659,2.10714285714,1.01,9,23,17,0
2016-09-23 14:00:00,5.0,8.0,4.0,3.0,4.0,10.0,12.0,16.0,8.0,6.0,9.0,21.0,2.4,2.0,2.0,2.0,2.25,2.1,12.0,12.0,6.0,14.0,18.0,25.0,0.0,0.0,0.0,0.0,0.0,0.0,53.0,45.0,55.0,44.0,62.0,68.0,53.0,45.0,55.0,47.0,62.0,68.0,1.0,1.0,1.0,1.06818181818,1.0,1.0,65.0,61.0,63.0,53.0,71.0,89.0,1.12068965517,1.15094339623,1.06779661017,1.12765957447,1.07575757576,1.14102564103,58.0,53.0,59.0,47.0,66.0,78.0,38.0,402.0,72.0,330.0,0.0,34.0,327.0,361.0,87.0,1.1135734072,2.11764705882,1.00917431193,9,23,17,20
2016-09-23 14:20:00,8.0,4.0,3.0,4.0,10.0,5.0,16.0,8.0,6.0,9.0,21.0,11.0,2.0,2.0,2.0,2.25,2.1,2.2,12.0,6.0,14.0,18.0,25.0,23.0,0.0,0.0,0.0,0.0,0.0,0.0,45.0,55.0,44.0,62.0,68.0,71.0,45.0,55.0,47.0,62.0,68.0,71.0,1.0,1.0,1.06818181818,1.0,1.0,1.0,61.0,63.0,53.0,71.0,89.0,82.0,1.15094339623,1.06779661017,1.12765957447,1.07575757576,1.14102564103,1.07894736842,53.0,59.0,47.0,66.0,78.0,76.0,46.0,419.0,71.0,348.0,0.0,34.0,345.0,379.0,98.0,1.1055408971,2.08823529412,1.00869565217,9,23,17,40
2016-09-23 14:40:00,4.0,3.0,4.0,10.0,5.0,3.0,8.0,6.0,9.0,21.0,11.0,6.0,2.0,2.0,2.25,2.1,2.2,2.0,6.0,14.0,18.0,25.0,23.0,28.0,0.0,0.0,0.0,0.0,0.0,0.0,55.0,44.0,62.0,68.0,71.0,83.0,55.0,47.0,62.0,68.0,71.0,83.0,1.0,1.06818181818,1.0,1.0,1.0,1.0,63.0,53.0,71.0,89.0,82.0,89.0,1.06779661017,1.12765957447,1.07575757576,1.14102564103,1.07894736842,1.03488372093,59.0,47.0,66.0,78.0,76.0,86.0,40.0,447.0,61.0,386.0,0.0,29.0,383.0,412.0,114.0,1.08495145631,2.10344827586,1.00783289817,9,23,18,0
2016-09-23 15:00:00,3.0,4.0,10.0,5.0,3.0,1.0,6.0,9.0,21.0,11.0,6.0,2.0,2.0,2.25,2.1,2.2,2.0,2.0,14.0,18.0,25.0,23.0,28.0,19.0,0.0,0.0,0.0,0.0,0.0,0.0,44.0,62.0,68.0,71.0,83.0,43.0,47.0,62.0,68.0,71.0,83.0,43.0,1.06818181818,1.0,1.0,1.0,1.0,1.0,53.0,71.0,89.0,82.0,89.0,45.0,1.12765957447,1.07575757576,1.14102564103,1.07894736842,1.03488372093,1.02272727273,47.0,66.0,78.0,76.0,86.0,44.0,45.0,429.0,55.0,374.0,0.0,26.0,371.0,397.0,127.0,1.08060453401,2.11538461538,1.00808625337,9,23,18,20
2016-09-23 15:20:00,4.0,10.0,5.0,3.0,1.0,3.0,9.0,21.0,11.0,6.0,2.0,6.0,2.25,2.1,2.2,2.0,2.0,2.0,18.0,25.0,23.0,28.0,19.0,9.0,0.0,0.0,0.0,0.0,0.0,0.0,62.0,68.0,71.0,83.0,43.0,42.0,62.0,68.0,71.0,83.0,43.0,45.0,1.0,1.0,1.0,1.0,1.0,1.07142857143,71.0,89.0,82.0,89.0,45.0,51.0,1.07575757576,1.14102564103,1.07894736842,1.03488372093,1.02272727273,1.13333333333,66.0,78.0,76.0,86.0,44.0,45.0,32.0,427.0,55.0,372.0,0.0,26.0,369.0,395.0,122.0,1.08101265823,2.11538461538,1.0081300813,9,23,18,40
2016-09-23 15:40:00,10.0,5.0,3.0,1.0,3.0,3.0,21.0,11.0,6.0,2.0,6.0,6.0,2.1,2.2,2.0,2.0,2.0,2.0,25.0,23.0,28.0,19.0,9.0,7.0,0.0,0.0,0.0,0.0,0.0,0.0,68.0,71.0,83.0,43.0,42.0,35.0,68.0,71.0,83.0,43.0,45.0,35.0,1.0,1.0,1.0,1.0,1.07142857143,1.0,89.0,82.0,89.0,45.0,51.0,41.0,1.14102564103,1.07894736842,1.03488372093,1.02272727273,1.13333333333,1.07894736842,78.0,76.0,86.0,44.0,45.0,38.0,29.0,397.0,52.0,345.0,0.0,25.0,342.0,367.0,111.0,1.08174386921,2.08,1.00877192982,9,23,19,0
2016-09-23 16:00:00,5.0,3.0,1.0,3.0,3.0,1.0,11.0,6.0,2.0,6.0,6.0,2.0,2.2,2.0,2.0,2.0,2.0,2.0,23.0,28.0,19.0,9.0,7.0,11.0,0.0,0.0,0.0,0.0,0.0,0.0,71.0,83.0,43.0,42.0,35.0,45.0,71.0,83.0,43.0,45.0,35.0,45.0,1.0,1.0,1.0,1.07142857143,1.0,1.0,82.0,89.0,45.0,51.0,41.0,47.0,1.07894736842,1.03488372093,1.02272727273,1.13333333333,1.07894736842,1.02173913043,76.0,86.0,44.0,45.0,38.0,46.0,23.0,355.0,33.0,322.0,0.0,16.0,319.0,335.0,97.0,1.05970149254,2.0625,1.00940438871,9,23,19,20
2016-09-23 16:20:00,3.0,1.0,3.0,3.0,1.0,4.0,6.0,2.0,6.0,6.0,2.0,9.0,2.0,2.0,2.0,2.0,2.0,2.25,28.0,19.0,9.0,7.0,11.0,13.0,0.0,0.0,0.0,0.0,0.0,0.0,83.0,43.0,42.0,35.0,45.0,36.0,83.0,43.0,45.0,35.0,45.0,36.0,1.0,1.0,1.07142857143,1.0,1.0,1.0,89.0,45.0,51.0,41.0,47.0,45.0,1.03488372093,1.02272727273,1.13333333333,1.07894736842,1.02173913043,1.125,86.0,44.0,45.0,38.0,46.0,40.0,32.0,318.0,31.0,287.0,0.0,15.0,284.0,299.0,87.0,1.0635451505,2.06666666667,1.01056338028,9,23,19,40
2016-09-23 16:40:00,1.0,3.0,3.0,1.0,4.0,1.0,2.0,6.0,6.0,2.0,9.0,2.0,2.0,2.0,2.0,2.0,2.25,2.0,19.0,9.0,7.0,11.0,13.0,14.0,0.0,0.0,0.0,0.0,0.0,0.0,43.0,42.0,35.0,45.0,36.0,44.0,43.0,45.0,35.0,45.0,36.0,44.0,1.0,1.07142857143,1.0,1.0,1.0,1.0,45.0,51.0,41.0,47.0,45.0,46.0,1.02272727273,1.13333333333,1.07894736842,1.02173913043,1.125,1.02222222222,44.0,45.0,38.0,46.0,40.0,45.0,27.0,275.0,27.0,248.0,0.0,13.0,245.0,258.0,73.0,1.06589147287,2.07692307692,1.01224489796,9,23,20,0
2016-09-23 17:00:00,3.0,3.0,1.0,4.0,1.0,3.0,6.0,6.0,2.0,9.0,2.0,6.0,2.0,2.0,2.0,2.25,2.0,2.0,9.0,7.0,11.0,13.0,14.0,5.0,0.0,0.0,0.0,0.0,0.0,0.0,42.0,35.0,45.0,36.0,44.0,29.0,45.0,35.0,45.0,36.0,44.0,29.0,1.07142857143,1.0,1.0,1.0,1.0,1.0,51.0,41.0,47.0,45.0,46.0,35.0,1.13333333333,1.07894736842,1.02173913043,1.125,1.02222222222,1.09375,45.0,38.0,46.0,40.0,45.0,32.0,25.0,265.0,31.0,234.0,0.0,15.0,231.0,246.0,59.0,1.07723577236,2.06666666667,1.01298701299,9,23,20,20
2016-09-23 17:20:00,3.0,1.0,4.0,1.0,3.0,1.0,6.0,2.0,9.0,2.0,6.0,2.0,2.0,2.0,2.25,2.0,2.0,2.0,7.0,11.0,13.0,14.0,5.0,5.0,0.0,0.0,0.0,0.0,0.0,0.0,35.0,45.0,36.0,44.0,29.0,28.0,35.0,45.0,36.0,44.0,29.0,28.0,1.0,1.0,1.0,1.0,1.0,1.0,41.0,47.0,45.0,46.0,35.0,30.0,1.07894736842,1.02173913043,1.125,1.02222222222,1.09375,1.03448275862,38.0,46.0,40.0,45.0,32.0,29.0,28.0,244.0,27.0,217.0,0.0,13.0,217.0,230.0,55.0,1.06086956522,2.07692307692,1.0,9,23,20,40
2016-09-23 17:40:00,1.0,4.0,1.0,3.0,1.0,3.0,2.0,9.0,2.0,6.0,2.0,7.0,2.0,2.25,2.0,2.0,2.0,2.33333333333,11.0,13.0,14.0,5.0,5.0,7.0,0.0,0.0,0.0,0.0,0.0,0.0,45.0,36.0,44.0,29.0,28.0,20.0,45.0,36.0,44.0,29.0,28.0,20.0,1.0,1.0,1.0,1.0,1.0,1.0,47.0,45.0,46.0,35.0,30.0,27.0,1.02173913043,1.125,1.02222222222,1.09375,1.03448275862,1.17391304348,46.0,40.0,45.0,32.0,29.0,23.0,15.0,230.0,28.0,202.0,0.0,13.0,202.0,215.0,55.0,1.06976744186,2.15384615385,1.0,9,23,21,0
2016-09-23 18:00:00,4.0,1.0,3.0,1.0,3.0,1.0,9.0,2.0,6.0,2.0,7.0,2.0,2.25,2.0,2.0,2.0,2.33333333333,2.0,13.0,14.0,5.0,5.0,7.0,8.0,0.0,0.0,0.0,0.0,0.0,0.0,36.0,44.0,29.0,28.0,20.0,31.0,36.0,44.0,29.0,28.0,20.0,31.0,1.0,1.0,1.0,1.0,1.0,1.0,45.0,46.0,35.0,30.0,27.0,33.0,1.125,1.02222222222,1.09375,1.03448275862,1.17391304348,1.03125,40.0,45.0,32.0,29.0,23.0,32.0,25.0,216.0,28.0,188.0,0.0,13.0,188.0,201.0,52.0,1.07462686567,2.15384615385,1.0,9,23,21,20
2016-09-23 18:20:00,1.0,3.0,1.0,3.0,1.0,0.0,2.0,6.0,2.0,7.0,2.0,0.0,2.0,2.0,2.0,2.33333333333,2.0,0.0,14.0,5.0,5.0,7.0,8.0,9.0,0.0,0.0,0.0,0.0,0.0,0.0,44.0,29.0,28.0,20.0,31.0,27.0,44.0,29.0,28.0,20.0,31.0,27.0,1.0,1.0,1.0,1.0,1.0,1.0,46.0,35.0,30.0,27.0,33.0,27.0,1.02222222222,1.09375,1.03448275862,1.17391304348,1.03125,1.0,45.0,32.0,29.0,23.0,32.0,27.0,21.0,198.0,19.0,179.0,0.0,9.0,179.0,188.0,48.0,1.05319148936,2.11111111111,1.0,9,23,21,40
2016-09-23 18:40:00,3.0,1.0,3.0,1.0,0.0,0.0,6.0,2.0,7.0,2.0,0.0,0.0,2.0,2.0,2.33333333333,2.0,0.0,0.0,5.0,5.0,7.0,8.0,9.0,10.0,0.0,0.0,0.0,0.0,0.0,0.0,29.0,28.0,20.0,31.0,27.0,25.0,29.0,28.0,20.0,31.0,27.0,25.0,1.0,1.0,1.0,1.0,1.0,1.0,35.0,30.0,27.0,33.0,27.0,25.0,1.09375,1.03448275862,1.17391304348,1.03125,1.0,1.0,32.0,29.0,23.0,32.0,27.0,25.0,21.0,177.0,17.0,160.0,0.0,8.0,160.0,168.0,44.0,1.05357142857,2.125,1.0,9,23,22,0
2016-09-23 19:00:00,1.0,3.0,1.0,0.0,0.0,2.0,2.0,7.0,2.0,0.0,0.0,4.0,2.0,2.33333333333,2.0,0.0,0.0,2.0,5.0,7.0,8.0,9.0,10.0,5.0,0.0,0.0,0.0,0.0,0.0,0.0,28.0,20.0,31.0,27.0,25.0,26.0,28.0,20.0,31.0,27.0,25.0,26.0,1.0,1.0,1.0,1.0,1.0,1.0,30.0,27.0,33.0,27.0,25.0,30.0,1.03448275862,1.17391304348,1.03125,1.0,1.0,1.07142857143,29.0,23.0,32.0,27.0,25.0,28.0,9.0,172.0,15.0,157.0,0.0,7.0,157.0,164.0,44.0,1.0487804878,2.14285714286,1.0,9,23,22,20
2016-09-23 19:20:00,3.0,1.0,0.0,0.0,2.0,1.0,7.0,2.0,0.0,0.0,4.0,2.0,2.33333333333,2.0,0.0,0.0,2.0,2.0,7.0,8.0,9.0,10.0,5.0,5.0,0.0,0.0,0.0,0.0,0.0,0.0,20.0,31.0,27.0,25.0,26.0,14.0,20.0,31.0,27.0,25.0,26.0,14.0,1.0,1.0,1.0,1.0,1.0,1.0,27.0,33.0,27.0,25.0,30.0,16.0,1.17391304348,1.03125,1.0,1.0,1.07142857143,1.06666666667,23.0,32.0,27.0,25.0,28.0,15.0,12.0,158.0,15.0,143.0,0.0,7.0,143.0,150.0,44.0,1.05333333333,2.14285714286,1.0,9,23,22,40
2016-09-23 19:40:00,1.0,0.0,0.0,2.0,1.0,4.0,2.0,0.0,0.0,4.0,2.0,8.0,2.0,0.0,0.0,2.0,2.0,2.0,8.0,9.0,10.0,5.0,5.0,4.0,0.0,0.0,0.0,0.0,0.0,0.0,31.0,27.0,25.0,26.0,14.0,21.0,31.0,27.0,25.0,26.0,14.0,21.0,1.0,1.0,1.0,1.0,1.0,1.0,33.0,27.0,25.0,30.0,16.0,29.0,1.03125,1.0,1.0,1.07142857143,1.06666666667,1.16,32.0,27.0,25.0,28.0,15.0,25.0,4.0,160.0,16.0,144.0,0.0,8.0,144.0,152.0,41.0,1.05263157895,2.0,1.0,9,23,23,0
2016-09-23 20:00:00,0.0,0.0,2.0,1.0,4.0,2.0,0.0,0.0,4.0,2.0,8.0,4.0,0.0,0.0,2.0,2.0,2.0,2.0,9.0,10.0,5.0,5.0,4.0,3.0,0.0,0.0,0.0,0.0,0.0,0.0,27.0,25.0,26.0,14.0,21.0,19.0,27.0,25.0,26.0,14.0,21.0,19.0,1.0,1.0,1.0,1.0,1.0,1.0,27.0,25.0,30.0,16.0,29.0,23.0,1.0,1.0,1.07142857143,1.06666666667,1.16,1.09523809524,27.0,25.0,28.0,15.0,25.0,21.0,1.0,150.0,18.0,132.0,0.0,9.0,132.0,141.0,36.0,1.06382978723,2.0,1.0,9,23,23,20
2016-09-23 20:20:00,0.0,2.0,1.0,4.0,2.0,0.0,0.0,4.0,2.0,8.0,4.0,0.0,0.0,2.0,2.0,2.0,2.0,0.0,10.0,5.0,5.0,4.0,3.0,4.0,0.0,0.0,0.0,0.0,0.0,0.0,25.0,26.0,14.0,21.0,19.0,21.0,25.0,26.0,14.0,21.0,19.0,21.0,1.0,1.0,1.0,1.0,1.0,1.0,25.0,30.0,16.0,29.0,23.0,21.0,1.0,1.07142857143,1.06666666667,1.16,1.09523809524,1.0,25.0,28.0,15.0,25.0,21.0,21.0,6.0,144.0,18.0,126.0,0.0,9.0,126.0,135.0,31.0,1.06666666667,2.0,1.0,9,23,23,40
2016-09-23 20:40:00,2.0,1.0,4.0,2.0,0.0,1.0,4.0,2.0,8.0,4.0,0.0,2.0,2.0,2.0,2.0,2.0,0.0,2.0,5.0,5.0,4.0,3.0,4.0,3.0,0.0,0.0,0.0,0.0,0.0,0.0,26.0,14.0,21.0,19.0,21.0,8.0,26.0,14.0,21.0,19.0,21.0,8.0,1.0,1.0,1.0,1.0,1.0,1.0,30.0,16.0,29.0,23.0,21.0,10.0,1.07142857143,1.06666666667,1.16,1.09523809524,1.0,1.11111111111,28.0,15.0,25.0,21.0,21.0,9.0,9.0,129.0,20.0,109.0,0.0,10.0,109.0,119.0,24.0,1.08403361345,2.0,1.0,9,24,0,0
2016-09-23 21:00:00,1.0,4.0,2.0,0.0,1.0,1.0,2.0,8.0,4.0,0.0,2.0,2.0,2.0,2.0,2.0,0.0,2.0,2.0,5.0,4.0,3.0,4.0,3.0,3.0,0.0,0.0,0.0,0.0,0.0,0.0,14.0,21.0,19.0,21.0,8.0,11.0,14.0,21.0,19.0,21.0,8.0,11.0,1.0,1.0,1.0,1.0,1.0,1.0,16.0,29.0,23.0,21.0,10.0,13.0,1.06666666667,1.16,1.09523809524,1.0,1.11111111111,1.08333333333,15.0,25.0,21.0,21.0,9.0,12.0,12.0,112.0,18.0,94.0,0.0,9.0,94.0,103.0,22.0,1.08737864078,2.0,1.0,9,24,0,20
2016-09-23 21:20:00,4.0,2.0,0.0,1.0,1.0,1.0,8.0,4.0,0.0,2.0,2.0,2.0,2.0,2.0,0.0,2.0,2.0,2.0,4.0,3.0,4.0,3.0,3.0,1.0,0.0,0.0,0.0,0.0,0.0,0.0,21.0,19.0,21.0,8.0,11.0,3.0,21.0,19.0,21.0,8.0,11.0,3.0,1.0,1.0,1.0,1.0,1.0,1.0,29.0,23.0,21.0,10.0,13.0,5.0,1.16,1.09523809524,1.0,1.11111111111,1.08333333333,1.25,25.0,21.0,21.0,9.0,12.0,4.0,6.0,101.0,18.0,83.0,0.0,9.0,83.0,92.0,18.0,1.09782608696,2.0,1.0,9,24,0,40
2016-09-23 21:40:00,2.0,0.0,1.0,1.0,1.0,0.0,4.0,0.0,2.0,2.0,2.0,0.0,2.0,0.0,2.0,2.0,2.0,0.0,3.0,4.0,3.0,3.0,1.0,0.0,0.0,0.0,0.0,0.0,0.0,0.0,19.0,21.0,8.0,11.0,3.0,1.0,19.0,21.0,8.0,11.0,3.0,1.0,1.0,1.0,1.0,1.0,1.0,1.0,23.0,21.0,10.0,13.0,5.0,1.0,1.09523809524,1.0,1.11111111111,1.08333333333,1.25,1.0,21.0,21.0,9.0,12.0,4.0,1.0,14.0,73.0,10.0,63.0,0.0,5.0,63.0,68.0,14.0,1.07352941176,2.0,1.0,9,24,1,0
2016-09-23 22:00:00,0.0,1.0,1.0,1.0,0.0,1.0,0.0,2.0,2.0,2.0,0.0,2.0,0.0,2.0,2.0,2.0,0.0,2.0,4.0,3.0,3.0,1.0,0.0,2.0,0.0,0.0,0.0,0.0,0.0,0.0,21.0,8.0,11.0,3.0,1.0,5.0,21.0,8.0,11.0,3.0,1.0,5.0,1.0,1.0,1.0,1.0,1.0,1.0,21.0,10.0,13.0,5.0,1.0,7.0,1.0,1.11111111111,1.08333333333,1.25,1.0,1.16666666667,21.0,9.0,12.0,4.0,1.0,6.0,6.0,57.0,8.0,49.0,0.0,4.0,49.0,53.0,13.0,1.07547169811,2.0,1.0,9,24,1,20
2016-09-23 22:20:00,1.0,1.0,1.0,0.0,1.0,2.0,2.0,2.0,2.0,0.0,2.0,5.0,2.0,2.0,2.0,0.0,2.0,2.5,3.0,3.0,1.0,0.0,2.0,1.0,0.0,0.0,0.0,0.0,0.0,0.0,8.0,11.0,3.0,1.0,5.0,7.0,8.0,11.0,3.0,1.0,5.0,7.0,1.0,1.0,1.0,1.0,1.0,1.0,10.0,13.0,5.0,1.0,7.0,12.0,1.11111111111,1.08333333333,1.25,1.0,1.16666666667,1.33333333333,9.0,12.0,4.0,1.0,6.0,9.0,10.0,48.0,13.0,35.0,0.0,6.0,35.0,41.0,10.0,1.17073170732,2.16666666667,1.0,9,24,1,40
2016-09-23 22:40:00,1.0,1.0,0.0,1.0,2.0,3.0,2.0,2.0,0.0,2.0,5.0,10.0,2.0,2.0,0.0,2.0,2.5,3.33333333333,3.0,1.0,0.0,2.0,1.0,1.0,0.0,0.0,0.0,0.0,0.0,0.0,11.0,3.0,1.0,5.0,7.0,9.0,11.0,3.0,1.0,5.0,7.0,9.0,1.0,1.0,1.0,1.0,1.0,1.0,13.0,5.0,1.0,7.0,12.0,19.0,1.08333333333,1.25,1.0,1.16666666667,1.33333333333,1.58333333333,12.0,4.0,1.0,6.0,9.0,12.0,10.0,57.0,21.0,36.0,0.0,8.0,36.0,44.0,8.0,1.29545454545,2.625,1.0,9,24,2,0
2016-09-23 23:00:00,1.0,0.0,1.0,2.0,3.0,1.0,2.0,0.0,2.0,5.0,10.0,3.0,2.0,0.0,2.0,2.5,3.33333333333,3.0,1.0,0.0,2.0,1.0,1.0,1.0,0.0,0.0,0.0,0.0,0.0,0.0,3.0,1.0,5.0,7.0,9.0,5.0,3.0,1.0,5.0,7.0,9.0,5.0,1.0,1.0,1.0,1.0,1.0,1.0,5.0,1.0,7.0,12.0,19.0,8.0,1.25,1.0,1.16666666667,1.33333333333,1.58333333333,1.33333333333,4.0,1.0,6.0,9.0,12.0,6.0,4.0,52.0,22.0,30.0,0.0,8.0,30.0,38.0,6.0,1.36842105263,2.75,1.0,9,24,2,20
2016-09-23 23:20:00,0.0,1.0,2.0,3.0,1.0,2.0,0.0,2.0,5.0,10.0,3.0,8.0,0.0,2.0,2.5,3.33333333333,3.0,4.0,0.0,2.0,1.0,1.0,1.0,1.0,0.0,0.0,0.0,0.0,0.0,0.0,1.0,5.0,7.0,9.0,5.0,12.0,1.0,5.0,7.0,9.0,5.0,12.0,1.0,1.0,1.0,1.0,1.0,1.0,1.0,7.0,12.0,19.0,8.0,20.0,1.0,1.16666666667,1.33333333333,1.58333333333,1.33333333333,1.42857142857,1.0,6.0,9.0,12.0,6.0,14.0,8.0,67.0,28.0,39.0,0.0,9.0,39.0,48.0,6.0,1.39583333333,3.11111111111,1.0,9,24,2,40
2016-09-23 23:40:00,1.0,2.0,3.0,1.0,2.0,3.0,2.0,5.0,10.0,3.0,8.0,10.0,2.0,2.5,3.33333333333,3.0,4.0,3.33333333333,2.0,1.0,1.0,1.0,1.0,1.0,0.0,0.0,0.0,0.0,0.0,0.0,5.0,7.0,9.0,5.0,12.0,3.0,5.0,7.0,9.0,5.0,12.0,3.0,1.0,1.0,1.0,1.0,1.0,1.0,7.0,12.0,19.0,8.0,20.0,13.0,1.16666666667,1.33333333333,1.58333333333,1.33333333333,1.42857142857,2.16666666667,6.0,9.0,12.0,6.0,14.0,6.0,11.0,79.0,38.0,41.0,0.0,12.0,41.0,53.0,7.0,1.49056603774,3.16666666667,1.0,9,24,3,0
2016-09-24 00:00:00,2.0,3.0,1.0,2.0,3.0,5.0,5.0,10.0,3.0,8.0,10.0,14.0,2.5,3.33333333333,3.0,4.0,3.33333333333,2.8,1.0,1.0,1.0,1.0,1.0,0.0,0.0,0.0,0.0,0.0,0.0,0.0,7.0,9.0,5.0,12.0,3.0,5.0,7.0,9.0,5.0,12.0,3.0,5.0,1.0,1.0,1.0,1.0,1.0,1.0,12.0,19.0,8.0,20.0,13.0,19.0,1.33333333333,1.58333333333,1.33333333333,1.42857142857,2.16666666667,1.9,9.0,12.0,6.0,14.0,6.0,10.0,10.0,91.0,50.0,41.0,0.0,16.0,41.0,57.0,5.0,1.59649122807,3.125,1.0,9,24,3,20
2016-09-24 00:20:00,3.0,1.0,2.0,3.0,5.0,6.0,10.0,3.0,8.0,10.0,14.0,16.0,3.33333333333,3.0,4.0,3.33333333333,2.8,2.66666666667,1.0,1.0,1.0,1.0,0.0,2.0,0.0,0.0,0.0,0.0,0.0,0.0,9.0,5.0,12.0,3.0,5.0,4.0,9.0,5.0,12.0,3.0,5.0,4.0,1.0,1.0,1.0,1.0,1.0,1.0,19.0,8.0,20.0,13.0,19.0,20.0,1.58333333333,1.33333333333,1.42857142857,2.16666666667,1.9,2.0,12.0,6.0,14.0,6.0,10.0,10.0,14.0,99.0,61.0,38.0,0.0,20.0,38.0,58.0,6.0,1.70689655172,3.05,1.0,9,24,3,40
2016-09-24 00:40:00,1.0,2.0,3.0,5.0,6.0,2.0,3.0,8.0,10.0,14.0,16.0,5.0,3.0,4.0,3.33333333333,2.8,2.66666666667,2.5,1.0,1.0,1.0,0.0,2.0,1.0,0.0,0.0,0.0,0.0,0.0,0.0,5.0,12.0,3.0,5.0,4.0,2.0,5.0,12.0,3.0,5.0,4.0,2.0,1.0,1.0,1.0,1.0,1.0,1.0,8.0,20.0,13.0,19.0,20.0,7.0,1.33333333333,1.42857142857,2.16666666667,1.9,2.0,1.75,6.0,14.0,6.0,10.0,10.0,4.0,6.0,87.0,56.0,31.0,0.0,19.0,31.0,50.0,6.0,1.74,2.94736842105,1.0,9,24,4,0
2016-09-24 01:00:00,2.0,3.0,5.0,6.0,2.0,3.0,8.0,10.0,14.0,16.0,5.0,10.0,4.0,3.33333333333,2.8,2.66666666667,2.5,3.33333333333,1.0,1.0,0.0,2.0,1.0,1.0,0.0,0.0,0.0,0.0,0.0,0.0,12.0,3.0,5.0,4.0,2.0,5.0,12.0,3.0,5.0,4.0,2.0,5.0,1.0,1.0,1.0,1.0,1.0,1.0,20.0,13.0,19.0,20.0,7.0,15.0,1.42857142857,2.16666666667,1.9,2.0,1.75,1.875,14.0,6.0,10.0,10.0,4.0,8.0,11.0,94.0,63.0,31.0,0.0,21.0,31.0,52.0,6.0,1.80769230769,3.0,1.0,9,24,4,20
2016-09-24 01:20:00,3.0,5.0,6.0,2.0,3.0,4.0,10.0,14.0,16.0,5.0,10.0,13.0,3.33333333333,2.8,2.66666666667,2.5,3.33333333333,3.25,1.0,0.0,2.0,1.0,1.0,3.0,0.0,0.0,0.0,0.0,0.0,0.0,3.0,5.0,4.0,2.0,5.0,7.0,3.0,5.0,4.0,2.0,5.0,7.0,1.0,1.0,1.0,1.0,1.0,1.0,13.0,19.0,20.0,7.0,15.0,20.0,2.16666666667,1.9,2.0,1.75,1.875,1.81818181818,6.0,10.0,10.0,4.0,8.0,11.0,20.0,94.0,68.0,26.0,0.0,23.0,26.0,49.0,8.0,1.91836734694,2.95652173913,1.0,9,24,4,40
2016-09-24 01:40:00,5.0,6.0,2.0,3.0,4.0,1.0,14.0,16.0,5.0,10.0,13.0,2.0,2.8,2.66666666667,2.5,3.33333333333,3.25,2.0,0.0,2.0,1.0,1.0,3.0,1.0,0.0,0.0,0.0,0.0,0.0,0.0,5.0,4.0,2.0,5.0,7.0,9.0,5.0,4.0,2.0,5.0,7.0,9.0,1.0,1.0,1.0,1.0,1.0,1.0,19.0,20.0,7.0,15.0,20.0,11.0,1.9,2.0,1.75,1.875,1.81818181818,1.1,10.0,10.0,4.0,8.0,11.0,10.0,4.0,92.0,60.0,32.0,0.0,21.0,32.0,53.0,8.0,1.7358490566,2.85714285714,1.0,9,24,5,0
2016-09-24 02:00:00,6.0,2.0,3.0,4.0,1.0,4.0,16.0,5.0,10.0,13.0,2.0,12.0,2.66666666667,2.5,3.33333333333,3.25,2.0,3.0,2.0,1.0,1.0,3.0,1.0,3.0,0.0,0.0,0.0,0.0,0.0,0.0,4.0,2.0,5.0,7.0,9.0,10.0,4.0,2.0,5.0,7.0,9.0,10.0,1.0,1.0,1.0,1.0,1.0,1.0,20.0,7.0,15.0,20.0,11.0,22.0,2.0,1.75,1.875,1.81818181818,1.1,1.57142857143,10.0,4.0,8.0,11.0,10.0,14.0,5.0,95.0,58.0,37.0,0.0,20.0,37.0,57.0,11.0,1.66666666667,2.9,1.0,9,24,5,20
2016-09-24 02:20:00,2.0,3.0,4.0,1.0,4.0,4.0,5.0,10.0,13.0,2.0,12.0,12.0,2.5,3.33333333333,3.25,2.0,3.0,3.0,1.0,1.0,3.0,1.0,3.0,0.0,0.0,0.0,0.0,0.0,0.0,0.0,2.0,5.0,7.0,9.0,10.0,2.0,2.0,5.0,7.0,9.0,10.0,2.0,1.0,1.0,1.0,1.0,1.0,1.0,7.0,15.0,20.0,11.0,22.0,14.0,1.75,1.875,1.81818181818,1.1,1.57142857143,2.33333333333,4.0,8.0,11.0,10.0,14.0,6.0,9.0,89.0,54.0,35.0,0.0,18.0,35.0,53.0,9.0,1.67924528302,3.0,1.0,9,24,5,40
2016-09-24 02:40:00,3.0,4.0,1.0,4.0,4.0,5.0,10.0,13.0,2.0,12.0,12.0,11.0,3.33333333333,3.25,2.0,3.0,3.0,2.2,1.0,3.0,1.0,3.0,0.0,0.0,0.0,0.0,0.0,0.0,0.0,0.0,5.0,7.0,9.0,10.0,2.0,6.0,5.0,7.0,9.0,10.0,2.0,9.0,1.0,1.0,1.0,1.0,1.0,1.5,15.0,20.0,11.0,22.0,14.0,20.0,1.875,1.81818181818,1.1,1.57142857143,2.33333333333,1.81818181818,8.0,11.0,10.0,14.0,6.0,11.0,8.0,102.0,60.0,42.0,0.0,21.0,39.0,60.0,8.0,1.7,2.85714285714,1.07692307692,9,24,6,0
2016-09-24 03:00:00,4.0,1.0,4.0,4.0,5.0,8.0,13.0,2.0,12.0,12.0,11.0,29.0,3.25,2.0,3.0,3.0,2.2,3.625,3.0,1.0,3.0,0.0,0.0,1.0,0.0,0.0,0.0,0.0,0.0,0.0,7.0,9.0,10.0,2.0,6.0,12.0,7.0,9.0,10.0,2.0,9.0,12.0,1.0,1.0,1.0,1.0,1.5,1.0,20.0,11.0,22.0,14.0,20.0,41.0,1.81818181818,1.1,1.57142857143,2.33333333333,1.81818181818,2.05,11.0,10.0,14.0,6.0,11.0,20.0,19.0,128.0,79.0,49.0,0.0,26.0,46.0,72.0,8.0,1.77777777778,3.03846153846,1.0652173913,9,24,6,20
2016-09-24 03:20:00,1.0,4.0,4.0,5.0,8.0,1.0,2.0,12.0,12.0,11.0,29.0,2.0,2.0,3.0,3.0,2.2,3.625,2.0,1.0,3.0,0.0,0.0,1.0,0.0,0.0,0.0,0.0,0.0,0.0,0.0,9.0,10.0,2.0,6.0,12.0,3.0,9.0,10.0,2.0,9.0,12.0,3.0,1.0,1.0,1.0,1.5,1.0,1.0,11.0,22.0,14.0,20.0,41.0,5.0,1.1,1.57142857143,2.33333333333,1.81818181818,2.05,1.25,10.0,14.0,6.0,11.0,20.0,4.0,24.0,113.0,68.0,45.0,0.0,23.0,42.0,65.0,5.0,1.73846153846,2.95652173913,1.07142857143,9,24,6,40
2016-09-24 03:40:00,4.0,4.0,5.0,8.0,1.0,2.0,12.0,12.0,11.0,29.0,2.0,4.0,3.0,3.0,2.2,3.625,2.0,2.0,3.0,0.0,0.0,1.0,0.0,0.0,0.0,0.0,0.0,0.0,0.0,0.0,10.0,2.0,6.0,12.0,3.0,3.0,10.0,2.0,9.0,12.0,3.0,3.0,1.0,1.0,1.5,1.0,1.0,1.0,22.0,14.0,20.0,41.0,5.0,7.0,1.57142857143,2.33333333333,1.81818181818,2.05,1.25,1.4,14.0,6.0,11.0,20.0,4.0,5.0,28.0,109.0,70.0,39.0,0.0,24.0,36.0,60.0,4.0,1.81666666667,2.91666666667,1.08333333333,9,24,7,0
2016-09-24 04:00:00,4.0,5.0,8.0,1.0,2.0,4.0,12.0,11.0,29.0,2.0,4.0,8.0,3.0,2.2,3.625,2.0,2.0,2.0,0.0,0.0,1.0,0.0,0.0,0.0,0.0,0.0,0.0,0.0,0.0,0.0,2.0,6.0,12.0,3.0,3.0,5.0,2.0,9.0,12.0,3.0,3.0,5.0,1.0,1.5,1.0,1.0,1.0,1.0,14.0,20.0,41.0,5.0,7.0,13.0,2.33333333333,1.81818181818,2.05,1.25,1.4,1.44444444444,6.0,11.0,20.0,4.0,5.0,9.0,33.0,100.0,66.0,34.0,0.0,24.0,31.0,55.0,1.0,1.81818181818,2.75,1.09677419355,9,24,7,20
2016-09-24 04:20:00,5.0,8.0,1.0,2.0,4.0,2.0,11.0,29.0,2.0,4.0,8.0,4.0,2.2,3.625,2.0,2.0,2.0,2.0,0.0,1.0,0.0,0.0,0.0,1.0,0.0,0.0,0.0,0.0,0.0,0.0,6.0,12.0,3.0,3.0,5.0,6.0,9.0,12.0,3.0,3.0,5.0,6.0,1.5,1.0,1.0,1.0,1.0,1.0,20.0,41.0,5.0,7.0,13.0,10.0,1.81818181818,2.05,1.25,1.4,1.44444444444,1.25,11.0,20.0,4.0,5.0,9.0,8.0,35.0,96.0,58.0,38.0,0.0,22.0,35.0,57.0,2.0,1.68421052632,2.63636363636,1.08571428571,9,24,7,40
2016-09-24 04:40:00,8.0,1.0,2.0,4.0,2.0,3.0,29.0,2.0,4.0,8.0,4.0,7.0,3.625,2.0,2.0,2.0,2.0,2.33333333333,1.0,0.0,0.0,0.0,1.0,6.0,0.0,0.0,0.0,0.0,0.0,0.0,12.0,3.0,3.0,5.0,6.0,16.0,12.0,3.0,3.0,5.0,6.0,16.0,1.0,1.0,1.0,1.0,1.0,1.0,41.0,5.0,7.0,13.0,10.0,23.0,2.05,1.25,1.4,1.44444444444,1.25,1.21052631579,20.0,4.0,5.0,9.0,8.0,19.0,43.0,99.0,54.0,45.0,0.0,20.0,45.0,65.0,8.0,1.52307692308,2.7,1.0,9,24,8,0
2016-09-24 05:00:00,1.0,2.0,4.0,2.0,3.0,8.0,2.0,4.0,8.0,4.0,7.0,17.0,2.0,2.0,2.0,2.0,2.33333333333,2.125,0.0,0.0,0.0,1.0,6.0,7.0,0.0,0.0,0.0,0.0,0.0,0.0,3.0,3.0,5.0,6.0,16.0,16.0,3.0,3.0,5.0,6.0,16.0,16.0,1.0,1.0,1.0,1.0,1.0,1.0,5.0,7.0,13.0,10.0,23.0,33.0,1.25,1.4,1.44444444444,1.25,1.21052631579,1.375,4.0,5.0,9.0,8.0,19.0,24.0,64.0,91.0,42.0,49.0,0.0,20.0,49.0,69.0,14.0,1.31884057971,2.1,1.0,9,24,8,20
2016-09-24 05:20:00,2.0,4.0,2.0,3.0,8.0,4.0,4.0,8.0,4.0,7.0,17.0,9.0,2.0,2.0,2.0,2.33333333333,2.125,2.25,0.0,0.0,1.0,6.0,7.0,7.0,0.0,0.0,0.0,0.0,0.0,0.0,3.0,5.0,6.0,16.0,16.0,24.0,3.0,5.0,6.0,16.0,16.0,24.0,1.0,1.0,1.0,1.0,1.0,1.0,7.0,13.0,10.0,23.0,33.0,33.0,1.4,1.44444444444,1.25,1.21052631579,1.375,1.17857142857,5.0,9.0,8.0,19.0,24.0,28.0,71.0,119.0,49.0,70.0,0.0,23.0,70.0,93.0,21.0,1.27956989247,2.13043478261,1.0,9,24,8,40
2016-09-24 05:40:00,4.0,2.0,3.0,8.0,4.0,2.0,8.0,4.0,7.0,17.0,9.0,4.0,2.0,2.0,2.33333333333,2.125,2.25,2.0,0.0,1.0,6.0,7.0,7.0,9.0,0.0,0.0,0.0,0.0,0.0,0.0,5.0,6.0,16.0,16.0,24.0,31.0,5.0,6.0,16.0,16.0,24.0,31.0,1.0,1.0,1.0,1.0,1.0,1.0,13.0,10.0,23.0,33.0,33.0,35.0,1.44444444444,1.25,1.21052631579,1.375,1.17857142857,1.06060606061,9.0,8.0,19.0,24.0,28.0,33.0,52.0,147.0,49.0,98.0,0.0,23.0,98.0,121.0,30.0,1.21487603306,2.13043478261,1.0,9,24,9,0
2016-09-24 06:00:00,2.0,3.0,8.0,4.0,2.0,5.0,4.0,7.0,17.0,9.0,4.0,10.0,2.0,2.33333333333,2.125,2.25,2.0,2.0,1.0,6.0,7.0,7.0,9.0,5.0,0.0,0.0,0.0,0.0,0.0,0.0,6.0,16.0,16.0,24.0,31.0,30.0,6.0,16.0,16.0,24.0,31.0,30.0,1.0,1.0,1.0,1.0,1.0,1.0,10.0,23.0,33.0,33.0,35.0,40.0,1.25,1.21052631579,1.375,1.17857142857,1.06060606061,1.14285714286,8.0,19.0,24.0,28.0,33.0,35.0,68.0,174.0,51.0,123.0,0.0,24.0,123.0,147.0,35.0,1.18367346939,2.125,1.0,9,24,9,20
2016-09-24 06:20:00,3.0,8.0,4.0,2.0,5.0,6.0,7.0,17.0,9.0,4.0,10.0,13.0,2.33333333333,2.125,2.25,2.0,2.0,2.16666666667,6.0,7.0,7.0,9.0,5.0,12.0,0.0,0.0,0.0,0.0,0.0,0.0,16.0,16.0,24.0,31.0,30.0,37.0,16.0,16.0,24.0,31.0,30.0,37.0,1.0,1.0,1.0,1.0,1.0,1.0,23.0,33.0,33.0,35.0,40.0,50.0,1.21052631579,1.375,1.17857142857,1.06060606061,1.14285714286,1.16279069767,19.0,24.0,28.0,33.0,35.0,43.0,66.0,214.0,60.0,154.0,0.0,28.0,154.0,182.0,46.0,1.17582417582,2.14285714286,1.0,9,24,9,40
2016-09-24 06:40:00,8.0,4.0,2.0,5.0,6.0,9.0,17.0,9.0,4.0,10.0,13.0,21.0,2.125,2.25,2.0,2.0,2.16666666667,2.33333333333,7.0,7.0,9.0,5.0,12.0,17.0,0.0,0.0,0.0,0.0,0.0,0.0,16.0,24.0,31.0,30.0,37.0,55.0,16.0,24.0,31.0,30.0,37.0,58.0,1.0,1.0,1.0,1.0,1.0,1.05454545455,33.0,33.0,35.0,40.0,50.0,79.0,1.375,1.17857142857,1.06060606061,1.14285714286,1.16279069767,1.234375,24.0,28.0,33.0,35.0,43.0,64.0,56.0,270.0,74.0,196.0,0.0,34.0,193.0,227.0,57.0,1.18942731278,2.17647058824,1.01554404145,9,24,10,0
2016-09-24 07:00:00,4.0,2.0,5.0,6.0,9.0,6.0,9.0,4.0,10.0,13.0,21.0,13.0,2.25,2.0,2.0,2.16666666667,2.33333333333,2.16666666667,7.0,9.0,5.0,12.0,17.0,21.0,0.0,0.0,0.0,0.0,0.0,0.0,24.0,31.0,30.0,37.0,55.0,65.0,24.0,31.0,30.0,37.0,58.0,65.0,1.0,1.0,1.0,1.0,1.05454545455,1.0,33.0,35.0,40.0,50.0,79.0,78.0,1.17857142857,1.06060606061,1.14285714286,1.16279069767,1.234375,1.0985915493,28.0,33.0,35.0,43.0,64.0,71.0,70.0,315.0,70.0,245.0,0.0,32.0,242.0,274.0,71.0,1.1496350365,2.1875,1.01239669421,9,24,10,20
2016-09-24 07:20:00,2.0,5.0,6.0,9.0,6.0,6.0,4.0,10.0,13.0,21.0,13.0,13.0,2.0,2.0,2.16666666667,2.33333333333,2.16666666667,2.16666666667,9.0,5.0,12.0,17.0,21.0,13.0,0.0,0.0,0.0,0.0,0.0,0.0,31.0,30.0,37.0,55.0,65.0,46.0,31.0,30.0,37.0,58.0,65.0,46.0,1.0,1.0,1.0,1.05454545455,1.0,1.0,35.0,40.0,50.0,79.0,78.0,59.0,1.06060606061,1.14285714286,1.16279069767,1.234375,1.0985915493,1.13461538462,33.0,35.0,43.0,64.0,71.0,52.0,54.0,341.0,74.0,267.0,0.0,34.0,264.0,298.0,77.0,1.14429530201,2.17647058824,1.01136363636,9,24,10,40
2016-09-24 07:40:00,5.0,6.0,9.0,6.0,6.0,5.0,10.0,13.0,21.0,13.0,13.0,11.0,2.0,2.16666666667,2.33333333333,2.16666666667,2.16666666667,2.2,5.0,12.0,17.0,21.0,13.0,21.0,0.0,0.0,0.0,0.0,0.0,0.0,30.0,37.0,55.0,65.0,46.0,63.0,30.0,37.0,58.0,65.0,46.0,63.0,1.0,1.0,1.05454545455,1.0,1.0,1.0,40.0,50.0,79.0,78.0,59.0,74.0,1.14285714286,1.16279069767,1.234375,1.0985915493,1.13461538462,1.08823529412,35.0,43.0,64.0,71.0,52.0,68.0,54.0,380.0,81.0,299.0,0.0,37.0,296.0,333.0,89.0,1.14114114114,2.18918918919,1.01013513514,9,24,11,0
2016-09-24 08:00:00,6.0,9.0,6.0,6.0,5.0,3.0,13.0,21.0,13.0,13.0,11.0,7.0,2.16666666667,2.33333333333,2.16666666667,2.16666666667,2.2,2.33333333333,12.0,17.0,21.0,13.0,21.0,21.0,0.0,0.0,0.0,0.0,0.0,0.0,37.0,55.0,65.0,46.0,63.0,63.0,37.0,58.0,65.0,46.0,63.0,63.0,1.0,1.05454545455,1.0,1.0,1.0,1.0,50.0,79.0,78.0,59.0,74.0,70.0,1.16279069767,1.234375,1.0985915493,1.13461538462,1.08823529412,1.06060606061,43.0,64.0,71.0,52.0,68.0,66.0,58.0,410.0,78.0,332.0,0.0,35.0,329.0,364.0,105.0,1.12637362637,2.22857142857,1.00911854103,9,24,11,20
2016-09-24 08:20:00,9.0,6.0,6.0,5.0,3.0,4.0,21.0,13.0,13.0,11.0,7.0,8.0,2.33333333333,2.16666666667,2.16666666667,2.2,2.33333333333,2.0,17.0,21.0,13.0,21.0,21.0,10.0,0.0,0.0,0.0,0.0,0.0,0.0,55.0,65.0,46.0,63.0,63.0,52.0,58.0,65.0,46.0,63.0,63.0,52.0,1.05454545455,1.0,1.0,1.0,1.0,1.0,79.0,78.0,59.0,74.0,70.0,60.0,1.234375,1.0985915493,1.13461538462,1.08823529412,1.06060606061,1.07142857143,64.0,71.0,52.0,68.0,66.0,56.0,47.0,420.0,73.0,347.0,0.0,33.0,344.0,377.0,103.0,1.11405835544,2.21212121212,1.00872093023,9,24,11,40
2016-09-24 08:40:00,6.0,6.0,5.0,3.0,4.0,4.0,13.0,13.0,11.0,7.0,8.0,9.0,2.16666666667,2.16666666667,2.2,2.33333333333,2.0,2.25,21.0,13.0,21.0,21.0,10.0,10.0,0.0,0.0,0.0,0.0,0.0,0.0,65.0,46.0,63.0,63.0,52.0,66.0,65.0,46.0,63.0,63.0,52.0,66.0,1.0,1.0,1.0,1.0,1.0,1.0,78.0,59.0,74.0,70.0,60.0,75.0,1.0985915493,1.13461538462,1.08823529412,1.06060606061,1.07142857143,1.07142857143,71.0,52.0,68.0,66.0,56.0,70.0,49.0,416.0,61.0,355.0,0.0,28.0,355.0,383.0,96.0,1.0861618799,2.17857142857,1.0,9,24,12,0
2016-09-24 09:00:00,6.0,5.0,3.0,4.0,4.0,5.0,13.0,11.0,7.0,8.0,9.0,10.0,2.16666666667,2.2,2.33333333333,2.0,2.25,2.0,13.0,21.0,21.0,10.0,10.0,12.0,0.0,0.0,0.0,0.0,0.0,0.0,46.0,63.0,63.0,52.0,66.0,49.0,46.0,63.0,63.0,52.0,66.0,49.0,1.0,1.0,1.0,1.0,1.0,1.0,59.0,74.0,70.0,60.0,75.0,59.0,1.13461538462,1.08823529412,1.06060606061,1.07142857143,1.07142857143,1.09259259259,52.0,68.0,66.0,56.0,70.0,54.0,31.0,397.0,58.0,339.0,0.0,27.0,339.0,366.0,87.0,1.08469945355,2.14814814815,1.0,9,24,12,20
2016-09-24 09:20:00,5.0,3.0,4.0,4.0,5.0,1.0,11.0,7.0,8.0,9.0,10.0,2.0,2.2,2.33333333333,2.0,2.25,2.0,2.0,21.0,21.0,10.0,10.0,12.0,13.0,0.0,0.0,0.0,0.0,0.0,0.0,63.0,63.0,52.0,66.0,49.0,53.0,63.0,63.0,52.0,66.0,49.0,56.0,1.0,1.0,1.0,1.0,1.0,1.05660377358,74.0,70.0,60.0,75.0,59.0,58.0,1.08823529412,1.06060606061,1.07142857143,1.07142857143,1.09259259259,1.07407407407,68.0,66.0,56.0,70.0,54.0,54.0,55.0,396.0,47.0,349.0,0.0,22.0,346.0,368.0,87.0,1.07608695652,2.13636363636,1.00867052023,9,24,12,40
2016-09-24 09:40:00,3.0,4.0,4.0,5.0,1.0,5.0,7.0,8.0,9.0,10.0,2.0,11.0,2.33333333333,2.0,2.25,2.0,2.0,2.2,21.0,10.0,10.0,12.0,13.0,10.0,0.0,0.0,0.0,0.0,0.0,0.0,63.0,52.0,66.0,49.0,53.0,53.0,63.0,52.0,66.0,49.0,56.0,53.0,1.0,1.0,1.0,1.0,1.05660377358,1.0,70.0,60.0,75.0,59.0,58.0,64.0,1.06060606061,1.07142857143,1.07142857143,1.09259259259,1.07407407407,1.10344827586,66.0,56.0,70.0,54.0,54.0,58.0,41.0,386.0,47.0,339.0,0.0,22.0,336.0,358.0,76.0,1.0782122905,2.13636363636,1.00892857143,9,24,13,0
2016-09-24 10:00:00,4.0,4.0,5.0,1.0,5.0,8.0,8.0,9.0,10.0,2.0,11.0,16.0,2.0,2.25,2.0,2.0,2.2,2.0,10.0,10.0,12.0,13.0,10.0,6.0,0.0,0.0,0.0,0.0,0.0,0.0,52.0,66.0,49.0,53.0,53.0,39.0,52.0,66.0,49.0,56.0,53.0,45.0,1.0,1.0,1.0,1.05660377358,1.0,1.15384615385,60.0,75.0,59.0,58.0,64.0,61.0,1.07142857143,1.07142857143,1.09259259259,1.07407407407,1.10344827586,1.29787234043,56.0,70.0,54.0,54.0,58.0,47.0,42.0,377.0,56.0,321.0,0.0,27.0,312.0,339.0,61.0,1.11209439528,2.07407407407,1.02884615385,9,24,13,20
2016-09-24 10:20:00,4.0,5.0,1.0,5.0,8.0,3.0,9.0,10.0,2.0,11.0,16.0,6.0,2.25,2.0,2.0,2.2,2.0,2.0,10.0,12.0,13.0,10.0,6.0,12.0,0.0,0.0,0.0,0.0,0.0,0.0,66.0,49.0,53.0,53.0,39.0,46.0,66.0,49.0,56.0,53.0,45.0,46.0,1.0,1.0,1.05660377358,1.0,1.15384615385,1.0,75.0,59.0,58.0,64.0,61.0,52.0,1.07142857143,1.09259259259,1.07407407407,1.10344827586,1.29787234043,1.0612244898,70.0,54.0,54.0,58.0,47.0,49.0,64.0,369.0,54.0,315.0,0.0,26.0,306.0,332.0,63.0,1.11144578313,2.07692307692,1.02941176471,9,24,13,40
2016-09-24 10:40:00,5.0,1.0,5.0,8.0,3.0,7.0,10.0,2.0,11.0,16.0,6.0,16.0,2.0,2.0,2.2,2.0,2.0,2.28571428571,12.0,13.0,10.0,6.0,12.0,8.0,0.0,0.0,0.0,0.0,0.0,0.0,49.0,53.0,53.0,39.0,46.0,24.0,49.0,56.0,53.0,45.0,46.0,24.0,1.0,1.05660377358,1.0,1.15384615385,1.0,1.0,59.0,58.0,64.0,61.0,52.0,40.0,1.09259259259,1.07407407407,1.10344827586,1.29787234043,1.0612244898,1.29032258065,54.0,54.0,58.0,47.0,49.0,31.0,56.0,334.0,61.0,273.0,0.0,29.0,264.0,293.0,61.0,1.13993174061,2.10344827586,1.03409090909,9,24,14,0
2016-09-24 11:00:00,1.0,5.0,8.0,3.0,7.0,5.0,2.0,11.0,16.0,6.0,16.0,11.0,2.0,2.2,2.0,2.0,2.28571428571,2.2,13.0,10.0,6.0,12.0,8.0,13.0,0.0,0.0,0.0,0.0,0.0,0.0,53.0,53.0,39.0,46.0,24.0,50.0,56.0,53.0,45.0,46.0,24.0,53.0,1.05660377358,1.0,1.15384615385,1.0,1.0,1.06,58.0,64.0,61.0,52.0,40.0,64.0,1.07407407407,1.10344827586,1.29787234043,1.0612244898,1.29032258065,1.16363636364,54.0,58.0,47.0,49.0,31.0,55.0,55.0,339.0,62.0,277.0,0.0,29.0,265.0,294.0,62.0,1.15306122449,2.13793103448,1.04528301887,9,24,14,20
2016-09-24 11:20:00,5.0,8.0,3.0,7.0,5.0,3.0,11.0,16.0,6.0,16.0,11.0,6.0,2.2,2.0,2.0,2.28571428571,2.2,2.0,10.0,6.0,12.0,8.0,13.0,10.0,0.0,0.0,0.0,0.0,0.0,0.0,53.0,39.0,46.0,24.0,50.0,38.0,53.0,45.0,46.0,24.0,53.0,38.0,1.0,1.15384615385,1.0,1.0,1.06,1.0,64.0,61.0,52.0,40.0,64.0,44.0,1.10344827586,1.29787234043,1.0612244898,1.29032258065,1.16363636364,1.07317073171,58.0,47.0,49.0,31.0,55.0,41.0,78.0,325.0,66.0,259.0,0.0,31.0,250.0,281.0,59.0,1.15658362989,2.12903225806,1.036,9,24,14,40
2016-09-24 11:40:00,8.0,3.0,7.0,5.0,3.0,3.0,16.0,6.0,16.0,11.0,6.0,7.0,2.0,2.0,2.28571428571,2.2,2.0,2.33333333333,6.0,12.0,8.0,13.0,10.0,10.0,0.0,0.0,0.0,0.0,0.0,0.0,39.0,46.0,24.0,50.0,38.0,39.0,45.0,46.0,24.0,53.0,38.0,39.0,1.15384615385,1.0,1.0,1.06,1.0,1.0,61.0,52.0,40.0,64.0,44.0,46.0,1.29787234043,1.0612244898,1.29032258065,1.16363636364,1.07317073171,1.09523809524,47.0,49.0,31.0,55.0,41.0,42.0,55.0,307.0,62.0,245.0,0.0,29.0,236.0,265.0,59.0,1.15849056604,2.13793103448,1.03813559322,9,24,15,0
2016-09-24 12:00:00,3.0,7.0,5.0,3.0,3.0,1.0,6.0,16.0,11.0,6.0,7.0,3.0,2.0,2.28571428571,2.2,2.0,2.33333333333,3.0,12.0,8.0,13.0,10.0,10.0,28.0,0.0,0.0,0.0,0.0,0.0,0.0,46.0,24.0,50.0,38.0,39.0,63.0,46.0,24.0,53.0,38.0,39.0,72.0,1.0,1.0,1.06,1.0,1.0,1.14285714286,52.0,40.0,64.0,44.0,46.0,75.0,1.0612244898,1.29032258065,1.16363636364,1.07317073171,1.09523809524,1.171875,49.0,31.0,55.0,41.0,42.0,64.0,63.0,321.0,49.0,272.0,0.0,22.0,260.0,282.0,81.0,1.13829787234,2.22727272727,1.04615384615,9,24,15,20
2016-09-24 12:20:00,7.0,5.0,3.0,3.0,1.0,4.0,16.0,11.0,6.0,7.0,3.0,10.0,2.28571428571,2.2,2.0,2.33333333333,3.0,2.5,8.0,13.0,10.0,10.0,28.0,21.0,0.0,0.0,0.0,0.0,0.0,0.0,24.0,50.0,38.0,39.0,63.0,52.0,24.0,53.0,38.0,39.0,72.0,55.0,1.0,1.06,1.0,1.0,1.14285714286,1.05769230769,40.0,64.0,44.0,46.0,75.0,65.0,1.29032258065,1.16363636364,1.07317073171,1.09523809524,1.171875,1.16071428571,31.0,55.0,41.0,42.0,64.0,56.0,66.0,334.0,53.0,281.0,0.0,23.0,266.0,289.0,90.0,1.15570934256,2.30434782609,1.05639097744,9,24,15,40
2016-09-24 12:40:00,5.0,3.0,3.0,1.0,4.0,6.0,11.0,6.0,7.0,3.0,10.0,12.0,2.2,2.0,2.33333333333,3.0,2.5,2.0,13.0,10.0,10.0,28.0,21.0,15.0,0.0,0.0,0.0,0.0,0.0,0.0,50.0,38.0,39.0,63.0,52.0,49.0,53.0,38.0,39.0,72.0,55.0,52.0,1.06,1.0,1.0,1.14285714286,1.05769230769,1.0612244898,64.0,44.0,46.0,75.0,65.0,64.0,1.16363636364,1.07317073171,1.09523809524,1.171875,1.16071428571,1.16363636364,55.0,41.0,42.0,64.0,56.0,55.0,81.0,358.0,49.0,309.0,0.0,22.0,291.0,313.0,97.0,1.14376996805,2.22727272727,1.0618556701,9,24,16,0
2016-09-24 13:00:00,3.0,3.0,1.0,4.0,6.0,6.0,6.0,7.0,3.0,10.0,12.0,12.0,2.0,2.33333333333,3.0,2.5,2.0,2.0,10.0,10.0,28.0,21.0,15.0,19.0,0.0,0.0,0.0,0.0,0.0,0.0,38.0,39.0,63.0,52.0,49.0,72.0,38.0,39.0,72.0,55.0,52.0,78.0,1.0,1.0,1.14285714286,1.05769230769,1.0612244898,1.08333333333,44.0,46.0,75.0,65.0,64.0,90.0,1.07317073171,1.09523809524,1.171875,1.16071428571,1.16363636364,1.15384615385,41.0,42.0,64.0,56.0,55.0,78.0,59.0,384.0,50.0,334.0,0.0,23.0,313.0,336.0,103.0,1.14285714286,2.17391304348,1.06709265176,9,24,16,20
2016-09-24 13:20:00,3.0,1.0,4.0,6.0,6.0,3.0,7.0,3.0,10.0,12.0,12.0,7.0,2.33333333333,3.0,2.5,2.0,2.0,2.33333333333,10.0,28.0,21.0,15.0,19.0,12.0,0.0,0.0,0.0,0.0,0.0,0.0,39.0,63.0,52.0,49.0,72.0,52.0,39.0,72.0,55.0,52.0,78.0,52.0,1.0,1.14285714286,1.05769230769,1.0612244898,1.08333333333,1.0,46.0,75.0,65.0,64.0,90.0,59.0,1.09523809524,1.171875,1.16071428571,1.16363636364,1.15384615385,1.07272727273,42.0,64.0,56.0,55.0,78.0,55.0,48.0,399.0,51.0,348.0,0.0,23.0,327.0,350.0,105.0,1.14,2.21739130435,1.06422018349,9,24,16,40
2016-09-24 13:40:00,1.0,4.0,6.0,6.0,3.0,7.0,3.0,10.0,12.0,12.0,7.0,14.0,3.0,2.5,2.0,2.0,2.33333333333,2.0,28.0,21.0,15.0,19.0,12.0,15.0,0.0,0.0,0.0,0.0,0.0,0.0,63.0,52.0,49.0,72.0,52.0,56.0,72.0,55.0,52.0,78.0,52.0,56.0,1.14285714286,1.05769230769,1.0612244898,1.08333333333,1.0,1.0,75.0,65.0,64.0,90.0,59.0,70.0,1.171875,1.16071428571,1.16363636364,1.15384615385,1.07272727273,1.11111111111,64.0,56.0,55.0,78.0,55.0,63.0,73.0,423.0,58.0,365.0,0.0,27.0,344.0,371.0,110.0,1.14016172507,2.14814814815,1.06104651163,9,24,17,0
2016-09-24 14:00:00,4.0,6.0,6.0,3.0,7.0,5.0,10.0,12.0,12.0,7.0,14.0,11.0,2.5,2.0,2.0,2.33333333333,2.0,2.2,21.0,15.0,19.0,12.0,15.0,20.0,0.0,0.0,0.0,0.0,0.0,0.0,52.0,49.0,72.0,52.0,56.0,61.0,55.0,52.0,78.0,52.0,56.0,61.0,1.05769230769,1.0612244898,1.08333333333,1.0,1.0,1.0,65.0,64.0,90.0,59.0,70.0,72.0,1.16071428571,1.16363636364,1.15384615385,1.07272727273,1.11111111111,1.09090909091,56.0,55.0,78.0,55.0,63.0,66.0,55.0,420.0,66.0,354.0,0.0,31.0,342.0,373.0,102.0,1.12600536193,2.12903225806,1.0350877193,9,24,17,20
2016-09-24 14:20:00,6.0,6.0,3.0,7.0,5.0,2.0,12.0,12.0,7.0,14.0,11.0,5.0,2.0,2.0,2.33333333333,2.0,2.2,2.5,15.0,19.0,12.0,15.0,20.0,14.0,0.0,0.0,0.0,0.0,0.0,0.0,49.0,72.0,52.0,56.0,61.0,79.0,52.0,78.0,52.0,56.0,61.0,82.0,1.0612244898,1.08333333333,1.0,1.0,1.0,1.03797468354,64.0,90.0,59.0,70.0,72.0,87.0,1.16363636364,1.15384615385,1.07272727273,1.11111111111,1.09090909091,1.07407407407,55.0,78.0,55.0,63.0,66.0,81.0,32.0,442.0,61.0,381.0,0.0,29.0,369.0,398.0,95.0,1.11055276382,2.10344827586,1.0325203252,9,24,17,40
2016-09-24 14:40:00,6.0,3.0,7.0,5.0,2.0,2.0,12.0,7.0,14.0,11.0,5.0,4.0,2.0,2.33333333333,2.0,2.2,2.5,2.0,19.0,12.0,15.0,20.0,14.0,14.0,0.0,0.0,0.0,0.0,0.0,0.0,72.0,52.0,56.0,61.0,79.0,57.0,78.0,52.0,56.0,61.0,82.0,57.0,1.08333333333,1.0,1.0,1.0,1.03797468354,1.0,90.0,59.0,70.0,72.0,87.0,61.0,1.15384615385,1.07272727273,1.11111111111,1.09090909091,1.07407407407,1.03389830508,78.0,55.0,63.0,66.0,81.0,59.0,42.0,439.0,53.0,386.0,0.0,25.0,377.0,402.0,94.0,1.092039801,2.12,1.02387267905,9,24,18,0
2016-09-24 15:00:00,3.0,7.0,5.0,2.0,2.0,3.0,7.0,14.0,11.0,5.0,4.0,7.0,2.33333333333,2.0,2.2,2.5,2.0,2.33333333333,12.0,15.0,20.0,14.0,14.0,19.0,0.0,0.0,0.0,0.0,0.0,0.0,52.0,56.0,61.0,79.0,57.0,45.0,52.0,56.0,61.0,82.0,57.0,45.0,1.0,1.0,1.0,1.03797468354,1.0,1.0,59.0,70.0,72.0,87.0,61.0,52.0,1.07272727273,1.11111111111,1.09090909091,1.07407407407,1.03389830508,1.08333333333,55.0,63.0,66.0,81.0,59.0,48.0,35.0,401.0,48.0,353.0,0.0,22.0,350.0,372.0,94.0,1.07795698925,2.18181818182,1.00857142857,9,24,18,20
2016-09-24 15:20:00,7.0,5.0,2.0,2.0,3.0,3.0,14.0,11.0,5.0,4.0,7.0,6.0,2.0,2.2,2.5,2.0,2.33333333333,2.0,15.0,20.0,14.0,14.0,19.0,23.0,0.0,0.0,0.0,0.0,0.0,0.0,56.0,61.0,79.0,57.0,45.0,70.0,56.0,61.0,82.0,57.0,45.0,73.0,1.0,1.0,1.03797468354,1.0,1.0,1.04285714286,70.0,72.0,87.0,61.0,52.0,79.0,1.11111111111,1.09090909091,1.07407407407,1.03389830508,1.08333333333,1.08219178082,63.0,66.0,81.0,59.0,48.0,73.0,54.0,421.0,47.0,374.0,0.0,22.0,368.0,390.0,105.0,1.07948717949,2.13636363636,1.01630434783,9,24,18,40
2016-09-24 15:40:00,5.0,2.0,2.0,3.0,3.0,2.0,11.0,5.0,4.0,7.0,6.0,4.0,2.2,2.5,2.0,2.33333333333,2.0,2.0,20.0,14.0,14.0,19.0,23.0,16.0,0.0,0.0,0.0,0.0,0.0,0.0,61.0,79.0,57.0,45.0,70.0,53.0,61.0,82.0,57.0,45.0,73.0,56.0,1.0,1.03797468354,1.0,1.0,1.04285714286,1.05660377358,72.0,87.0,61.0,52.0,79.0,60.0,1.09090909091,1.07407407407,1.03389830508,1.08333333333,1.08219178082,1.09090909091,66.0,81.0,59.0,48.0,73.0,55.0,32.0,411.0,37.0,374.0,0.0,17.0,365.0,382.0,106.0,1.07591623037,2.17647058824,1.02465753425,9,24,19,0
2016-09-24 16:00:00,2.0,2.0,3.0,3.0,2.0,2.0,5.0,4.0,7.0,6.0,4.0,4.0,2.5,2.0,2.33333333333,2.0,2.0,2.0,14.0,14.0,19.0,23.0,16.0,8.0,0.0,0.0,0.0,0.0,0.0,0.0,79.0,57.0,45.0,70.0,53.0,30.0,82.0,57.0,45.0,73.0,56.0,30.0,1.03797468354,1.0,1.0,1.04285714286,1.05660377358,1.0,87.0,61.0,52.0,79.0,60.0,34.0,1.07407407407,1.03389830508,1.08333333333,1.08219178082,1.09090909091,1.0625,81.0,59.0,48.0,73.0,55.0,32.0,47.0,373.0,30.0,343.0,0.0,14.0,334.0,348.0,94.0,1.07183908046,2.14285714286,1.02694610778,9,24,19,20
2016-09-24 16:20:00,2.0,3.0,3.0,2.0,2.0,0.0,4.0,7.0,6.0,4.0,4.0,0.0,2.0,2.33333333333,2.0,2.0,2.0,0.0,14.0,19.0,23.0,16.0,8.0,7.0,0.0,0.0,0.0,0.0,0.0,0.0,57.0,45.0,70.0,53.0,30.0,42.0,57.0,45.0,73.0,56.0,30.0,42.0,1.0,1.0,1.04285714286,1.05660377358,1.0,1.0,61.0,52.0,79.0,60.0,34.0,42.0,1.03389830508,1.08333333333,1.08219178082,1.09090909091,1.0625,1.0,59.0,48.0,73.0,55.0,32.0,42.0,21.0,328.0,25.0,303.0,0.0,12.0,297.0,309.0,87.0,1.06148867314,2.08333333333,1.0202020202,9,24,19,40
2016-09-24 16:40:00,3.0,3.0,2.0,2.0,0.0,3.0,7.0,6.0,4.0,4.0,0.0,6.0,2.33333333333,2.0,2.0,2.0,0.0,2.0,19.0,23.0,16.0,8.0,7.0,3.0,0.0,0.0,0.0,0.0,0.0,0.0,45.0,70.0,53.0,30.0,42.0,32.0,45.0,73.0,56.0,30.0,42.0,32.0,1.0,1.04285714286,1.05660377358,1.0,1.0,1.0,52.0,79.0,60.0,34.0,42.0,38.0,1.08333333333,1.08219178082,1.09090909091,1.0625,1.0,1.08571428571,48.0,73.0,55.0,32.0,42.0,35.0,23.0,305.0,27.0,278.0,0.0,13.0,272.0,285.0,76.0,1.0701754386,2.07692307692,1.02205882353,9,24,20,0
2016-09-24 17:00:00,3.0,2.0,2.0,0.0,3.0,3.0,6.0,4.0,4.0,0.0,6.0,6.0,2.0,2.0,2.0,0.0,2.0,2.0,23.0,16.0,8.0,7.0,3.0,7.0,0.0,0.0,0.0,0.0,0.0,0.0,70.0,53.0,30.0,42.0,32.0,51.0,73.0,56.0,30.0,42.0,32.0,54.0,1.04285714286,1.05660377358,1.0,1.0,1.0,1.05882352941,79.0,60.0,34.0,42.0,38.0,60.0,1.08219178082,1.09090909091,1.0625,1.0,1.08571428571,1.11111111111,73.0,55.0,32.0,42.0,35.0,54.0,28.0,313.0,26.0,287.0,0.0,13.0,278.0,291.0,64.0,1.07560137457,2.0,1.03237410072,9,24,20,20
2016-09-24 17:20:00,2.0,2.0,0.0,3.0,3.0,3.0,4.0,4.0,0.0,6.0,6.0,7.0,2.0,2.0,0.0,2.0,2.0,2.33333333333,16.0,8.0,7.0,3.0,7.0,12.0,0.0,0.0,0.0,0.0,0.0,0.0,53.0,30.0,42.0,32.0,51.0,29.0,56.0,30.0,42.0,32.0,54.0,29.0,1.05660377358,1.0,1.0,1.0,1.05882352941,1.0,60.0,34.0,42.0,38.0,60.0,36.0,1.09090909091,1.0625,1.0,1.08571428571,1.11111111111,1.125,55.0,32.0,42.0,35.0,54.0,32.0,30.0,270.0,27.0,243.0,0.0,13.0,237.0,250.0,53.0,1.08,2.07692307692,1.0253164557,9,24,20,40
2016-09-24 17:40:00,2.0,0.0,3.0,3.0,3.0,3.0,4.0,0.0,6.0,6.0,7.0,6.0,2.0,0.0,2.0,2.0,2.33333333333,2.0,8.0,7.0,3.0,7.0,12.0,5.0,0.0,0.0,0.0,0.0,0.0,0.0,30.0,42.0,32.0,51.0,29.0,44.0,30.0,42.0,32.0,54.0,29.0,44.0,1.0,1.0,1.0,1.05882352941,1.0,1.0,34.0,42.0,38.0,60.0,36.0,50.0,1.0625,1.0,1.08571428571,1.11111111111,1.125,1.06382978723,32.0,42.0,35.0,54.0,32.0,47.0,23.0,260.0,29.0,231.0,0.0,14.0,228.0,242.0,42.0,1.07438016529,2.07142857143,1.01315789474,9,24,21,0
2016-09-24 18:00:00,0.0,3.0,3.0,3.0,3.0,1.0,0.0,6.0,6.0,7.0,6.0,2.0,0.0,2.0,2.0,2.33333333333,2.0,2.0,7.0,3.0,7.0,12.0,5.0,3.0,0.0,0.0,0.0,0.0,0.0,0.0,42.0,32.0,51.0,29.0,44.0,20.0,42.0,32.0,54.0,29.0,44.0,20.0,1.0,1.0,1.05882352941,1.0,1.0,1.0,42.0,38.0,60.0,36.0,50.0,22.0,1.0,1.08571428571,1.11111111111,1.125,1.06382978723,1.04761904762,42.0,35.0,54.0,32.0,47.0,21.0,23.0,248.0,27.0,221.0,0.0,13.0,218.0,231.0,37.0,1.07359307359,2.07692307692,1.01376146789,9,24,21,20
2016-09-24 18:20:00,3.0,3.0,3.0,3.0,1.0,1.0,6.0,6.0,7.0,6.0,2.0,2.0,2.0,2.0,2.33333333333,2.0,2.0,2.0,3.0,7.0,12.0,5.0,3.0,7.0,0.0,0.0,0.0,0.0,0.0,0.0,32.0,51.0,29.0,44.0,20.0,22.0,32.0,54.0,29.0,44.0,20.0,22.0,1.0,1.05882352941,1.0,1.0,1.0,1.0,38.0,60.0,36.0,50.0,22.0,24.0,1.08571428571,1.11111111111,1.125,1.06382978723,1.04761904762,1.04347826087,35.0,54.0,32.0,47.0,21.0,23.0,16.0,230.0,29.0,201.0,0.0,14.0,198.0,212.0,37.0,1.08490566038,2.07142857143,1.01515151515,9,24,21,40
2016-09-24 18:40:00,3.0,3.0,3.0,1.0,1.0,3.0,6.0,7.0,6.0,2.0,2.0,6.0,2.0,2.33333333333,2.0,2.0,2.0,2.0,7.0,12.0,5.0,3.0,7.0,5.0,0.0,0.0,0.0,0.0,0.0,0.0,51.0,29.0,44.0,20.0,22.0,25.0,54.0,29.0,44.0,20.0,22.0,25.0,1.05882352941,1.0,1.0,1.0,1.0,1.0,60.0,36.0,50.0,22.0,24.0,31.0,1.11111111111,1.125,1.06382978723,1.04761904762,1.04347826087,1.10714285714,54.0,32.0,47.0,21.0,23.0,28.0,16.0,223.0,29.0,194.0,0.0,14.0,191.0,205.0,39.0,1.08780487805,2.07142857143,1.01570680628,9,24,22,0
2016-09-24 19:00:00,3.0,3.0,1.0,1.0,3.0,2.0,7.0,6.0,2.0,2.0,6.0,4.0,2.33333333333,2.0,2.0,2.0,2.0,2.0,12.0,5.0,3.0,7.0,5.0,10.0,0.0,0.0,0.0,0.0,0.0,0.0,29.0,44.0,20.0,22.0,25.0,28.0,29.0,44.0,20.0,22.0,25.0,28.0,1.0,1.0,1.0,1.0,1.0,1.0,36.0,50.0,22.0,24.0,31.0,32.0,1.125,1.06382978723,1.04761904762,1.04347826087,1.10714285714,1.06666666667,32.0,47.0,21.0,23.0,28.0,30.0,13.0,195.0,27.0,168.0,0.0,13.0,168.0,181.0,42.0,1.0773480663,2.07692307692,1.0,9,24,22,20
2016-09-24 19:20:00,3.0,1.0,1.0,3.0,2.0,3.0,6.0,2.0,2.0,6.0,4.0,6.0,2.0,2.0,2.0,2.0,2.0,2.0,5.0,3.0,7.0,5.0,10.0,9.0,0.0,0.0,0.0,0.0,0.0,0.0,44.0,20.0,22.0,25.0,28.0,20.0,44.0,20.0,22.0,25.0,28.0,20.0,1.0,1.0,1.0,1.0,1.0,1.0,50.0,22.0,24.0,31.0,32.0,26.0,1.06382978723,1.04761904762,1.04347826087,1.10714285714,1.06666666667,1.13043478261,47.0,21.0,23.0,28.0,30.0,23.0,15.0,185.0,26.0,159.0,0.0,13.0,159.0,172.0,39.0,1.07558139535,2.0,1.0,9,24,22,40
2016-09-24 19:40:00,1.0,1.0,3.0,2.0,3.0,2.0,2.0,2.0,6.0,4.0,6.0,4.0,2.0,2.0,2.0,2.0,2.0,2.0,3.0,7.0,5.0,10.0,9.0,4.0,0.0,0.0,0.0,0.0,0.0,0.0,20.0,22.0,25.0,28.0,20.0,21.0,20.0,22.0,25.0,28.0,20.0,21.0,1.0,1.0,1.0,1.0,1.0,1.0,22.0,24.0,31.0,32.0,26.0,25.0,1.04761904762,1.04347826087,1.10714285714,1.06666666667,1.13043478261,1.08695652174,21.0,23.0,28.0,30.0,23.0,23.0,6.0,160.0,24.0,136.0,0.0,12.0,136.0,148.0,38.0,1.08108108108,2.0,1.0,9,24,23,0
2016-09-24 20:00:00,1.0,3.0,2.0,3.0,2.0,1.0,2.0,6.0,4.0,6.0,4.0,2.0,2.0,2.0,2.0,2.0,2.0,2.0,7.0,5.0,10.0,9.0,4.0,3.0,0.0,0.0,0.0,0.0,0.0,0.0,22.0,25.0,28.0,20.0,21.0,15.0,22.0,25.0,28.0,20.0,21.0,15.0,1.0,1.0,1.0,1.0,1.0,1.0,24.0,31.0,32.0,26.0,25.0,17.0,1.04347826087,1.10714285714,1.06666666667,1.13043478261,1.08695652174,1.0625,23.0,28.0,30.0,23.0,23.0,16.0,10.0,155.0,24.0,131.0,0.0,12.0,131.0,143.0,38.0,1.08391608392,2.0,1.0,9,24,23,20
2016-09-24 20:20:00,3.0,2.0,3.0,2.0,1.0,0.0,6.0,4.0,6.0,4.0,2.0,0.0,2.0,2.0,2.0,2.0,2.0,0.0,5.0,10.0,9.0,4.0,3.0,2.0,0.0,0.0,0.0,0.0,0.0,0.0,25.0,28.0,20.0,21.0,15.0,16.0,25.0,28.0,20.0,21.0,15.0,16.0,1.0,1.0,1.0,1.0,1.0,1.0,31.0,32.0,26.0,25.0,17.0,16.0,1.10714285714,1.06666666667,1.13043478261,1.08695652174,1.0625,1.0,28.0,30.0,23.0,23.0,16.0,16.0,4.0,147.0,22.0,125.0,0.0,11.0,125.0,136.0,33.0,1.08088235294,2.0,1.0,9,24,23,40
2016-09-24 20:40:00,2.0,3.0,2.0,1.0,0.0,2.0,4.0,6.0,4.0,2.0,0.0,4.0,2.0,2.0,2.0,2.0,0.0,2.0,10.0,9.0,4.0,3.0,2.0,3.0,0.0,0.0,0.0,0.0,0.0,0.0,28.0,20.0,21.0,15.0,16.0,11.0,28.0,20.0,21.0,15.0,16.0,11.0,1.0,1.0,1.0,1.0,1.0,1.0,32.0,26.0,25.0,17.0,16.0,15.0,1.06666666667,1.13043478261,1.08695652174,1.0625,1.0,1.15384615385,30.0,23.0,23.0,16.0,16.0,13.0,14.0,131.0,20.0,111.0,0.0,10.0,111.0,121.0,31.0,1.0826446281,2.0,1.0,9,25,0,0
2016-09-24 21:00:00,3.0,2.0,1.0,0.0,2.0,2.0,6.0,4.0,2.0,0.0,4.0,4.0,2.0,2.0,2.0,0.0,2.0,2.0,9.0,4.0,3.0,2.0,3.0,1.0,0.0,0.0,0.0,0.0,0.0,0.0,20.0,21.0,15.0,16.0,11.0,13.0,20.0,21.0,15.0,16.0,11.0,13.0,1.0,1.0,1.0,1.0,1.0,1.0,26.0,25.0,17.0,16.0,15.0,17.0,1.13043478261,1.08695652174,1.0625,1.0,1.15384615385,1.13333333333,23.0,23.0,16.0,16.0,13.0,15.0,8.0,116.0,20.0,96.0,0.0,10.0,96.0,106.0,22.0,1.09433962264,2.0,1.0,9,25,0,20
2016-09-24 21:20:00,2.0,1.0,0.0,2.0,2.0,1.0,4.0,2.0,0.0,4.0,4.0,2.0,2.0,2.0,0.0,2.0,2.0,2.0,4.0,3.0,2.0,3.0,1.0,1.0,0.0,0.0,0.0,0.0,0.0,0.0,21.0,15.0,16.0,11.0,13.0,5.0,21.0,15.0,16.0,11.0,13.0,5.0,1.0,1.0,1.0,1.0,1.0,1.0,25.0,17.0,16.0,15.0,17.0,7.0,1.08695652174,1.0625,1.0,1.15384615385,1.13333333333,1.16666666667,23.0,16.0,16.0,13.0,15.0,6.0,7.0,97.0,16.0,81.0,0.0,8.0,81.0,89.0,14.0,1.08988764045,2.0,1.0,9,25,0,40
2016-09-24 21:40:00,1.0,0.0,2.0,2.0,1.0,3.0,2.0,0.0,4.0,4.0,2.0,6.0,2.0,0.0,2.0,2.0,2.0,2.0,3.0,2.0,3.0,1.0,1.0,2.0,0.0,0.0,0.0,0.0,0.0,0.0,15.0,16.0,11.0,13.0,5.0,7.0,15.0,16.0,11.0,13.0,5.0,7.0,1.0,1.0,1.0,1.0,1.0,1.0,17.0,16.0,15.0,17.0,7.0,13.0,1.0625,1.0,1.15384615385,1.13333333333,1.16666666667,1.3,16.0,16.0,13.0,15.0,6.0,10.0,8.0,85.0,18.0,67.0,0.0,9.0,67.0,76.0,12.0,1.11842105263,2.0,1.0,9,25,1,0
2016-09-24 22:00:00,0.0,2.0,2.0,1.0,3.0,1.0,0.0,4.0,4.0,2.0,6.0,2.0,0.0,2.0,2.0,2.0,2.0,2.0,2.0,3.0,1.0,1.0,2.0,2.0,0.0,0.0,0.0,0.0,0.0,0.0,16.0,11.0,13.0,5.0,7.0,3.0,16.0,11.0,13.0,5.0,7.0,6.0,1.0,1.0,1.0,1.0,1.0,2.0,16.0,15.0,17.0,7.0,13.0,8.0,1.0,1.15384615385,1.13333333333,1.16666666667,1.3,2.0,16.0,13.0,15.0,6.0,10.0,4.0,6.0,76.0,18.0,58.0,0.0,9.0,55.0,64.0,11.0,1.1875,2.0,1.05454545455,9,25,1,20
2016-09-24 22:20:00,2.0,2.0,1.0,3.0,1.0,4.0,4.0,4.0,2.0,6.0,2.0,18.0,2.0,2.0,2.0,2.0,2.0,4.5,3.0,1.0,1.0,2.0,2.0,0.0,0.0,0.0,0.0,0.0,0.0,0.0,11.0,13.0,5.0,7.0,3.0,10.0,11.0,13.0,5.0,7.0,6.0,10.0,1.0,1.0,1.0,1.0,2.0,1.0,15.0,17.0,7.0,13.0,8.0,28.0,1.15384615385,1.13333333333,1.16666666667,1.3,2.0,2.0,13.0,15.0,6.0,10.0,4.0,14.0,2.0,88.0,36.0,52.0,0.0,13.0,49.0,62.0,9.0,1.41935483871,2.76923076923,1.0612244898,9,25,1,40
2016-09-24 22:40:00,2.0,1.0,3.0,1.0,4.0,3.0,4.0,2.0,6.0,2.0,18.0,10.0,2.0,2.0,2.0,2.0,4.5,3.33333333333,1.0,1.0,2.0,2.0,0.0,1.0,0.0,0.0,0.0,0.0,0.0,0.0,13.0,5.0,7.0,3.0,10.0,5.0,13.0,5.0,7.0,6.0,10.0,5.0,1.0,1.0,1.0,2.0,1.0,1.0,17.0,7.0,13.0,8.0,28.0,15.0,1.13333333333,1.16666666667,1.3,2.0,2.0,1.875,15.0,6.0,10.0,4.0,14.0,8.0,5.0,88.0,42.0,46.0,0.0,14.0,43.0,57.0,7.0,1.54385964912,3.0,1.06976744186,9,25,2,0
2016-09-24 23:00:00,1.0,3.0,1.0,4.0,3.0,2.0,2.0,6.0,2.0,18.0,10.0,8.0,2.0,2.0,2.0,4.5,3.33333333333,4.0,1.0,2.0,2.0,0.0,1.0,1.0,0.0,0.0,0.0,0.0,0.0,0.0,5.0,7.0,3.0,10.0,5.0,5.0,5.0,7.0,6.0,10.0,5.0,8.0,1.0,1.0,2.0,1.0,1.0,1.6,7.0,13.0,8.0,28.0,15.0,16.0,1.16666666667,1.3,2.0,2.0,1.875,2.28571428571,6.0,10.0,4.0,14.0,8.0,7.0,10.0,87.0,46.0,41.0,0.0,14.0,35.0,49.0,7.0,1.77551020408,3.28571428571,1.17142857143,9,25,2,20
2016-09-24 23:20:00,3.0,1.0,4.0,3.0,2.0,1.0,6.0,2.0,18.0,10.0,8.0,5.0,2.0,2.0,4.5,3.33333333333,4.0,5.0,2.0,2.0,0.0,1.0,1.0,0.0,0.0,0.0,0.0,0.0,0.0,0.0,7.0,3.0,10.0,5.0,5.0,7.0,7.0,6.0,10.0,5.0,8.0,10.0,1.0,2.0,1.0,1.0,1.6,1.42857142857,13.0,8.0,28.0,15.0,16.0,15.0,1.3,2.0,2.0,1.875,2.28571428571,1.875,10.0,4.0,14.0,8.0,7.0,8.0,8.0,95.0,49.0,46.0,0.0,14.0,37.0,51.0,6.0,1.86274509804,3.5,1.24324324324,9,25,2,40
2016-09-24 23:40:00,1.0,4.0,3.0,2.0,1.0,4.0,2.0,18.0,10.0,8.0,5.0,14.0,2.0,4.5,3.33333333333,4.0,5.0,3.5,2.0,0.0,1.0,1.0,0.0,0.0,0.0,0.0,0.0,0.0,0.0,0.0,3.0,10.0,5.0,5.0,7.0,2.0,6.0,10.0,5.0,8.0,10.0,2.0,2.0,1.0,1.0,1.6,1.42857142857,1.0,8.0,28.0,15.0,16.0,15.0,16.0,2.0,2.0,1.875,2.28571428571,1.875,2.66666666667,4.0,14.0,8.0,7.0,8.0,6.0,5.0,98.0,57.0,41.0,0.0,15.0,32.0,47.0,4.0,2.08510638298,3.8,1.28125,9,25,3,0
2016-09-25 00:00:00,4.0,3.0,2.0,1.0,4.0,1.0,18.0,10.0,8.0,5.0,14.0,3.0,4.5,3.33333333333,4.0,5.0,3.5,3.0,0.0,1.0,1.0,0.0,0.0,0.0,0.0,0.0,0.0,0.0,0.0,0.0,10.0,5.0,5.0,7.0,2.0,1.0,10.0,5.0,8.0,10.0,2.0,1.0,1.0,1.0,1.6,1.42857142857,1.0,1.0,28.0,15.0,16.0,15.0,16.0,4.0,2.0,1.875,2.28571428571,1.875,2.66666666667,2.0,14.0,8.0,7.0,8.0,6.0,2.0,6.0,94.0,58.0,36.0,0.0,15.0,30.0,45.0,2.0,2.08888888889,3.86666666667,1.2,9,25,3,20
2016-09-25 00:20:00,3.0,2.0,1.0,4.0,1.0,0.0,10.0,8.0,5.0,14.0,3.0,0.0,3.33333333333,4.0,5.0,3.5,3.0,0.0,1.0,1.0,0.0,0.0,0.0,1.0,0.0,0.0,0.0,0.0,0.0,0.0,5.0,5.0,7.0,2.0,1.0,5.0,5.0,8.0,10.0,2.0,1.0,5.0,1.0,1.6,1.42857142857,1.0,1.0,1.0,15.0,16.0,15.0,16.0,4.0,5.0,1.875,2.28571428571,1.875,2.66666666667,2.0,1.0,8.0,7.0,8.0,6.0,2.0,5.0,11.0,71.0,40.0,31.0,0.0,11.0,25.0,36.0,3.0,1.97222222222,3.63636363636,1.24,9,25,3,40
2016-09-25 00:40:00,2.0,1.0,4.0,1.0,0.0,3.0,8.0,5.0,14.0,3.0,0.0,12.0,4.0,5.0,3.5,3.0,0.0,4.0,1.0,0.0,0.0,0.0,1.0,2.0,0.0,0.0,0.0,0.0,0.0,0.0,5.0,7.0,2.0,1.0,5.0,7.0,8.0,10.0,2.0,1.0,5.0,7.0,1.6,1.42857142857,1.0,1.0,1.0,1.0,16.0,15.0,16.0,4.0,5.0,19.0,2.28571428571,1.875,2.66666666667,2.0,1.0,1.9,7.0,8.0,6.0,2.0,5.0,10.0,7.0,75.0,42.0,33.0,0.0,11.0,27.0,38.0,4.0,1.97368421053,3.81818181818,1.22222222222,9,25,4,0
2016-09-25 01:00:00,1.0,4.0,1.0,0.0,3.0,7.0,5.0,14.0,3.0,0.0,12.0,30.0,5.0,3.5,3.0,0.0,4.0,4.28571428571,0.0,0.0,0.0,1.0,2.0,0.0,0.0,0.0,0.0,0.0,0.0,0.0,7.0,2.0,1.0,5.0,7.0,1.0,10.0,2.0,1.0,5.0,7.0,1.0,1.42857142857,1.0,1.0,1.0,1.0,1.0,15.0,16.0,4.0,5.0,19.0,31.0,1.875,2.66666666667,2.0,1.0,1.9,3.875,8.0,6.0,2.0,5.0,10.0,8.0,7.0,90.0,64.0,26.0,0.0,16.0,23.0,39.0,3.0,2.30769230769,4.0,1.13043478261,9,25,4,20
2016-09-25 01:20:00,4.0,1.0,0.0,3.0,7.0,2.0,14.0,3.0,0.0,12.0,30.0,7.0,3.5,3.0,0.0,4.0,4.28571428571,3.5,0.0,0.0,1.0,2.0,0.0,0.0,0.0,0.0,0.0,0.0,0.0,0.0,2.0,1.0,5.0,7.0,1.0,3.0,2.0,1.0,5.0,7.0,1.0,3.0,1.0,1.0,1.0,1.0,1.0,1.0,16.0,4.0,5.0,19.0,31.0,10.0,2.66666666667,2.0,1.0,1.9,3.875,2.0,6.0,2.0,5.0,10.0,8.0,5.0,13.0,85.0,66.0,19.0,0.0,17.0,19.0,36.0,3.0,2.36111111111,3.88235294118,1.0,9,25,4,40
2016-09-25 01:40:00,1.0,0.0,3.0,7.0,2.0,3.0,3.0,0.0,12.0,30.0,7.0,9.0,3.0,0.0,4.0,4.28571428571,3.5,3.0,0.0,1.0,2.0,0.0,0.0,0.0,0.0,0.0,0.0,0.0,0.0,0.0,1.0,5.0,7.0,1.0,3.0,3.0,1.0,5.0,7.0,1.0,3.0,3.0,1.0,1.0,1.0,1.0,1.0,1.0,4.0,5.0,19.0,31.0,10.0,12.0,2.0,1.0,1.9,3.875,2.0,2.0,2.0,5.0,10.0,8.0,5.0,6.0,9.0,81.0,61.0,20.0,0.0,16.0,20.0,36.0,3.0,2.25,3.8125,1.0,9,25,5,0
2016-09-25 02:00:00,0.0,3.0,7.0,2.0,3.0,2.0,0.0,12.0,30.0,7.0,9.0,5.0,0.0,4.0,4.28571428571,3.5,3.0,2.5,1.0,2.0,0.0,0.0,0.0,2.0,0.0,0.0,0.0,0.0,0.0,0.0,5.0,7.0,1.0,3.0,3.0,9.0,5.0,7.0,1.0,3.0,3.0,9.0,1.0,1.0,1.0,1.0,1.0,1.0,5.0,19.0,31.0,10.0,12.0,14.0,1.0,1.9,3.875,2.0,2.0,1.27272727273,5.0,10.0,8.0,5.0,6.0,11.0,6.0,91.0,63.0,28.0,0.0,17.0,28.0,45.0,5.0,2.02222222222,3.70588235294,1.0,9,25,5,20
2016-09-25 02:20:00,3.0,7.0,2.0,3.0,2.0,5.0,12.0,30.0,7.0,9.0,5.0,16.0,4.0,4.28571428571,3.5,3.0,2.5,3.2,2.0,0.0,0.0,0.0,2.0,0.0,0.0,0.0,0.0,0.0,0.0,0.0,7.0,1.0,3.0,3.0,9.0,2.0,7.0,1.0,3.0,3.0,9.0,2.0,1.0,1.0,1.0,1.0,1.0,1.0,19.0,31.0,10.0,12.0,14.0,18.0,1.9,3.875,2.0,2.0,1.27272727273,2.57142857143,10.0,8.0,5.0,6.0,11.0,7.0,8.0,104.0,79.0,25.0,0.0,22.0,25.0,47.0,4.0,2.21276595745,3.59090909091,1.0,9,25,5,40
2016-09-25 02:40:00,7.0,2.0,3.0,2.0,5.0,1.0,30.0,7.0,9.0,5.0,16.0,2.0,4.28571428571,3.5,3.0,2.5,3.2,2.0,0.0,0.0,0.0,2.0,0.0,1.0,0.0,0.0,0.0,0.0,0.0,0.0,1.0,3.0,3.0,9.0,2.0,6.0,1.0,3.0,3.0,9.0,2.0,6.0,1.0,1.0,1.0,1.0,1.0,1.0,31.0,10.0,12.0,14.0,18.0,8.0,3.875,2.0,2.0,1.27272727273,2.57142857143,1.14285714286,8.0,5.0,6.0,11.0,7.0,7.0,10.0,93.0,69.0,24.0,0.0,20.0,24.0,44.0,3.0,2.11363636364,3.45,1.0,9,25,6,0
2016-09-25 03:00:00,2.0,3.0,2.0,5.0,1.0,6.0,7.0,9.0,5.0,16.0,2.0,21.0,3.5,3.0,2.5,3.2,2.0,3.5,0.0,0.0,2.0,0.0,1.0,0.0,0.0,0.0,0.0,0.0,0.0,0.0,3.0,3.0,9.0,2.0,6.0,7.0,3.0,3.0,9.0,2.0,6.0,7.0,1.0,1.0,1.0,1.0,1.0,1.0,10.0,12.0,14.0,18.0,8.0,28.0,2.0,2.0,1.27272727273,2.57142857143,1.14285714286,2.15384615385,5.0,6.0,11.0,7.0,7.0,13.0,12.0,90.0,60.0,30.0,0.0,19.0,30.0,49.0,3.0,1.83673469388,3.15789473684,1.0,9,25,6,20
2016-09-25 03:20:00,3.0,2.0,5.0,1.0,6.0,1.0,9.0,5.0,16.0,2.0,21.0,2.0,3.0,2.5,3.2,2.0,3.5,2.0,0.0,2.0,0.0,1.0,0.0,2.0,0.0,0.0,0.0,0.0,0.0,0.0,3.0,9.0,2.0,6.0,7.0,8.0,3.0,9.0,2.0,6.0,7.0,8.0,1.0,1.0,1.0,1.0,1.0,1.0,12.0,14.0,18.0,8.0,28.0,10.0,2.0,1.27272727273,2.57142857143,1.14285714286,2.15384615385,1.11111111111,6.0,11.0,7.0,7.0,13.0,9.0,26.0,90.0,55.0,35.0,0.0,18.0,35.0,53.0,5.0,1.69811320755,3.05555555556,1.0,9,25,6,40
2016-09-25 03:40:00,2.0,5.0,1.0,6.0,1.0,1.0,5.0,16.0,2.0,21.0,2.0,2.0,2.5,3.2,2.0,3.5,2.0,2.0,2.0,0.0,1.0,0.0,2.0,1.0,0.0,0.0,0.0,0.0,0.0,0.0,9.0,2.0,6.0,7.0,8.0,5.0,9.0,2.0,6.0,7.0,8.0,5.0,1.0,1.0,1.0,1.0,1.0,1.0,14.0,18.0,8.0,28.0,10.0,7.0,1.27272727273,2.57142857143,1.14285714286,2.15384615385,1.11111111111,1.16666666667,11.0,7.0,7.0,13.0,9.0,6.0,20.0,85.0,48.0,37.0,0.0,16.0,37.0,53.0,6.0,1.60377358491,3.0,1.0,9,25,7,0
2016-09-25 04:00:00,5.0,1.0,6.0,1.0,1.0,2.0,16.0,2.0,21.0,2.0,2.0,4.0,3.2,2.0,3.5,2.0,2.0,2.0,0.0,1.0,0.0,2.0,1.0,3.0,0.0,0.0,0.0,0.0,0.0,0.0,2.0,6.0,7.0,8.0,5.0,6.0,2.0,6.0,7.0,8.0,5.0,6.0,1.0,1.0,1.0,1.0,1.0,1.0,18.0,8.0,28.0,10.0,7.0,10.0,2.57142857143,1.14285714286,2.15384615385,1.11111111111,1.16666666667,1.25,7.0,7.0,13.0,9.0,6.0,8.0,22.0,81.0,47.0,34.0,0.0,16.0,34.0,50.0,7.0,1.62,2.9375,1.0,9,25,7,20
2016-09-25 04:20:00,1.0,6.0,1.0,1.0,2.0,2.0,2.0,21.0,2.0,2.0,4.0,4.0,2.0,3.5,2.0,2.0,2.0,2.0,1.0,0.0,2.0,1.0,3.0,1.0,0.0,0.0,0.0,0.0,0.0,0.0,6.0,7.0,8.0,5.0,6.0,8.0,6.0,7.0,8.0,5.0,6.0,8.0,1.0,1.0,1.0,1.0,1.0,1.0,8.0,28.0,10.0,7.0,10.0,12.0,1.14285714286,2.15384615385,1.11111111111,1.16666666667,1.25,1.2,7.0,13.0,9.0,6.0,8.0,10.0,33.0,75.0,35.0,40.0,0.0,13.0,40.0,53.0,8.0,1.41509433962,2.69230769231,1.0,9,25,7,40
2016-09-25 04:40:00,6.0,1.0,1.0,2.0,2.0,4.0,21.0,2.0,2.0,4.0,4.0,8.0,3.5,2.0,2.0,2.0,2.0,2.0,0.0,2.0,1.0,3.0,1.0,3.0,0.0,0.0,0.0,0.0,0.0,0.0,7.0,8.0,5.0,6.0,8.0,8.0,7.0,8.0,5.0,6.0,8.0,8.0,1.0,1.0,1.0,1.0,1.0,1.0,28.0,10.0,7.0,10.0,12.0,16.0,2.15384615385,1.11111111111,1.16666666667,1.25,1.2,1.33333333333,13.0,9.0,6.0,8.0,10.0,12.0,35.0,83.0,41.0,42.0,0.0,16.0,42.0,58.0,10.0,1.43103448276,2.5625,1.0,9,25,8,0
2016-09-25 05:00:00,1.0,1.0,2.0,2.0,4.0,10.0,2.0,2.0,4.0,4.0,8.0,22.0,2.0,2.0,2.0,2.0,2.0,2.2,2.0,1.0,3.0,1.0,3.0,5.0,0.0,0.0,0.0,0.0,0.0,0.0,8.0,5.0,6.0,8.0,8.0,16.0,8.0,5.0,6.0,8.0,8.0,16.0,1.0,1.0,1.0,1.0,1.0,1.0,10.0,7.0,10.0,12.0,16.0,38.0,1.11111111111,1.16666666667,1.25,1.2,1.33333333333,1.46153846154,9.0,6.0,8.0,10.0,12.0,26.0,40.0,93.0,42.0,51.0,0.0,20.0,51.0,71.0,15.0,1.30985915493,2.1,1.0,9,25,8,20
2016-09-25 05:20:00,1.0,2.0,2.0,4.0,10.0,6.0,2.0,4.0,4.0,8.0,22.0,13.0,2.0,2.0,2.0,2.0,2.2,2.16666666667,1.0,3.0,1.0,3.0,5.0,4.0,0.0,0.0,0.0,0.0,0.0,0.0,5.0,6.0,8.0,8.0,16.0,14.0,5.0,6.0,8.0,8.0,16.0,14.0,1.0,1.0,1.0,1.0,1.0,1.0,7.0,10.0,12.0,16.0,38.0,27.0,1.16666666667,1.25,1.2,1.33333333333,1.46153846154,1.35,6.0,8.0,10.0,12.0,26.0,20.0,50.0,110.0,53.0,57.0,0.0,25.0,57.0,82.0,17.0,1.34146341463,2.12,1.0,9,25,8,40
2016-09-25 05:40:00,2.0,2.0,4.0,10.0,6.0,3.0,4.0,4.0,8.0,22.0,13.0,6.0,2.0,2.0,2.0,2.2,2.16666666667,2.0,3.0,1.0,3.0,5.0,4.0,4.0,0.0,0.0,0.0,0.0,0.0,0.0,6.0,8.0,8.0,16.0,14.0,19.0,6.0,8.0,8.0,16.0,14.0,19.0,1.0,1.0,1.0,1.0,1.0,1.0,10.0,12.0,16.0,38.0,27.0,25.0,1.25,1.2,1.33333333333,1.46153846154,1.35,1.13636363636,8.0,10.0,12.0,26.0,20.0,22.0,41.0,128.0,57.0,71.0,0.0,27.0,71.0,98.0,20.0,1.30612244898,2.11111111111,1.0,9,25,9,0
2016-09-25 06:00:00,2.0,4.0,10.0,6.0,3.0,2.0,4.0,8.0,22.0,13.0,6.0,4.0,2.0,2.0,2.2,2.16666666667,2.0,2.0,1.0,3.0,5.0,4.0,4.0,8.0,0.0,0.0,0.0,0.0,0.0,0.0,8.0,8.0,16.0,14.0,19.0,31.0,8.0,8.0,16.0,14.0,19.0,40.0,1.0,1.0,1.0,1.0,1.0,1.29032258065,12.0,16.0,38.0,27.0,25.0,44.0,1.2,1.33333333333,1.46153846154,1.35,1.13636363636,1.33333333333,10.0,12.0,26.0,20.0,22.0,33.0,42.0,162.0,57.0,105.0,0.0,27.0,96.0,123.0,25.0,1.31707317073,2.11111111111,1.09375,9,25,9,20
2016-09-25 06:20:00,4.0,10.0,6.0,3.0,2.0,3.0,8.0,22.0,13.0,6.0,4.0,6.0,2.0,2.2,2.16666666667,2.0,2.0,2.0,3.0,5.0,4.0,4.0,8.0,7.0,0.0,0.0,0.0,0.0,0.0,0.0,8.0,16.0,14.0,19.0,31.0,32.0,8.0,16.0,14.0,19.0,40.0,38.0,1.0,1.0,1.0,1.0,1.29032258065,1.1875,16.0,38.0,27.0,25.0,44.0,44.0,1.33333333333,1.46153846154,1.35,1.13636363636,1.33333333333,1.25714285714,12.0,26.0,20.0,22.0,33.0,35.0,49.0,194.0,59.0,135.0,0.0,28.0,120.0,148.0,31.0,1.31081081081,2.10714285714,1.125,9,25,9,40
2016-09-25 06:40:00,10.0,6.0,3.0,2.0,3.0,5.0,22.0,13.0,6.0,4.0,6.0,11.0,2.2,2.16666666667,2.0,2.0,2.0,2.2,5.0,4.0,4.0,8.0,7.0,10.0,0.0,0.0,0.0,0.0,0.0,0.0,16.0,14.0,19.0,31.0,32.0,35.0,16.0,14.0,19.0,40.0,38.0,38.0,1.0,1.0,1.0,1.29032258065,1.1875,1.08571428571,38.0,27.0,25.0,44.0,44.0,49.0,1.46153846154,1.35,1.13636363636,1.33333333333,1.25714285714,1.225,26.0,20.0,22.0,33.0,35.0,40.0,50.0,227.0,62.0,165.0,0.0,29.0,147.0,176.0,38.0,1.28977272727,2.13793103448,1.12244897959,9,25,10,0
2016-09-25 07:00:00,6.0,3.0,2.0,3.0,5.0,4.0,13.0,6.0,4.0,6.0,11.0,8.0,2.16666666667,2.0,2.0,2.0,2.2,2.0,4.0,4.0,8.0,7.0,10.0,15.0,0.0,0.0,0.0,0.0,0.0,0.0,14.0,19.0,31.0,32.0,35.0,46.0,14.0,19.0,40.0,38.0,38.0,46.0,1.0,1.0,1.29032258065,1.1875,1.08571428571,1.0,27.0,25.0,44.0,44.0,49.0,54.0,1.35,1.13636363636,1.33333333333,1.25714285714,1.225,1.08,20.0,22.0,33.0,35.0,40.0,50.0,47.0,243.0,48.0,195.0,0.0,23.0,177.0,200.0,48.0,1.215,2.08695652174,1.10169491525,9,25,10,20
2016-09-25 07:20:00,3.0,2.0,3.0,5.0,4.0,6.0,6.0,4.0,6.0,11.0,8.0,13.0,2.0,2.0,2.0,2.2,2.0,2.16666666667,4.0,8.0,7.0,10.0,15.0,9.0,0.0,0.0,0.0,0.0,0.0,0.0,19.0,31.0,32.0,35.0,46.0,35.0,19.0,40.0,38.0,38.0,46.0,35.0,1.0,1.29032258065,1.1875,1.08571428571,1.0,1.0,25.0,44.0,44.0,49.0,54.0,48.0,1.13636363636,1.33333333333,1.25714285714,1.225,1.08,1.17073170732,22.0,33.0,35.0,40.0,50.0,41.0,55.0,264.0,48.0,216.0,0.0,23.0,198.0,221.0,53.0,1.19457013575,2.08695652174,1.09090909091,9,25,10,40
2016-09-25 07:40:00,2.0,3.0,5.0,4.0,6.0,3.0,4.0,6.0,11.0,8.0,13.0,6.0,2.0,2.0,2.2,2.0,2.16666666667,2.0,8.0,7.0,10.0,15.0,9.0,8.0,0.0,0.0,0.0,0.0,0.0,0.0,31.0,32.0,35.0,46.0,35.0,39.0,40.0,38.0,38.0,46.0,35.0,42.0,1.29032258065,1.1875,1.08571428571,1.0,1.0,1.07692307692,44.0,44.0,49.0,54.0,48.0,48.0,1.33333333333,1.25714285714,1.225,1.08,1.17073170732,1.14285714286,33.0,35.0,40.0,50.0,41.0,42.0,55.0,287.0,48.0,239.0,0.0,23.0,218.0,241.0,57.0,1.19087136929,2.08695652174,1.09633027523,9,25,11,0
2016-09-25 08:00:00,3.0,5.0,4.0,6.0,3.0,4.0,6.0,11.0,8.0,13.0,6.0,9.0,2.0,2.2,2.0,2.16666666667,2.0,2.25,7.0,10.0,15.0,9.0,8.0,9.0,0.0,0.0,0.0,0.0,0.0,0.0,32.0,35.0,46.0,35.0,39.0,45.0,38.0,38.0,46.0,35.0,42.0,45.0,1.1875,1.08571428571,1.0,1.0,1.07692307692,1.0,44.0,49.0,54.0,48.0,48.0,54.0,1.25714285714,1.225,1.08,1.17073170732,1.14285714286,1.10204081633,35.0,40.0,50.0,41.0,42.0,49.0,54.0,297.0,53.0,244.0,0.0,25.0,232.0,257.0,58.0,1.15564202335,2.12,1.05172413793,9,25,11,20
2016-09-25 08:20:00,5.0,4.0,6.0,3.0,4.0,4.0,11.0,8.0,13.0,6.0,9.0,9.0,2.2,2.0,2.16666666667,2.0,2.25,2.25,10.0,15.0,9.0,8.0,9.0,12.0,0.0,0.0,0.0,0.0,0.0,0.0,35.0,46.0,35.0,39.0,45.0,46.0,38.0,46.0,35.0,42.0,45.0,46.0,1.08571428571,1.0,1.0,1.07692307692,1.0,1.0,49.0,54.0,48.0,48.0,54.0,55.0,1.225,1.08,1.17073170732,1.14285714286,1.10204081633,1.1,40.0,50.0,41.0,42.0,49.0,50.0,29.0,308.0,56.0,252.0,0.0,26.0,246.0,272.0,63.0,1.13235294118,2.15384615385,1.0243902439,9,25,11,40
2016-09-25 08:40:00,4.0,6.0,3.0,4.0,4.0,3.0,8.0,13.0,6.0,9.0,9.0,7.0,2.0,2.16666666667,2.0,2.25,2.25,2.33333333333,15.0,9.0,8.0,9.0,12.0,14.0,0.0,0.0,0.0,0.0,0.0,0.0,46.0,35.0,39.0,45.0,46.0,44.0,46.0,35.0,42.0,45.0,46.0,44.0,1.0,1.0,1.07692307692,1.0,1.0,1.0,54.0,48.0,48.0,54.0,55.0,51.0,1.08,1.17073170732,1.14285714286,1.10204081633,1.1,1.08510638298,50.0,41.0,42.0,49.0,50.0,47.0,47.0,310.0,52.0,258.0,0.0,24.0,255.0,279.0,67.0,1.11111111111,2.16666666667,1.01176470588,9,25,12,0
2016-09-25 09:00:00,6.0,3.0,4.0,4.0,3.0,5.0,13.0,6.0,9.0,9.0,7.0,10.0,2.16666666667,2.0,2.25,2.25,2.33333333333,2.0,9.0,8.0,9.0,12.0,14.0,10.0,0.0,0.0,0.0,0.0,0.0,0.0,35.0,39.0,45.0,46.0,44.0,50.0,35.0,42.0,45.0,46.0,44.0,50.0,1.0,1.07692307692,1.0,1.0,1.0,1.0,48.0,48.0,54.0,55.0,51.0,60.0,1.17073170732,1.14285714286,1.10204081633,1.1,1.08510638298,1.09090909091,41.0,42.0,49.0,50.0,47.0,55.0,58.0,316.0,54.0,262.0,0.0,25.0,259.0,284.0,62.0,1.11267605634,2.16,1.01158301158,9,25,12,20
2016-09-25 09:20:00,3.0,4.0,4.0,3.0,5.0,2.0,6.0,9.0,9.0,7.0,10.0,4.0,2.0,2.25,2.25,2.33333333333,2.0,2.0,8.0,9.0,12.0,14.0,10.0,14.0,0.0,0.0,0.0,0.0,0.0,0.0,39.0,45.0,46.0,44.0,50.0,53.0,42.0,45.0,46.0,44.0,50.0,53.0,1.07692307692,1.0,1.0,1.0,1.0,1.0,48.0,54.0,55.0,51.0,60.0,57.0,1.14285714286,1.10204081633,1.1,1.08510638298,1.09090909091,1.03636363636,42.0,49.0,50.0,47.0,55.0,55.0,46.0,325.0,45.0,280.0,0.0,21.0,277.0,298.0,67.0,1.09060402685,2.14285714286,1.01083032491,9,25,12,40
2016-09-25 09:40:00,4.0,4.0,3.0,5.0,2.0,5.0,9.0,9.0,7.0,10.0,4.0,13.0,2.25,2.25,2.33333333333,2.0,2.0,2.6,9.0,12.0,14.0,10.0,14.0,11.0,0.0,0.0,0.0,0.0,0.0,0.0,45.0,46.0,44.0,50.0,53.0,49.0,45.0,46.0,44.0,50.0,53.0,49.0,1.0,1.0,1.0,1.0,1.0,1.0,54.0,55.0,51.0,60.0,57.0,62.0,1.10204081633,1.1,1.08510638298,1.09090909091,1.03636363636,1.14814814815,49.0,50.0,47.0,55.0,55.0,54.0,57.0,339.0,52.0,287.0,0.0,23.0,287.0,310.0,70.0,1.0935483871,2.26086956522,1.0,9,25,13,0
2016-09-25 10:00:00,4.0,3.0,5.0,2.0,5.0,1.0,9.0,7.0,10.0,4.0,13.0,2.0,2.25,2.33333333333,2.0,2.0,2.6,2.0,12.0,14.0,10.0,14.0,11.0,13.0,0.0,0.0,0.0,0.0,0.0,0.0,46.0,44.0,50.0,53.0,49.0,28.0,46.0,44.0,50.0,53.0,49.0,28.0,1.0,1.0,1.0,1.0,1.0,1.0,55.0,51.0,60.0,57.0,62.0,30.0,1.1,1.08510638298,1.09090909091,1.03636363636,1.14814814815,1.03448275862,50.0,47.0,55.0,55.0,54.0,29.0,56.0,315.0,45.0,270.0,0.0,20.0,270.0,290.0,74.0,1.08620689655,2.25,1.0,9,25,13,20
2016-09-25 10:20:00,3.0,5.0,2.0,5.0,1.0,3.0,7.0,10.0,4.0,13.0,2.0,6.0,2.33333333333,2.0,2.0,2.6,2.0,2.0,14.0,10.0,14.0,11.0,13.0,12.0,0.0,0.0,0.0,0.0,0.0,0.0,44.0,50.0,53.0,49.0,28.0,44.0,44.0,50.0,53.0,49.0,28.0,47.0,1.0,1.0,1.0,1.0,1.0,1.06818181818,51.0,60.0,57.0,62.0,30.0,53.0,1.08510638298,1.09090909091,1.03636363636,1.14814814815,1.03448275862,1.12765957447,47.0,55.0,55.0,54.0,29.0,47.0,60.0,313.0,42.0,271.0,0.0,19.0,268.0,287.0,74.0,1.09059233449,2.21052631579,1.01119402985,9,25,13,40
2016-09-25 10:40:00,5.0,2.0,5.0,1.0,3.0,4.0,10.0,4.0,13.0,2.0,6.0,9.0,2.0,2.0,2.6,2.0,2.0,2.25,10.0,14.0,11.0,13.0,12.0,18.0,0.0,0.0,0.0,0.0,0.0,0.0,50.0,53.0,49.0,28.0,44.0,54.0,50.0,53.0,49.0,28.0,47.0,63.0,1.0,1.0,1.0,1.0,1.06818181818,1.16666666667,60.0,57.0,62.0,30.0,53.0,72.0,1.09090909091,1.03636363636,1.14814814815,1.03448275862,1.12765957447,1.24137931034,55.0,55.0,54.0,29.0,47.0,58.0,72.0,334.0,44.0,290.0,0.0,20.0,278.0,298.0,78.0,1.12080536913,2.2,1.04316546763,9,25,14,0
2016-09-25 11:00:00,2.0,5.0,1.0,3.0,4.0,3.0,4.0,13.0,2.0,6.0,9.0,7.0,2.0,2.6,2.0,2.0,2.25,2.33333333333,14.0,11.0,13.0,12.0,18.0,14.0,0.0,0.0,0.0,0.0,0.0,0.0,53.0,49.0,28.0,44.0,54.0,43.0,53.0,49.0,28.0,47.0,63.0,43.0,1.0,1.0,1.0,1.06818181818,1.16666666667,1.0,57.0,62.0,30.0,53.0,72.0,50.0,1.03636363636,1.14814814815,1.03448275862,1.12765957447,1.24137931034,1.08695652174,55.0,54.0,29.0,47.0,58.0,46.0,59.0,324.0,41.0,283.0,0.0,18.0,271.0,289.0,82.0,1.12110726644,2.27777777778,1.0442804428,9,25,14,20
2016-09-25 11:20:00,5.0,1.0,3.0,4.0,3.0,3.0,13.0,2.0,6.0,9.0,7.0,9.0,2.6,2.0,2.0,2.25,2.33333333333,3.0,11.0,13.0,12.0,18.0,14.0,18.0,0.0,0.0,0.0,0.0,0.0,0.0,49.0,28.0,44.0,54.0,43.0,54.0,49.0,28.0,47.0,63.0,43.0,69.0,1.0,1.0,1.06818181818,1.16666666667,1.0,1.27777777778,62.0,30.0,53.0,72.0,50.0,78.0,1.14814814815,1.03448275862,1.12765957447,1.24137931034,1.08695652174,1.36842105263,54.0,29.0,47.0,58.0,46.0,57.0,85.0,345.0,46.0,299.0,0.0,19.0,272.0,291.0,86.0,1.18556701031,2.42105263158,1.09926470588,9,25,14,40
2016-09-25 11:40:00,1.0,3.0,4.0,3.0,3.0,4.0,2.0,6.0,9.0,7.0,9.0,8.0,2.0,2.0,2.25,2.33333333333,3.0,2.0,13.0,12.0,18.0,14.0,18.0,16.0,0.0,0.0,0.0,0.0,0.0,0.0,28.0,44.0,54.0,43.0,54.0,52.0,28.0,47.0,63.0,43.0,69.0,55.0,1.0,1.06818181818,1.16666666667,1.0,1.27777777778,1.05769230769,30.0,53.0,72.0,50.0,78.0,63.0,1.03448275862,1.12765957447,1.24137931034,1.08695652174,1.36842105263,1.125,29.0,47.0,58.0,46.0,57.0,56.0,65.0,346.0,41.0,305.0,0.0,18.0,275.0,293.0,91.0,1.18088737201,2.27777777778,1.10909090909,9,25,15,0
2016-09-25 12:00:00,3.0,4.0,3.0,3.0,4.0,4.0,6.0,9.0,7.0,9.0,8.0,9.0,2.0,2.25,2.33333333333,3.0,2.0,2.25,12.0,18.0,14.0,18.0,16.0,18.0,0.0,0.0,0.0,0.0,0.0,0.0,44.0,54.0,43.0,54.0,52.0,56.0,47.0,63.0,43.0,69.0,55.0,56.0,1.06818181818,1.16666666667,1.0,1.27777777778,1.05769230769,1.0,53.0,72.0,50.0,78.0,63.0,65.0,1.12765957447,1.24137931034,1.08695652174,1.36842105263,1.125,1.08333333333,47.0,58.0,46.0,57.0,56.0,60.0,61.0,381.0,48.0,333.0,0.0,21.0,303.0,324.0,96.0,1.17592592593,2.28571428571,1.09900990099,9,25,15,20
2016-09-25 12:20:00,4.0,3.0,3.0,4.0,4.0,8.0,9.0,7.0,9.0,8.0,9.0,18.0,2.25,2.33333333333,3.0,2.0,2.25,2.25,18.0,14.0,18.0,16.0,18.0,21.0,0.0,0.0,0.0,0.0,0.0,0.0,54.0,43.0,54.0,52.0,56.0,64.0,63.0,43.0,69.0,55.0,56.0,64.0,1.16666666667,1.0,1.27777777778,1.05769230769,1.0,1.0,72.0,50.0,78.0,63.0,65.0,82.0,1.24137931034,1.08695652174,1.36842105263,1.125,1.08333333333,1.13888888889,58.0,46.0,57.0,56.0,60.0,72.0,52.0,410.0,60.0,350.0,0.0,26.0,323.0,349.0,105.0,1.17478510029,2.30769230769,1.08359133127,9,25,15,40
2016-09-25 12:40:00,3.0,3.0,4.0,4.0,8.0,6.0,7.0,9.0,8.0,9.0,18.0,13.0,2.33333333333,3.0,2.0,2.25,2.25,2.16666666667,14.0,18.0,16.0,18.0,21.0,20.0,0.0,0.0,0.0,0.0,0.0,0.0,43.0,54.0,52.0,56.0,64.0,53.0,43.0,69.0,55.0,56.0,64.0,59.0,1.0,1.27777777778,1.05769230769,1.0,1.0,1.11320754717,50.0,78.0,63.0,65.0,82.0,72.0,1.08695652174,1.36842105263,1.125,1.08333333333,1.13888888889,1.22033898305,46.0,57.0,56.0,60.0,72.0,59.0,70.0,410.0,64.0,346.0,0.0,28.0,322.0,350.0,107.0,1.17142857143,2.28571428571,1.07453416149,9,25,16,0
2016-09-25 13:00:00,3.0,4.0,4.0,8.0,6.0,4.0,9.0,8.0,9.0,18.0,13.0,9.0,3.0,2.0,2.25,2.25,2.16666666667,2.25,18.0,16.0,18.0,21.0,20.0,24.0,0.0,0.0,0.0,0.0,0.0,0.0,54.0,52.0,56.0,64.0,53.0,81.0,69.0,55.0,56.0,64.0,59.0,84.0,1.27777777778,1.05769230769,1.0,1.0,1.11320754717,1.03703703704,78.0,63.0,65.0,82.0,72.0,93.0,1.36842105263,1.125,1.08333333333,1.13888888889,1.22033898305,1.09411764706,57.0,56.0,60.0,72.0,59.0,85.0,63.0,453.0,66.0,387.0,0.0,29.0,360.0,389.0,117.0,1.16452442159,2.27586206897,1.075,9,25,16,20
2016-09-25 13:20:00,4.0,4.0,8.0,6.0,4.0,2.0,8.0,9.0,18.0,13.0,9.0,4.0,2.0,2.25,2.25,2.16666666667,2.25,2.0,16.0,18.0,21.0,20.0,24.0,15.0,0.0,0.0,0.0,0.0,0.0,0.0,52.0,56.0,64.0,53.0,81.0,63.0,55.0,56.0,64.0,59.0,84.0,63.0,1.05769230769,1.0,1.0,1.11320754717,1.03703703704,1.0,63.0,65.0,82.0,72.0,93.0,67.0,1.125,1.08333333333,1.13888888889,1.22033898305,1.09411764706,1.03076923077,56.0,60.0,72.0,59.0,85.0,65.0,73.0,442.0,61.0,381.0,0.0,28.0,369.0,397.0,114.0,1.11335012594,2.17857142857,1.0325203252,9,25,16,40
2016-09-25 13:40:00,4.0,8.0,6.0,4.0,2.0,6.0,9.0,18.0,13.0,9.0,4.0,13.0,2.25,2.25,2.16666666667,2.25,2.0,2.16666666667,18.0,21.0,20.0,24.0,15.0,16.0,0.0,0.0,0.0,0.0,0.0,0.0,56.0,64.0,53.0,81.0,63.0,55.0,56.0,64.0,59.0,84.0,63.0,58.0,1.0,1.0,1.11320754717,1.03703703704,1.0,1.05454545455,65.0,82.0,72.0,93.0,67.0,71.0,1.08333333333,1.13888888889,1.22033898305,1.09411764706,1.03076923077,1.16393442623,60.0,72.0,59.0,85.0,65.0,61.0,63.0,450.0,66.0,384.0,0.0,30.0,372.0,402.0,114.0,1.11940298507,2.2,1.03225806452,9,25,17,0
2016-09-25 14:00:00,8.0,6.0,4.0,2.0,6.0,3.0,18.0,13.0,9.0,4.0,13.0,6.0,2.25,2.16666666667,2.25,2.0,2.16666666667,2.0,21.0,20.0,24.0,15.0,16.0,11.0,0.0,0.0,0.0,0.0,0.0,0.0,64.0,53.0,81.0,63.0,55.0,49.0,64.0,59.0,84.0,63.0,58.0,49.0,1.0,1.11320754717,1.03703703704,1.0,1.05454545455,1.0,82.0,72.0,93.0,67.0,71.0,55.0,1.13888888889,1.22033898305,1.09411764706,1.03076923077,1.16393442623,1.05769230769,72.0,59.0,85.0,65.0,61.0,52.0,49.0,440.0,63.0,377.0,0.0,29.0,365.0,394.0,107.0,1.11675126904,2.1724137931,1.03287671233,9,25,17,20
2016-09-25 14:20:00,6.0,4.0,2.0,6.0,3.0,5.0,13.0,9.0,4.0,13.0,6.0,10.0,2.16666666667,2.25,2.0,2.16666666667,2.0,2.0,20.0,24.0,15.0,16.0,11.0,19.0,0.0,0.0,0.0,0.0,0.0,0.0,53.0,81.0,63.0,55.0,49.0,65.0,59.0,84.0,63.0,58.0,49.0,71.0,1.11320754717,1.03703703704,1.0,1.05454545455,1.0,1.09230769231,72.0,93.0,67.0,71.0,55.0,81.0,1.22033898305,1.09411764706,1.03076923077,1.16393442623,1.05769230769,1.15714285714,59.0,85.0,65.0,61.0,52.0,70.0,42.0,439.0,55.0,384.0,0.0,26.0,366.0,392.0,105.0,1.11989795918,2.11538461538,1.04918032787,9,25,17,40
2016-09-25 14:40:00,4.0,2.0,6.0,3.0,5.0,3.0,9.0,4.0,13.0,6.0,10.0,8.0,2.25,2.0,2.16666666667,2.0,2.0,2.66666666667,24.0,15.0,16.0,11.0,19.0,23.0,0.0,0.0,0.0,0.0,0.0,0.0,81.0,63.0,55.0,49.0,65.0,60.0,84.0,63.0,58.0,49.0,71.0,60.0,1.03703703704,1.0,1.05454545455,1.0,1.09230769231,1.0,93.0,67.0,71.0,55.0,81.0,68.0,1.09411764706,1.03076923077,1.16393442623,1.05769230769,1.15714285714,1.07936507937,85.0,65.0,61.0,52.0,70.0,63.0,56.0,435.0,50.0,385.0,0.0,23.0,373.0,396.0,108.0,1.09848484848,2.17391304348,1.03217158177,9,25,18,0
2016-09-25 15:00:00,2.0,6.0,3.0,5.0,3.0,2.0,4.0,13.0,6.0,10.0,8.0,4.0,2.0,2.16666666667,2.0,2.0,2.66666666667,2.0,15.0,16.0,11.0,19.0,23.0,18.0,0.0,0.0,0.0,0.0,0.0,0.0,63.0,55.0,49.0,65.0,60.0,71.0,63.0,58.0,49.0,71.0,60.0,74.0,1.0,1.05454545455,1.0,1.09230769231,1.0,1.04225352113,67.0,71.0,55.0,81.0,68.0,78.0,1.03076923077,1.16393442623,1.05769230769,1.15714285714,1.07936507937,1.06849315068,65.0,61.0,52.0,70.0,63.0,73.0,38.0,420.0,45.0,375.0,0.0,21.0,363.0,384.0,102.0,1.09375,2.14285714286,1.03305785124,9,25,18,20
2016-09-25 15:20:00,6.0,3.0,5.0,3.0,2.0,2.0,13.0,6.0,10.0,8.0,4.0,5.0,2.16666666667,2.0,2.0,2.66666666667,2.0,2.5,16.0,11.0,19.0,23.0,18.0,20.0,0.0,0.0,0.0,0.0,0.0,0.0,55.0,49.0,65.0,60.0,71.0,61.0,58.0,49.0,71.0,60.0,74.0,61.0,1.05454545455,1.0,1.09230769231,1.0,1.04225352113,1.0,71.0,55.0,81.0,68.0,78.0,66.0,1.16393442623,1.05769230769,1.15714285714,1.07936507937,1.06849315068,1.04761904762,61.0,52.0,70.0,63.0,73.0,63.0,31.0,419.0,46.0,373.0,0.0,21.0,361.0,382.0,107.0,1.09685863874,2.19047619048,1.03324099723,9,25,18,40
2016-09-25 15:40:00,3.0,5.0,3.0,2.0,2.0,1.0,6.0,10.0,8.0,4.0,5.0,2.0,2.0,2.0,2.66666666667,2.0,2.5,2.0,11.0,19.0,23.0,18.0,20.0,12.0,0.0,0.0,0.0,0.0,0.0,0.0,49.0,65.0,60.0,71.0,61.0,48.0,49.0,71.0,60.0,74.0,61.0,48.0,1.0,1.09230769231,1.0,1.04225352113,1.0,1.0,55.0,81.0,68.0,78.0,66.0,50.0,1.05769230769,1.15714285714,1.07936507937,1.06849315068,1.04761904762,1.02040816327,52.0,70.0,63.0,73.0,63.0,49.0,37.0,398.0,35.0,363.0,0.0,16.0,354.0,370.0,103.0,1.07567567568,2.1875,1.02542372881,9,25,19,0
2016-09-25 16:00:00,5.0,3.0,2.0,2.0,1.0,0.0,10.0,8.0,4.0,5.0,2.0,0.0,2.0,2.66666666667,2.0,2.5,2.0,0.0,19.0,23.0,18.0,20.0,12.0,8.0,0.0,0.0,0.0,0.0,0.0,0.0,65.0,60.0,71.0,61.0,48.0,42.0,71.0,60.0,74.0,61.0,48.0,42.0,1.09230769231,1.0,1.04225352113,1.0,1.0,1.0,81.0,68.0,78.0,66.0,50.0,42.0,1.15714285714,1.07936507937,1.06849315068,1.04761904762,1.02040816327,1.0,70.0,63.0,73.0,63.0,49.0,42.0,42.0,385.0,29.0,356.0,0.0,13.0,347.0,360.0,100.0,1.06944444444,2.23076923077,1.02593659942,9,25,19,20
2016-09-25 16:20:00,3.0,2.0,2.0,1.0,0.0,0.0,8.0,4.0,5.0,2.0,0.0,0.0,2.66666666667,2.0,2.5,2.0,0.0,0.0,23.0,18.0,20.0,12.0,8.0,15.0,0.0,0.0,0.0,0.0,0.0,0.0,60.0,71.0,61.0,48.0,42.0,56.0,60.0,74.0,61.0,48.0,42.0,56.0,1.0,1.04225352113,1.0,1.0,1.0,1.0,68.0,78.0,66.0,50.0,42.0,56.0,1.07936507937,1.06849315068,1.04761904762,1.02040816327,1.0,1.0,63.0,73.0,63.0,49.0,42.0,56.0,28.0,360.0,19.0,341.0,0.0,8.0,338.0,346.0,96.0,1.04046242775,2.375,1.00887573964,9,25,19,40
2016-09-25 16:40:00,2.0,2.0,1.0,0.0,0.0,3.0,4.0,5.0,2.0,0.0,0.0,7.0,2.0,2.5,2.0,0.0,0.0,2.33333333333,18.0,20.0,12.0,8.0,15.0,16.0,0.0,0.0,0.0,0.0,0.0,0.0,71.0,61.0,48.0,42.0,56.0,35.0,74.0,61.0,48.0,42.0,56.0,35.0,1.04225352113,1.0,1.0,1.0,1.0,1.0,78.0,66.0,50.0,42.0,56.0,42.0,1.06849315068,1.04761904762,1.02040816327,1.0,1.0,1.10526315789,73.0,63.0,49.0,42.0,56.0,38.0,35.0,334.0,18.0,316.0,0.0,8.0,313.0,321.0,89.0,1.04049844237,2.25,1.00958466454,9,25,20,0
2016-09-25 17:00:00,2.0,1.0,0.0,0.0,3.0,3.0,5.0,2.0,0.0,0.0,7.0,6.0,2.5,2.0,0.0,0.0,2.33333333333,2.0,20.0,12.0,8.0,15.0,16.0,6.0,0.0,0.0,0.0,0.0,0.0,0.0,61.0,48.0,42.0,56.0,35.0,28.0,61.0,48.0,42.0,56.0,35.0,28.0,1.0,1.0,1.0,1.0,1.0,1.0,66.0,50.0,42.0,56.0,42.0,34.0,1.04761904762,1.02040816327,1.0,1.0,1.10526315789,1.09677419355,63.0,49.0,42.0,56.0,38.0,31.0,28.0,290.0,20.0,270.0,0.0,9.0,270.0,279.0,77.0,1.0394265233,2.22222222222,1.0,9,25,20,20
2016-09-25 17:20:00,1.0,0.0,0.0,3.0,3.0,2.0,2.0,0.0,0.0,7.0,6.0,5.0,2.0,0.0,0.0,2.33333333333,2.0,2.5,12.0,8.0,15.0,16.0,6.0,18.0,0.0,0.0,0.0,0.0,0.0,1.0,48.0,42.0,56.0,35.0,28.0,34.0,48.0,42.0,56.0,35.0,28.0,37.0,1.0,1.0,1.0,1.0,1.0,1.08823529412,50.0,42.0,56.0,42.0,34.0,42.0,1.02040816327,1.0,1.0,1.10526315789,1.09677419355,1.13513513514,49.0,42.0,56.0,38.0,31.0,37.0,22.0,266.0,20.0,246.0,1.0,9.0,243.0,253.0,75.0,1.05138339921,2.22222222222,1.01234567901,9,25,20,40
2016-09-25 17:40:00,0.0,0.0,3.0,3.0,2.0,2.0,0.0,0.0,7.0,6.0,5.0,4.0,0.0,0.0,2.33333333333,2.0,2.5,2.0,8.0,15.0,16.0,6.0,18.0,18.0,0.0,0.0,0.0,0.0,1.0,0.0,42.0,56.0,35.0,28.0,34.0,40.0,42.0,56.0,35.0,28.0,37.0,40.0,1.0,1.0,1.0,1.0,1.08823529412,1.0,42.0,56.0,42.0,34.0,42.0,44.0,1.0,1.0,1.10526315789,1.09677419355,1.13513513514,1.04761904762,42.0,56.0,38.0,31.0,37.0,42.0,23.0,260.0,22.0,238.0,1.0,10.0,235.0,246.0,81.0,1.05691056911,2.2,1.01276595745,9,25,21,0
2016-09-25 18:00:00,0.0,3.0,3.0,2.0,2.0,2.0,0.0,7.0,6.0,5.0,4.0,4.0,0.0,2.33333333333,2.0,2.5,2.0,2.0,15.0,16.0,6.0,18.0,18.0,7.0,0.0,0.0,0.0,1.0,0.0,0.0,56.0,35.0,28.0,34.0,40.0,26.0,56.0,35.0,28.0,37.0,40.0,26.0,1.0,1.0,1.0,1.08823529412,1.0,1.0,56.0,42.0,34.0,42.0,44.0,30.0,1.0,1.10526315789,1.09677419355,1.13513513514,1.04761904762,1.07142857143,56.0,38.0,31.0,37.0,42.0,28.0,19.0,248.0,26.0,222.0,1.0,12.0,219.0,232.0,80.0,1.06896551724,2.16666666667,1.01369863014,9,25,21,20
2016-09-25 18:20:00,3.0,3.0,2.0,2.0,2.0,3.0,7.0,6.0,5.0,4.0,4.0,6.0,2.33333333333,2.0,2.5,2.0,2.0,2.0,16.0,6.0,18.0,18.0,7.0,12.0,0.0,0.0,1.0,0.0,0.0,0.0,35.0,28.0,34.0,40.0,26.0,32.0,35.0,28.0,37.0,40.0,26.0,32.0,1.0,1.0,1.08823529412,1.0,1.0,1.0,42.0,34.0,42.0,44.0,30.0,38.0,1.10526315789,1.09677419355,1.13513513514,1.04761904762,1.07142857143,1.08571428571,38.0,31.0,37.0,42.0,28.0,35.0,18.0,230.0,32.0,198.0,1.0,15.0,195.0,211.0,77.0,1.09004739336,2.13333333333,1.01538461538,9,25,21,40
2016-09-25 18:40:00,3.0,2.0,2.0,2.0,3.0,1.0,6.0,5.0,4.0,4.0,6.0,2.0,2.0,2.5,2.0,2.0,2.0,2.0,6.0,18.0,18.0,7.0,12.0,8.0,0.0,1.0,0.0,0.0,0.0,0.0,28.0,34.0,40.0,26.0,32.0,27.0,28.0,37.0,40.0,26.0,32.0,27.0,1.0,1.08823529412,1.0,1.0,1.0,1.0,34.0,42.0,44.0,30.0,38.0,29.0,1.09677419355,1.13513513514,1.04761904762,1.07142857143,1.08571428571,1.03571428571,31.0,37.0,42.0,28.0,35.0,28.0,16.0,217.0,27.0,190.0,1.0,13.0,187.0,201.0,69.0,1.07960199005,2.07692307692,1.01604278075,9,25,22,0
2016-09-25 19:00:00,2.0,2.0,2.0,3.0,1.0,3.0,5.0,4.0,4.0,6.0,2.0,6.0,2.5,2.0,2.0,2.0,2.0,2.0,18.0,18.0,7.0,12.0,8.0,6.0,1.0,0.0,0.0,0.0,0.0,0.0,34.0,40.0,26.0,32.0,27.0,19.0,37.0,40.0,26.0,32.0,27.0,19.0,1.08823529412,1.0,1.0,1.0,1.0,1.0,42.0,44.0,30.0,38.0,29.0,25.0,1.13513513514,1.04761904762,1.07142857143,1.08571428571,1.03571428571,1.13636363636,37.0,42.0,28.0,35.0,28.0,22.0,17.0,208.0,27.0,181.0,1.0,13.0,178.0,192.0,69.0,1.08333333333,2.07692307692,1.01685393258,9,25,22,20
2016-09-25 19:20:00,2.0,2.0,3.0,1.0,3.0,2.0,4.0,4.0,6.0,2.0,6.0,4.0,2.0,2.0,2.0,2.0,2.0,2.0,18.0,7.0,12.0,8.0,6.0,7.0,0.0,0.0,0.0,0.0,0.0,0.0,40.0,26.0,32.0,27.0,19.0,21.0,40.0,26.0,32.0,27.0,19.0,21.0,1.0,1.0,1.0,1.0,1.0,1.0,44.0,30.0,38.0,29.0,25.0,25.0,1.04761904762,1.07142857143,1.08571428571,1.03571428571,1.13636363636,1.08695652174,42.0,28.0,35.0,28.0,22.0,23.0,13.0,191.0,26.0,165.0,0.0,13.0,165.0,178.0,58.0,1.07303370787,2.0,1.0,9,25,22,40
2016-09-25 19:40:00,2.0,3.0,1.0,3.0,2.0,3.0,4.0,6.0,2.0,6.0,4.0,6.0,2.0,2.0,2.0,2.0,2.0,2.0,7.0,12.0,8.0,6.0,7.0,5.0,0.0,0.0,0.0,0.0,0.0,0.0,26.0,32.0,27.0,19.0,21.0,16.0,26.0,32.0,27.0,19.0,21.0,16.0,1.0,1.0,1.0,1.0,1.0,1.0,30.0,38.0,29.0,25.0,25.0,22.0,1.07142857143,1.08571428571,1.03571428571,1.13636363636,1.08695652174,1.15789473684,28.0,35.0,28.0,22.0,23.0,19.0,10.0,169.0,28.0,141.0,0.0,14.0,141.0,155.0,45.0,1.09032258065,2.0,1.0,9,25,23,0
2016-09-25 20:00:00,3.0,1.0,3.0,2.0,3.0,0.0,6.0,2.0,6.0,4.0,6.0,0.0,2.0,2.0,2.0,2.0,2.0,0.0,12.0,8.0,6.0,7.0,5.0,5.0,0.0,0.0,0.0,0.0,0.0,0.0,32.0,27.0,19.0,21.0,16.0,18.0,32.0,27.0,19.0,21.0,16.0,18.0,1.0,1.0,1.0,1.0,1.0,1.0,38.0,29.0,25.0,25.0,22.0,18.0,1.08571428571,1.03571428571,1.13636363636,1.08695652174,1.15789473684,1.0,35.0,28.0,22.0,23.0,19.0,18.0,13.0,157.0,24.0,133.0,0.0,12.0,133.0,145.0,43.0,1.08275862069,2.0,1.0,9,25,23,20
2016-09-25 20:20:00,1.0,3.0,2.0,3.0,0.0,1.0,2.0,6.0,4.0,6.0,0.0,2.0,2.0,2.0,2.0,2.0,0.0,2.0,8.0,6.0,7.0,5.0,5.0,4.0,0.0,0.0,0.0,0.0,0.0,0.0,27.0,19.0,21.0,16.0,18.0,15.0,27.0,19.0,21.0,16.0,18.0,15.0,1.0,1.0,1.0,1.0,1.0,1.0,29.0,25.0,25.0,22.0,18.0,17.0,1.03571428571,1.13636363636,1.08695652174,1.15789473684,1.0,1.0625,28.0,22.0,23.0,19.0,18.0,16.0,9.0,136.0,20.0,116.0,0.0,10.0,116.0,126.0,35.0,1.07936507937,2.0,1.0,9,25,23,40
2016-09-25 20:40:00,3.0,2.0,3.0,0.0,1.0,1.0,6.0,4.0,6.0,0.0,2.0,2.0,2.0,2.0,2.0,0.0,2.0,2.0,6.0,7.0,5.0,5.0,4.0,2.0,0.0,0.0,0.0,0.0,0.0,0.0,19.0,21.0,16.0,18.0,15.0,16.0,19.0,21.0,16.0,18.0,15.0,16.0,1.0,1.0,1.0,1.0,1.0,1.0,25.0,25.0,22.0,18.0,17.0,18.0,1.13636363636,1.08695652174,1.15789473684,1.0,1.0625,1.05882352941,22.0,23.0,19.0,18.0,16.0,17.0,9.0,125.0,20.0,105.0,0.0,10.0,105.0,115.0,29.0,1.08695652174,2.0,1.0,9,26,0,0
2016-09-25 21:00:00,2.0,3.0,0.0,1.0,1.0,3.0,4.0,6.0,0.0,2.0,2.0,6.0,2.0,2.0,0.0,2.0,2.0,2.0,7.0,5.0,5.0,4.0,2.0,2.0,0.0,0.0,0.0,0.0,0.0,0.0,21.0,16.0,18.0,15.0,16.0,10.0,21.0,16.0,18.0,15.0,16.0,10.0,1.0,1.0,1.0,1.0,1.0,1.0,25.0,22.0,18.0,17.0,18.0,16.0,1.08695652174,1.15789473684,1.0,1.0625,1.05882352941,1.23076923077,23.0,19.0,18.0,16.0,17.0,13.0,6.0,116.0,20.0,96.0,0.0,10.0,96.0,106.0,25.0,1.09433962264,2.0,1.0,9,26,0,20
2016-09-25 21:20:00,3.0,0.0,1.0,1.0,3.0,1.0,6.0,0.0,2.0,2.0,6.0,2.0,2.0,0.0,2.0,2.0,2.0,2.0,5.0,5.0,4.0,2.0,2.0,1.0,0.0,0.0,0.0,0.0,0.0,0.0,16.0,18.0,15.0,16.0,10.0,9.0,16.0,18.0,15.0,16.0,10.0,9.0,1.0,1.0,1.0,1.0,1.0,1.0,22.0,18.0,17.0,18.0,16.0,11.0,1.15789473684,1.0,1.0625,1.05882352941,1.23076923077,1.1,19.0,18.0,16.0,17.0,13.0,10.0,11.0,102.0,18.0,84.0,0.0,9.0,84.0,93.0,19.0,1.09677419355,2.0,1.0,9,26,0,40
2016-09-25 21:40:00,0.0,1.0,1.0,3.0,1.0,1.0,0.0,2.0,2.0,6.0,2.0,2.0,0.0,2.0,2.0,2.0,2.0,2.0,5.0,4.0,2.0,2.0,1.0,1.0,0.0,0.0,0.0,0.0,0.0,0.0,18.0,15.0,16.0,10.0,9.0,12.0,18.0,15.0,16.0,10.0,9.0,12.0,1.0,1.0,1.0,1.0,1.0,1.0,18.0,17.0,18.0,16.0,11.0,14.0,1.0,1.0625,1.05882352941,1.23076923077,1.1,1.07692307692,18.0,16.0,17.0,13.0,10.0,13.0,2.0,94.0,14.0,80.0,0.0,7.0,80.0,87.0,15.0,1.08045977011,2.0,1.0,9,26,1,0
2016-09-25 22:00:00,1.0,1.0,3.0,1.0,1.0,1.0,2.0,2.0,6.0,2.0,2.0,2.0,2.0,2.0,2.0,2.0,2.0,2.0,4.0,2.0,2.0,1.0,1.0,3.0,0.0,0.0,0.0,0.0,0.0,0.0,15.0,16.0,10.0,9.0,12.0,8.0,15.0,16.0,10.0,9.0,12.0,8.0,1.0,1.0,1.0,1.0,1.0,1.0,17.0,18.0,16.0,11.0,14.0,10.0,1.0625,1.05882352941,1.23076923077,1.1,1.07692307692,1.11111111111,16.0,17.0,13.0,10.0,13.0,9.0,2.0,86.0,16.0,70.0,0.0,8.0,70.0,78.0,13.0,1.10256410256,2.0,1.0,9,26,1,20
2016-09-25 22:20:00,1.0,3.0,1.0,1.0,1.0,1.0,2.0,6.0,2.0,2.0,2.0,5.0,2.0,2.0,2.0,2.0,2.0,5.0,2.0,2.0,1.0,1.0,3.0,2.0,0.0,0.0,0.0,0.0,0.0,0.0,16.0,10.0,9.0,12.0,8.0,8.0,16.0,10.0,9.0,12.0,8.0,8.0,1.0,1.0,1.0,1.0,1.0,1.0,18.0,16.0,11.0,14.0,10.0,13.0,1.05882352941,1.23076923077,1.1,1.07692307692,1.11111111111,1.44444444444,17.0,13.0,10.0,13.0,9.0,9.0,7.0,82.0,19.0,63.0,0.0,8.0,63.0,71.0,11.0,1.15492957746,2.375,1.0,9,26,1,40
2016-09-25 22:40:00,3.0,1.0,1.0,1.0,1.0,1.0,6.0,2.0,2.0,2.0,5.0,5.0,2.0,2.0,2.0,2.0,5.0,5.0,2.0,1.0,1.0,3.0,2.0,1.0,0.0,0.0,0.0,0.0,0.0,0.0,10.0,9.0,12.0,8.0,8.0,5.0,10.0,9.0,12.0,8.0,8.0,5.0,1.0,1.0,1.0,1.0,1.0,1.0,16.0,11.0,14.0,10.0,13.0,10.0,1.23076923077,1.1,1.07692307692,1.11111111111,1.44444444444,1.66666666667,13.0,10.0,13.0,9.0,9.0,6.0,8.0,74.0,22.0,52.0,0.0,8.0,52.0,60.0,10.0,1.23333333333,2.75,1.0,9,26,2,0
2016-09-25 23:00:00,1.0,1.0,1.0,1.0,1.0,5.0,2.0,2.0,2.0,5.0,5.0,20.0,2.0,2.0,2.0,5.0,5.0,4.0,1.0,1.0,3.0,2.0,1.0,0.0,0.0,0.0,0.0,0.0,0.0,0.0,9.0,12.0,8.0,8.0,5.0,6.0,9.0,12.0,8.0,8.0,5.0,6.0,1.0,1.0,1.0,1.0,1.0,1.0,11.0,14.0,10.0,13.0,10.0,26.0,1.1,1.07692307692,1.11111111111,1.44444444444,1.66666666667,2.36363636364,10.0,13.0,9.0,9.0,6.0,11.0,9.0,84.0,36.0,48.0,0.0,10.0,48.0,58.0,8.0,1.44827586207,3.6,1.0,9,26,2,20
2016-09-25 23:20:00,1.0,1.0,1.0,1.0,5.0,0.0,2.0,2.0,5.0,5.0,20.0,0.0,2.0,2.0,5.0,5.0,4.0,0.0,1.0,3.0,2.0,1.0,0.0,0.0,0.0,0.0,0.0,0.0,0.0,0.0,12.0,8.0,8.0,5.0,6.0,2.0,12.0,8.0,8.0,5.0,6.0,2.0,1.0,1.0,1.0,1.0,1.0,1.0,14.0,10.0,13.0,10.0,26.0,2.0,1.07692307692,1.11111111111,1.44444444444,1.66666666667,2.36363636364,1.0,13.0,9.0,9.0,6.0,11.0,2.0,5.0,75.0,34.0,41.0,0.0,9.0,41.0,50.0,7.0,1.5,3.77777777778,1.0,9,26,2,40
2016-09-25 23:40:00,1.0,1.0,1.0,5.0,0.0,1.0,2.0,5.0,5.0,20.0,0.0,5.0,2.0,5.0,5.0,4.0,0.0,5.0,3.0,2.0,1.0,0.0,0.0,1.0,0.0,0.0,0.0,0.0,0.0,0.0,8.0,8.0,5.0,6.0,2.0,1.0,8.0,8.0,5.0,6.0,2.0,1.0,1.0,1.0,1.0,1.0,1.0,1.0,10.0,13.0,10.0,26.0,2.0,6.0,1.11111111111,1.44444444444,1.66666666667,2.36363636364,1.0,3.0,9.0,9.0,6.0,11.0,2.0,2.0,9.0,67.0,37.0,30.0,0.0,9.0,30.0,39.0,7.0,1.71794871795,4.11111111111,1.0,9,26,3,0
2016-09-26 00:00:00,1.0,1.0,5.0,0.0,1.0,3.0,5.0,5.0,20.0,0.0,5.0,13.0,5.0,5.0,4.0,0.0,5.0,4.33333333333,2.0,1.0,0.0,0.0,1.0,0.0,0.0,0.0,0.0,0.0,0.0,0.0,8.0,5.0,6.0,2.0,1.0,4.0,8.0,5.0,6.0,2.0,1.0,4.0,1.0,1.0,1.0,1.0,1.0,1.0,13.0,10.0,26.0,2.0,6.0,17.0,1.44444444444,1.66666666667,2.36363636364,1.0,3.0,2.42857142857,9.0,6.0,11.0,2.0,2.0,7.0,6.0,74.0,48.0,26.0,0.0,11.0,26.0,37.0,4.0,2.0,4.36363636364,1.0,9,26,3,20
2016-09-26 00:20:00,1.0,5.0,0.0,1.0,3.0,4.0,5.0,20.0,0.0,5.0,13.0,18.0,5.0,4.0,0.0,5.0,4.33333333333,4.5,1.0,0.0,0.0,1.0,0.0,1.0,0.0,0.0,0.0,0.0,0.0,0.0,5.0,6.0,2.0,1.0,4.0,4.0,5.0,6.0,2.0,1.0,4.0,4.0,1.0,1.0,1.0,1.0,1.0,1.0,10.0,26.0,2.0,6.0,17.0,22.0,1.66666666667,2.36363636364,1.0,3.0,2.42857142857,2.75,6.0,11.0,2.0,2.0,7.0,8.0,8.0,83.0,61.0,22.0,0.0,14.0,22.0,36.0,3.0,2.30555555556,4.35714285714,1.0,9,26,3,40
2016-09-26 00:40:00,5.0,0.0,1.0,3.0,4.0,6.0,20.0,0.0,5.0,13.0,18.0,22.0,4.0,0.0,5.0,4.33333333333,4.5,3.66666666667,0.0,0.0,1.0,0.0,1.0,1.0,0.0,0.0,0.0,0.0,0.0,0.0,6.0,2.0,1.0,4.0,4.0,3.0,6.0,2.0,1.0,4.0,4.0,3.0,1.0,1.0,1.0,1.0,1.0,1.0,26.0,2.0,6.0,17.0,22.0,25.0,2.36363636364,1.0,3.0,2.42857142857,2.75,2.77777777778,11.0,2.0,2.0,7.0,8.0,9.0,7.0,98.0,78.0,20.0,0.0,19.0,20.0,39.0,3.0,2.51282051282,4.10526315789,1.0,9,26,4,0
2016-09-26 01:00:00,0.0,1.0,3.0,4.0,6.0,4.0,0.0,5.0,13.0,18.0,22.0,20.0,0.0,5.0,4.33333333333,4.5,3.66666666667,5.0,0.0,1.0,0.0,1.0,1.0,0.0,0.0,0.0,0.0,0.0,0.0,0.0,2.0,1.0,4.0,4.0,3.0,1.0,2.0,1.0,4.0,4.0,3.0,1.0,1.0,1.0,1.0,1.0,1.0,1.0,2.0,6.0,17.0,22.0,25.0,21.0,1.0,3.0,2.42857142857,2.75,2.77777777778,4.2,2.0,2.0,7.0,8.0,9.0,5.0,13.0,93.0,78.0,15.0,0.0,18.0,15.0,33.0,3.0,2.81818181818,4.33333333333,1.0,9,26,4,20
2016-09-26 01:20:00,1.0,3.0,4.0,6.0,4.0,3.0,5.0,13.0,18.0,22.0,20.0,12.0,5.0,4.33333333333,4.5,3.66666666667,5.0,4.0,1.0,0.0,1.0,1.0,0.0,2.0,0.0,0.0,0.0,0.0,0.0,0.0,1.0,4.0,4.0,3.0,1.0,6.0,1.0,4.0,4.0,3.0,1.0,12.0,1.0,1.0,1.0,1.0,1.0,2.0,6.0,17.0,22.0,25.0,21.0,24.0,3.0,2.42857142857,2.75,2.77777777778,4.2,2.66666666667,2.0,7.0,8.0,9.0,5.0,9.0,13.0,115.0,90.0,25.0,0.0,21.0,19.0,40.0,5.0,2.875,4.28571428571,1.31578947368,9,26,4,40
2016-09-26 01:40:00,3.0,4.0,6.0,4.0,3.0,4.0,13.0,18.0,22.0,20.0,12.0,15.0,4.33333333333,4.5,3.66666666667,5.0,4.0,3.75,0.0,1.0,1.0,0.0,2.0,1.0,0.0,0.0,0.0,0.0,0.0,0.0,4.0,4.0,3.0,1.0,6.0,2.0,4.0,4.0,3.0,1.0,12.0,2.0,1.0,1.0,1.0,1.0,2.0,1.0,17.0,22.0,25.0,21.0,24.0,17.0,2.42857142857,2.75,2.77777777778,4.2,2.66666666667,2.83333333333,7.0,8.0,9.0,5.0,9.0,6.0,6.0,126.0,100.0,26.0,0.0,24.0,20.0,44.0,5.0,2.86363636364,4.16666666667,1.3,9,26,5,0
2016-09-26 02:00:00,4.0,6.0,4.0,3.0,4.0,3.0,18.0,22.0,20.0,12.0,15.0,15.0,4.5,3.66666666667,5.0,4.0,3.75,5.0,1.0,1.0,0.0,2.0,1.0,0.0,0.0,0.0,0.0,0.0,0.0,0.0,4.0,3.0,1.0,6.0,2.0,5.0,4.0,3.0,1.0,12.0,2.0,5.0,1.0,1.0,1.0,2.0,1.0,1.0,22.0,25.0,21.0,24.0,17.0,20.0,2.75,2.77777777778,4.2,2.66666666667,2.83333333333,2.5,8.0,9.0,5.0,9.0,6.0,8.0,4.0,129.0,102.0,27.0,0.0,24.0,21.0,45.0,5.0,2.86666666667,4.25,1.28571428571,9,26,5,20
2016-09-26 02:20:00,6.0,4.0,3.0,4.0,3.0,2.0,22.0,20.0,12.0,15.0,15.0,4.0,3.66666666667,5.0,4.0,3.75,5.0,2.0,1.0,0.0,2.0,1.0,0.0,0.0,0.0,0.0,0.0,0.0,0.0,0.0,3.0,1.0,6.0,2.0,5.0,5.0,3.0,1.0,12.0,2.0,5.0,5.0,1.0,1.0,2.0,1.0,1.0,1.0,25.0,21.0,24.0,17.0,20.0,9.0,2.77777777778,4.2,2.66666666667,2.83333333333,2.5,1.28571428571,9.0,5.0,9.0,6.0,8.0,7.0,10.0,116.0,88.0,28.0,0.0,22.0,22.0,44.0,4.0,2.63636363636,4.0,1.27272727273,9,26,5,40
2016-09-26 02:40:00,4.0,3.0,4.0,3.0,2.0,6.0,20.0,12.0,15.0,15.0,4.0,15.0,5.0,4.0,3.75,5.0,2.0,2.5,0.0,2.0,1.0,0.0,0.0,0.0,0.0,0.0,0.0,0.0,0.0,0.0,1.0,6.0,2.0,5.0,5.0,7.0,1.0,12.0,2.0,5.0,5.0,7.0,1.0,2.0,1.0,1.0,1.0,1.0,21.0,24.0,17.0,20.0,9.0,22.0,4.2,2.66666666667,2.83333333333,2.5,1.28571428571,1.69230769231,5.0,9.0,6.0,8.0,7.0,13.0,13.0,113.0,81.0,32.0,0.0,22.0,26.0,48.0,3.0,2.35416666667,3.68181818182,1.23076923077,9,26,6,0
2016-09-26 03:00:00,3.0,4.0,3.0,2.0,6.0,6.0,12.0,15.0,15.0,4.0,15.0,19.0,4.0,3.75,5.0,2.0,2.5,3.16666666667,2.0,1.0,0.0,0.0,0.0,1.0,0.0,0.0,0.0,0.0,0.0,0.0,6.0,2.0,5.0,5.0,7.0,7.0,12.0,2.0,5.0,5.0,7.0,7.0,2.0,1.0,1.0,1.0,1.0,1.0,24.0,17.0,20.0,9.0,22.0,26.0,2.66666666667,2.83333333333,2.5,1.28571428571,1.69230769231,2.0,9.0,6.0,8.0,7.0,13.0,13.0,23.0,118.0,80.0,38.0,0.0,24.0,32.0,56.0,4.0,2.10714285714,3.33333333333,1.1875,9,26,6,20
2016-09-26 03:20:00,4.0,3.0,2.0,6.0,6.0,2.0,15.0,15.0,4.0,15.0,19.0,4.0,3.75,5.0,2.0,2.5,3.16666666667,2.0,1.0,0.0,0.0,0.0,1.0,0.0,0.0,0.0,0.0,0.0,0.0,0.0,2.0,5.0,5.0,7.0,7.0,4.0,2.0,5.0,5.0,7.0,7.0,4.0,1.0,1.0,1.0,1.0,1.0,1.0,17.0,20.0,9.0,22.0,26.0,8.0,2.83333333333,2.5,1.28571428571,1.69230769231,2.0,1.33333333333,6.0,8.0,7.0,13.0,13.0,6.0,39.0,102.0,72.0,30.0,0.0,23.0,30.0,53.0,2.0,1.92452830189,3.13043478261,1.0,9,26,6,40
2016-09-26 03:40:00,3.0,2.0,6.0,6.0,2.0,1.0,15.0,4.0,15.0,19.0,4.0,2.0,5.0,2.0,2.5,3.16666666667,2.0,2.0,0.0,0.0,0.0,1.0,0.0,1.0,0.0,0.0,0.0,0.0,0.0,0.0,5.0,5.0,7.0,7.0,4.0,3.0,5.0,5.0,7.0,7.0,4.0,3.0,1.0,1.0,1.0,1.0,1.0,1.0,20.0,9.0,22.0,26.0,8.0,5.0,2.5,1.28571428571,1.69230769231,2.0,1.33333333333,1.25,8.0,7.0,13.0,13.0,6.0,4.0,44.0,90.0,59.0,31.0,0.0,20.0,31.0,51.0,2.0,1.76470588235,2.95,1.0,9,26,7,0
2016-09-26 04:00:00,2.0,6.0,6.0,2.0,1.0,3.0,4.0,15.0,19.0,4.0,2.0,6.0,2.0,2.5,3.16666666667,2.0,2.0,2.0,0.0,0.0,1.0,0.0,1.0,0.0,0.0,0.0,0.0,0.0,0.0,0.0,5.0,7.0,7.0,4.0,3.0,7.0,5.0,7.0,7.0,4.0,3.0,7.0,1.0,1.0,1.0,1.0,1.0,1.0,9.0,22.0,26.0,8.0,5.0,13.0,1.28571428571,1.69230769231,2.0,1.33333333333,1.25,1.3,7.0,13.0,13.0,6.0,4.0,10.0,39.0,83.0,50.0,33.0,0.0,20.0,33.0,53.0,2.0,1.56603773585,2.5,1.0,9,26,7,20
2016-09-26 04:20:00,6.0,6.0,2.0,1.0,3.0,2.0,15.0,19.0,4.0,2.0,6.0,4.0,2.5,3.16666666667,2.0,2.0,2.0,2.0,0.0,1.0,0.0,1.0,0.0,2.0,0.0,0.0,0.0,0.0,0.0,0.0,7.0,7.0,4.0,3.0,7.0,11.0,7.0,7.0,4.0,3.0,7.0,11.0,1.0,1.0,1.0,1.0,1.0,1.0,22.0,26.0,8.0,5.0,13.0,15.0,1.69230769231,2.0,1.33333333333,1.25,1.3,1.15384615385,13.0,13.0,6.0,4.0,10.0,13.0,46.0,89.0,50.0,39.0,0.0,20.0,39.0,59.0,4.0,1.50847457627,2.5,1.0,9,26,7,40
2016-09-26 04:40:00,6.0,2.0,1.0,3.0,2.0,0.0,19.0,4.0,2.0,6.0,4.0,0.0,3.16666666667,2.0,2.0,2.0,2.0,0.0,1.0,0.0,1.0,0.0,2.0,7.0,0.0,0.0,0.0,0.0,0.0,0.0,7.0,4.0,3.0,7.0,11.0,23.0,7.0,4.0,3.0,7.0,11.0,23.0,1.0,1.0,1.0,1.0,1.0,1.0,26.0,8.0,5.0,13.0,15.0,23.0,2.0,1.33333333333,1.25,1.3,1.15384615385,1.0,13.0,6.0,4.0,10.0,13.0,23.0,49.0,90.0,35.0,55.0,0.0,14.0,55.0,69.0,11.0,1.30434782609,2.5,1.0,9,26,8,0
2016-09-26 05:00:00,2.0,1.0,3.0,2.0,0.0,6.0,4.0,2.0,6.0,4.0,0.0,13.0,2.0,2.0,2.0,2.0,0.0,2.16666666667,0.0,1.0,0.0,2.0,7.0,14.0,0.0,0.0,0.0,0.0,0.0,0.0,4.0,3.0,7.0,11.0,23.0,33.0,4.0,3.0,7.0,11.0,23.0,36.0,1.0,1.0,1.0,1.0,1.0,1.09090909091,8.0,5.0,13.0,15.0,23.0,49.0,1.33333333333,1.25,1.3,1.15384615385,1.0,1.25641025641,6.0,4.0,10.0,13.0,23.0,39.0,52.0,113.0,29.0,84.0,0.0,14.0,81.0,95.0,24.0,1.18947368421,2.07142857143,1.03703703704,9,26,8,20
2016-09-26 05:20:00,1.0,3.0,2.0,0.0,6.0,7.0,2.0,6.0,4.0,0.0,13.0,14.0,2.0,2.0,2.0,0.0,2.16666666667,2.0,1.0,0.0,2.0,7.0,14.0,12.0,0.0,0.0,0.0,0.0,0.0,0.0,3.0,7.0,11.0,23.0,33.0,37.0,3.0,7.0,11.0,23.0,36.0,40.0,1.0,1.0,1.0,1.0,1.09090909091,1.08108108108,5.0,13.0,15.0,23.0,49.0,54.0,1.25,1.3,1.15384615385,1.0,1.25641025641,1.22727272727,4.0,10.0,13.0,23.0,39.0,44.0,45.0,159.0,39.0,120.0,0.0,19.0,114.0,133.0,36.0,1.1954887218,2.05263157895,1.05263157895,9,26,8,40
2016-09-26 05:40:00,3.0,2.0,0.0,6.0,7.0,2.0,6.0,4.0,0.0,13.0,14.0,4.0,2.0,2.0,0.0,2.16666666667,2.0,2.0,0.0,2.0,7.0,14.0,12.0,10.0,0.0,0.0,0.0,0.0,0.0,0.0,7.0,11.0,23.0,33.0,37.0,37.0,7.0,11.0,23.0,36.0,40.0,37.0,1.0,1.0,1.0,1.09090909091,1.08108108108,1.0,13.0,15.0,23.0,49.0,54.0,41.0,1.3,1.15384615385,1.0,1.25641025641,1.22727272727,1.05128205128,10.0,13.0,23.0,39.0,44.0,39.0,48.0,195.0,41.0,154.0,0.0,20.0,148.0,168.0,45.0,1.16071428571,2.05,1.04054054054,9,26,9,0
2016-09-26 06:00:00,2.0,0.0,6.0,7.0,2.0,2.0,4.0,0.0,13.0,14.0,4.0,4.0,2.0,0.0,2.16666666667,2.0,2.0,2.0,2.0,7.0,14.0,12.0,10.0,19.0,0.0,0.0,0.0,0.0,0.0,0.0,11.0,23.0,33.0,37.0,37.0,44.0,11.0,23.0,36.0,40.0,37.0,44.0,1.0,1.0,1.09090909091,1.08108108108,1.0,1.0,15.0,23.0,49.0,54.0,41.0,48.0,1.15384615385,1.0,1.25641025641,1.22727272727,1.05128205128,1.04347826087,13.0,23.0,39.0,44.0,39.0,46.0,52.0,230.0,39.0,191.0,0.0,19.0,185.0,204.0,64.0,1.12745098039,2.05263157895,1.03243243243,9,26,9,20
2016-09-26 06:20:00,0.0,6.0,7.0,2.0,2.0,7.0,0.0,13.0,14.0,4.0,4.0,16.0,0.0,2.16666666667,2.0,2.0,2.0,2.28571428571,7.0,14.0,12.0,10.0,19.0,15.0,0.0,0.0,0.0,0.0,0.0,0.0,23.0,33.0,37.0,37.0,44.0,42.0,23.0,36.0,40.0,37.0,44.0,42.0,1.0,1.09090909091,1.08108108108,1.0,1.0,1.0,23.0,49.0,54.0,41.0,48.0,58.0,1.0,1.25641025641,1.22727272727,1.05128205128,1.04347826087,1.18367346939,23.0,39.0,44.0,39.0,46.0,49.0,51.0,273.0,51.0,222.0,0.0,24.0,216.0,240.0,77.0,1.1375,2.125,1.02777777778,9,26,9,40
2016-09-26 06:40:00,6.0,7.0,2.0,2.0,7.0,3.0,13.0,14.0,4.0,4.0,16.0,6.0,2.16666666667,2.0,2.0,2.0,2.28571428571,2.0,14.0,12.0,10.0,19.0,15.0,15.0,0.0,0.0,0.0,0.0,0.0,0.0,33.0,37.0,37.0,44.0,42.0,49.0,36.0,40.0,37.0,44.0,42.0,49.0,1.09090909091,1.08108108108,1.0,1.0,1.0,1.0,49.0,54.0,41.0,48.0,58.0,55.0,1.25641025641,1.22727272727,1.05128205128,1.04347826087,1.18367346939,1.05769230769,39.0,44.0,39.0,46.0,49.0,52.0,47.0,305.0,57.0,248.0,0.0,27.0,242.0,269.0,85.0,1.13382899628,2.11111111111,1.02479338843,9,26,10,0
2016-09-26 07:00:00,7.0,2.0,2.0,7.0,3.0,2.0,14.0,4.0,4.0,16.0,6.0,5.0,2.0,2.0,2.0,2.28571428571,2.0,2.5,12.0,10.0,19.0,15.0,15.0,15.0,0.0,0.0,0.0,0.0,0.0,0.0,37.0,37.0,44.0,42.0,49.0,43.0,40.0,37.0,44.0,42.0,49.0,43.0,1.08108108108,1.0,1.0,1.0,1.0,1.0,54.0,41.0,48.0,58.0,55.0,48.0,1.22727272727,1.05128205128,1.04347826087,1.18367346939,1.05769230769,1.06666666667,44.0,39.0,46.0,49.0,52.0,45.0,52.0,304.0,49.0,255.0,0.0,23.0,252.0,275.0,86.0,1.10545454545,2.13043478261,1.0119047619,9,26,10,20
2016-09-26 07:20:00,2.0,2.0,7.0,3.0,2.0,5.0,4.0,4.0,16.0,6.0,5.0,10.0,2.0,2.0,2.28571428571,2.0,2.5,2.0,10.0,19.0,15.0,15.0,15.0,14.0,0.0,0.0,0.0,0.0,0.0,0.0,37.0,44.0,42.0,49.0,43.0,43.0,37.0,44.0,42.0,49.0,43.0,43.0,1.0,1.0,1.0,1.0,1.0,1.0,41.0,48.0,58.0,55.0,48.0,53.0,1.05128205128,1.04347826087,1.18367346939,1.05769230769,1.06666666667,1.10416666667,39.0,46.0,49.0,52.0,45.0,48.0,36.0,303.0,45.0,258.0,0.0,21.0,258.0,279.0,88.0,1.08602150538,2.14285714286,1.0,9,26,10,40
2016-09-26 07:40:00,2.0,7.0,3.0,2.0,5.0,4.0,4.0,16.0,6.0,5.0,10.0,9.0,2.0,2.28571428571,2.0,2.5,2.0,2.25,19.0,15.0,15.0,15.0,14.0,14.0,0.0,0.0,0.0,0.0,0.0,0.0,44.0,42.0,49.0,43.0,43.0,48.0,44.0,42.0,49.0,43.0,43.0,48.0,1.0,1.0,1.0,1.0,1.0,1.0,48.0,58.0,55.0,48.0,53.0,57.0,1.04347826087,1.18367346939,1.05769230769,1.06666666667,1.10416666667,1.09615384615,46.0,49.0,52.0,45.0,48.0,52.0,36.0,319.0,50.0,269.0,0.0,23.0,269.0,292.0,92.0,1.09246575342,2.17391304348,1.0,9,26,11,0
2016-09-26 08:00:00,7.0,3.0,2.0,5.0,4.0,9.0,16.0,6.0,5.0,10.0,9.0,19.0,2.28571428571,2.0,2.5,2.0,2.25,2.11111111111,15.0,15.0,15.0,14.0,14.0,7.0,0.0,0.0,0.0,0.0,0.0,0.0,42.0,49.0,43.0,43.0,48.0,42.0,42.0,49.0,43.0,43.0,48.0,42.0,1.0,1.0,1.0,1.0,1.0,1.0,58.0,55.0,48.0,53.0,57.0,61.0,1.18367346939,1.05769230769,1.06666666667,1.10416666667,1.09615384615,1.19607843137,49.0,52.0,45.0,48.0,52.0,51.0,35.0,332.0,65.0,267.0,0.0,30.0,267.0,297.0,80.0,1.11784511785,2.16666666667,1.0,9,26,11,20
2016-09-26 08:20:00,3.0,2.0,5.0,4.0,9.0,3.0,6.0,5.0,10.0,9.0,19.0,7.0,2.0,2.5,2.0,2.25,2.11111111111,2.33333333333,15.0,15.0,14.0,14.0,7.0,13.0,0.0,0.0,0.0,0.0,0.0,0.0,49.0,43.0,43.0,48.0,42.0,44.0,49.0,43.0,43.0,48.0,42.0,44.0,1.0,1.0,1.0,1.0,1.0,1.0,55.0,48.0,53.0,57.0,61.0,51.0,1.05769230769,1.06666666667,1.10416666667,1.09615384615,1.19607843137,1.08510638298,52.0,45.0,48.0,52.0,51.0,47.0,52.0,325.0,56.0,269.0,0.0,26.0,269.0,295.0,78.0,1.10169491525,2.15384615385,1.0,9,26,11,40
2016-09-26 08:40:00,2.0,5.0,4.0,9.0,3.0,4.0,5.0,10.0,9.0,19.0,7.0,8.0,2.5,2.0,2.25,2.11111111111,2.33333333333,2.0,15.0,14.0,14.0,7.0,13.0,15.0,0.0,0.0,0.0,0.0,0.0,0.0,43.0,43.0,48.0,42.0,44.0,48.0,43.0,43.0,48.0,42.0,44.0,48.0,1.0,1.0,1.0,1.0,1.0,1.0,48.0,53.0,57.0,61.0,51.0,56.0,1.06666666667,1.10416666667,1.09615384615,1.19607843137,1.08510638298,1.07692307692,45.0,48.0,52.0,51.0,47.0,52.0,48.0,326.0,58.0,268.0,0.0,27.0,268.0,295.0,78.0,1.10508474576,2.14814814815,1.0,9,26,12,0
2016-09-26 09:00:00,5.0,4.0,9.0,3.0,4.0,3.0,10.0,9.0,19.0,7.0,8.0,6.0,2.0,2.25,2.11111111111,2.33333333333,2.0,2.0,14.0,14.0,7.0,13.0,15.0,5.0,0.0,0.0,0.0,0.0,0.0,0.0,43.0,48.0,42.0,44.0,48.0,33.0,43.0,48.0,42.0,44.0,48.0,36.0,1.0,1.0,1.0,1.0,1.0,1.09090909091,53.0,57.0,61.0,51.0,56.0,42.0,1.10416666667,1.09615384615,1.19607843137,1.08510638298,1.07692307692,1.16666666667,48.0,52.0,51.0,47.0,52.0,36.0,37.0,320.0,59.0,261.0,0.0,28.0,258.0,286.0,68.0,1.11888111888,2.10714285714,1.01162790698,9,26,12,20
2016-09-26 09:20:00,4.0,9.0,3.0,4.0,3.0,4.0,9.0,19.0,7.0,8.0,6.0,9.0,2.25,2.11111111111,2.33333333333,2.0,2.0,2.25,14.0,7.0,13.0,15.0,5.0,13.0,0.0,0.0,0.0,0.0,0.0,0.0,48.0,42.0,44.0,48.0,33.0,32.0,48.0,42.0,44.0,48.0,36.0,38.0,1.0,1.0,1.0,1.0,1.09090909091,1.1875,57.0,61.0,51.0,56.0,42.0,47.0,1.09615384615,1.19607843137,1.08510638298,1.07692307692,1.16666666667,1.30555555556,52.0,51.0,47.0,52.0,36.0,36.0,48.0,314.0,58.0,256.0,0.0,27.0,247.0,274.0,67.0,1.14598540146,2.14814814815,1.03643724696,9,26,12,40
2016-09-26 09:40:00,9.0,3.0,4.0,3.0,4.0,5.0,19.0,7.0,8.0,6.0,9.0,12.0,2.11111111111,2.33333333333,2.0,2.0,2.25,2.4,7.0,13.0,15.0,5.0,13.0,4.0,0.0,0.0,0.0,0.0,0.0,0.0,42.0,44.0,48.0,33.0,32.0,30.0,42.0,44.0,48.0,36.0,38.0,30.0,1.0,1.0,1.0,1.09090909091,1.1875,1.0,61.0,51.0,56.0,42.0,47.0,42.0,1.19607843137,1.08510638298,1.07692307692,1.16666666667,1.30555555556,1.2,51.0,47.0,52.0,36.0,36.0,35.0,54.0,299.0,61.0,238.0,0.0,28.0,229.0,257.0,57.0,1.16342412451,2.17857142857,1.03930131004,9,26,13,0
2016-09-26 10:00:00,3.0,4.0,3.0,4.0,5.0,10.0,7.0,8.0,6.0,9.0,12.0,20.0,2.33333333333,2.0,2.0,2.25,2.4,2.0,13.0,15.0,5.0,13.0,4.0,14.0,0.0,0.0,0.0,0.0,0.0,0.0,44.0,48.0,33.0,32.0,30.0,42.0,44.0,48.0,36.0,38.0,30.0,45.0,1.0,1.0,1.09090909091,1.1875,1.0,1.07142857143,51.0,56.0,42.0,47.0,42.0,65.0,1.08510638298,1.07692307692,1.16666666667,1.30555555556,1.2,1.25,47.0,52.0,36.0,36.0,35.0,52.0,49.0,303.0,62.0,241.0,0.0,29.0,229.0,258.0,64.0,1.17441860465,2.13793103448,1.05240174672,9,26,13,20
2016-09-26 10:20:00,4.0,3.0,4.0,5.0,10.0,3.0,8.0,6.0,9.0,12.0,20.0,6.0,2.0,2.0,2.25,2.4,2.0,2.0,15.0,5.0,13.0,4.0,14.0,8.0,0.0,0.0,0.0,0.0,0.0,0.0,48.0,33.0,32.0,30.0,42.0,45.0,48.0,36.0,38.0,30.0,45.0,45.0,1.0,1.09090909091,1.1875,1.0,1.07142857143,1.0,56.0,42.0,47.0,42.0,65.0,51.0,1.07692307692,1.16666666667,1.30555555556,1.2,1.25,1.0625,52.0,36.0,36.0,35.0,52.0,48.0,49.0,303.0,61.0,242.0,0.0,29.0,230.0,259.0,59.0,1.16988416988,2.10344827586,1.05217391304,9,26,13,40
2016-09-26 10:40:00,3.0,4.0,5.0,10.0,3.0,2.0,6.0,9.0,12.0,20.0,6.0,6.0,2.0,2.25,2.4,2.0,2.0,3.0,5.0,13.0,4.0,14.0,8.0,8.0,0.0,0.0,0.0,0.0,0.0,0.0,33.0,32.0,30.0,42.0,45.0,35.0,36.0,38.0,30.0,45.0,45.0,35.0,1.09090909091,1.1875,1.0,1.07142857143,1.0,1.0,42.0,47.0,42.0,65.0,51.0,41.0,1.16666666667,1.30555555556,1.2,1.25,1.0625,1.10810810811,36.0,36.0,35.0,52.0,48.0,37.0,44.0,288.0,59.0,229.0,0.0,27.0,217.0,244.0,52.0,1.18032786885,2.18518518519,1.05529953917,9,26,14,0
2016-09-26 11:00:00,4.0,5.0,10.0,3.0,2.0,6.0,9.0,12.0,20.0,6.0,6.0,12.0,2.25,2.4,2.0,2.0,3.0,2.0,13.0,4.0,14.0,8.0,8.0,17.0,0.0,0.0,0.0,0.0,0.0,0.0,32.0,30.0,42.0,45.0,35.0,42.0,38.0,30.0,45.0,45.0,35.0,42.0,1.1875,1.0,1.07142857143,1.0,1.0,1.0,47.0,42.0,65.0,51.0,41.0,54.0,1.30555555556,1.2,1.25,1.0625,1.10810810811,1.125,36.0,35.0,52.0,48.0,37.0,48.0,29.0,300.0,65.0,235.0,0.0,30.0,226.0,256.0,64.0,1.171875,2.16666666667,1.03982300885,9,26,14,20
2016-09-26 11:20:00,5.0,10.0,3.0,2.0,6.0,4.0,12.0,20.0,6.0,6.0,12.0,10.0,2.4,2.0,2.0,3.0,2.0,2.5,4.0,14.0,8.0,8.0,17.0,15.0,0.0,0.0,0.0,0.0,0.0,0.0,30.0,42.0,45.0,35.0,42.0,50.0,30.0,45.0,45.0,35.0,42.0,53.0,1.0,1.07142857143,1.0,1.0,1.0,1.06,42.0,65.0,51.0,41.0,54.0,63.0,1.2,1.25,1.0625,1.10810810811,1.125,1.16666666667,35.0,52.0,48.0,37.0,48.0,54.0,63.0,316.0,66.0,250.0,0.0,30.0,244.0,274.0,66.0,1.15328467153,2.2,1.02459016393,9,26,14,40
2016-09-26 11:40:00,10.0,3.0,2.0,6.0,4.0,3.0,20.0,6.0,6.0,12.0,10.0,7.0,2.0,2.0,3.0,2.0,2.5,2.33333333333,14.0,8.0,8.0,17.0,15.0,13.0,0.0,0.0,0.0,0.0,0.0,0.0,42.0,45.0,35.0,42.0,50.0,46.0,45.0,45.0,35.0,42.0,53.0,46.0,1.07142857143,1.0,1.0,1.0,1.06,1.0,65.0,51.0,41.0,54.0,63.0,53.0,1.25,1.0625,1.10810810811,1.125,1.16666666667,1.08163265306,52.0,48.0,37.0,48.0,54.0,49.0,33.0,327.0,61.0,266.0,0.0,28.0,260.0,288.0,75.0,1.13541666667,2.17857142857,1.02307692308,9,26,15,0
2016-09-26 12:00:00,3.0,2.0,6.0,4.0,3.0,5.0,6.0,6.0,12.0,10.0,7.0,10.0,2.0,3.0,2.0,2.5,2.33333333333,2.0,8.0,8.0,17.0,15.0,13.0,17.0,0.0,0.0,0.0,0.0,0.0,0.0,45.0,35.0,42.0,50.0,46.0,44.0,45.0,35.0,42.0,53.0,46.0,44.0,1.0,1.0,1.0,1.06,1.0,1.0,51.0,41.0,54.0,63.0,53.0,54.0,1.0625,1.10810810811,1.125,1.16666666667,1.08163265306,1.10204081633,48.0,37.0,48.0,54.0,49.0,49.0,51.0,316.0,51.0,265.0,0.0,23.0,262.0,285.0,78.0,1.10877192982,2.21739130435,1.01145038168,9,26,15,20
2016-09-26 12:20:00,2.0,6.0,4.0,3.0,5.0,2.0,6.0,12.0,10.0,7.0,10.0,5.0,3.0,2.0,2.5,2.33333333333,2.0,2.5,8.0,17.0,15.0,13.0,17.0,11.0,0.0,0.0,0.0,0.0,0.0,0.0,35.0,42.0,50.0,46.0,44.0,42.0,35.0,42.0,53.0,46.0,44.0,42.0,1.0,1.0,1.06,1.0,1.0,1.0,41.0,54.0,63.0,53.0,54.0,47.0,1.10810810811,1.125,1.16666666667,1.08163265306,1.10204081633,1.06818181818,37.0,48.0,54.0,49.0,49.0,44.0,43.0,312.0,50.0,262.0,0.0,22.0,259.0,281.0,81.0,1.1103202847,2.27272727273,1.01158301158,9,26,15,40
2016-09-26 12:40:00,6.0,4.0,3.0,5.0,2.0,4.0,12.0,10.0,7.0,10.0,5.0,9.0,2.0,2.5,2.33333333333,2.0,2.5,2.25,17.0,15.0,13.0,17.0,11.0,11.0,0.0,0.0,0.0,0.0,0.0,0.0,42.0,50.0,46.0,44.0,42.0,25.0,42.0,53.0,46.0,44.0,42.0,25.0,1.0,1.06,1.0,1.0,1.0,1.0,54.0,63.0,53.0,54.0,47.0,34.0,1.125,1.16666666667,1.08163265306,1.10204081633,1.06818181818,1.1724137931,48.0,54.0,49.0,49.0,44.0,29.0,44.0,305.0,53.0,252.0,0.0,24.0,249.0,273.0,84.0,1.11721611722,2.20833333333,1.01204819277,9,26,16,0
2016-09-26 13:00:00,4.0,3.0,5.0,2.0,4.0,7.0,10.0,7.0,10.0,5.0,9.0,14.0,2.5,2.33333333333,2.0,2.5,2.25,2.0,15.0,13.0,17.0,11.0,11.0,19.0,0.0,0.0,0.0,0.0,0.0,0.0,50.0,46.0,44.0,42.0,25.0,56.0,53.0,46.0,44.0,42.0,25.0,56.0,1.06,1.0,1.0,1.0,1.0,1.0,63.0,53.0,54.0,47.0,34.0,70.0,1.16666666667,1.08163265306,1.10204081633,1.06818181818,1.1724137931,1.11111111111,54.0,49.0,49.0,44.0,29.0,63.0,56.0,321.0,55.0,266.0,0.0,25.0,263.0,288.0,86.0,1.11458333333,2.2,1.01140684411,9,26,16,20
2016-09-26 13:20:00,3.0,5.0,2.0,4.0,7.0,3.0,7.0,10.0,5.0,9.0,14.0,6.0,2.33333333333,2.0,2.5,2.25,2.0,2.0,13.0,17.0,11.0,11.0,19.0,7.0,0.0,0.0,0.0,0.0,0.0,0.0,46.0,44.0,42.0,25.0,56.0,30.0,46.0,44.0,42.0,25.0,56.0,33.0,1.0,1.0,1.0,1.0,1.0,1.1,53.0,54.0,47.0,34.0,70.0,39.0,1.08163265306,1.10204081633,1.06818181818,1.1724137931,1.11111111111,1.18181818182,49.0,49.0,44.0,29.0,63.0,33.0,46.0,297.0,51.0,246.0,0.0,24.0,243.0,267.0,78.0,1.11235955056,2.125,1.01234567901,9,26,16,40
2016-09-26 13:40:00,5.0,2.0,4.0,7.0,3.0,4.0,10.0,5.0,9.0,14.0,6.0,10.0,2.0,2.5,2.25,2.0,2.0,2.5,17.0,11.0,11.0,19.0,7.0,11.0,0.0,0.0,0.0,0.0,0.0,0.0,44.0,42.0,25.0,56.0,30.0,47.0,44.0,42.0,25.0,56.0,33.0,47.0,1.0,1.0,1.0,1.0,1.1,1.0,54.0,47.0,34.0,70.0,39.0,57.0,1.10204081633,1.06818181818,1.1724137931,1.11111111111,1.18181818182,1.11764705882,49.0,44.0,29.0,63.0,33.0,51.0,47.0,301.0,54.0,247.0,0.0,25.0,244.0,269.0,76.0,1.11895910781,2.16,1.01229508197,9,26,17,0
2016-09-26 14:00:00,2.0,4.0,7.0,3.0,4.0,6.0,5.0,9.0,14.0,6.0,10.0,12.0,2.5,2.25,2.0,2.0,2.5,2.0,11.0,11.0,19.0,7.0,11.0,8.0,0.0,0.0,0.0,0.0,0.0,0.0,42.0,25.0,56.0,30.0,47.0,37.0,42.0,25.0,56.0,33.0,47.0,37.0,1.0,1.0,1.0,1.1,1.0,1.0,47.0,34.0,70.0,39.0,57.0,49.0,1.06818181818,1.1724137931,1.11111111111,1.18181818182,1.11764705882,1.13953488372,44.0,29.0,63.0,33.0,51.0,43.0,42.0,296.0,56.0,240.0,0.0,26.0,237.0,263.0,67.0,1.12547528517,2.15384615385,1.01265822785,9,26,17,20
2016-09-26 14:20:00,4.0,7.0,3.0,4.0,6.0,5.0,9.0,14.0,6.0,10.0,12.0,10.0,2.25,2.0,2.0,2.5,2.0,2.0,11.0,19.0,7.0,11.0,8.0,14.0,0.0,0.0,0.0,0.0,0.0,0.0,25.0,56.0,30.0,47.0,37.0,39.0,25.0,56.0,33.0,47.0,37.0,42.0,1.0,1.0,1.1,1.0,1.0,1.07692307692,34.0,70.0,39.0,57.0,49.0,52.0,1.1724137931,1.11111111111,1.18181818182,1.11764705882,1.13953488372,1.18181818182,29.0,63.0,33.0,51.0,43.0,44.0,30.0,301.0,61.0,240.0,0.0,29.0,234.0,263.0,70.0,1.14448669202,2.10344827586,1.02564102564,9,26,17,40
2016-09-26 14:40:00,7.0,3.0,4.0,6.0,5.0,2.0,14.0,6.0,10.0,12.0,10.0,4.0,2.0,2.0,2.5,2.0,2.0,2.0,19.0,7.0,11.0,8.0,14.0,16.0,0.0,0.0,0.0,0.0,0.0,0.0,56.0,30.0,47.0,37.0,39.0,54.0,56.0,33.0,47.0,37.0,42.0,57.0,1.0,1.1,1.0,1.0,1.07692307692,1.05555555556,70.0,39.0,57.0,49.0,52.0,61.0,1.11111111111,1.18181818182,1.11764705882,1.13953488372,1.18181818182,1.08928571429,63.0,33.0,51.0,43.0,44.0,56.0,33.0,328.0,56.0,272.0,0.0,27.0,263.0,290.0,75.0,1.13103448276,2.07407407407,1.03422053232,9,26,18,0
2016-09-26 15:00:00,3.0,4.0,6.0,5.0,2.0,3.0,6.0,10.0,12.0,10.0,4.0,6.0,2.0,2.5,2.0,2.0,2.0,2.0,7.0,11.0,8.0,14.0,16.0,13.0,0.0,0.0,0.0,0.0,0.0,0.0,30.0,47.0,37.0,39.0,54.0,43.0,33.0,47.0,37.0,42.0,57.0,43.0,1.1,1.0,1.0,1.07692307692,1.05555555556,1.0,39.0,57.0,49.0,52.0,61.0,49.0,1.18181818182,1.11764705882,1.13953488372,1.18181818182,1.08928571429,1.0652173913,33.0,51.0,43.0,44.0,56.0,46.0,22.0,307.0,48.0,259.0,0.0,23.0,250.0,273.0,69.0,1.12454212454,2.08695652174,1.036,9,26,18,20
2016-09-26 15:20:00,4.0,6.0,5.0,2.0,3.0,4.0,10.0,12.0,10.0,4.0,6.0,9.0,2.5,2.0,2.0,2.0,2.0,2.25,11.0,8.0,14.0,16.0,13.0,12.0,0.0,0.0,0.0,0.0,0.0,0.0,47.0,37.0,39.0,54.0,43.0,43.0,47.0,37.0,42.0,57.0,43.0,43.0,1.0,1.0,1.07692307692,1.05555555556,1.0,1.0,57.0,49.0,52.0,61.0,49.0,52.0,1.11764705882,1.13953488372,1.18181818182,1.08928571429,1.0652173913,1.10638297872,51.0,43.0,44.0,56.0,46.0,47.0,29.0,320.0,51.0,269.0,0.0,24.0,263.0,287.0,74.0,1.1149825784,2.125,1.02281368821,9,26,18,40
2016-09-26 15:40:00,6.0,5.0,2.0,3.0,4.0,0.0,12.0,10.0,4.0,6.0,9.0,0.0,2.0,2.0,2.0,2.0,2.25,0.0,8.0,14.0,16.0,13.0,12.0,10.0,0.0,0.0,0.0,0.0,0.0,0.0,37.0,39.0,54.0,43.0,43.0,42.0,37.0,42.0,57.0,43.0,43.0,45.0,1.0,1.07692307692,1.05555555556,1.0,1.0,1.07142857143,49.0,52.0,61.0,49.0,52.0,45.0,1.13953488372,1.18181818182,1.08928571429,1.0652173913,1.10638297872,1.07142857143,43.0,44.0,56.0,46.0,47.0,42.0,31.0,308.0,41.0,267.0,0.0,20.0,258.0,278.0,73.0,1.10791366906,2.05,1.03488372093,9,26,19,0
2016-09-26 16:00:00,5.0,2.0,3.0,4.0,0.0,0.0,10.0,4.0,6.0,9.0,0.0,0.0,2.0,2.0,2.0,2.25,0.0,0.0,14.0,16.0,13.0,12.0,10.0,11.0,0.0,0.0,0.0,0.0,0.0,0.0,39.0,54.0,43.0,43.0,42.0,30.0,42.0,57.0,43.0,43.0,45.0,30.0,1.07692307692,1.05555555556,1.0,1.0,1.07142857143,1.0,52.0,61.0,49.0,52.0,45.0,30.0,1.18181818182,1.08928571429,1.0652173913,1.10638297872,1.07142857143,1.0,44.0,56.0,46.0,47.0,42.0,30.0,15.0,289.0,29.0,260.0,0.0,14.0,251.0,265.0,76.0,1.09056603774,2.07142857143,1.03585657371,9,26,19,20
2016-09-26 16:20:00,2.0,3.0,4.0,0.0,0.0,2.0,4.0,6.0,9.0,0.0,0.0,5.0,2.0,2.0,2.25,0.0,0.0,2.5,16.0,13.0,12.0,10.0,11.0,17.0,0.0,0.0,0.0,0.0,0.0,0.0,54.0,43.0,43.0,42.0,30.0,31.0,57.0,43.0,43.0,45.0,30.0,52.0,1.05555555556,1.0,1.0,1.07142857143,1.0,1.67741935484,61.0,49.0,52.0,45.0,30.0,57.0,1.08928571429,1.0652173913,1.10638297872,1.07142857143,1.0,1.72727272727,56.0,46.0,47.0,42.0,30.0,33.0,22.0,294.0,24.0,270.0,0.0,11.0,243.0,254.0,79.0,1.15748031496,2.18181818182,1.11111111111,9,26,19,40
2016-09-26 16:40:00,3.0,4.0,0.0,0.0,2.0,0.0,6.0,9.0,0.0,0.0,5.0,0.0,2.0,2.25,0.0,0.0,2.5,0.0,13.0,12.0,10.0,11.0,17.0,4.0,0.0,0.0,0.0,0.0,0.0,0.0,43.0,43.0,42.0,30.0,31.0,22.0,43.0,43.0,45.0,30.0,52.0,22.0,1.0,1.0,1.07142857143,1.0,1.67741935484,1.0,49.0,52.0,45.0,30.0,57.0,22.0,1.0652173913,1.10638297872,1.07142857143,1.0,1.72727272727,1.0,46.0,47.0,42.0,30.0,33.0,22.0,19.0,255.0,20.0,235.0,0.0,9.0,211.0,220.0,67.0,1.15909090909,2.22222222222,1.11374407583,9,26,20,0
2016-09-26 17:00:00,4.0,0.0,0.0,2.0,0.0,2.0,9.0,0.0,0.0,5.0,0.0,4.0,2.25,0.0,0.0,2.5,0.0,2.0,12.0,10.0,11.0,17.0,4.0,8.0,0.0,0.0,0.0,0.0,0.0,0.0,43.0,42.0,30.0,31.0,22.0,27.0,43.0,45.0,30.0,52.0,22.0,27.0,1.0,1.07142857143,1.0,1.67741935484,1.0,1.0,52.0,45.0,30.0,57.0,22.0,31.0,1.10638297872,1.07142857143,1.0,1.72727272727,1.0,1.06896551724,47.0,42.0,30.0,33.0,22.0,29.0,19.0,237.0,18.0,219.0,0.0,8.0,195.0,203.0,62.0,1.16748768473,2.25,1.12307692308,9,26,20,20
2016-09-26 17:20:00,0.0,0.0,2.0,0.0,2.0,2.0,0.0,0.0,5.0,0.0,4.0,5.0,0.0,0.0,2.5,0.0,2.0,2.5,10.0,11.0,17.0,4.0,8.0,9.0,0.0,0.0,0.0,0.0,0.0,0.0,42.0,30.0,31.0,22.0,27.0,29.0,45.0,30.0,52.0,22.0,27.0,29.0,1.07142857143,1.0,1.67741935484,1.0,1.0,1.0,45.0,30.0,57.0,22.0,31.0,34.0,1.07142857143,1.0,1.72727272727,1.0,1.06896551724,1.09677419355,42.0,30.0,33.0,22.0,29.0,31.0,24.0,219.0,14.0,205.0,0.0,6.0,181.0,187.0,59.0,1.17112299465,2.33333333333,1.13259668508,9,26,20,40
2016-09-26 17:40:00,0.0,2.0,0.0,2.0,2.0,3.0,0.0,5.0,0.0,4.0,5.0,6.0,0.0,2.5,0.0,2.0,2.5,2.0,11.0,17.0,4.0,8.0,9.0,1.0,0.0,0.0,0.0,0.0,0.0,0.0,30.0,31.0,22.0,27.0,29.0,12.0,30.0,52.0,22.0,27.0,29.0,12.0,1.0,1.67741935484,1.0,1.0,1.0,1.0,30.0,57.0,22.0,31.0,34.0,18.0,1.0,1.72727272727,1.0,1.06896551724,1.09677419355,1.2,30.0,33.0,22.0,29.0,31.0,15.0,14.0,192.0,20.0,172.0,0.0,9.0,151.0,160.0,50.0,1.2,2.22222222222,1.13907284768,9,26,21,0
2016-09-26 18:00:00,2.0,0.0,2.0,2.0,3.0,1.0,5.0,0.0,4.0,5.0,6.0,2.0,2.5,0.0,2.0,2.5,2.0,2.0,17.0,4.0,8.0,9.0,1.0,4.0,0.0,0.0,0.0,0.0,0.0,0.0,31.0,22.0,27.0,29.0,12.0,21.0,52.0,22.0,27.0,29.0,12.0,21.0,1.67741935484,1.0,1.0,1.0,1.0,1.0,57.0,22.0,31.0,34.0,18.0,23.0,1.72727272727,1.0,1.06896551724,1.09677419355,1.2,1.04545454545,33.0,22.0,29.0,31.0,15.0,22.0,19.0,185.0,22.0,163.0,0.0,10.0,142.0,152.0,43.0,1.21710526316,2.2,1.14788732394,9,26,21,20
2016-09-26 18:20:00,0.0,2.0,2.0,3.0,1.0,1.0,0.0,4.0,5.0,6.0,2.0,2.0,0.0,2.0,2.5,2.0,2.0,2.0,4.0,8.0,9.0,1.0,4.0,2.0,0.0,0.0,0.0,0.0,0.0,0.0,22.0,27.0,29.0,12.0,21.0,18.0,22.0,27.0,29.0,12.0,21.0,18.0,1.0,1.0,1.0,1.0,1.0,1.0,22.0,31.0,34.0,18.0,23.0,20.0,1.0,1.06896551724,1.09677419355,1.2,1.04545454545,1.05263157895,22.0,29.0,31.0,15.0,22.0,19.0,10.0,148.0,19.0,129.0,0.0,9.0,129.0,138.0,28.0,1.07246376812,2.11111111111,1.0,9,26,21,40
2016-09-26 18:40:00,2.0,2.0,3.0,1.0,1.0,1.0,4.0,5.0,6.0,2.0,2.0,2.0,2.0,2.5,2.0,2.0,2.0,2.0,8.0,9.0,1.0,4.0,2.0,6.0,0.0,0.0,0.0,0.0,0.0,0.0,27.0,29.0,12.0,21.0,18.0,18.0,27.0,29.0,12.0,21.0,18.0,18.0,1.0,1.0,1.0,1.0,1.0,1.0,31.0,34.0,18.0,23.0,20.0,20.0,1.06896551724,1.09677419355,1.2,1.04545454545,1.05263157895,1.05263157895,29.0,31.0,15.0,22.0,19.0,19.0,10.0,146.0,21.0,125.0,0.0,10.0,125.0,135.0,30.0,1.08148148148,2.1,1.0,9,26,22,0
2016-09-26 19:00:00,2.0,3.0,1.0,1.0,1.0,1.0,5.0,6.0,2.0,2.0,2.0,2.0,2.5,2.0,2.0,2.0,2.0,2.0,9.0,1.0,4.0,2.0,6.0,9.0,0.0,0.0,0.0,0.0,0.0,0.0,29.0,12.0,21.0,18.0,18.0,23.0,29.0,12.0,21.0,18.0,18.0,23.0,1.0,1.0,1.0,1.0,1.0,1.0,34.0,18.0,23.0,20.0,20.0,25.0,1.09677419355,1.2,1.04545454545,1.05263157895,1.05263157895,1.04166666667,31.0,15.0,22.0,19.0,19.0,24.0,12.0,140.0,19.0,121.0,0.0,9.0,121.0,130.0,31.0,1.07692307692,2.11111111111,1.0,9,26,22,20
2016-09-26 19:20:00,3.0,1.0,1.0,1.0,1.0,1.0,6.0,2.0,2.0,2.0,2.0,2.0,2.0,2.0,2.0,2.0,2.0,2.0,1.0,4.0,2.0,6.0,9.0,2.0,0.0,0.0,0.0,0.0,0.0,0.0,12.0,21.0,18.0,18.0,23.0,13.0,12.0,21.0,18.0,18.0,23.0,13.0,1.0,1.0,1.0,1.0,1.0,1.0,18.0,23.0,20.0,20.0,25.0,15.0,1.2,1.04545454545,1.05263157895,1.05263157895,1.04166666667,1.07142857143,15.0,22.0,19.0,19.0,24.0,14.0,5.0,121.0,16.0,105.0,0.0,8.0,105.0,113.0,24.0,1.07079646018,2.0,1.0,9,26,22,40
2016-09-26 19:40:00,1.0,1.0,1.0,1.0,1.0,3.0,2.0,2.0,2.0,2.0,2.0,6.0,2.0,2.0,2.0,2.0,2.0,2.0,4.0,2.0,6.0,9.0,2.0,3.0,0.0,0.0,0.0,0.0,0.0,0.0,21.0,18.0,18.0,23.0,13.0,16.0,21.0,18.0,18.0,23.0,13.0,16.0,1.0,1.0,1.0,1.0,1.0,1.0,23.0,20.0,20.0,25.0,15.0,22.0,1.04545454545,1.05263157895,1.05263157895,1.04166666667,1.07142857143,1.15789473684,22.0,19.0,19.0,24.0,14.0,19.0,3.0,125.0,16.0,109.0,0.0,8.0,109.0,117.0,26.0,1.06837606838,2.0,1.0,9,26,23,0
2016-09-26 20:00:00,1.0,1.0,1.0,1.0,3.0,0.0,2.0,2.0,2.0,2.0,6.0,0.0,2.0,2.0,2.0,2.0,2.0,0.0,2.0,6.0,9.0,2.0,3.0,6.0,0.0,0.0,0.0,0.0,0.0,0.0,18.0,18.0,23.0,13.0,16.0,10.0,18.0,18.0,23.0,13.0,16.0,10.0,1.0,1.0,1.0,1.0,1.0,1.0,20.0,20.0,25.0,15.0,22.0,10.0,1.05263157895,1.05263157895,1.04166666667,1.07142857143,1.15789473684,1.0,19.0,19.0,24.0,14.0,19.0,10.0,6.0,112.0,14.0,98.0,0.0,7.0,98.0,105.0,28.0,1.06666666667,2.0,1.0,9,26,23,20
2016-09-26 20:20:00,1.0,1.0,1.0,3.0,0.0,2.0,2.0,2.0,2.0,6.0,0.0,4.0,2.0,2.0,2.0,2.0,0.0,2.0,6.0,9.0,2.0,3.0,6.0,2.0,0.0,0.0,0.0,0.0,0.0,0.0,18.0,23.0,13.0,16.0,10.0,8.0,18.0,23.0,13.0,16.0,10.0,8.0,1.0,1.0,1.0,1.0,1.0,1.0,20.0,25.0,15.0,22.0,10.0,12.0,1.05263157895,1.04166666667,1.07142857143,1.15789473684,1.0,1.2,19.0,24.0,14.0,19.0,10.0,10.0,4.0,104.0,16.0,88.0,0.0,8.0,88.0,96.0,28.0,1.08333333333,2.0,1.0,9,26,23,40
2016-09-26 20:40:00,1.0,1.0,3.0,0.0,2.0,0.0,2.0,2.0,6.0,0.0,4.0,0.0,2.0,2.0,2.0,0.0,2.0,0.0,9.0,2.0,3.0,6.0,2.0,4.0,0.0,0.0,0.0,0.0,0.0,0.0,23.0,13.0,16.0,10.0,8.0,12.0,23.0,13.0,16.0,10.0,8.0,12.0,1.0,1.0,1.0,1.0,1.0,1.0,25.0,15.0,22.0,10.0,12.0,12.0,1.04166666667,1.07142857143,1.15789473684,1.0,1.2,1.0,24.0,14.0,19.0,10.0,10.0,12.0,12.0,96.0,14.0,82.0,0.0,7.0,82.0,89.0,26.0,1.07865168539,2.0,1.0,9,27,0,0
2016-09-26 21:00:00,1.0,3.0,0.0,2.0,0.0,2.0,2.0,6.0,0.0,4.0,0.0,4.0,2.0,2.0,0.0,2.0,0.0,2.0,2.0,3.0,6.0,2.0,4.0,1.0,0.0,0.0,0.0,0.0,0.0,0.0,13.0,16.0,10.0,8.0,12.0,3.0,13.0,16.0,10.0,8.0,12.0,3.0,1.0,1.0,1.0,1.0,1.0,1.0,15.0,22.0,10.0,12.0,12.0,7.0,1.07142857143,1.15789473684,1.0,1.2,1.0,1.4,14.0,19.0,10.0,10.0,12.0,5.0,20.0,78.0,16.0,62.0,0.0,8.0,62.0,70.0,18.0,1.11428571429,2.0,1.0,9,27,0,20
2016-09-26 21:20:00,3.0,0.0,2.0,0.0,2.0,0.0,6.0,0.0,4.0,0.0,4.0,0.0,2.0,0.0,2.0,0.0,2.0,0.0,3.0,6.0,2.0,4.0,1.0,2.0,0.0,0.0,0.0,0.0,0.0,0.0,16.0,10.0,8.0,12.0,3.0,3.0,16.0,10.0,8.0,12.0,3.0,3.0,1.0,1.0,1.0,1.0,1.0,1.0,22.0,10.0,12.0,12.0,7.0,3.0,1.15789473684,1.0,1.2,1.0,1.4,1.0,19.0,10.0,10.0,12.0,5.0,3.0,8.0,66.0,14.0,52.0,0.0,7.0,52.0,59.0,18.0,1.1186440678,2.0,1.0,9,27,0,40
2016-09-26 21:40:00,0.0,2.0,0.0,2.0,0.0,1.0,0.0,4.0,0.0,4.0,0.0,2.0,0.0,2.0,0.0,2.0,0.0,2.0,6.0,2.0,4.0,1.0,2.0,3.0,0.0,0.0,0.0,0.0,0.0,0.0,10.0,8.0,12.0,3.0,3.0,5.0,10.0,8.0,12.0,3.0,3.0,8.0,1.0,1.0,1.0,1.0,1.0,1.6,10.0,12.0,12.0,7.0,3.0,10.0,1.0,1.2,1.0,1.4,1.0,1.66666666667,10.0,10.0,12.0,5.0,3.0,6.0,5.0,54.0,10.0,44.0,0.0,5.0,41.0,46.0,18.0,1.17391304348,2.0,1.07317073171,9,27,1,0
2016-09-26 22:00:00,2.0,0.0,2.0,0.0,1.0,0.0,4.0,0.0,4.0,0.0,2.0,0.0,2.0,0.0,2.0,0.0,2.0,0.0,2.0,4.0,1.0,2.0,3.0,0.0,0.0,0.0,0.0,0.0,0.0,0.0,8.0,12.0,3.0,3.0,5.0,4.0,8.0,12.0,3.0,3.0,8.0,4.0,1.0,1.0,1.0,1.0,1.6,1.0,12.0,12.0,7.0,3.0,10.0,4.0,1.2,1.0,1.4,1.0,1.66666666667,1.0,10.0,12.0,5.0,3.0,6.0,4.0,8.0,48.0,10.0,38.0,0.0,5.0,35.0,40.0,12.0,1.2,2.0,1.08571428571,9,27,1,20
2016-09-26 22:20:00,0.0,2.0,0.0,1.0,0.0,4.0,0.0,4.0,0.0,2.0,0.0,8.0,0.0,2.0,0.0,2.0,0.0,2.0,4.0,1.0,2.0,3.0,0.0,1.0,0.0,0.0,0.0,0.0,0.0,0.0,12.0,3.0,3.0,5.0,4.0,8.0,12.0,3.0,3.0,8.0,4.0,14.0,1.0,1.0,1.0,1.6,1.0,1.75,12.0,7.0,3.0,10.0,4.0,22.0,1.0,1.4,1.0,1.66666666667,1.0,1.83333333333,12.0,5.0,3.0,6.0,4.0,12.0,6.0,58.0,14.0,44.0,0.0,7.0,35.0,42.0,11.0,1.38095238095,2.0,1.25714285714,9,27,1,40
2016-09-26 22:40:00,2.0,0.0,1.0,0.0,4.0,6.0,4.0,0.0,2.0,0.0,8.0,18.0,2.0,0.0,2.0,0.0,2.0,3.0,1.0,2.0,3.0,0.0,1.0,1.0,0.0,0.0,0.0,0.0,0.0,0.0,3.0,3.0,5.0,4.0,8.0,14.0,3.0,3.0,8.0,4.0,14.0,23.0,1.0,1.0,1.6,1.0,1.75,1.64285714286,7.0,3.0,10.0,4.0,22.0,41.0,1.4,1.0,1.66666666667,1.0,1.83333333333,2.05,5.0,3.0,6.0,4.0,12.0,20.0,7.0,87.0,32.0,55.0,0.0,13.0,37.0,50.0,8.0,1.74,2.46153846154,1.48648648649,9,27,2,0
2016-09-26 23:00:00,0.0,1.0,0.0,4.0,6.0,3.0,0.0,2.0,0.0,8.0,18.0,9.0,0.0,2.0,0.0,2.0,3.0,3.0,2.0,3.0,0.0,1.0,1.0,0.0,0.0,0.0,0.0,0.0,0.0,0.0,3.0,5.0,4.0,8.0,14.0,5.0,3.0,8.0,4.0,14.0,23.0,5.0,1.0,1.6,1.0,1.75,1.64285714286,1.0,3.0,10.0,4.0,22.0,41.0,14.0,1.0,1.66666666667,1.0,1.83333333333,2.05,1.75,3.0,6.0,4.0,12.0,20.0,8.0,5.0,94.0,37.0,57.0,0.0,14.0,39.0,53.0,7.0,1.77358490566,2.64285714286,1.46153846154,9,27,2,20
2016-09-26 23:20:00,1.0,0.0,4.0,6.0,3.0,1.0,2.0,0.0,8.0,18.0,9.0,3.0,2.0,0.0,2.0,3.0,3.0,3.0,3.0,0.0,1.0,1.0,0.0,0.0,0.0,0.0,0.0,0.0,0.0,0.0,5.0,4.0,8.0,14.0,5.0,4.0,8.0,4.0,14.0,23.0,5.0,7.0,1.6,1.0,1.75,1.64285714286,1.0,1.75,10.0,4.0,22.0,41.0,14.0,10.0,1.66666666667,1.0,1.83333333333,2.05,1.75,2.0,6.0,4.0,12.0,20.0,8.0,5.0,8.0,101.0,40.0,61.0,0.0,15.0,40.0,55.0,5.0,1.83636363636,2.66666666667,1.525,9,27,2,40
2016-09-26 23:40:00,0.0,4.0,6.0,3.0,1.0,4.0,0.0,8.0,18.0,9.0,3.0,15.0,0.0,2.0,3.0,3.0,3.0,3.75,0.0,1.0,1.0,0.0,0.0,1.0,0.0,0.0,0.0,0.0,0.0,0.0,4.0,8.0,14.0,5.0,4.0,4.0,4.0,14.0,23.0,5.0,7.0,10.0,1.0,1.75,1.64285714286,1.0,1.75,2.5,4.0,22.0,41.0,14.0,10.0,25.0,1.0,1.83333333333,2.05,1.75,2.0,3.125,4.0,12.0,20.0,8.0,5.0,8.0,9.0,116.0,53.0,63.0,0.0,18.0,39.0,57.0,3.0,2.0350877193,2.94444444444,1.61538461538,9,27,3,0
2016-09-27 00:00:00,4.0,6.0,3.0,1.0,4.0,1.0,8.0,18.0,9.0,3.0,15.0,2.0,2.0,3.0,3.0,3.0,3.75,2.0,1.0,1.0,0.0,0.0,1.0,1.0,0.0,0.0,0.0,0.0,0.0,0.0,8.0,14.0,5.0,4.0,4.0,5.0,14.0,23.0,5.0,7.0,10.0,5.0,1.75,1.64285714286,1.0,1.75,2.5,1.0,22.0,41.0,14.0,10.0,25.0,7.0,1.83333333333,2.05,1.75,2.0,3.125,1.16666666667,12.0,20.0,8.0,5.0,8.0,6.0,7.0,119.0,55.0,64.0,0.0,19.0,40.0,59.0,4.0,2.01694915254,2.89473684211,1.6,9,27,3,20
2016-09-27 00:20:00,6.0,3.0,1.0,4.0,1.0,6.0,18.0,9.0,3.0,15.0,2.0,12.0,3.0,3.0,3.0,3.75,2.0,2.0,1.0,0.0,0.0,1.0,1.0,1.0,0.0,0.0,0.0,0.0,0.0,0.0,14.0,5.0,4.0,4.0,5.0,1.0,23.0,5.0,7.0,10.0,5.0,1.0,1.64285714286,1.0,1.75,2.5,1.0,1.0,41.0,14.0,10.0,25.0,7.0,13.0,2.05,1.75,2.0,3.125,1.16666666667,1.85714285714,20.0,8.0,5.0,8.0,6.0,7.0,6.0,110.0,59.0,51.0,0.0,21.0,33.0,54.0,4.0,2.03703703704,2.80952380952,1.54545454545,9,27,3,40
2016-09-27 00:40:00,3.0,1.0,4.0,1.0,6.0,4.0,9.0,3.0,15.0,2.0,12.0,12.0,3.0,3.0,3.75,2.0,2.0,3.0,0.0,0.0,1.0,1.0,1.0,1.0,0.0,0.0,0.0,0.0,0.0,0.0,5.0,4.0,4.0,5.0,1.0,1.0,5.0,7.0,10.0,5.0,1.0,1.0,1.0,1.75,2.5,1.0,1.0,1.0,14.0,10.0,25.0,7.0,13.0,13.0,1.75,2.0,3.125,1.16666666667,1.85714285714,2.6,8.0,5.0,8.0,6.0,7.0,5.0,16.0,82.0,53.0,29.0,0.0,19.0,20.0,39.0,4.0,2.10256410256,2.78947368421,1.45,9,27,4,0
2016-09-27 01:00:00,1.0,4.0,1.0,6.0,4.0,3.0,3.0,15.0,2.0,12.0,12.0,15.0,3.0,3.75,2.0,2.0,3.0,5.0,0.0,1.0,1.0,1.0,1.0,0.0,0.0,0.0,0.0,0.0,0.0,0.0,4.0,4.0,5.0,1.0,1.0,5.0,7.0,10.0,5.0,1.0,1.0,8.0,1.75,2.5,1.0,1.0,1.0,1.6,10.0,25.0,7.0,13.0,13.0,23.0,2.0,3.125,1.16666666667,1.85714285714,2.6,2.875,5.0,8.0,6.0,7.0,5.0,8.0,11.0,91.0,59.0,32.0,0.0,19.0,20.0,39.0,4.0,2.33333333333,3.10526315789,1.6,9,27,4,20
2016-09-27 01:20:00,4.0,1.0,6.0,4.0,3.0,3.0,15.0,2.0,12.0,12.0,15.0,9.0,3.75,2.0,2.0,3.0,5.0,3.0,1.0,1.0,1.0,1.0,0.0,1.0,0.0,0.0,0.0,0.0,0.0,0.0,4.0,5.0,1.0,1.0,5.0,6.0,10.0,5.0,1.0,1.0,8.0,6.0,2.5,1.0,1.0,1.0,1.6,1.0,25.0,7.0,13.0,13.0,23.0,15.0,3.125,1.16666666667,1.85714285714,2.6,2.875,1.66666666667,8.0,6.0,7.0,5.0,8.0,9.0,16.0,96.0,65.0,31.0,0.0,21.0,22.0,43.0,5.0,2.23255813953,3.09523809524,1.40909090909,9,27,4,40
2016-09-27 01:40:00,1.0,6.0,4.0,3.0,3.0,3.0,2.0,12.0,12.0,15.0,9.0,13.0,2.0,2.0,3.0,5.0,3.0,4.33333333333,1.0,1.0,1.0,0.0,1.0,0.0,0.0,0.0,0.0,0.0,0.0,0.0,5.0,1.0,1.0,5.0,6.0,4.0,5.0,1.0,1.0,8.0,6.0,4.0,1.0,1.0,1.0,1.6,1.0,1.0,7.0,13.0,13.0,23.0,15.0,17.0,1.16666666667,1.85714285714,2.6,2.875,1.66666666667,2.42857142857,6.0,7.0,5.0,8.0,9.0,7.0,6.0,88.0,63.0,25.0,0.0,20.0,22.0,42.0,4.0,2.09523809524,3.15,1.13636363636,9,27,5,0
2016-09-27 02:00:00,6.0,4.0,3.0,3.0,3.0,3.0,12.0,12.0,15.0,9.0,13.0,9.0,2.0,3.0,5.0,3.0,4.33333333333,3.0,1.0,1.0,0.0,1.0,0.0,0.0,0.0,0.0,0.0,0.0,0.0,0.0,1.0,1.0,5.0,6.0,4.0,3.0,1.0,1.0,8.0,6.0,4.0,3.0,1.0,1.0,1.6,1.0,1.0,1.0,13.0,13.0,23.0,15.0,17.0,12.0,1.85714285714,2.6,2.875,1.66666666667,2.42857142857,2.0,7.0,5.0,8.0,9.0,7.0,6.0,4.0,93.0,70.0,23.0,0.0,22.0,20.0,42.0,3.0,2.21428571429,3.18181818182,1.15,9,27,5,20
2016-09-27 02:20:00,4.0,3.0,3.0,3.0,3.0,10.0,12.0,15.0,9.0,13.0,9.0,32.0,3.0,5.0,3.0,4.33333333333,3.0,3.2,1.0,0.0,1.0,0.0,0.0,0.0,0.0,0.0,0.0,0.0,0.0,0.0,1.0,5.0,6.0,4.0,3.0,6.0,1.0,8.0,6.0,4.0,3.0,6.0,1.0,1.6,1.0,1.0,1.0,1.0,13.0,23.0,15.0,17.0,12.0,38.0,2.6,2.875,1.66666666667,2.42857142857,2.0,2.375,5.0,8.0,9.0,7.0,6.0,16.0,10.0,118.0,90.0,28.0,0.0,26.0,25.0,51.0,2.0,2.3137254902,3.46153846154,1.12,9,27,5,40
2016-09-27 02:40:00,3.0,3.0,3.0,3.0,10.0,6.0,15.0,9.0,13.0,9.0,32.0,22.0,5.0,3.0,4.33333333333,3.0,3.2,3.66666666667,0.0,1.0,0.0,0.0,0.0,1.0,0.0,0.0,0.0,0.0,0.0,0.0,5.0,6.0,4.0,3.0,6.0,5.0,8.0,6.0,4.0,3.0,6.0,8.0,1.6,1.0,1.0,1.0,1.0,1.6,23.0,15.0,17.0,12.0,38.0,30.0,2.875,1.66666666667,2.42857142857,2.0,2.375,2.72727272727,8.0,9.0,7.0,6.0,16.0,11.0,12.0,135.0,100.0,35.0,0.0,28.0,29.0,57.0,2.0,2.36842105263,3.57142857143,1.20689655172,9,27,6,0
2016-09-27 03:00:00,3.0,3.0,3.0,10.0,6.0,8.0,9.0,13.0,9.0,32.0,22.0,35.0,3.0,4.33333333333,3.0,3.2,3.66666666667,4.375,1.0,0.0,0.0,0.0,1.0,1.0,0.0,0.0,0.0,0.0,0.0,0.0,6.0,4.0,3.0,6.0,5.0,8.0,6.0,4.0,3.0,6.0,8.0,8.0,1.0,1.0,1.0,1.0,1.6,1.0,15.0,17.0,12.0,38.0,30.0,43.0,1.66666666667,2.42857142857,2.0,2.375,2.72727272727,2.6875,9.0,7.0,6.0,16.0,11.0,16.0,20.0,155.0,120.0,35.0,0.0,33.0,32.0,65.0,3.0,2.38461538462,3.63636363636,1.09375,9,27,6,20
2016-09-27 03:20:00,3.0,3.0,10.0,6.0,8.0,1.0,13.0,9.0,32.0,22.0,35.0,2.0,4.33333333333,3.0,3.2,3.66666666667,4.375,2.0,0.0,0.0,0.0,1.0,1.0,2.0,0.0,0.0,0.0,0.0,0.0,1.0,4.0,3.0,6.0,5.0,8.0,4.0,4.0,3.0,6.0,8.0,8.0,4.0,1.0,1.0,1.0,1.6,1.0,1.0,17.0,12.0,38.0,30.0,43.0,6.0,2.42857142857,2.0,2.375,2.72727272727,2.6875,1.0,7.0,6.0,16.0,11.0,16.0,6.0,35.0,146.0,113.0,33.0,1.0,31.0,30.0,62.0,4.0,2.35483870968,3.64516129032,1.1,9,27,6,40
2016-09-27 03:40:00,3.0,10.0,6.0,8.0,1.0,1.0,9.0,32.0,22.0,35.0,2.0,2.0,3.0,3.2,3.66666666667,4.375,2.0,2.0,0.0,0.0,1.0,1.0,2.0,1.0,0.0,0.0,0.0,0.0,1.0,0.0,3.0,6.0,5.0,8.0,4.0,3.0,3.0,6.0,8.0,8.0,4.0,3.0,1.0,1.0,1.6,1.0,1.0,1.0,12.0,38.0,30.0,43.0,6.0,5.0,2.0,2.375,2.72727272727,2.6875,1.0,1.25,6.0,16.0,11.0,16.0,6.0,4.0,56.0,134.0,102.0,32.0,1.0,29.0,29.0,59.0,5.0,2.27118644068,3.51724137931,1.10344827586,9,27,7,0
2016-09-27 04:00:00,10.0,6.0,8.0,1.0,1.0,5.0,32.0,22.0,35.0,2.0,2.0,10.0,3.2,3.66666666667,4.375,2.0,2.0,2.0,0.0,1.0,1.0,2.0,1.0,2.0,0.0,0.0,0.0,1.0,0.0,0.0,6.0,5.0,8.0,4.0,3.0,5.0,6.0,8.0,8.0,4.0,3.0,5.0,1.0,1.6,1.0,1.0,1.0,1.0,38.0,30.0,43.0,6.0,5.0,15.0,2.375,2.72727272727,2.6875,1.0,1.25,1.5,16.0,11.0,16.0,6.0,4.0,10.0,50.0,137.0,103.0,34.0,1.0,31.0,31.0,63.0,7.0,2.1746031746,3.32258064516,1.09677419355,9,27,7,20
2016-09-27 04:20:00,6.0,8.0,1.0,1.0,5.0,2.0,22.0,35.0,2.0,2.0,10.0,4.0,3.66666666667,4.375,2.0,2.0,2.0,2.0,1.0,1.0,2.0,1.0,2.0,3.0,0.0,0.0,1.0,0.0,0.0,0.0,5.0,8.0,4.0,3.0,5.0,10.0,8.0,8.0,4.0,3.0,5.0,10.0,1.6,1.0,1.0,1.0,1.0,1.0,30.0,43.0,6.0,5.0,15.0,14.0,2.72727272727,2.6875,1.0,1.25,1.5,1.16666666667,11.0,16.0,6.0,4.0,10.0,12.0,41.0,113.0,75.0,38.0,1.0,23.0,35.0,59.0,10.0,1.91525423729,3.26086956522,1.08571428571,9,27,7,40
2016-09-27 04:40:00,8.0,1.0,1.0,5.0,2.0,5.0,35.0,2.0,2.0,10.0,4.0,10.0,4.375,2.0,2.0,2.0,2.0,2.0,1.0,2.0,1.0,2.0,3.0,1.0,0.0,1.0,0.0,0.0,0.0,0.0,8.0,4.0,3.0,5.0,10.0,15.0,8.0,4.0,3.0,5.0,10.0,15.0,1.0,1.0,1.0,1.0,1.0,1.0,43.0,6.0,5.0,15.0,14.0,25.0,2.6875,1.0,1.25,1.5,1.16666666667,1.25,16.0,6.0,4.0,10.0,12.0,20.0,60.0,108.0,63.0,45.0,1.0,22.0,45.0,68.0,10.0,1.58823529412,2.86363636364,1.0,9,27,8,0
2016-09-27 05:00:00,1.0,1.0,5.0,2.0,5.0,10.0,2.0,2.0,10.0,4.0,10.0,21.0,2.0,2.0,2.0,2.0,2.0,2.1,2.0,1.0,2.0,3.0,1.0,8.0,1.0,0.0,0.0,0.0,0.0,0.0,4.0,3.0,5.0,10.0,15.0,25.0,4.0,3.0,5.0,10.0,15.0,28.0,1.0,1.0,1.0,1.0,1.0,1.12,6.0,5.0,15.0,14.0,25.0,49.0,1.0,1.25,1.5,1.16666666667,1.25,1.4,6.0,4.0,10.0,12.0,20.0,35.0,45.0,114.0,49.0,65.0,1.0,24.0,62.0,87.0,17.0,1.31034482759,2.04166666667,1.04838709677,9,27,8,20
2016-09-27 05:20:00,1.0,5.0,2.0,5.0,10.0,8.0,2.0,10.0,4.0,10.0,21.0,19.0,2.0,2.0,2.0,2.0,2.1,2.375,1.0,2.0,3.0,1.0,8.0,8.0,0.0,0.0,0.0,0.0,0.0,0.0,3.0,5.0,10.0,15.0,25.0,48.0,3.0,5.0,10.0,15.0,28.0,51.0,1.0,1.0,1.0,1.0,1.12,1.0625,5.0,15.0,14.0,25.0,49.0,70.0,1.25,1.5,1.16666666667,1.25,1.4,1.25,4.0,10.0,12.0,20.0,35.0,56.0,64.0,178.0,66.0,112.0,0.0,31.0,106.0,137.0,23.0,1.29927007299,2.12903225806,1.05660377358,9,27,8,40
2016-09-27 05:40:00,5.0,2.0,5.0,10.0,8.0,4.0,10.0,4.0,10.0,21.0,19.0,8.0,2.0,2.0,2.0,2.1,2.375,2.0,2.0,3.0,1.0,8.0,8.0,9.0,0.0,0.0,0.0,0.0,0.0,0.0,5.0,10.0,15.0,25.0,48.0,46.0,5.0,10.0,15.0,28.0,51.0,46.0,1.0,1.0,1.0,1.12,1.0625,1.0,15.0,14.0,25.0,49.0,70.0,54.0,1.5,1.16666666667,1.25,1.4,1.25,1.08,10.0,12.0,20.0,35.0,56.0,50.0,58.0,227.0,72.0,155.0,0.0,34.0,149.0,183.0,31.0,1.24043715847,2.11764705882,1.04026845638,9,27,9,0
2016-09-27 06:00:00,2.0,5.0,10.0,8.0,4.0,2.0,4.0,10.0,21.0,19.0,8.0,4.0,2.0,2.0,2.1,2.375,2.0,2.0,3.0,1.0,8.0,8.0,9.0,14.0,0.0,0.0,0.0,0.0,0.0,0.0,10.0,15.0,25.0,48.0,46.0,39.0,10.0,15.0,28.0,51.0,46.0,39.0,1.0,1.0,1.12,1.0625,1.0,1.0,14.0,25.0,49.0,70.0,54.0,43.0,1.16666666667,1.25,1.4,1.25,1.08,1.0487804878,12.0,20.0,35.0,56.0,50.0,41.0,65.0,255.0,66.0,189.0,0.0,31.0,183.0,214.0,43.0,1.19158878505,2.12903225806,1.03278688525,9,27,9,20
2016-09-27 06:20:00,5.0,10.0,8.0,4.0,2.0,9.0,10.0,21.0,19.0,8.0,4.0,19.0,2.0,2.1,2.375,2.0,2.0,2.11111111111,1.0,8.0,8.0,9.0,14.0,25.0,0.0,0.0,0.0,0.0,0.0,0.0,15.0,25.0,48.0,46.0,39.0,51.0,15.0,28.0,51.0,46.0,39.0,51.0,1.0,1.12,1.0625,1.0,1.0,1.0,25.0,49.0,70.0,54.0,43.0,70.0,1.25,1.4,1.25,1.08,1.0487804878,1.16666666667,20.0,35.0,56.0,50.0,41.0,60.0,45.0,311.0,81.0,230.0,0.0,38.0,224.0,262.0,65.0,1.18702290076,2.13157894737,1.02678571429,9,27,9,40
2016-09-27 06:40:00,10.0,8.0,4.0,2.0,9.0,5.0,21.0,19.0,8.0,4.0,19.0,10.0,2.1,2.375,2.0,2.0,2.11111111111,2.0,8.0,8.0,9.0,14.0,25.0,11.0,0.0,0.0,0.0,0.0,0.0,0.0,25.0,48.0,46.0,39.0,51.0,40.0,28.0,51.0,46.0,39.0,51.0,43.0,1.12,1.0625,1.0,1.0,1.0,1.075,49.0,70.0,54.0,43.0,70.0,53.0,1.4,1.25,1.08,1.0487804878,1.16666666667,1.17777777778,35.0,56.0,50.0,41.0,60.0,45.0,50.0,339.0,81.0,258.0,0.0,38.0,249.0,287.0,75.0,1.18118466899,2.13157894737,1.03614457831,9,27,10,0
2016-09-27 07:00:00,8.0,4.0,2.0,9.0,5.0,5.0,19.0,8.0,4.0,19.0,10.0,11.0,2.375,2.0,2.0,2.11111111111,2.0,2.2,8.0,9.0,14.0,25.0,11.0,18.0,0.0,0.0,0.0,0.0,0.0,0.0,48.0,46.0,39.0,51.0,40.0,59.0,51.0,46.0,39.0,51.0,43.0,59.0,1.0625,1.0,1.0,1.0,1.075,1.0,70.0,54.0,43.0,70.0,53.0,70.0,1.25,1.08,1.0487804878,1.16666666667,1.17777777778,1.09375,56.0,50.0,41.0,60.0,45.0,64.0,35.0,360.0,71.0,289.0,0.0,33.0,283.0,316.0,85.0,1.13924050633,2.15151515152,1.02120141343,9,27,10,20
2016-09-27 07:20:00,4.0,2.0,9.0,5.0,5.0,2.0,8.0,4.0,19.0,10.0,11.0,5.0,2.0,2.0,2.11111111111,2.0,2.2,2.5,9.0,14.0,25.0,11.0,18.0,16.0,0.0,0.0,0.0,0.0,0.0,0.0,46.0,39.0,51.0,40.0,59.0,56.0,46.0,39.0,51.0,43.0,59.0,56.0,1.0,1.0,1.0,1.075,1.0,1.0,54.0,43.0,70.0,53.0,70.0,61.0,1.08,1.0487804878,1.16666666667,1.17777777778,1.09375,1.05172413793,50.0,41.0,60.0,45.0,64.0,58.0,58.0,351.0,57.0,294.0,0.0,27.0,291.0,318.0,93.0,1.10377358491,2.11111111111,1.01030927835,9,27,10,40
2016-09-27 07:40:00,2.0,9.0,5.0,5.0,2.0,1.0,4.0,19.0,10.0,11.0,5.0,2.0,2.0,2.11111111111,2.0,2.2,2.5,2.0,14.0,25.0,11.0,18.0,16.0,21.0,0.0,0.0,0.0,0.0,0.0,0.0,39.0,51.0,40.0,59.0,56.0,64.0,39.0,51.0,43.0,59.0,56.0,64.0,1.0,1.0,1.075,1.0,1.0,1.0,43.0,70.0,53.0,70.0,61.0,66.0,1.0487804878,1.16666666667,1.17777777778,1.09375,1.05172413793,1.01538461538,41.0,60.0,45.0,64.0,58.0,65.0,31.0,363.0,51.0,312.0,0.0,24.0,309.0,333.0,105.0,1.09009009009,2.125,1.00970873786,9,27,11,0
2016-09-27 08:00:00,9.0,5.0,5.0,2.0,1.0,2.0,19.0,10.0,11.0,5.0,2.0,4.0,2.11111111111,2.0,2.2,2.5,2.0,2.0,25.0,11.0,18.0,16.0,21.0,8.0,0.0,0.0,0.0,0.0,0.0,0.0,51.0,40.0,59.0,56.0,64.0,43.0,51.0,43.0,59.0,56.0,64.0,43.0,1.0,1.075,1.0,1.0,1.0,1.0,70.0,53.0,70.0,61.0,66.0,47.0,1.16666666667,1.17777777778,1.09375,1.05172413793,1.01538461538,1.04444444444,60.0,45.0,64.0,58.0,65.0,45.0,47.0,367.0,51.0,316.0,0.0,24.0,313.0,337.0,99.0,1.08902077151,2.125,1.00958466454,9,27,11,20
2016-09-27 08:20:00,5.0,5.0,2.0,1.0,2.0,3.0,10.0,11.0,5.0,2.0,4.0,6.0,2.0,2.2,2.5,2.0,2.0,2.0,11.0,18.0,16.0,21.0,8.0,16.0,0.0,0.0,0.0,0.0,0.0,0.0,40.0,59.0,56.0,64.0,43.0,47.0,43.0,59.0,56.0,64.0,43.0,47.0,1.075,1.0,1.0,1.0,1.0,1.0,53.0,70.0,61.0,66.0,47.0,53.0,1.17777777778,1.09375,1.05172413793,1.01538461538,1.04444444444,1.06,45.0,64.0,58.0,65.0,45.0,50.0,33.0,350.0,38.0,312.0,0.0,18.0,309.0,327.0,90.0,1.07033639144,2.11111111111,1.00970873786,9,27,11,40
2016-09-27 08:40:00,5.0,2.0,1.0,2.0,3.0,6.0,11.0,5.0,2.0,4.0,6.0,12.0,2.2,2.5,2.0,2.0,2.0,2.0,18.0,16.0,21.0,8.0,16.0,8.0,0.0,0.0,0.0,0.0,0.0,0.0,59.0,56.0,64.0,43.0,47.0,29.0,59.0,56.0,64.0,43.0,47.0,29.0,1.0,1.0,1.0,1.0,1.0,1.0,70.0,61.0,66.0,47.0,53.0,41.0,1.09375,1.05172413793,1.01538461538,1.04444444444,1.06,1.17142857143,64.0,58.0,65.0,45.0,50.0,35.0,34.0,338.0,40.0,298.0,0.0,19.0,298.0,317.0,87.0,1.06624605678,2.10526315789,1.0,9,27,12,0
2016-09-27 09:00:00,2.0,1.0,2.0,3.0,6.0,8.0,5.0,2.0,4.0,6.0,12.0,22.0,2.5,2.0,2.0,2.0,2.0,2.75,16.0,21.0,8.0,16.0,8.0,14.0,0.0,0.0,0.0,0.0,0.0,0.0,56.0,64.0,43.0,47.0,29.0,50.0,56.0,64.0,43.0,47.0,29.0,50.0,1.0,1.0,1.0,1.0,1.0,1.0,61.0,66.0,47.0,53.0,41.0,72.0,1.05172413793,1.01538461538,1.04444444444,1.06,1.17142857143,1.24137931034,58.0,65.0,45.0,50.0,35.0,58.0,44.0,340.0,51.0,289.0,0.0,22.0,289.0,311.0,83.0,1.09324758842,2.31818181818,1.0,9,27,12,20
2016-09-27 09:20:00,1.0,2.0,3.0,6.0,8.0,4.0,2.0,4.0,6.0,12.0,22.0,8.0,2.0,2.0,2.0,2.0,2.75,2.0,21.0,8.0,16.0,8.0,14.0,3.0,0.0,0.0,0.0,0.0,0.0,0.0,64.0,43.0,47.0,29.0,50.0,27.0,64.0,43.0,47.0,29.0,50.0,27.0,1.0,1.0,1.0,1.0,1.0,1.0,66.0,47.0,53.0,41.0,72.0,35.0,1.01538461538,1.04444444444,1.06,1.17142857143,1.24137931034,1.12903225806,65.0,45.0,50.0,35.0,58.0,31.0,37.0,314.0,54.0,260.0,0.0,24.0,260.0,284.0,70.0,1.10563380282,2.25,1.0,9,27,12,40
2016-09-27 09:40:00,2.0,3.0,6.0,8.0,4.0,7.0,4.0,6.0,12.0,22.0,8.0,15.0,2.0,2.0,2.0,2.75,2.0,2.14285714286,8.0,16.0,8.0,14.0,3.0,9.0,0.0,0.0,0.0,0.0,0.0,0.0,43.0,47.0,29.0,50.0,27.0,40.0,43.0,47.0,29.0,50.0,27.0,40.0,1.0,1.0,1.0,1.0,1.0,1.0,47.0,53.0,41.0,72.0,35.0,55.0,1.04444444444,1.06,1.17142857143,1.24137931034,1.12903225806,1.17021276596,45.0,50.0,35.0,58.0,31.0,47.0,57.0,303.0,67.0,236.0,0.0,30.0,236.0,266.0,58.0,1.13909774436,2.23333333333,1.0,9,27,13,0
2016-09-27 10:00:00,3.0,6.0,8.0,4.0,7.0,4.0,6.0,12.0,22.0,8.0,15.0,8.0,2.0,2.0,2.75,2.0,2.14285714286,2.0,16.0,8.0,14.0,3.0,9.0,5.0,0.0,0.0,0.0,0.0,0.0,0.0,47.0,29.0,50.0,27.0,40.0,29.0,47.0,29.0,50.0,27.0,40.0,29.0,1.0,1.0,1.0,1.0,1.0,1.0,53.0,41.0,72.0,35.0,55.0,37.0,1.06,1.17142857143,1.24137931034,1.12903225806,1.17021276596,1.12121212121,50.0,35.0,58.0,31.0,47.0,33.0,54.0,293.0,71.0,222.0,0.0,32.0,222.0,254.0,55.0,1.15354330709,2.21875,1.0,9,27,13,20
2016-09-27 10:20:00,6.0,8.0,4.0,7.0,4.0,2.0,12.0,22.0,8.0,15.0,8.0,4.0,2.0,2.75,2.0,2.14285714286,2.0,2.0,8.0,14.0,3.0,9.0,5.0,8.0,0.0,0.0,0.0,0.0,0.0,0.0,29.0,50.0,27.0,40.0,29.0,32.0,29.0,50.0,27.0,40.0,29.0,38.0,1.0,1.0,1.0,1.0,1.0,1.1875,41.0,72.0,35.0,55.0,37.0,42.0,1.17142857143,1.24137931034,1.12903225806,1.17021276596,1.12121212121,1.23529411765,35.0,58.0,31.0,47.0,33.0,34.0,90.0,282.0,69.0,213.0,0.0,31.0,207.0,238.0,47.0,1.18487394958,2.22580645161,1.02898550725,9,27,13,40
2016-09-27 10:40:00,8.0,4.0,7.0,4.0,2.0,5.0,22.0,8.0,15.0,8.0,4.0,11.0,2.75,2.0,2.14285714286,2.0,2.0,2.2,14.0,3.0,9.0,5.0,8.0,12.0,0.0,0.0,0.0,0.0,0.0,0.0,50.0,27.0,40.0,29.0,32.0,39.0,50.0,27.0,40.0,29.0,38.0,39.0,1.0,1.0,1.0,1.0,1.1875,1.0,72.0,35.0,55.0,37.0,42.0,50.0,1.24137931034,1.12903225806,1.17021276596,1.12121212121,1.23529411765,1.13636363636,58.0,31.0,47.0,33.0,34.0,44.0,54.0,291.0,68.0,223.0,0.0,30.0,217.0,247.0,51.0,1.17813765182,2.26666666667,1.02764976959,9,27,14,0
2016-09-27 11:00:00,4.0,7.0,4.0,2.0,5.0,4.0,8.0,15.0,8.0,4.0,11.0,8.0,2.0,2.14285714286,2.0,2.0,2.2,2.0,3.0,9.0,5.0,8.0,12.0,8.0,0.0,0.0,0.0,0.0,0.0,0.0,27.0,40.0,29.0,32.0,39.0,33.0,27.0,40.0,29.0,38.0,39.0,33.0,1.0,1.0,1.0,1.1875,1.0,1.0,35.0,55.0,37.0,42.0,50.0,41.0,1.12903225806,1.17021276596,1.12121212121,1.23529411765,1.13636363636,1.10810810811,31.0,47.0,33.0,34.0,44.0,37.0,47.0,260.0,54.0,206.0,0.0,26.0,200.0,226.0,45.0,1.15044247788,2.07692307692,1.03,9,27,14,20
2016-09-27 11:20:00,7.0,4.0,2.0,5.0,4.0,8.0,15.0,8.0,4.0,11.0,8.0,19.0,2.14285714286,2.0,2.0,2.2,2.0,2.375,9.0,5.0,8.0,12.0,8.0,15.0,0.0,0.0,0.0,0.0,0.0,0.0,40.0,29.0,32.0,39.0,33.0,49.0,40.0,29.0,38.0,39.0,33.0,49.0,1.0,1.0,1.1875,1.0,1.0,1.0,55.0,37.0,42.0,50.0,41.0,68.0,1.17021276596,1.12121212121,1.23529411765,1.13636363636,1.10810810811,1.19298245614,47.0,33.0,34.0,44.0,37.0,57.0,38.0,293.0,65.0,228.0,0.0,30.0,222.0,252.0,57.0,1.1626984127,2.16666666667,1.02702702703,9,27,14,40
2016-09-27 11:40:00,4.0,2.0,5.0,4.0,8.0,7.0,8.0,4.0,11.0,8.0,19.0,14.0,2.0,2.0,2.2,2.0,2.375,2.0,5.0,8.0,12.0,8.0,15.0,15.0,0.0,0.0,0.0,0.0,0.0,0.0,29.0,32.0,39.0,33.0,49.0,47.0,29.0,38.0,39.0,33.0,49.0,47.0,1.0,1.1875,1.0,1.0,1.0,1.0,37.0,42.0,50.0,41.0,68.0,61.0,1.12121212121,1.23529411765,1.13636363636,1.10810810811,1.19298245614,1.12962962963,33.0,34.0,44.0,37.0,57.0,54.0,39.0,299.0,64.0,235.0,0.0,30.0,229.0,259.0,63.0,1.15444015444,2.13333333333,1.02620087336,9,27,15,0
2016-09-27 12:00:00,2.0,5.0,4.0,8.0,7.0,10.0,4.0,11.0,8.0,19.0,14.0,26.0,2.0,2.2,2.0,2.375,2.0,2.6,8.0,12.0,8.0,15.0,15.0,16.0,0.0,0.0,0.0,0.0,0.0,0.0,32.0,39.0,33.0,49.0,47.0,80.0,38.0,39.0,33.0,49.0,47.0,86.0,1.1875,1.0,1.0,1.0,1.0,1.075,42.0,50.0,41.0,68.0,61.0,112.0,1.23529411765,1.13636363636,1.10810810811,1.19298245614,1.12962962963,1.24444444444,34.0,44.0,37.0,57.0,54.0,90.0,47.0,374.0,82.0,292.0,0.0,36.0,280.0,316.0,74.0,1.1835443038,2.27777777778,1.04285714286,9,27,15,20
2016-09-27 12:20:00,5.0,4.0,8.0,7.0,10.0,6.0,11.0,8.0,19.0,14.0,26.0,14.0,2.2,2.0,2.375,2.0,2.6,2.33333333333,12.0,8.0,15.0,15.0,16.0,12.0,0.0,0.0,0.0,0.0,0.0,0.0,39.0,33.0,49.0,47.0,80.0,48.0,39.0,33.0,49.0,47.0,86.0,51.0,1.0,1.0,1.0,1.0,1.075,1.0625,50.0,41.0,68.0,61.0,112.0,65.0,1.13636363636,1.10810810811,1.19298245614,1.12962962963,1.24444444444,1.2037037037,44.0,37.0,57.0,54.0,90.0,54.0,44.0,397.0,92.0,305.0,0.0,40.0,296.0,336.0,78.0,1.18154761905,2.3,1.03040540541,9,27,15,40
2016-09-27 12:40:00,4.0,8.0,7.0,10.0,6.0,4.0,8.0,19.0,14.0,26.0,14.0,8.0,2.0,2.375,2.0,2.6,2.33333333333,2.0,8.0,15.0,15.0,16.0,12.0,12.0,0.0,0.0,0.0,0.0,0.0,0.0,33.0,49.0,47.0,80.0,48.0,43.0,33.0,49.0,47.0,86.0,51.0,43.0,1.0,1.0,1.0,1.075,1.0625,1.0,41.0,68.0,61.0,112.0,65.0,51.0,1.10810810811,1.19298245614,1.12962962963,1.24444444444,1.2037037037,1.08510638298,37.0,57.0,54.0,90.0,54.0,47.0,58.0,398.0,89.0,309.0,0.0,39.0,300.0,339.0,78.0,1.17404129794,2.28205128205,1.03,9,27,16,0
2016-09-27 13:00:00,8.0,7.0,10.0,6.0,4.0,2.0,19.0,14.0,26.0,14.0,8.0,4.0,2.375,2.0,2.6,2.33333333333,2.0,2.0,15.0,15.0,16.0,12.0,12.0,4.0,0.0,0.0,0.0,0.0,0.0,0.0,49.0,47.0,80.0,48.0,43.0,36.0,49.0,47.0,86.0,51.0,43.0,36.0,1.0,1.0,1.075,1.0625,1.0,1.0,68.0,61.0,112.0,65.0,51.0,40.0,1.19298245614,1.12962962963,1.24444444444,1.2037037037,1.08510638298,1.05263157895,57.0,54.0,90.0,54.0,47.0,38.0,53.0,397.0,85.0,312.0,0.0,37.0,303.0,340.0,74.0,1.16764705882,2.2972972973,1.0297029703,9,27,16,20
2016-09-27 13:20:00,7.0,10.0,6.0,4.0,2.0,2.0,14.0,26.0,14.0,8.0,4.0,4.0,2.0,2.6,2.33333333333,2.0,2.0,2.0,15.0,16.0,12.0,12.0,4.0,13.0,0.0,0.0,0.0,0.0,0.0,0.0,47.0,80.0,48.0,43.0,36.0,37.0,47.0,86.0,51.0,43.0,36.0,37.0,1.0,1.075,1.0625,1.0,1.0,1.0,61.0,112.0,65.0,51.0,40.0,41.0,1.12962962963,1.24444444444,1.2037037037,1.08510638298,1.05263157895,1.05128205128,54.0,90.0,54.0,47.0,38.0,39.0,48.0,370.0,70.0,300.0,0.0,31.0,291.0,322.0,72.0,1.14906832298,2.25806451613,1.03092783505,9,27,16,40
2016-09-27 13:40:00,10.0,6.0,4.0,2.0,2.0,4.0,26.0,14.0,8.0,4.0,4.0,9.0,2.6,2.33333333333,2.0,2.0,2.0,2.25,16.0,12.0,12.0,4.0,13.0,15.0,0.0,0.0,0.0,0.0,0.0,0.0,80.0,48.0,43.0,36.0,37.0,43.0,86.0,51.0,43.0,36.0,37.0,43.0,1.075,1.0625,1.0,1.0,1.0,1.0,112.0,65.0,51.0,40.0,41.0,52.0,1.24444444444,1.2037037037,1.08510638298,1.05263157895,1.05128205128,1.10638297872,90.0,54.0,47.0,38.0,39.0,47.0,52.0,361.0,65.0,296.0,0.0,28.0,287.0,315.0,72.0,1.14603174603,2.32142857143,1.03135888502,9,27,17,0
2016-09-27 14:00:00,6.0,4.0,2.0,2.0,4.0,5.0,14.0,8.0,4.0,4.0,9.0,15.0,2.33333333333,2.0,2.0,2.0,2.25,3.0,12.0,12.0,4.0,13.0,15.0,11.0,0.0,0.0,0.0,0.0,0.0,0.0,48.0,43.0,36.0,37.0,43.0,39.0,51.0,43.0,36.0,37.0,43.0,39.0,1.0625,1.0,1.0,1.0,1.0,1.0,65.0,51.0,40.0,41.0,52.0,54.0,1.2037037037,1.08510638298,1.05263157895,1.05128205128,1.10638297872,1.22727272727,54.0,47.0,38.0,39.0,47.0,44.0,77.0,303.0,54.0,249.0,0.0,23.0,246.0,269.0,67.0,1.12639405204,2.34782608696,1.01219512195,9,27,17,20
2016-09-27 14:20:00,4.0,2.0,2.0,4.0,5.0,1.0,8.0,4.0,4.0,9.0,15.0,2.0,2.0,2.0,2.0,2.25,3.0,2.0,12.0,4.0,13.0,15.0,11.0,16.0,0.0,0.0,0.0,0.0,0.0,1.0,43.0,36.0,37.0,43.0,39.0,56.0,43.0,36.0,37.0,43.0,39.0,59.0,1.0,1.0,1.0,1.0,1.0,1.05357142857,51.0,40.0,41.0,52.0,54.0,61.0,1.08510638298,1.05263157895,1.05128205128,1.10638297872,1.22727272727,1.05172413793,47.0,38.0,39.0,47.0,44.0,58.0,45.0,299.0,42.0,257.0,1.0,18.0,254.0,273.0,71.0,1.09523809524,2.33333333333,1.01181102362,9,27,17,40
2016-09-27 14:40:00,2.0,2.0,4.0,5.0,1.0,4.0,4.0,4.0,9.0,15.0,2.0,8.0,2.0,2.0,2.25,3.0,2.0,2.0,4.0,13.0,15.0,11.0,16.0,17.0,0.0,0.0,0.0,0.0,1.0,0.0,36.0,37.0,43.0,39.0,56.0,49.0,36.0,37.0,43.0,39.0,59.0,52.0,1.0,1.0,1.0,1.0,1.05357142857,1.0612244898,40.0,41.0,52.0,54.0,61.0,60.0,1.05263157895,1.05128205128,1.10638297872,1.22727272727,1.05172413793,1.1320754717,38.0,39.0,47.0,44.0,58.0,53.0,30.0,308.0,42.0,266.0,1.0,18.0,260.0,279.0,76.0,1.10394265233,2.33333333333,1.02307692308,9,27,18,0
2016-09-27 15:00:00,2.0,4.0,5.0,1.0,4.0,1.0,4.0,9.0,15.0,2.0,8.0,2.0,2.0,2.25,3.0,2.0,2.0,2.0,13.0,15.0,11.0,16.0,17.0,11.0,0.0,0.0,0.0,1.0,0.0,0.0,37.0,43.0,39.0,56.0,49.0,47.0,37.0,43.0,39.0,59.0,52.0,50.0,1.0,1.0,1.0,1.05357142857,1.0612244898,1.06382978723,41.0,52.0,54.0,61.0,60.0,52.0,1.05128205128,1.10638297872,1.22727272727,1.05172413793,1.1320754717,1.08333333333,39.0,47.0,44.0,58.0,53.0,48.0,18.0,320.0,40.0,280.0,1.0,17.0,271.0,289.0,83.0,1.10726643599,2.35294117647,1.0332103321,9,27,18,20
2016-09-27 15:20:00,4.0,5.0,1.0,4.0,1.0,6.0,9.0,15.0,2.0,8.0,2.0,13.0,2.25,3.0,2.0,2.0,2.0,2.16666666667,15.0,11.0,16.0,17.0,11.0,16.0,0.0,0.0,1.0,0.0,0.0,0.0,43.0,39.0,56.0,49.0,47.0,46.0,43.0,39.0,59.0,52.0,50.0,46.0,1.0,1.0,1.05357142857,1.0612244898,1.06382978723,1.0,52.0,54.0,61.0,60.0,52.0,59.0,1.10638297872,1.22727272727,1.05172413793,1.1320754717,1.08333333333,1.13461538462,47.0,44.0,58.0,53.0,48.0,52.0,12.0,338.0,49.0,289.0,1.0,21.0,280.0,302.0,86.0,1.11920529801,2.33333333333,1.03214285714,9,27,18,40
2016-09-27 15:40:00,5.0,1.0,4.0,1.0,6.0,9.0,15.0,2.0,8.0,2.0,13.0,27.0,3.0,2.0,2.0,2.0,2.16666666667,3.0,11.0,16.0,17.0,11.0,16.0,6.0,0.0,1.0,0.0,0.0,0.0,0.0,39.0,56.0,49.0,47.0,46.0,68.0,39.0,59.0,52.0,50.0,46.0,68.0,1.0,1.05357142857,1.0612244898,1.06382978723,1.0,1.0,54.0,61.0,60.0,52.0,59.0,95.0,1.22727272727,1.05172413793,1.1320754717,1.08333333333,1.13461538462,1.23376623377,44.0,58.0,53.0,48.0,52.0,77.0,40.0,381.0,67.0,314.0,1.0,26.0,305.0,332.0,77.0,1.14759036145,2.57692307692,1.02950819672,9,27,19,0
2016-09-27 16:00:00,1.0,4.0,1.0,6.0,9.0,1.0,2.0,8.0,2.0,13.0,27.0,2.0,2.0,2.0,2.0,2.16666666667,3.0,2.0,16.0,17.0,11.0,16.0,6.0,11.0,1.0,0.0,0.0,0.0,0.0,0.0,56.0,49.0,47.0,46.0,68.0,44.0,59.0,52.0,50.0,46.0,68.0,44.0,1.05357142857,1.0612244898,1.06382978723,1.0,1.0,1.0,61.0,60.0,52.0,59.0,95.0,46.0,1.05172413793,1.1320754717,1.08333333333,1.13461538462,1.23376623377,1.02222222222,58.0,53.0,48.0,52.0,77.0,45.0,37.0,373.0,54.0,319.0,1.0,22.0,310.0,333.0,77.0,1.12012012012,2.45454545455,1.02903225806,9,27,19,20
2016-09-27 16:20:00,4.0,1.0,6.0,9.0,1.0,1.0,8.0,2.0,13.0,27.0,2.0,2.0,2.0,2.0,2.16666666667,3.0,2.0,2.0,17.0,11.0,16.0,6.0,11.0,6.0,0.0,0.0,0.0,0.0,0.0,0.0,49.0,47.0,46.0,68.0,44.0,29.0,52.0,50.0,46.0,68.0,44.0,29.0,1.0612244898,1.06382978723,1.0,1.0,1.0,1.0,60.0,52.0,59.0,95.0,46.0,31.0,1.1320754717,1.08333333333,1.13461538462,1.23376623377,1.02222222222,1.03333333333,53.0,48.0,52.0,77.0,45.0,30.0,55.0,343.0,54.0,289.0,0.0,22.0,283.0,305.0,67.0,1.12459016393,2.45454545455,1.02120141343,9,27,19,40
2016-09-27 16:40:00,1.0,6.0,9.0,1.0,1.0,2.0,2.0,13.0,27.0,2.0,2.0,4.0,2.0,2.16666666667,3.0,2.0,2.0,2.0,11.0,16.0,6.0,11.0,6.0,5.0,0.0,0.0,0.0,0.0,0.0,0.0,47.0,46.0,68.0,44.0,29.0,16.0,50.0,46.0,68.0,44.0,29.0,16.0,1.06382978723,1.0,1.0,1.0,1.0,1.0,52.0,59.0,95.0,46.0,31.0,20.0,1.08333333333,1.13461538462,1.23376623377,1.02222222222,1.03333333333,1.11111111111,48.0,52.0,77.0,45.0,30.0,18.0,47.0,303.0,50.0,253.0,0.0,20.0,250.0,270.0,55.0,1.12222222222,2.5,1.012,9,27,20,0
2016-09-27 17:00:00,6.0,9.0,1.0,1.0,2.0,1.0,13.0,27.0,2.0,2.0,4.0,2.0,2.16666666667,3.0,2.0,2.0,2.0,2.0,16.0,6.0,11.0,6.0,5.0,0.0,0.0,0.0,0.0,0.0,0.0,0.0,46.0,68.0,44.0,29.0,16.0,11.0,46.0,68.0,44.0,29.0,16.0,11.0,1.0,1.0,1.0,1.0,1.0,1.0,59.0,95.0,46.0,31.0,20.0,13.0,1.13461538462,1.23376623377,1.02222222222,1.03333333333,1.11111111111,1.08333333333,52.0,77.0,45.0,30.0,18.0,12.0,51.0,264.0,50.0,214.0,0.0,20.0,214.0,234.0,44.0,1.12820512821,2.5,1.0,9,27,20,20
2016-09-27 17:20:00,9.0,1.0,1.0,2.0,1.0,3.0,27.0,2.0,2.0,4.0,2.0,9.0,3.0,2.0,2.0,2.0,2.0,3.0,6.0,11.0,6.0,5.0,0.0,5.0,0.0,0.0,0.0,0.0,0.0,0.0,68.0,44.0,29.0,16.0,11.0,37.0,68.0,44.0,29.0,16.0,11.0,37.0,1.0,1.0,1.0,1.0,1.0,1.0,95.0,46.0,31.0,20.0,13.0,46.0,1.23376623377,1.02222222222,1.03333333333,1.11111111111,1.08333333333,1.15,77.0,45.0,30.0,18.0,12.0,40.0,44.0,251.0,46.0,205.0,0.0,17.0,205.0,222.0,33.0,1.13063063063,2.70588235294,1.0,9,27,20,40
2016-09-27 17:40:00,1.0,1.0,2.0,1.0,3.0,2.0,2.0,2.0,4.0,2.0,9.0,5.0,2.0,2.0,2.0,2.0,3.0,2.5,11.0,6.0,5.0,0.0,5.0,9.0,0.0,0.0,0.0,0.0,0.0,0.0,44.0,29.0,16.0,11.0,37.0,35.0,44.0,29.0,16.0,11.0,37.0,35.0,1.0,1.0,1.0,1.0,1.0,1.0,46.0,31.0,20.0,13.0,46.0,40.0,1.02222222222,1.03333333333,1.11111111111,1.08333333333,1.15,1.08108108108,45.0,30.0,18.0,12.0,40.0,37.0,34.0,196.0,24.0,172.0,0.0,10.0,172.0,182.0,36.0,1.07692307692,2.4,1.0,9,27,21,0
2016-09-27 18:00:00,1.0,2.0,1.0,3.0,2.0,8.0,2.0,4.0,2.0,9.0,5.0,25.0,2.0,2.0,2.0,3.0,2.5,3.125,6.0,5.0,0.0,5.0,9.0,3.0,0.0,0.0,0.0,0.0,0.0,0.0,29.0,16.0,11.0,37.0,35.0,47.0,29.0,16.0,11.0,37.0,35.0,47.0,1.0,1.0,1.0,1.0,1.0,1.0,31.0,20.0,13.0,46.0,40.0,72.0,1.03333333333,1.11111111111,1.08333333333,1.15,1.08108108108,1.30909090909,30.0,18.0,12.0,40.0,37.0,55.0,39.0,222.0,47.0,175.0,0.0,17.0,175.0,192.0,28.0,1.15625,2.76470588235,1.0,9,27,21,20
2016-09-27 18:20:00,2.0,1.0,3.0,2.0,8.0,6.0,4.0,2.0,9.0,5.0,25.0,13.0,2.0,2.0,3.0,2.5,3.125,2.16666666667,5.0,0.0,5.0,9.0,3.0,4.0,0.0,0.0,0.0,0.0,0.0,0.0,16.0,11.0,37.0,35.0,47.0,41.0,16.0,11.0,37.0,35.0,47.0,41.0,1.0,1.0,1.0,1.0,1.0,1.0,20.0,13.0,46.0,40.0,72.0,54.0,1.11111111111,1.08333333333,1.15,1.08108108108,1.30909090909,1.14893617021,18.0,12.0,40.0,37.0,55.0,47.0,26.0,245.0,58.0,187.0,0.0,22.0,187.0,209.0,26.0,1.17224880383,2.63636363636,1.0,9,27,21,40
2016-09-27 18:40:00,1.0,3.0,2.0,8.0,6.0,7.0,2.0,9.0,5.0,25.0,13.0,22.0,2.0,3.0,2.5,3.125,2.16666666667,3.14285714286,0.0,5.0,9.0,3.0,4.0,6.0,0.0,0.0,0.0,0.0,0.0,0.0,11.0,37.0,35.0,47.0,41.0,44.0,11.0,37.0,35.0,47.0,41.0,44.0,1.0,1.0,1.0,1.0,1.0,1.0,13.0,46.0,40.0,72.0,54.0,66.0,1.08333333333,1.15,1.08108108108,1.30909090909,1.14893617021,1.29411764706,12.0,40.0,37.0,55.0,47.0,51.0,26.0,291.0,76.0,215.0,0.0,27.0,215.0,242.0,27.0,1.20247933884,2.81481481481,1.0,9,27,22,0
2016-09-27 19:00:00,3.0,2.0,8.0,6.0,7.0,10.0,9.0,5.0,25.0,13.0,22.0,21.0,3.0,2.5,3.125,2.16666666667,3.14285714286,2.1,5.0,9.0,3.0,4.0,6.0,6.0,0.0,0.0,0.0,0.0,0.0,0.0,37.0,35.0,47.0,41.0,44.0,34.0,37.0,35.0,47.0,41.0,44.0,34.0,1.0,1.0,1.0,1.0,1.0,1.0,46.0,40.0,72.0,54.0,66.0,55.0,1.15,1.08108108108,1.30909090909,1.14893617021,1.29411764706,1.25,40.0,37.0,55.0,47.0,51.0,44.0,20.0,333.0,95.0,238.0,0.0,36.0,238.0,274.0,33.0,1.21532846715,2.63888888889,1.0,9,27,22,20
2016-09-27 19:20:00,2.0,8.0,6.0,7.0,10.0,9.0,5.0,25.0,13.0,22.0,21.0,21.0,2.5,3.125,2.16666666667,3.14285714286,2.1,2.33333333333,9.0,3.0,4.0,6.0,6.0,6.0,0.0,0.0,0.0,0.0,0.0,0.0,35.0,47.0,41.0,44.0,34.0,25.0,35.0,47.0,41.0,44.0,34.0,25.0,1.0,1.0,1.0,1.0,1.0,1.0,40.0,72.0,54.0,66.0,55.0,46.0,1.08108108108,1.30909090909,1.14893617021,1.29411764706,1.25,1.35294117647,37.0,55.0,47.0,51.0,44.0,34.0,16.0,333.0,107.0,226.0,0.0,42.0,226.0,268.0,34.0,1.24253731343,2.54761904762,1.0,9,27,22,40
2016-09-27 19:40:00,8.0,6.0,7.0,10.0,9.0,10.0,25.0,13.0,22.0,21.0,21.0,20.0,3.125,2.16666666667,3.14285714286,2.1,2.33333333333,2.0,3.0,4.0,6.0,6.0,6.0,4.0,0.0,0.0,0.0,0.0,0.0,0.0,47.0,41.0,44.0,34.0,25.0,29.0,47.0,41.0,44.0,34.0,25.0,29.0,1.0,1.0,1.0,1.0,1.0,1.0,72.0,54.0,66.0,55.0,46.0,49.0,1.30909090909,1.14893617021,1.29411764706,1.25,1.35294117647,1.25641025641,55.0,47.0,51.0,44.0,34.0,39.0,12.0,342.0,122.0,220.0,0.0,50.0,220.0,270.0,29.0,1.26666666667,2.44,1.0,9,27,23,0
2016-09-27 20:00:00,6.0,7.0,10.0,9.0,10.0,6.0,13.0,22.0,21.0,21.0,20.0,13.0,2.16666666667,3.14285714286,2.1,2.33333333333,2.0,2.16666666667,4.0,6.0,6.0,6.0,4.0,2.0,0.0,0.0,0.0,0.0,0.0,0.0,41.0,44.0,34.0,25.0,29.0,20.0,41.0,44.0,34.0,25.0,29.0,20.0,1.0,1.0,1.0,1.0,1.0,1.0,54.0,66.0,55.0,46.0,49.0,33.0,1.14893617021,1.29411764706,1.25,1.35294117647,1.25641025641,1.26923076923,47.0,51.0,44.0,34.0,39.0,26.0,4.0,303.0,110.0,193.0,0.0,48.0,193.0,241.0,28.0,1.25726141079,2.29166666667,1.0,9,27,23,20
2016-09-27 20:20:00,7.0,10.0,9.0,10.0,6.0,8.0,22.0,21.0,21.0,20.0,13.0,22.0,3.14285714286,2.1,2.33333333333,2.0,2.16666666667,2.75,6.0,6.0,6.0,4.0,2.0,2.0,0.0,0.0,0.0,0.0,0.0,0.0,44.0,34.0,25.0,29.0,20.0,18.0,44.0,34.0,25.0,29.0,20.0,18.0,1.0,1.0,1.0,1.0,1.0,1.0,66.0,55.0,46.0,49.0,33.0,40.0,1.29411764706,1.25,1.35294117647,1.25641025641,1.26923076923,1.53846153846,51.0,44.0,34.0,39.0,26.0,26.0,3.0,289.0,119.0,170.0,0.0,50.0,170.0,220.0,26.0,1.31363636364,2.38,1.0,9,27,23,40
2016-09-27 20:40:00,10.0,9.0,10.0,6.0,8.0,5.0,21.0,21.0,20.0,13.0,22.0,17.0,2.1,2.33333333333,2.0,2.16666666667,2.75,3.4,6.0,6.0,4.0,2.0,2.0,1.0,0.0,0.0,0.0,0.0,0.0,0.0,34.0,25.0,29.0,20.0,18.0,15.0,34.0,25.0,29.0,20.0,18.0,15.0,1.0,1.0,1.0,1.0,1.0,1.0,55.0,46.0,49.0,33.0,40.0,32.0,1.25,1.35294117647,1.25641025641,1.26923076923,1.53846153846,1.6,44.0,34.0,39.0,26.0,26.0,20.0,7.0,255.0,114.0,141.0,0.0,48.0,141.0,189.0,21.0,1.34920634921,2.375,1.0,9,28,0,0
2016-09-27 21:00:00,9.0,10.0,6.0,8.0,5.0,2.0,21.0,20.0,13.0,22.0,17.0,4.0,2.33333333333,2.0,2.16666666667,2.75,3.4,2.0,6.0,4.0,2.0,2.0,1.0,2.0,0.0,0.0,0.0,0.0,0.0,0.0,25.0,29.0,20.0,18.0,15.0,14.0,25.0,29.0,20.0,18.0,15.0,14.0,1.0,1.0,1.0,1.0,1.0,1.0,46.0,49.0,33.0,40.0,32.0,18.0,1.35294117647,1.25641025641,1.26923076923,1.53846153846,1.6,1.125,34.0,39.0,26.0,26.0,20.0,16.0,5.0,218.0,97.0,121.0,0.0,40.0,121.0,161.0,17.0,1.35403726708,2.425,1.0,9,28,0,20
2016-09-27 21:20:00,10.0,6.0,8.0,5.0,2.0,4.0,20.0,13.0,22.0,17.0,4.0,18.0,2.0,2.16666666667,2.75,3.4,2.0,4.5,4.0,2.0,2.0,1.0,2.0,1.0,0.0,0.0,0.0,0.0,0.0,0.0,29.0,20.0,18.0,15.0,14.0,8.0,29.0,20.0,18.0,15.0,14.0,8.0,1.0,1.0,1.0,1.0,1.0,1.0,49.0,33.0,40.0,32.0,18.0,26.0,1.25641025641,1.26923076923,1.53846153846,1.6,1.125,2.16666666667,39.0,26.0,26.0,20.0,16.0,12.0,16.0,198.0,94.0,104.0,0.0,35.0,104.0,139.0,12.0,1.42446043165,2.68571428571,1.0,9,28,0,40
2016-09-27 21:40:00,6.0,8.0,5.0,2.0,4.0,3.0,13.0,22.0,17.0,4.0,18.0,9.0,2.16666666667,2.75,3.4,2.0,4.5,3.0,2.0,2.0,1.0,2.0,1.0,0.0,0.0,0.0,0.0,0.0,0.0,0.0,20.0,18.0,15.0,14.0,8.0,1.0,20.0,18.0,15.0,14.0,8.0,1.0,1.0,1.0,1.0,1.0,1.0,1.0,33.0,40.0,32.0,18.0,26.0,10.0,1.26923076923,1.53846153846,1.6,1.125,2.16666666667,2.5,26.0,26.0,20.0,16.0,12.0,4.0,10.0,159.0,83.0,76.0,0.0,28.0,76.0,104.0,8.0,1.52884615385,2.96428571429,1.0,9,28,1,0
2016-09-27 22:00:00,8.0,5.0,2.0,4.0,3.0,0.0,22.0,17.0,4.0,18.0,9.0,0.0,2.75,3.4,2.0,4.5,3.0,0.0,2.0,1.0,2.0,1.0,0.0,3.0,0.0,0.0,0.0,0.0,0.0,0.0,18.0,15.0,14.0,8.0,1.0,3.0,18.0,15.0,14.0,8.0,1.0,3.0,1.0,1.0,1.0,1.0,1.0,1.0,40.0,32.0,18.0,26.0,10.0,3.0,1.53846153846,1.6,1.125,2.16666666667,2.5,1.0,26.0,20.0,16.0,12.0,4.0,3.0,9.0,129.0,70.0,59.0,0.0,22.0,59.0,81.0,9.0,1.59259259259,3.18181818182,1.0,9,28,1,20
2016-09-27 22:20:00,5.0,2.0,4.0,3.0,0.0,1.0,17.0,4.0,18.0,9.0,0.0,2.0,3.4,2.0,4.5,3.0,0.0,2.0,1.0,2.0,1.0,0.0,3.0,0.0,0.0,0.0,0.0,0.0,0.0,0.0,15.0,14.0,8.0,1.0,3.0,6.0,15.0,14.0,8.0,1.0,3.0,6.0,1.0,1.0,1.0,1.0,1.0,1.0,32.0,18.0,26.0,10.0,3.0,8.0,1.6,1.125,2.16666666667,2.5,1.0,1.14285714286,20.0,16.0,12.0,4.0,3.0,7.0,7.0,97.0,50.0,47.0,0.0,15.0,47.0,62.0,7.0,1.56451612903,3.33333333333,1.0,9,28,1,40
2016-09-27 22:40:00,2.0,4.0,3.0,0.0,1.0,0.0,4.0,18.0,9.0,0.0,2.0,0.0,2.0,4.5,3.0,0.0,2.0,0.0,2.0,1.0,0.0,3.0,0.0,0.0,0.0,0.0,0.0,0.0,0.0,0.0,14.0,8.0,1.0,3.0,6.0,5.0,14.0,8.0,1.0,3.0,6.0,5.0,1.0,1.0,1.0,1.0,1.0,1.0,18.0,26.0,10.0,3.0,8.0,5.0,1.125,2.16666666667,2.5,1.0,1.14285714286,1.0,16.0,12.0,4.0,3.0,7.0,5.0,5.0,70.0,33.0,37.0,0.0,10.0,37.0,47.0,6.0,1.48936170213,3.3,1.0,9,28,2,0
2016-09-27 23:00:00,4.0,3.0,0.0,1.0,0.0,8.0,18.0,9.0,0.0,2.0,0.0,27.0,4.5,3.0,0.0,2.0,0.0,3.375,1.0,0.0,3.0,0.0,0.0,1.0,0.0,0.0,0.0,0.0,0.0,0.0,8.0,1.0,3.0,6.0,5.0,8.0,8.0,1.0,3.0,6.0,5.0,8.0,1.0,1.0,1.0,1.0,1.0,1.0,26.0,10.0,3.0,8.0,5.0,35.0,2.16666666667,2.5,1.0,1.14285714286,1.0,2.1875,12.0,4.0,3.0,7.0,5.0,16.0,4.0,87.0,56.0,31.0,0.0,16.0,31.0,47.0,5.0,1.85106382979,3.5,1.0,9,28,2,20
2016-09-27 23:20:00,3.0,0.0,1.0,0.0,8.0,7.0,9.0,0.0,2.0,0.0,27.0,19.0,3.0,0.0,2.0,0.0,3.375,2.71428571429,0.0,3.0,0.0,0.0,1.0,1.0,0.0,0.0,0.0,0.0,0.0,0.0,1.0,3.0,6.0,5.0,8.0,3.0,1.0,3.0,6.0,5.0,8.0,3.0,1.0,1.0,1.0,1.0,1.0,1.0,10.0,3.0,8.0,5.0,35.0,22.0,2.5,1.0,1.14285714286,1.0,2.1875,2.2,4.0,3.0,7.0,5.0,16.0,10.0,9.0,83.0,57.0,26.0,0.0,19.0,26.0,45.0,5.0,1.84444444444,3.0,1.0,9,28,2,40
2016-09-27 23:40:00,0.0,1.0,0.0,8.0,7.0,1.0,0.0,2.0,0.0,27.0,19.0,2.0,0.0,2.0,0.0,3.375,2.71428571429,2.0,3.0,0.0,0.0,1.0,1.0,0.0,0.0,0.0,0.0,0.0,0.0,0.0,3.0,6.0,5.0,8.0,3.0,8.0,3.0,6.0,5.0,8.0,3.0,8.0,1.0,1.0,1.0,1.0,1.0,1.0,3.0,8.0,5.0,35.0,22.0,10.0,1.0,1.14285714286,1.0,2.1875,2.2,1.11111111111,3.0,7.0,5.0,16.0,10.0,9.0,6.0,83.0,50.0,33.0,0.0,17.0,33.0,50.0,5.0,1.66,2.94117647059,1.0,9,28,3,0
2016-09-28 00:00:00,1.0,0.0,8.0,7.0,1.0,1.0,2.0,0.0,27.0,19.0,2.0,2.0,2.0,0.0,3.375,2.71428571429,2.0,2.0,0.0,0.0,1.0,1.0,0.0,1.0,0.0,0.0,0.0,0.0,0.0,0.0,6.0,5.0,8.0,3.0,8.0,6.0,6.0,5.0,8.0,3.0,8.0,6.0,1.0,1.0,1.0,1.0,1.0,1.0,8.0,5.0,35.0,22.0,10.0,8.0,1.14285714286,1.0,2.1875,2.2,1.11111111111,1.14285714286,7.0,5.0,16.0,10.0,9.0,7.0,12.0,88.0,52.0,36.0,0.0,18.0,36.0,54.0,3.0,1.62962962963,2.88888888889,1.0,9,28,3,20
2016-09-28 00:20:00,0.0,8.0,7.0,1.0,1.0,2.0,0.0,27.0,19.0,2.0,2.0,10.0,0.0,3.375,2.71428571429,2.0,2.0,5.0,0.0,1.0,1.0,0.0,1.0,0.0,0.0,0.0,0.0,0.0,0.0,0.0,5.0,8.0,3.0,8.0,6.0,3.0,5.0,8.0,3.0,8.0,6.0,3.0,1.0,1.0,1.0,1.0,1.0,1.0,5.0,35.0,22.0,10.0,8.0,13.0,1.0,2.1875,2.2,1.11111111111,1.14285714286,2.6,5.0,16.0,10.0,9.0,7.0,5.0,13.0,93.0,60.0,33.0,0.0,19.0,33.0,52.0,3.0,1.78846153846,3.15789473684,1.0,9,28,3,40
2016-09-28 00:40:00,8.0,7.0,1.0,1.0,2.0,3.0,27.0,19.0,2.0,2.0,10.0,12.0,3.375,2.71428571429,2.0,2.0,5.0,4.0,1.0,1.0,0.0,1.0,0.0,0.0,0.0,0.0,0.0,0.0,0.0,0.0,8.0,3.0,8.0,6.0,3.0,1.0,8.0,3.0,8.0,6.0,3.0,1.0,1.0,1.0,1.0,1.0,1.0,1.0,35.0,22.0,10.0,8.0,13.0,13.0,2.1875,2.2,1.11111111111,1.14285714286,2.6,3.25,16.0,10.0,9.0,7.0,5.0,4.0,9.0,101.0,72.0,29.0,0.0,22.0,29.0,51.0,3.0,1.98039215686,3.27272727273,1.0,9,28,4,0
2016-09-28 01:00:00,7.0,1.0,1.0,2.0,3.0,6.0,19.0,2.0,2.0,10.0,12.0,15.0,2.71428571429,2.0,2.0,5.0,4.0,2.5,1.0,0.0,1.0,0.0,0.0,1.0,0.0,0.0,0.0,0.0,0.0,0.0,3.0,8.0,6.0,3.0,1.0,3.0,3.0,8.0,6.0,3.0,1.0,6.0,1.0,1.0,1.0,1.0,1.0,2.0,22.0,10.0,8.0,13.0,13.0,21.0,2.2,1.11111111111,1.14285714286,2.6,3.25,2.33333333333,10.0,9.0,7.0,5.0,4.0,9.0,7.0,87.0,60.0,27.0,0.0,20.0,24.0,44.0,3.0,1.97727272727,3.0,1.125,9,28,4,20
2016-09-28 01:20:00,1.0,1.0,2.0,3.0,6.0,3.0,2.0,2.0,10.0,12.0,15.0,8.0,2.0,2.0,5.0,4.0,2.5,2.66666666667,0.0,1.0,0.0,0.0,1.0,0.0,0.0,0.0,0.0,0.0,0.0,0.0,8.0,6.0,3.0,1.0,3.0,3.0,8.0,6.0,3.0,1.0,6.0,3.0,1.0,1.0,1.0,1.0,2.0,1.0,10.0,8.0,13.0,13.0,21.0,11.0,1.11111111111,1.14285714286,2.6,3.25,2.33333333333,1.83333333333,9.0,7.0,5.0,4.0,9.0,6.0,14.0,76.0,49.0,27.0,0.0,16.0,24.0,40.0,2.0,1.9,3.0625,1.125,9,28,4,40
2016-09-28 01:40:00,1.0,2.0,3.0,6.0,3.0,6.0,2.0,10.0,12.0,15.0,8.0,23.0,2.0,5.0,4.0,2.5,2.66666666667,3.83333333333,1.0,0.0,0.0,1.0,0.0,0.0,0.0,0.0,0.0,0.0,0.0,0.0,6.0,3.0,1.0,3.0,3.0,6.0,6.0,3.0,1.0,6.0,3.0,6.0,1.0,1.0,1.0,2.0,1.0,1.0,8.0,13.0,13.0,21.0,11.0,29.0,1.14285714286,2.6,3.25,2.33333333333,1.83333333333,2.41666666667,7.0,5.0,4.0,9.0,6.0,12.0,22.0,95.0,70.0,25.0,0.0,21.0,22.0,43.0,2.0,2.20930232558,3.33333333333,1.13636363636,9,28,5,0
2016-09-28 02:00:00,2.0,3.0,6.0,3.0,6.0,12.0,10.0,12.0,15.0,8.0,23.0,44.0,5.0,4.0,2.5,2.66666666667,3.83333333333,3.66666666667,0.0,0.0,1.0,0.0,0.0,0.0,0.0,0.0,0.0,0.0,0.0,0.0,3.0,1.0,3.0,3.0,6.0,1.0,3.0,1.0,6.0,3.0,6.0,1.0,1.0,1.0,2.0,1.0,1.0,1.0,13.0,13.0,21.0,11.0,29.0,45.0,2.6,3.25,2.33333333333,1.83333333333,2.41666666667,3.46153846154,5.0,4.0,9.0,6.0,12.0,13.0,22.0,132.0,112.0,20.0,0.0,32.0,17.0,49.0,1.0,2.69387755102,3.5,1.17647058824,9,28,5,20
2016-09-28 02:20:00,3.0,6.0,3.0,6.0,12.0,4.0,12.0,15.0,8.0,23.0,44.0,17.0,4.0,2.5,2.66666666667,3.83333333333,3.66666666667,4.25,0.0,1.0,0.0,0.0,0.0,0.0,0.0,0.0,0.0,0.0,0.0,0.0,1.0,3.0,3.0,6.0,1.0,5.0,1.0,6.0,3.0,6.0,1.0,5.0,1.0,2.0,1.0,1.0,1.0,1.0,13.0,21.0,11.0,29.0,45.0,22.0,3.25,2.33333333333,1.83333333333,2.41666666667,3.46153846154,2.44444444444,4.0,9.0,6.0,12.0,13.0,9.0,19.0,141.0,119.0,22.0,0.0,34.0,19.0,53.0,1.0,2.66037735849,3.5,1.15789473684,9,28,5,40
2016-09-28 02:40:00,6.0,3.0,6.0,12.0,4.0,4.0,15.0,8.0,23.0,44.0,17.0,17.0,2.5,2.66666666667,3.83333333333,3.66666666667,4.25,4.25,1.0,0.0,0.0,0.0,0.0,0.0,0.0,0.0,0.0,0.0,0.0,0.0,3.0,3.0,6.0,1.0,5.0,3.0,6.0,3.0,6.0,1.0,5.0,3.0,2.0,1.0,1.0,1.0,1.0,1.0,21.0,11.0,29.0,45.0,22.0,20.0,2.33333333333,1.83333333333,2.41666666667,3.46153846154,2.44444444444,2.85714285714,9.0,6.0,12.0,13.0,9.0,7.0,30.0,148.0,124.0,24.0,0.0,35.0,21.0,56.0,1.0,2.64285714286,3.54285714286,1.14285714286,9,28,6,0
2016-09-28 03:00:00,3.0,6.0,12.0,4.0,4.0,3.0,8.0,23.0,44.0,17.0,17.0,15.0,2.66666666667,3.83333333333,3.66666666667,4.25,4.25,5.0,0.0,0.0,0.0,0.0,0.0,0.0,0.0,0.0,0.0,0.0,0.0,0.0,3.0,6.0,1.0,5.0,3.0,11.0,3.0,6.0,1.0,5.0,3.0,11.0,1.0,1.0,1.0,1.0,1.0,1.0,11.0,29.0,45.0,22.0,20.0,26.0,1.83333333333,2.41666666667,3.46153846154,2.44444444444,2.85714285714,1.85714285714,6.0,12.0,13.0,9.0,7.0,14.0,49.0,153.0,124.0,29.0,0.0,32.0,29.0,61.0,0.0,2.50819672131,3.875,1.0,9,28,6,20
2016-09-28 03:20:00,6.0,12.0,4.0,4.0,3.0,12.0,23.0,44.0,17.0,17.0,15.0,33.0,3.83333333333,3.66666666667,4.25,4.25,5.0,2.75,0.0,0.0,0.0,0.0,0.0,1.0,0.0,0.0,0.0,0.0,0.0,0.0,6.0,1.0,5.0,3.0,11.0,10.0,6.0,1.0,5.0,3.0,11.0,10.0,1.0,1.0,1.0,1.0,1.0,1.0,29.0,45.0,22.0,20.0,26.0,43.0,2.41666666667,3.46153846154,2.44444444444,2.85714285714,1.85714285714,1.95454545455,12.0,13.0,9.0,7.0,14.0,22.0,50.0,185.0,149.0,36.0,0.0,41.0,36.0,77.0,1.0,2.4025974026,3.63414634146,1.0,9,28,6,40
2016-09-28 03:40:00,12.0,4.0,4.0,3.0,12.0,9.0,44.0,17.0,17.0,15.0,33.0,22.0,3.66666666667,4.25,4.25,5.0,2.75,2.44444444444,0.0,0.0,0.0,0.0,1.0,2.0,0.0,0.0,0.0,0.0,0.0,0.0,1.0,5.0,3.0,11.0,10.0,13.0,1.0,5.0,3.0,11.0,10.0,13.0,1.0,1.0,1.0,1.0,1.0,1.0,45.0,22.0,20.0,26.0,43.0,35.0,3.46153846154,2.44444444444,2.85714285714,1.85714285714,1.95454545455,1.59090909091,13.0,9.0,7.0,14.0,22.0,22.0,91.0,191.0,148.0,43.0,0.0,44.0,43.0,87.0,3.0,2.19540229885,3.36363636364,1.0,9,28,7,0
2016-09-28 04:00:00,4.0,4.0,3.0,12.0,9.0,5.0,17.0,17.0,15.0,33.0,22.0,14.0,4.25,4.25,5.0,2.75,2.44444444444,2.8,0.0,0.0,0.0,1.0,2.0,0.0,0.0,0.0,0.0,0.0,0.0,0.0,5.0,3.0,11.0,10.0,13.0,14.0,5.0,3.0,11.0,10.0,13.0,14.0,1.0,1.0,1.0,1.0,1.0,1.0,22.0,20.0,26.0,43.0,35.0,28.0,2.44444444444,2.85714285714,1.85714285714,1.95454545455,1.59090909091,1.47368421053,9.0,7.0,14.0,22.0,22.0,19.0,74.0,174.0,118.0,56.0,0.0,37.0,56.0,93.0,3.0,1.87096774194,3.18918918919,1.0,9,28,7,20
2016-09-28 04:20:00,4.0,3.0,12.0,9.0,5.0,12.0,17.0,15.0,33.0,22.0,14.0,28.0,4.25,5.0,2.75,2.44444444444,2.8,2.33333333333,0.0,0.0,1.0,2.0,0.0,2.0,0.0,0.0,0.0,0.0,0.0,0.0,3.0,11.0,10.0,13.0,14.0,18.0,3.0,11.0,10.0,13.0,14.0,18.0,1.0,1.0,1.0,1.0,1.0,1.0,20.0,26.0,43.0,35.0,28.0,46.0,2.85714285714,1.85714285714,1.95454545455,1.59090909091,1.47368421053,1.53333333333,7.0,14.0,22.0,22.0,19.0,30.0,104.0,198.0,129.0,69.0,0.0,45.0,69.0,114.0,5.0,1.73684210526,2.86666666667,1.0,9,28,7,40
2016-09-28 04:40:00,3.0,12.0,9.0,5.0,12.0,7.0,15.0,33.0,22.0,14.0,28.0,14.0,5.0,2.75,2.44444444444,2.8,2.33333333333,2.0,0.0,1.0,2.0,0.0,2.0,4.0,0.0,0.0,0.0,0.0,0.0,0.0,11.0,10.0,13.0,14.0,18.0,42.0,11.0,10.0,13.0,14.0,18.0,42.0,1.0,1.0,1.0,1.0,1.0,1.0,26.0,43.0,35.0,28.0,46.0,56.0,1.85714285714,1.95454545455,1.59090909091,1.47368421053,1.53333333333,1.14285714286,14.0,22.0,22.0,19.0,30.0,49.0,128.0,234.0,126.0,108.0,0.0,48.0,108.0,156.0,9.0,1.5,2.625,1.0,9,28,8,0
2016-09-28 05:00:00,12.0,9.0,5.0,12.0,7.0,15.0,33.0,22.0,14.0,28.0,14.0,56.0,2.75,2.44444444444,2.8,2.33333333333,2.0,3.73333333333,1.0,2.0,0.0,2.0,4.0,6.0,0.0,0.0,0.0,0.0,0.0,0.0,10.0,13.0,14.0,18.0,42.0,35.0,10.0,13.0,14.0,18.0,42.0,35.0,1.0,1.0,1.0,1.0,1.0,1.0,43.0,35.0,28.0,46.0,56.0,91.0,1.95454545455,1.59090909091,1.47368421053,1.53333333333,1.14285714286,1.82,22.0,22.0,19.0,30.0,49.0,50.0,137.0,299.0,167.0,132.0,0.0,60.0,132.0,192.0,15.0,1.55729166667,2.78333333333,1.0,9,28,8,20
2016-09-28 05:20:00,9.0,5.0,12.0,7.0,15.0,13.0,22.0,14.0,28.0,14.0,56.0,39.0,2.44444444444,2.8,2.33333333333,2.0,3.73333333333,3.0,2.0,0.0,2.0,4.0,6.0,11.0,0.0,0.0,0.0,0.0,0.0,0.0,13.0,14.0,18.0,42.0,35.0,78.0,13.0,14.0,18.0,42.0,35.0,84.0,1.0,1.0,1.0,1.0,1.0,1.07692307692,35.0,28.0,46.0,56.0,91.0,123.0,1.59090909091,1.47368421053,1.53333333333,1.14285714286,1.82,1.35164835165,22.0,19.0,30.0,49.0,50.0,91.0,104.0,379.0,173.0,206.0,0.0,61.0,200.0,261.0,25.0,1.45210727969,2.83606557377,1.03,9,28,8,40
2016-09-28 05:40:00,5.0,12.0,7.0,15.0,13.0,6.0,14.0,28.0,14.0,56.0,39.0,18.0,2.8,2.33333333333,2.0,3.73333333333,3.0,3.0,0.0,2.0,4.0,6.0,11.0,6.0,0.0,0.0,0.0,0.0,0.0,0.0,14.0,18.0,42.0,35.0,78.0,68.0,14.0,18.0,42.0,35.0,84.0,68.0,1.0,1.0,1.0,1.0,1.07692307692,1.0,28.0,46.0,56.0,91.0,123.0,86.0,1.47368421053,1.53333333333,1.14285714286,1.82,1.35164835165,1.16216216216,19.0,30.0,49.0,50.0,91.0,74.0,111.0,430.0,169.0,261.0,0.0,58.0,255.0,313.0,29.0,1.37380191693,2.91379310345,1.02352941176,9,28,9,0
2016-09-28 06:00:00,12.0,7.0,15.0,13.0,6.0,8.0,28.0,14.0,56.0,39.0,18.0,17.0,2.33333333333,2.0,3.73333333333,3.0,3.0,2.125,2.0,4.0,6.0,11.0,6.0,15.0,0.0,0.0,0.0,0.0,0.0,5.0,18.0,42.0,35.0,78.0,68.0,91.0,18.0,42.0,35.0,84.0,68.0,91.0,1.0,1.0,1.0,1.07692307692,1.0,1.0,46.0,56.0,91.0,123.0,86.0,108.0,1.53333333333,1.14285714286,1.82,1.35164835165,1.16216216216,1.03846153846,30.0,49.0,50.0,91.0,74.0,104.0,121.0,510.0,172.0,338.0,5.0,61.0,332.0,398.0,44.0,1.28140703518,2.81967213115,1.01807228916,9,28,9,20
2016-09-28 06:20:00,7.0,15.0,13.0,6.0,8.0,15.0,14.0,56.0,39.0,18.0,17.0,40.0,2.0,3.73333333333,3.0,3.0,2.125,2.66666666667,4.0,6.0,11.0,6.0,15.0,15.0,0.0,0.0,0.0,0.0,5.0,1.0,42.0,35.0,78.0,68.0,91.0,112.0,42.0,35.0,84.0,68.0,91.0,115.0,1.0,1.0,1.07692307692,1.0,1.0,1.02678571429,56.0,91.0,123.0,86.0,108.0,155.0,1.14285714286,1.82,1.35164835165,1.16216216216,1.03846153846,1.2109375,49.0,50.0,91.0,74.0,104.0,128.0,136.0,619.0,184.0,435.0,6.0,64.0,426.0,496.0,57.0,1.24798387097,2.875,1.02112676056,9,28,9,40
2016-09-28 06:40:00,15.0,13.0,6.0,8.0,15.0,7.0,56.0,39.0,18.0,17.0,40.0,15.0,3.73333333333,3.0,3.0,2.125,2.66666666667,2.14285714286,6.0,11.0,6.0,15.0,15.0,11.0,0.0,0.0,0.0,5.0,1.0,1.0,35.0,78.0,68.0,91.0,112.0,129.0,35.0,84.0,68.0,91.0,115.0,138.0,1.0,1.07692307692,1.0,1.0,1.02678571429,1.06976744186,91.0,123.0,86.0,108.0,155.0,153.0,1.82,1.35164835165,1.16216216216,1.03846153846,1.2109375,1.11678832117,50.0,91.0,74.0,104.0,128.0,137.0,109.0,716.0,185.0,531.0,7.0,64.0,513.0,584.0,64.0,1.22602739726,2.890625,1.0350877193,9,28,10,0
2016-09-28 07:00:00,13.0,6.0,8.0,15.0,7.0,9.0,39.0,18.0,17.0,40.0,15.0,21.0,3.0,3.0,2.125,2.66666666667,2.14285714286,2.33333333333,11.0,6.0,15.0,15.0,11.0,10.0,0.0,0.0,5.0,1.0,1.0,0.0,78.0,68.0,91.0,112.0,129.0,95.0,84.0,68.0,91.0,115.0,138.0,95.0,1.07692307692,1.0,1.0,1.02678571429,1.06976744186,1.0,123.0,86.0,108.0,155.0,153.0,116.0,1.35164835165,1.16216216216,1.03846153846,1.2109375,1.11678832117,1.11538461538,91.0,74.0,104.0,128.0,137.0,104.0,89.0,741.0,150.0,591.0,7.0,58.0,573.0,638.0,68.0,1.16144200627,2.58620689655,1.03141361257,9,28,10,20
2016-09-28 07:20:00,6.0,8.0,15.0,7.0,9.0,7.0,18.0,17.0,40.0,15.0,21.0,17.0,3.0,2.125,2.66666666667,2.14285714286,2.33333333333,2.42857142857,6.0,15.0,15.0,11.0,10.0,16.0,0.0,5.0,1.0,1.0,0.0,0.0,68.0,91.0,112.0,129.0,95.0,104.0,68.0,91.0,115.0,138.0,95.0,107.0,1.0,1.0,1.02678571429,1.06976744186,1.0,1.02884615385,86.0,108.0,155.0,153.0,116.0,124.0,1.16216216216,1.03846153846,1.2109375,1.11678832117,1.11538461538,1.11711711712,74.0,104.0,128.0,137.0,104.0,111.0,110.0,742.0,128.0,614.0,7.0,52.0,599.0,658.0,73.0,1.12765957447,2.46153846154,1.02504173623,9,28,10,40
2016-09-28 07:40:00,8.0,15.0,7.0,9.0,7.0,12.0,17.0,40.0,15.0,21.0,17.0,29.0,2.125,2.66666666667,2.14285714286,2.33333333333,2.42857142857,2.41666666667,15.0,15.0,11.0,10.0,16.0,14.0,5.0,1.0,1.0,0.0,0.0,0.0,91.0,112.0,129.0,95.0,104.0,109.0,91.0,115.0,138.0,95.0,107.0,112.0,1.0,1.02678571429,1.06976744186,1.0,1.02884615385,1.02752293578,108.0,155.0,153.0,116.0,124.0,141.0,1.03846153846,1.2109375,1.11678832117,1.11538461538,1.11711711712,1.1652892562,104.0,128.0,137.0,104.0,111.0,121.0,88.0,797.0,139.0,658.0,7.0,58.0,640.0,705.0,81.0,1.1304964539,2.39655172414,1.028125,9,28,11,0
2016-09-28 08:00:00,15.0,7.0,9.0,7.0,12.0,18.0,40.0,15.0,21.0,17.0,29.0,52.0,2.66666666667,2.14285714286,2.33333333333,2.42857142857,2.41666666667,2.88888888889,15.0,11.0,10.0,16.0,14.0,15.0,1.0,1.0,0.0,0.0,0.0,0.0,112.0,129.0,95.0,104.0,109.0,118.0,115.0,138.0,95.0,107.0,112.0,118.0,1.02678571429,1.06976744186,1.0,1.02884615385,1.02752293578,1.0,155.0,153.0,116.0,124.0,141.0,170.0,1.2109375,1.11678832117,1.11538461538,1.11711711712,1.1652892562,1.25,128.0,137.0,104.0,111.0,121.0,136.0,91.0,859.0,174.0,685.0,2.0,68.0,667.0,737.0,81.0,1.16553595658,2.55882352941,1.02698650675,9,28,11,20
2016-09-28 08:20:00,7.0,9.0,7.0,12.0,18.0,7.0,15.0,21.0,17.0,29.0,52.0,15.0,2.14285714286,2.33333333333,2.42857142857,2.41666666667,2.88888888889,2.14285714286,11.0,10.0,16.0,14.0,15.0,15.0,1.0,0.0,0.0,0.0,0.0,0.0,129.0,95.0,104.0,109.0,118.0,102.0,138.0,95.0,107.0,112.0,118.0,102.0,1.06976744186,1.0,1.02884615385,1.02752293578,1.0,1.0,153.0,116.0,124.0,141.0,170.0,117.0,1.11678832117,1.11538461538,1.11711711712,1.1652892562,1.25,1.07339449541,137.0,104.0,111.0,121.0,136.0,109.0,78.0,821.0,149.0,672.0,1.0,60.0,657.0,718.0,81.0,1.143454039,2.48333333333,1.02283105023,9,28,11,40
2016-09-28 08:40:00,9.0,7.0,12.0,18.0,7.0,12.0,21.0,17.0,29.0,52.0,15.0,39.0,2.33333333333,2.42857142857,2.41666666667,2.88888888889,2.14285714286,3.25,10.0,16.0,14.0,15.0,15.0,5.0,0.0,0.0,0.0,0.0,0.0,0.0,95.0,104.0,109.0,118.0,102.0,77.0,95.0,107.0,112.0,118.0,102.0,77.0,1.0,1.02884615385,1.02752293578,1.0,1.0,1.0,116.0,124.0,141.0,170.0,117.0,116.0,1.11538461538,1.11711711712,1.1652892562,1.25,1.07339449541,1.30337078652,104.0,111.0,121.0,136.0,109.0,89.0,87.0,784.0,173.0,611.0,0.0,65.0,605.0,670.0,75.0,1.17014925373,2.66153846154,1.00991735537,9,28,12,0
2016-09-28 09:00:00,7.0,12.0,18.0,7.0,12.0,10.0,17.0,29.0,52.0,15.0,39.0,29.0,2.42857142857,2.41666666667,2.88888888889,2.14285714286,3.25,2.9,16.0,14.0,15.0,15.0,5.0,14.0,0.0,0.0,0.0,0.0,0.0,0.0,104.0,109.0,118.0,102.0,77.0,100.0,107.0,112.0,118.0,102.0,77.0,100.0,1.02884615385,1.02752293578,1.0,1.0,1.0,1.0,124.0,141.0,170.0,117.0,116.0,129.0,1.11711711712,1.1652892562,1.25,1.07339449541,1.30337078652,1.17272727273,111.0,121.0,136.0,109.0,89.0,110.0,89.0,797.0,181.0,616.0,0.0,66.0,610.0,676.0,79.0,1.17899408284,2.74242424242,1.00983606557,9,28,12,20
2016-09-28 09:20:00,12.0,18.0,7.0,12.0,10.0,6.0,29.0,52.0,15.0,39.0,29.0,16.0,2.41666666667,2.88888888889,2.14285714286,3.25,2.9,2.66666666667,14.0,15.0,15.0,5.0,14.0,7.0,0.0,0.0,0.0,0.0,0.0,0.0,109.0,118.0,102.0,77.0,100.0,82.0,112.0,118.0,102.0,77.0,100.0,82.0,1.02752293578,1.0,1.0,1.0,1.0,1.0,141.0,170.0,117.0,116.0,129.0,98.0,1.1652892562,1.25,1.07339449541,1.30337078652,1.17272727273,1.11363636364,121.0,136.0,109.0,89.0,110.0,88.0,102.0,771.0,180.0,591.0,0.0,65.0,588.0,653.0,70.0,1.18070444104,2.76923076923,1.00510204082,9,28,12,40
2016-09-28 09:40:00,18.0,7.0,12.0,10.0,6.0,16.0,52.0,15.0,39.0,29.0,16.0,41.0,2.88888888889,2.14285714286,3.25,2.9,2.66666666667,2.5625,15.0,15.0,5.0,14.0,7.0,16.0,0.0,0.0,0.0,0.0,0.0,0.0,118.0,102.0,77.0,100.0,82.0,75.0,118.0,102.0,77.0,100.0,82.0,75.0,1.0,1.0,1.0,1.0,1.0,1.0,170.0,117.0,116.0,129.0,98.0,116.0,1.25,1.07339449541,1.30337078652,1.17272727273,1.11363636364,1.27472527473,136.0,109.0,89.0,110.0,88.0,91.0,104.0,746.0,192.0,554.0,0.0,69.0,554.0,623.0,72.0,1.1974317817,2.78260869565,1.0,9,28,13,0
2016-09-28 10:00:00,7.0,12.0,10.0,6.0,16.0,9.0,15.0,39.0,29.0,16.0,41.0,19.0,2.14285714286,3.25,2.9,2.66666666667,2.5625,2.11111111111,15.0,5.0,14.0,7.0,16.0,10.0,0.0,0.0,0.0,0.0,0.0,0.0,102.0,77.0,100.0,82.0,75.0,69.0,102.0,77.0,100.0,82.0,75.0,69.0,1.0,1.0,1.0,1.0,1.0,1.0,117.0,116.0,129.0,98.0,116.0,88.0,1.07339449541,1.30337078652,1.17272727273,1.11363636364,1.27472527473,1.12820512821,109.0,89.0,110.0,88.0,91.0,78.0,101.0,664.0,159.0,505.0,0.0,60.0,505.0,565.0,67.0,1.17522123894,2.65,1.0,9,28,13,20
2016-09-28 10:20:00,12.0,10.0,6.0,16.0,9.0,12.0,39.0,29.0,16.0,41.0,19.0,38.0,3.25,2.9,2.66666666667,2.5625,2.11111111111,3.16666666667,5.0,14.0,7.0,16.0,10.0,14.0,0.0,0.0,0.0,0.0,0.0,0.0,77.0,100.0,82.0,75.0,69.0,75.0,77.0,100.0,82.0,75.0,69.0,75.0,1.0,1.0,1.0,1.0,1.0,1.0,116.0,129.0,98.0,116.0,88.0,113.0,1.30337078652,1.17272727273,1.11363636364,1.27472527473,1.12820512821,1.29885057471,89.0,110.0,88.0,91.0,78.0,87.0,95.0,660.0,182.0,478.0,0.0,65.0,478.0,543.0,66.0,1.21546961326,2.8,1.0,9,28,13,40
2016-09-28 10:40:00,10.0,6.0,16.0,9.0,12.0,14.0,29.0,16.0,41.0,19.0,38.0,37.0,2.9,2.66666666667,2.5625,2.11111111111,3.16666666667,2.64285714286,14.0,7.0,16.0,10.0,14.0,14.0,0.0,0.0,0.0,0.0,0.0,0.0,100.0,82.0,75.0,69.0,75.0,75.0,100.0,82.0,75.0,69.0,75.0,81.0,1.0,1.0,1.0,1.0,1.0,1.08,129.0,98.0,116.0,88.0,113.0,118.0,1.17272727273,1.11363636364,1.27472527473,1.12820512821,1.29885057471,1.32584269663,110.0,88.0,91.0,78.0,87.0,89.0,103.0,662.0,180.0,482.0,0.0,67.0,476.0,543.0,75.0,1.21915285451,2.68656716418,1.01260504202,9,28,14,0
2016-09-28 11:00:00,6.0,16.0,9.0,12.0,14.0,11.0,16.0,41.0,19.0,38.0,37.0,23.0,2.66666666667,2.5625,2.11111111111,3.16666666667,2.64285714286,2.09090909091,7.0,16.0,10.0,14.0,14.0,8.0,0.0,0.0,0.0,0.0,0.0,0.0,82.0,75.0,69.0,75.0,75.0,91.0,82.0,75.0,69.0,75.0,81.0,91.0,1.0,1.0,1.0,1.0,1.08,1.0,98.0,116.0,88.0,113.0,118.0,114.0,1.11363636364,1.27472527473,1.12820512821,1.29885057471,1.32584269663,1.11764705882,88.0,91.0,78.0,87.0,89.0,102.0,110.0,647.0,174.0,473.0,0.0,68.0,467.0,535.0,69.0,1.20934579439,2.55882352941,1.01284796574,9,28,14,20
2016-09-28 11:20:00,16.0,9.0,12.0,14.0,11.0,13.0,41.0,19.0,38.0,37.0,23.0,34.0,2.5625,2.11111111111,3.16666666667,2.64285714286,2.09090909091,2.61538461538,16.0,10.0,14.0,14.0,8.0,13.0,0.0,0.0,0.0,0.0,0.0,0.0,75.0,69.0,75.0,75.0,91.0,91.0,75.0,69.0,75.0,81.0,91.0,94.0,1.0,1.0,1.0,1.08,1.0,1.03296703297,116.0,88.0,113.0,118.0,114.0,128.0,1.27472527473,1.12820512821,1.29885057471,1.32584269663,1.11764705882,1.23076923077,91.0,78.0,87.0,89.0,102.0,104.0,89.0,677.0,192.0,485.0,0.0,75.0,476.0,551.0,75.0,1.22867513612,2.56,1.01890756303,9,28,14,40
2016-09-28 11:40:00,9.0,12.0,14.0,11.0,13.0,13.0,19.0,38.0,37.0,23.0,34.0,47.0,2.11111111111,3.16666666667,2.64285714286,2.09090909091,2.61538461538,3.61538461538,10.0,14.0,14.0,8.0,13.0,9.0,0.0,0.0,0.0,0.0,0.0,0.0,69.0,75.0,75.0,91.0,91.0,88.0,69.0,75.0,81.0,91.0,94.0,91.0,1.0,1.0,1.08,1.0,1.03296703297,1.03409090909,88.0,113.0,118.0,114.0,128.0,138.0,1.12820512821,1.29885057471,1.32584269663,1.11764705882,1.23076923077,1.36633663366,78.0,87.0,89.0,102.0,104.0,101.0,91.0,699.0,198.0,501.0,0.0,72.0,489.0,561.0,68.0,1.24598930481,2.75,1.0245398773,9,28,15,0
2016-09-28 12:00:00,12.0,14.0,11.0,13.0,13.0,7.0,38.0,37.0,23.0,34.0,47.0,23.0,3.16666666667,2.64285714286,2.09090909091,2.61538461538,3.61538461538,3.28571428571,14.0,14.0,8.0,13.0,9.0,11.0,0.0,0.0,0.0,0.0,0.0,0.0,75.0,75.0,91.0,91.0,88.0,88.0,75.0,81.0,91.0,94.0,91.0,88.0,1.0,1.08,1.0,1.03296703297,1.03409090909,1.0,113.0,118.0,114.0,128.0,138.0,111.0,1.29885057471,1.32584269663,1.11764705882,1.23076923077,1.36633663366,1.16842105263,87.0,89.0,102.0,104.0,101.0,95.0,97.0,722.0,202.0,520.0,0.0,70.0,508.0,578.0,69.0,1.2491349481,2.88571428571,1.02362204724,9,28,15,20
2016-09-28 12:20:00,14.0,11.0,13.0,13.0,7.0,10.0,37.0,23.0,34.0,47.0,23.0,26.0,2.64285714286,2.09090909091,2.61538461538,3.61538461538,3.28571428571,2.6,14.0,8.0,13.0,9.0,11.0,14.0,0.0,0.0,0.0,0.0,0.0,1.0,75.0,91.0,91.0,88.0,88.0,92.0,81.0,91.0,94.0,91.0,88.0,95.0,1.08,1.0,1.03296703297,1.03409090909,1.0,1.03260869565,118.0,114.0,128.0,138.0,111.0,121.0,1.32584269663,1.11764705882,1.23076923077,1.36633663366,1.16842105263,1.17475728155,89.0,102.0,104.0,101.0,95.0,103.0,88.0,730.0,190.0,540.0,1.0,68.0,525.0,594.0,69.0,1.22895622896,2.79411764706,1.02857142857,9,28,15,40
2016-09-28 12:40:00,11.0,13.0,13.0,7.0,10.0,15.0,23.0,34.0,47.0,23.0,26.0,38.0,2.09090909091,2.61538461538,3.61538461538,3.28571428571,2.6,2.53333333333,8.0,13.0,9.0,11.0,14.0,10.0,0.0,0.0,0.0,0.0,1.0,0.0,91.0,91.0,88.0,88.0,92.0,95.0,91.0,94.0,91.0,88.0,95.0,95.0,1.0,1.03296703297,1.03409090909,1.0,1.03260869565,1.0,114.0,128.0,138.0,111.0,121.0,133.0,1.11764705882,1.23076923077,1.36633663366,1.16842105263,1.17475728155,1.20909090909,102.0,104.0,101.0,95.0,103.0,110.0,105.0,745.0,191.0,554.0,1.0,69.0,545.0,615.0,65.0,1.21138211382,2.76811594203,1.01651376147,9,28,16,0
2016-09-28 13:00:00,13.0,13.0,7.0,10.0,15.0,4.0,34.0,47.0,23.0,26.0,38.0,12.0,2.61538461538,3.61538461538,3.28571428571,2.6,2.53333333333,3.0,13.0,9.0,11.0,14.0,10.0,8.0,0.0,0.0,0.0,1.0,0.0,0.0,91.0,88.0,88.0,92.0,95.0,85.0,94.0,91.0,88.0,95.0,95.0,85.0,1.03296703297,1.03409090909,1.0,1.03260869565,1.0,1.0,128.0,138.0,111.0,121.0,133.0,97.0,1.23076923077,1.36633663366,1.16842105263,1.17475728155,1.20909090909,1.08988764045,104.0,101.0,95.0,103.0,110.0,89.0,97.0,728.0,180.0,548.0,1.0,62.0,539.0,602.0,65.0,1.20930232558,2.90322580645,1.01669758813,9,28,16,20
2016-09-28 13:20:00,13.0,7.0,10.0,15.0,4.0,9.0,47.0,23.0,26.0,38.0,12.0,33.0,3.61538461538,3.28571428571,2.6,2.53333333333,3.0,3.66666666667,9.0,11.0,14.0,10.0,8.0,16.0,0.0,0.0,1.0,0.0,0.0,1.0,88.0,88.0,92.0,95.0,85.0,81.0,91.0,88.0,95.0,95.0,85.0,87.0,1.03409090909,1.0,1.03260869565,1.0,1.0,1.07407407407,138.0,111.0,121.0,133.0,97.0,120.0,1.36633663366,1.16842105263,1.17475728155,1.20909090909,1.08988764045,1.31868131868,101.0,95.0,103.0,110.0,89.0,91.0,45.0,720.0,179.0,541.0,2.0,58.0,529.0,589.0,68.0,1.22241086587,3.08620689655,1.02268431002,9,28,16,40
2016-09-28 13:40:00,7.0,10.0,15.0,4.0,9.0,10.0,23.0,26.0,38.0,12.0,33.0,27.0,3.28571428571,2.6,2.53333333333,3.0,3.66666666667,2.7,11.0,14.0,10.0,8.0,16.0,12.0,0.0,1.0,0.0,0.0,1.0,0.0,88.0,92.0,95.0,85.0,81.0,87.0,88.0,95.0,95.0,85.0,87.0,87.0,1.0,1.03260869565,1.0,1.0,1.07407407407,1.0,111.0,121.0,133.0,97.0,120.0,114.0,1.16842105263,1.17475728155,1.20909090909,1.08988764045,1.31868131868,1.17525773196,95.0,103.0,110.0,89.0,91.0,97.0,31.0,696.0,159.0,537.0,2.0,55.0,528.0,585.0,71.0,1.18974358974,2.89090909091,1.01704545455,9,28,17,0
2016-09-28 14:00:00,10.0,15.0,4.0,9.0,10.0,3.0,26.0,38.0,12.0,33.0,27.0,7.0,2.6,2.53333333333,3.0,3.66666666667,2.7,2.33333333333,14.0,10.0,8.0,16.0,12.0,9.0,1.0,0.0,0.0,1.0,0.0,0.0,92.0,95.0,85.0,81.0,87.0,85.0,95.0,95.0,85.0,87.0,87.0,85.0,1.03260869565,1.0,1.0,1.07407407407,1.0,1.0,121.0,133.0,97.0,120.0,114.0,92.0,1.17475728155,1.20909090909,1.08988764045,1.31868131868,1.17525773196,1.04545454545,103.0,110.0,89.0,91.0,97.0,88.0,37.0,677.0,143.0,534.0,2.0,51.0,525.0,578.0,69.0,1.17128027682,2.80392156863,1.01714285714,9,28,17,20
2016-09-28 14:20:00,15.0,4.0,9.0,10.0,3.0,5.0,38.0,12.0,33.0,27.0,7.0,19.0,2.53333333333,3.0,3.66666666667,2.7,2.33333333333,3.8,10.0,8.0,16.0,12.0,9.0,13.0,0.0,0.0,1.0,0.0,0.0,0.0,95.0,85.0,81.0,87.0,85.0,100.0,95.0,85.0,87.0,87.0,85.0,100.0,1.0,1.0,1.07407407407,1.0,1.0,1.0,133.0,97.0,120.0,114.0,92.0,119.0,1.20909090909,1.08988764045,1.31868131868,1.17525773196,1.04545454545,1.13333333333,110.0,89.0,91.0,97.0,88.0,105.0,31.0,675.0,136.0,539.0,1.0,46.0,533.0,580.0,68.0,1.16379310345,2.95652173913,1.01125703565,9,28,17,40
2016-09-28 14:40:00,4.0,9.0,10.0,3.0,5.0,5.0,12.0,33.0,27.0,7.0,19.0,14.0,3.0,3.66666666667,2.7,2.33333333333,3.8,2.8,8.0,16.0,12.0,9.0,13.0,11.0,0.0,1.0,0.0,0.0,0.0,0.0,85.0,81.0,87.0,85.0,100.0,92.0,85.0,87.0,87.0,85.0,100.0,95.0,1.0,1.07407407407,1.0,1.0,1.0,1.03260869565,97.0,120.0,114.0,92.0,119.0,109.0,1.08988764045,1.31868131868,1.17525773196,1.04545454545,1.13333333333,1.12371134021,89.0,91.0,97.0,88.0,105.0,97.0,26.0,651.0,112.0,539.0,1.0,36.0,530.0,567.0,69.0,1.14814814815,3.11111111111,1.01698113208,9,28,18,0
2016-09-28 15:00:00,9.0,10.0,3.0,5.0,5.0,1.0,33.0,27.0,7.0,19.0,14.0,2.0,3.66666666667,2.7,2.33333333333,3.8,2.8,2.0,16.0,12.0,9.0,13.0,11.0,14.0,1.0,0.0,0.0,0.0,0.0,0.0,81.0,87.0,85.0,100.0,92.0,44.0,87.0,87.0,85.0,100.0,95.0,44.0,1.07407407407,1.0,1.0,1.0,1.03260869565,1.0,120.0,114.0,92.0,119.0,109.0,46.0,1.31868131868,1.17525773196,1.04545454545,1.13333333333,1.12371134021,1.02222222222,91.0,97.0,88.0,105.0,97.0,45.0,24.0,600.0,102.0,498.0,1.0,33.0,489.0,523.0,75.0,1.14722753346,3.09090909091,1.01840490798,9,28,18,20
2016-09-28 15:20:00,10.0,3.0,5.0,5.0,1.0,2.0,27.0,7.0,19.0,14.0,2.0,5.0,2.7,2.33333333333,3.8,2.8,2.0,2.5,12.0,9.0,13.0,11.0,14.0,7.0,0.0,0.0,0.0,0.0,0.0,0.0,87.0,85.0,100.0,92.0,44.0,29.0,87.0,85.0,100.0,95.0,44.0,29.0,1.0,1.0,1.0,1.03260869565,1.0,1.0,114.0,92.0,119.0,109.0,46.0,34.0,1.17525773196,1.04545454545,1.13333333333,1.12371134021,1.02222222222,1.09677419355,97.0,88.0,105.0,97.0,45.0,31.0,18.0,514.0,74.0,440.0,0.0,26.0,437.0,463.0,66.0,1.1101511879,2.84615384615,1.00686498856,9,28,18,40
2016-09-28 15:40:00,3.0,5.0,5.0,1.0,2.0,3.0,7.0,19.0,14.0,2.0,5.0,6.0,2.33333333333,3.8,2.8,2.0,2.5,2.0,9.0,13.0,11.0,14.0,7.0,12.0,0.0,0.0,0.0,0.0,0.0,0.0,85.0,100.0,92.0,44.0,29.0,34.0,85.0,100.0,95.0,44.0,29.0,37.0,1.0,1.0,1.03260869565,1.0,1.0,1.08823529412,92.0,119.0,109.0,46.0,34.0,43.0,1.04545454545,1.13333333333,1.12371134021,1.02222222222,1.09677419355,1.16216216216,88.0,105.0,97.0,45.0,31.0,37.0,28.0,443.0,53.0,390.0,0.0,19.0,384.0,403.0,66.0,1.09925558313,2.78947368421,1.015625,9,28,19,0
2016-09-28 16:00:00,5.0,5.0,1.0,2.0,3.0,2.0,19.0,14.0,2.0,5.0,6.0,4.0,3.8,2.8,2.0,2.5,2.0,2.0,13.0,11.0,14.0,7.0,12.0,10.0,0.0,0.0,0.0,0.0,0.0,0.0,100.0,92.0,44.0,29.0,34.0,29.0,100.0,95.0,44.0,29.0,37.0,29.0,1.0,1.03260869565,1.0,1.0,1.08823529412,1.0,119.0,109.0,46.0,34.0,43.0,33.0,1.13333333333,1.12371134021,1.02222222222,1.09677419355,1.16216216216,1.06451612903,105.0,97.0,45.0,31.0,37.0,31.0,26.0,384.0,50.0,334.0,0.0,18.0,328.0,346.0,67.0,1.1098265896,2.77777777778,1.01829268293,9,28,19,20
2016-09-28 16:20:00,5.0,1.0,2.0,3.0,2.0,3.0,14.0,2.0,5.0,6.0,4.0,6.0,2.8,2.0,2.5,2.0,2.0,2.0,11.0,14.0,7.0,12.0,10.0,3.0,0.0,0.0,0.0,0.0,0.0,0.0,92.0,44.0,29.0,34.0,29.0,23.0,95.0,44.0,29.0,37.0,29.0,23.0,1.03260869565,1.0,1.0,1.08823529412,1.0,1.0,109.0,46.0,34.0,43.0,33.0,29.0,1.12371134021,1.02222222222,1.09677419355,1.16216216216,1.06451612903,1.11538461538,97.0,45.0,31.0,37.0,31.0,26.0,17.0,294.0,37.0,257.0,0.0,16.0,251.0,267.0,57.0,1.10112359551,2.3125,1.02390438247,9,28,19,40
2016-09-28 16:40:00,1.0,2.0,3.0,2.0,3.0,6.0,2.0,5.0,6.0,4.0,6.0,12.0,2.0,2.5,2.0,2.0,2.0,2.0,14.0,7.0,12.0,10.0,3.0,7.0,0.0,0.0,0.0,0.0,0.0,0.0,44.0,29.0,34.0,29.0,23.0,18.0,44.0,29.0,37.0,29.0,23.0,18.0,1.0,1.0,1.08823529412,1.0,1.0,1.0,46.0,34.0,43.0,33.0,29.0,30.0,1.02222222222,1.09677419355,1.16216216216,1.06451612903,1.11538461538,1.25,45.0,31.0,37.0,31.0,26.0,24.0,20.0,215.0,35.0,180.0,0.0,17.0,177.0,194.0,53.0,1.10824742268,2.05882352941,1.01694915254,9,28,20,0
2016-09-28 17:00:00,2.0,3.0,2.0,3.0,6.0,0.0,5.0,6.0,4.0,6.0,12.0,0.0,2.5,2.0,2.0,2.0,2.0,0.0,7.0,12.0,10.0,3.0,7.0,5.0,0.0,0.0,0.0,0.0,0.0,0.0,29.0,34.0,29.0,23.0,18.0,18.0,29.0,37.0,29.0,23.0,18.0,18.0,1.0,1.08823529412,1.0,1.0,1.0,1.0,34.0,43.0,33.0,29.0,30.0,18.0,1.09677419355,1.16216216216,1.06451612903,1.11538461538,1.25,1.0,31.0,37.0,31.0,26.0,24.0,18.0,24.0,187.0,33.0,154.0,0.0,16.0,151.0,167.0,44.0,1.11976047904,2.0625,1.01986754967,9,28,20,20
2016-09-28 17:20:00,3.0,2.0,3.0,6.0,0.0,2.0,6.0,4.0,6.0,12.0,0.0,5.0,2.0,2.0,2.0,2.0,0.0,2.5,12.0,10.0,3.0,7.0,5.0,8.0,0.0,0.0,0.0,0.0,0.0,0.0,34.0,29.0,23.0,18.0,18.0,26.0,37.0,29.0,23.0,18.0,18.0,26.0,1.08823529412,1.0,1.0,1.0,1.0,1.0,43.0,33.0,29.0,30.0,18.0,31.0,1.16216216216,1.06451612903,1.11538461538,1.25,1.0,1.10714285714,37.0,31.0,26.0,24.0,18.0,28.0,17.0,184.0,33.0,151.0,0.0,16.0,148.0,164.0,45.0,1.12195121951,2.0625,1.02027027027,9,28,20,40
2016-09-28 17:40:00,2.0,3.0,6.0,0.0,2.0,2.0,4.0,6.0,12.0,0.0,5.0,5.0,2.0,2.0,2.0,0.0,2.5,2.5,10.0,3.0,7.0,5.0,8.0,9.0,0.0,0.0,0.0,0.0,0.0,0.0,29.0,23.0,18.0,18.0,26.0,24.0,29.0,23.0,18.0,18.0,26.0,24.0,1.0,1.0,1.0,1.0,1.0,1.0,33.0,29.0,30.0,18.0,31.0,29.0,1.06451612903,1.11538461538,1.25,1.0,1.10714285714,1.11538461538,31.0,26.0,24.0,18.0,28.0,26.0,24.0,170.0,32.0,138.0,0.0,15.0,138.0,153.0,42.0,1.11111111111,2.13333333333,1.0,9,28,21,0
2016-09-28 18:00:00,3.0,6.0,0.0,2.0,2.0,0.0,6.0,12.0,0.0,5.0,5.0,0.0,2.0,2.0,0.0,2.5,2.5,0.0,3.0,7.0,5.0,8.0,9.0,5.0,0.0,0.0,0.0,0.0,0.0,0.0,23.0,18.0,18.0,26.0,24.0,17.0,23.0,18.0,18.0,26.0,24.0,17.0,1.0,1.0,1.0,1.0,1.0,1.0,29.0,30.0,18.0,31.0,29.0,17.0,1.11538461538,1.25,1.0,1.10714285714,1.11538461538,1.0,26.0,24.0,18.0,28.0,26.0,17.0,11.0,154.0,28.0,126.0,0.0,13.0,126.0,139.0,37.0,1.10791366906,2.15384615385,1.0,9,28,21,20
2016-09-28 18:20:00,6.0,0.0,2.0,2.0,0.0,0.0,12.0,0.0,5.0,5.0,0.0,0.0,2.0,0.0,2.5,2.5,0.0,0.0,7.0,5.0,8.0,9.0,5.0,5.0,0.0,0.0,0.0,0.0,0.0,0.0,18.0,18.0,26.0,24.0,17.0,20.0,18.0,18.0,26.0,24.0,17.0,20.0,1.0,1.0,1.0,1.0,1.0,1.0,30.0,18.0,31.0,29.0,17.0,20.0,1.25,1.0,1.10714285714,1.11538461538,1.0,1.0,24.0,18.0,28.0,26.0,17.0,20.0,16.0,145.0,22.0,123.0,0.0,10.0,123.0,133.0,39.0,1.09022556391,2.2,1.0,9,28,21,40
2016-09-28 18:40:00,0.0,2.0,2.0,0.0,0.0,2.0,0.0,5.0,5.0,0.0,0.0,4.0,0.0,2.5,2.5,0.0,0.0,2.0,5.0,8.0,9.0,5.0,5.0,4.0,0.0,0.0,0.0,0.0,0.0,0.0,18.0,26.0,24.0,17.0,20.0,22.0,18.0,26.0,24.0,17.0,20.0,22.0,1.0,1.0,1.0,1.0,1.0,1.0,18.0,31.0,29.0,17.0,20.0,26.0,1.0,1.10714285714,1.11538461538,1.0,1.0,1.08333333333,18.0,28.0,26.0,17.0,20.0,24.0,7.0,141.0,14.0,127.0,0.0,6.0,127.0,133.0,36.0,1.06015037594,2.33333333333,1.0,9,28,22,0
2016-09-28 19:00:00,2.0,2.0,0.0,0.0,2.0,1.0,5.0,5.0,0.0,0.0,4.0,2.0,2.5,2.5,0.0,0.0,2.0,2.0,8.0,9.0,5.0,5.0,4.0,9.0,0.0,0.0,0.0,0.0,0.0,0.0,26.0,24.0,17.0,20.0,22.0,16.0,26.0,24.0,17.0,20.0,22.0,16.0,1.0,1.0,1.0,1.0,1.0,1.0,31.0,29.0,17.0,20.0,26.0,18.0,1.10714285714,1.11538461538,1.0,1.0,1.08333333333,1.05882352941,28.0,26.0,17.0,20.0,24.0,17.0,9.0,141.0,16.0,125.0,0.0,7.0,125.0,132.0,40.0,1.06818181818,2.28571428571,1.0,9,28,22,20
2016-09-28 19:20:00,2.0,0.0,0.0,2.0,1.0,6.0,5.0,0.0,0.0,4.0,2.0,13.0,2.5,0.0,0.0,2.0,2.0,2.16666666667,9.0,5.0,5.0,4.0,9.0,7.0,0.0,0.0,0.0,0.0,0.0,0.0,24.0,17.0,20.0,22.0,16.0,18.0,24.0,17.0,20.0,22.0,16.0,18.0,1.0,1.0,1.0,1.0,1.0,1.0,29.0,17.0,20.0,26.0,18.0,31.0,1.11538461538,1.0,1.0,1.08333333333,1.05882352941,1.29166666667,26.0,17.0,20.0,24.0,17.0,24.0,5.0,141.0,24.0,117.0,0.0,11.0,117.0,128.0,39.0,1.1015625,2.18181818182,1.0,9,28,22,40
2016-09-28 19:40:00,0.0,0.0,2.0,1.0,6.0,1.0,0.0,0.0,4.0,2.0,13.0,2.0,0.0,0.0,2.0,2.0,2.16666666667,2.0,5.0,5.0,4.0,9.0,7.0,3.0,0.0,0.0,0.0,0.0,0.0,0.0,17.0,20.0,22.0,16.0,18.0,10.0,17.0,20.0,22.0,16.0,18.0,10.0,1.0,1.0,1.0,1.0,1.0,1.0,17.0,20.0,26.0,18.0,31.0,12.0,1.0,1.0,1.08333333333,1.05882352941,1.29166666667,1.09090909091,17.0,20.0,24.0,17.0,24.0,11.0,11.0,124.0,21.0,103.0,0.0,10.0,103.0,113.0,33.0,1.09734513274,2.1,1.0,9,28,23,0
2016-09-28 20:00:00,0.0,2.0,1.0,6.0,1.0,4.0,0.0,4.0,2.0,13.0,2.0,8.0,0.0,2.0,2.0,2.16666666667,2.0,2.0,5.0,4.0,9.0,7.0,3.0,8.0,0.0,0.0,0.0,0.0,0.0,0.0,20.0,22.0,16.0,18.0,10.0,12.0,20.0,22.0,16.0,18.0,10.0,12.0,1.0,1.0,1.0,1.0,1.0,1.0,20.0,26.0,18.0,31.0,12.0,20.0,1.0,1.08333333333,1.05882352941,1.29166666667,1.09090909091,1.25,20.0,24.0,17.0,24.0,11.0,16.0,20.0,127.0,29.0,98.0,0.0,14.0,98.0,112.0,36.0,1.13392857143,2.07142857143,1.0,9,28,23,20
2016-09-28 20:20:00,2.0,1.0,6.0,1.0,4.0,1.0,4.0,2.0,13.0,2.0,8.0,2.0,2.0,2.0,2.16666666667,2.0,2.0,2.0,4.0,9.0,7.0,3.0,8.0,1.0,0.0,0.0,0.0,0.0,0.0,0.0,22.0,16.0,18.0,10.0,12.0,6.0,22.0,16.0,18.0,10.0,12.0,6.0,1.0,1.0,1.0,1.0,1.0,1.0,26.0,18.0,31.0,12.0,20.0,8.0,1.08333333333,1.05882352941,1.29166666667,1.09090909091,1.25,1.14285714286,24.0,17.0,24.0,11.0,16.0,7.0,11.0,115.0,31.0,84.0,0.0,15.0,84.0,99.0,32.0,1.16161616162,2.06666666667,1.0,9,28,23,40
2016-09-28 20:40:00,1.0,6.0,1.0,4.0,1.0,1.0,2.0,13.0,2.0,8.0,2.0,2.0,2.0,2.16666666667,2.0,2.0,2.0,2.0,9.0,7.0,3.0,8.0,1.0,1.0,0.0,0.0,0.0,0.0,0.0,0.0,16.0,18.0,10.0,12.0,6.0,8.0,16.0,18.0,10.0,12.0,6.0,8.0,1.0,1.0,1.0,1.0,1.0,1.0,18.0,31.0,12.0,20.0,8.0,10.0,1.05882352941,1.29166666667,1.09090909091,1.25,1.14285714286,1.11111111111,17.0,24.0,11.0,16.0,7.0,9.0,4.0,99.0,29.0,70.0,0.0,14.0,70.0,84.0,29.0,1.17857142857,2.07142857143,1.0,9,29,0,0
2016-09-28 21:00:00,6.0,1.0,4.0,1.0,1.0,0.0,13.0,2.0,8.0,2.0,2.0,0.0,2.16666666667,2.0,2.0,2.0,2.0,0.0,7.0,3.0,8.0,1.0,1.0,2.0,0.0,0.0,0.0,0.0,0.0,0.0,18.0,10.0,12.0,6.0,8.0,5.0,18.0,10.0,12.0,6.0,8.0,5.0,1.0,1.0,1.0,1.0,1.0,1.0,31.0,12.0,20.0,8.0,10.0,5.0,1.29166666667,1.09090909091,1.25,1.14285714286,1.11111111111,1.0,24.0,11.0,16.0,7.0,9.0,5.0,9.0,86.0,27.0,59.0,0.0,13.0,59.0,72.0,22.0,1.19444444444,2.07692307692,1.0,9,29,0,20
2016-09-28 21:20:00,1.0,4.0,1.0,1.0,0.0,0.0,2.0,8.0,2.0,2.0,0.0,0.0,2.0,2.0,2.0,2.0,0.0,0.0,3.0,8.0,1.0,1.0,2.0,0.0,0.0,0.0,0.0,0.0,0.0,0.0,10.0,12.0,6.0,8.0,5.0,11.0,10.0,12.0,6.0,8.0,5.0,11.0,1.0,1.0,1.0,1.0,1.0,1.0,12.0,20.0,8.0,10.0,5.0,11.0,1.09090909091,1.25,1.14285714286,1.11111111111,1.0,1.0,11.0,16.0,7.0,9.0,5.0,11.0,7.0,66.0,14.0,52.0,0.0,7.0,52.0,59.0,15.0,1.1186440678,2.0,1.0,9,29,0,40
2016-09-28 21:40:00,4.0,1.0,1.0,0.0,0.0,5.0,8.0,2.0,2.0,0.0,0.0,13.0,2.0,2.0,2.0,0.0,0.0,2.6,8.0,1.0,1.0,2.0,0.0,3.0,0.0,0.0,0.0,0.0,0.0,0.0,12.0,6.0,8.0,5.0,11.0,15.0,12.0,6.0,8.0,5.0,11.0,15.0,1.0,1.0,1.0,1.0,1.0,1.0,20.0,8.0,10.0,5.0,11.0,28.0,1.25,1.14285714286,1.11111111111,1.0,1.0,1.4,16.0,7.0,9.0,5.0,11.0,20.0,3.0,82.0,25.0,57.0,0.0,11.0,57.0,68.0,15.0,1.20588235294,2.27272727273,1.0,9,29,1,0
2016-09-28 22:00:00,1.0,1.0,0.0,0.0,5.0,2.0,2.0,2.0,0.0,0.0,13.0,5.0,2.0,2.0,0.0,0.0,2.6,2.5,1.0,1.0,2.0,0.0,3.0,0.0,0.0,0.0,0.0,0.0,0.0,0.0,6.0,8.0,5.0,11.0,15.0,9.0,6.0,8.0,5.0,11.0,15.0,9.0,1.0,1.0,1.0,1.0,1.0,1.0,8.0,10.0,5.0,11.0,28.0,14.0,1.14285714286,1.11111111111,1.0,1.0,1.4,1.27272727273,7.0,9.0,5.0,11.0,20.0,11.0,6.0,76.0,22.0,54.0,0.0,9.0,54.0,63.0,7.0,1.20634920635,2.44444444444,1.0,9,29,1,20
2016-09-28 22:20:00,1.0,0.0,0.0,5.0,2.0,0.0,2.0,0.0,0.0,13.0,5.0,0.0,2.0,0.0,0.0,2.6,2.5,0.0,1.0,2.0,0.0,3.0,0.0,2.0,0.0,0.0,0.0,0.0,0.0,0.0,8.0,5.0,11.0,15.0,9.0,4.0,8.0,5.0,11.0,15.0,9.0,4.0,1.0,1.0,1.0,1.0,1.0,1.0,10.0,5.0,11.0,28.0,14.0,4.0,1.11111111111,1.0,1.0,1.4,1.27272727273,1.0,9.0,5.0,11.0,20.0,11.0,4.0,11.0,72.0,20.0,52.0,0.0,8.0,52.0,60.0,8.0,1.2,2.5,1.0,9,29,1,40
2016-09-28 22:40:00,0.0,0.0,5.0,2.0,0.0,0.0,0.0,0.0,13.0,5.0,0.0,0.0,0.0,0.0,2.6,2.5,0.0,0.0,2.0,0.0,3.0,0.0,2.0,1.0,0.0,0.0,0.0,0.0,0.0,0.0,5.0,11.0,15.0,9.0,4.0,9.0,5.0,11.0,15.0,9.0,4.0,9.0,1.0,1.0,1.0,1.0,1.0,1.0,5.0,11.0,28.0,14.0,4.0,9.0,1.0,1.0,1.4,1.27272727273,1.0,1.0,5.0,11.0,20.0,11.0,4.0,9.0,7.0,71.0,18.0,53.0,0.0,7.0,53.0,60.0,8.0,1.18333333333,2.57142857143,1.0,9,29,2,0
2016-09-28 23:00:00,0.0,5.0,2.0,0.0,0.0,0.0,0.0,13.0,5.0,0.0,0.0,0.0,0.0,2.6,2.5,0.0,0.0,0.0,0.0,3.0,0.0,2.0,1.0,2.0,0.0,0.0,0.0,0.0,0.0,0.0,11.0,15.0,9.0,4.0,9.0,7.0,11.0,15.0,9.0,4.0,9.0,7.0,1.0,1.0,1.0,1.0,1.0,1.0,11.0,28.0,14.0,4.0,9.0,7.0,1.0,1.4,1.27272727273,1.0,1.0,1.0,11.0,20.0,11.0,4.0,9.0,7.0,4.0,73.0,18.0,55.0,0.0,7.0,55.0,62.0,8.0,1.17741935484,2.57142857143,1.0,9,29,2,20
2016-09-28 23:20:00,5.0,2.0,0.0,0.0,0.0,1.0,13.0,5.0,0.0,0.0,0.0,2.0,2.6,2.5,0.0,0.0,0.0,2.0,3.0,0.0,2.0,1.0,2.0,0.0,0.0,0.0,0.0,0.0,0.0,0.0,15.0,9.0,4.0,9.0,7.0,2.0,15.0,9.0,4.0,9.0,7.0,2.0,1.0,1.0,1.0,1.0,1.0,1.0,28.0,14.0,4.0,9.0,7.0,4.0,1.4,1.27272727273,1.0,1.0,1.0,1.33333333333,20.0,11.0,4.0,9.0,7.0,3.0,4.0,66.0,20.0,46.0,0.0,8.0,46.0,54.0,8.0,1.22222222222,2.5,1.0,9,29,2,40
2016-09-28 23:40:00,2.0,0.0,0.0,0.0,1.0,3.0,5.0,0.0,0.0,0.0,2.0,14.0,2.5,0.0,0.0,0.0,2.0,4.66666666667,0.0,2.0,1.0,2.0,0.0,1.0,0.0,0.0,0.0,0.0,0.0,0.0,9.0,4.0,9.0,7.0,2.0,3.0,9.0,4.0,9.0,7.0,2.0,6.0,1.0,1.0,1.0,1.0,1.0,2.0,14.0,4.0,9.0,7.0,4.0,20.0,1.27272727273,1.0,1.0,1.0,1.33333333333,3.33333333333,11.0,4.0,9.0,7.0,3.0,6.0,3.0,58.0,21.0,37.0,0.0,6.0,34.0,40.0,6.0,1.45,3.5,1.08823529412,9,29,3,0
2016-09-29 00:00:00,0.0,0.0,0.0,1.0,3.0,5.0,0.0,0.0,0.0,2.0,14.0,10.0,0.0,0.0,0.0,2.0,4.66666666667,2.0,2.0,1.0,2.0,0.0,1.0,3.0,0.0,0.0,0.0,0.0,0.0,0.0,4.0,9.0,7.0,2.0,3.0,6.0,4.0,9.0,7.0,2.0,6.0,9.0,1.0,1.0,1.0,1.0,2.0,1.5,4.0,9.0,7.0,4.0,20.0,19.0,1.0,1.0,1.0,1.33333333333,3.33333333333,1.72727272727,4.0,9.0,7.0,3.0,6.0,11.0,7.0,63.0,26.0,37.0,0.0,9.0,31.0,40.0,9.0,1.575,2.88888888889,1.1935483871,9,29,3,20
2016-09-29 00:20:00,0.0,0.0,1.0,3.0,5.0,5.0,0.0,0.0,2.0,14.0,10.0,13.0,0.0,0.0,2.0,4.66666666667,2.0,2.6,1.0,2.0,0.0,1.0,3.0,0.0,0.0,0.0,0.0,0.0,0.0,0.0,9.0,7.0,2.0,3.0,6.0,2.0,9.0,7.0,2.0,6.0,9.0,2.0,1.0,1.0,1.0,2.0,1.5,1.0,9.0,7.0,4.0,20.0,19.0,15.0,1.0,1.0,1.33333333333,3.33333333333,1.72727272727,2.14285714286,9.0,7.0,3.0,6.0,11.0,7.0,9.0,74.0,39.0,35.0,0.0,14.0,29.0,43.0,7.0,1.72093023256,2.78571428571,1.20689655172,9,29,3,40
2016-09-29 00:40:00,0.0,1.0,3.0,5.0,5.0,3.0,0.0,2.0,14.0,10.0,13.0,9.0,0.0,2.0,4.66666666667,2.0,2.6,3.0,2.0,0.0,1.0,3.0,0.0,0.0,0.0,0.0,0.0,0.0,0.0,0.0,7.0,2.0,3.0,6.0,2.0,1.0,7.0,2.0,6.0,9.0,2.0,1.0,1.0,1.0,2.0,1.5,1.0,1.0,7.0,4.0,20.0,19.0,15.0,10.0,1.0,1.33333333333,3.33333333333,1.72727272727,2.14285714286,2.5,7.0,3.0,6.0,11.0,7.0,4.0,10.0,75.0,48.0,27.0,0.0,17.0,21.0,38.0,6.0,1.97368421053,2.82352941176,1.28571428571,9,29,4,0
2016-09-29 01:00:00,1.0,3.0,5.0,5.0,3.0,2.0,2.0,14.0,10.0,13.0,9.0,7.0,2.0,4.66666666667,2.0,2.6,3.0,3.5,0.0,1.0,3.0,0.0,0.0,1.0,0.0,0.0,0.0,0.0,0.0,0.0,2.0,3.0,6.0,2.0,1.0,2.0,2.0,6.0,9.0,2.0,1.0,2.0,1.0,2.0,1.5,1.0,1.0,1.0,4.0,20.0,19.0,15.0,10.0,9.0,1.33333333333,3.33333333333,1.72727272727,2.14285714286,2.5,2.25,3.0,6.0,11.0,7.0,4.0,4.0,10.0,77.0,55.0,22.0,0.0,19.0,16.0,35.0,5.0,2.2,2.89473684211,1.375,9,29,4,20
2016-09-29 01:20:00,3.0,5.0,5.0,3.0,2.0,1.0,14.0,10.0,13.0,9.0,7.0,5.0,4.66666666667,2.0,2.6,3.0,3.5,5.0,1.0,3.0,0.0,0.0,1.0,1.0,0.0,0.0,0.0,0.0,0.0,0.0,3.0,6.0,2.0,1.0,2.0,2.0,6.0,9.0,2.0,1.0,2.0,2.0,2.0,1.5,1.0,1.0,1.0,1.0,20.0,19.0,15.0,10.0,9.0,7.0,3.33333333333,1.72727272727,2.14285714286,2.5,2.25,2.33333333333,6.0,11.0,7.0,4.0,4.0,3.0,16.0,80.0,58.0,22.0,0.0,19.0,16.0,35.0,6.0,2.28571428571,3.05263157895,1.375,9,29,4,40
2016-09-29 01:40:00,5.0,5.0,3.0,2.0,1.0,3.0,10.0,13.0,9.0,7.0,5.0,8.0,2.0,2.6,3.0,3.5,5.0,2.66666666667,3.0,0.0,0.0,1.0,1.0,1.0,0.0,0.0,0.0,0.0,0.0,0.0,6.0,2.0,1.0,2.0,2.0,4.0,9.0,2.0,1.0,2.0,2.0,4.0,1.5,1.0,1.0,1.0,1.0,1.0,19.0,15.0,10.0,9.0,7.0,12.0,1.72727272727,2.14285714286,2.5,2.25,2.33333333333,1.71428571429,11.0,7.0,4.0,4.0,3.0,7.0,6.0,72.0,52.0,20.0,0.0,19.0,17.0,36.0,6.0,2.0,2.73684210526,1.17647058824,9,29,5,0
2016-09-29 02:00:00,5.0,3.0,2.0,1.0,3.0,4.0,13.0,9.0,7.0,5.0,8.0,12.0,2.6,3.0,3.5,5.0,2.66666666667,3.0,0.0,0.0,1.0,1.0,1.0,0.0,0.0,0.0,0.0,0.0,0.0,0.0,2.0,1.0,2.0,2.0,4.0,5.0,2.0,1.0,2.0,2.0,4.0,11.0,1.0,1.0,1.0,1.0,1.0,2.2,15.0,10.0,9.0,7.0,12.0,23.0,2.14285714286,2.5,2.25,2.33333333333,1.71428571429,2.55555555556,7.0,4.0,4.0,3.0,7.0,9.0,5.0,76.0,54.0,22.0,0.0,18.0,16.0,34.0,3.0,2.23529411765,3.0,1.375,9,29,5,20
2016-09-29 02:20:00,3.0,2.0,1.0,3.0,4.0,6.0,9.0,7.0,5.0,8.0,12.0,25.0,3.0,3.5,5.0,2.66666666667,3.0,4.16666666667,0.0,1.0,1.0,1.0,0.0,0.0,0.0,0.0,0.0,0.0,0.0,0.0,1.0,2.0,2.0,4.0,5.0,4.0,1.0,2.0,2.0,4.0,11.0,4.0,1.0,1.0,1.0,1.0,2.2,1.0,10.0,9.0,7.0,12.0,23.0,29.0,2.5,2.25,2.33333333333,1.71428571429,2.55555555556,2.9,4.0,4.0,3.0,7.0,9.0,10.0,4.0,90.0,66.0,24.0,0.0,19.0,18.0,37.0,3.0,2.43243243243,3.47368421053,1.33333333333,9,29,5,40
2016-09-29 02:40:00,2.0,1.0,3.0,4.0,6.0,4.0,7.0,5.0,8.0,12.0,25.0,10.0,3.5,5.0,2.66666666667,3.0,4.16666666667,2.5,1.0,1.0,1.0,0.0,0.0,2.0,0.0,0.0,0.0,0.0,0.0,0.0,2.0,2.0,4.0,5.0,4.0,6.0,2.0,2.0,4.0,11.0,4.0,6.0,1.0,1.0,1.0,2.2,1.0,1.0,9.0,7.0,12.0,23.0,29.0,16.0,2.25,2.33333333333,1.71428571429,2.55555555556,2.9,1.6,4.0,3.0,7.0,9.0,10.0,10.0,4.0,96.0,67.0,29.0,0.0,20.0,23.0,43.0,5.0,2.23255813953,3.35,1.26086956522,9,29,6,0
2016-09-29 03:00:00,1.0,3.0,4.0,6.0,4.0,10.0,5.0,8.0,12.0,25.0,10.0,37.0,5.0,2.66666666667,3.0,4.16666666667,2.5,3.7,1.0,1.0,0.0,0.0,2.0,2.0,0.0,0.0,0.0,0.0,0.0,0.0,2.0,4.0,5.0,4.0,6.0,6.0,2.0,4.0,11.0,4.0,6.0,6.0,1.0,1.0,2.2,1.0,1.0,1.0,7.0,12.0,23.0,29.0,16.0,43.0,2.33333333333,1.71428571429,2.55555555556,2.9,1.6,2.6875,3.0,7.0,9.0,10.0,10.0,16.0,9.0,130.0,97.0,33.0,0.0,28.0,27.0,55.0,6.0,2.36363636364,3.46428571429,1.22222222222,9,29,6,20
2016-09-29 03:20:00,3.0,4.0,6.0,4.0,10.0,1.0,8.0,12.0,25.0,10.0,37.0,2.0,2.66666666667,3.0,4.16666666667,2.5,3.7,2.0,1.0,0.0,0.0,2.0,2.0,1.0,0.0,0.0,0.0,0.0,0.0,0.0,4.0,5.0,4.0,6.0,6.0,5.0,4.0,11.0,4.0,6.0,6.0,5.0,1.0,2.2,1.0,1.0,1.0,1.0,12.0,23.0,29.0,16.0,43.0,7.0,1.71428571429,2.55555555556,2.9,1.6,2.6875,1.16666666667,7.0,9.0,10.0,10.0,16.0,6.0,18.0,130.0,94.0,36.0,0.0,28.0,30.0,58.0,6.0,2.24137931034,3.35714285714,1.2,9,29,6,40
2016-09-29 03:40:00,4.0,6.0,4.0,10.0,1.0,1.0,12.0,25.0,10.0,37.0,2.0,2.0,3.0,4.16666666667,2.5,3.7,2.0,2.0,0.0,0.0,2.0,2.0,1.0,0.0,0.0,0.0,0.0,0.0,0.0,0.0,5.0,4.0,6.0,6.0,5.0,4.0,11.0,4.0,6.0,6.0,5.0,4.0,2.2,1.0,1.0,1.0,1.0,1.0,23.0,29.0,16.0,43.0,7.0,6.0,2.55555555556,2.9,1.6,2.6875,1.16666666667,1.2,9.0,10.0,10.0,16.0,6.0,5.0,25.0,124.0,88.0,36.0,0.0,26.0,30.0,56.0,5.0,2.21428571429,3.38461538462,1.2,9,29,7,0
2016-09-29 04:00:00,6.0,4.0,10.0,1.0,1.0,1.0,25.0,10.0,37.0,2.0,2.0,2.0,4.16666666667,2.5,3.7,2.0,2.0,2.0,0.0,2.0,2.0,1.0,0.0,0.0,0.0,0.0,0.0,0.0,0.0,0.0,4.0,6.0,6.0,5.0,4.0,3.0,4.0,6.0,6.0,5.0,4.0,3.0,1.0,1.0,1.0,1.0,1.0,1.0,29.0,16.0,43.0,7.0,6.0,5.0,2.9,1.6,2.6875,1.16666666667,1.2,1.25,10.0,10.0,16.0,6.0,5.0,4.0,30.0,106.0,78.0,28.0,0.0,23.0,28.0,51.0,5.0,2.07843137255,3.39130434783,1.0,9,29,7,20
2016-09-29 04:20:00,4.0,10.0,1.0,1.0,1.0,0.0,10.0,37.0,2.0,2.0,2.0,0.0,2.5,3.7,2.0,2.0,2.0,0.0,2.0,2.0,1.0,0.0,0.0,2.0,0.0,0.0,0.0,0.0,0.0,0.0,6.0,6.0,5.0,4.0,3.0,4.0,6.0,6.0,5.0,4.0,3.0,4.0,1.0,1.0,1.0,1.0,1.0,1.0,16.0,43.0,7.0,6.0,5.0,4.0,1.6,2.6875,1.16666666667,1.2,1.25,1.0,10.0,16.0,6.0,5.0,4.0,4.0,30.0,81.0,53.0,28.0,0.0,17.0,28.0,45.0,7.0,1.8,3.11764705882,1.0,9,29,7,40
2016-09-29 04:40:00,10.0,1.0,1.0,1.0,0.0,2.0,37.0,2.0,2.0,2.0,0.0,5.0,3.7,2.0,2.0,2.0,0.0,2.5,2.0,1.0,0.0,0.0,2.0,2.0,0.0,0.0,0.0,0.0,0.0,0.0,6.0,5.0,4.0,3.0,4.0,7.0,6.0,5.0,4.0,3.0,4.0,7.0,1.0,1.0,1.0,1.0,1.0,1.0,43.0,7.0,6.0,5.0,4.0,12.0,2.6875,1.16666666667,1.2,1.25,1.0,1.33333333333,16.0,6.0,5.0,4.0,4.0,9.0,41.0,77.0,48.0,29.0,0.0,15.0,29.0,44.0,7.0,1.75,3.2,1.0,9,29,8,0
2016-09-29 05:00:00,1.0,1.0,1.0,0.0,2.0,5.0,2.0,2.0,2.0,0.0,5.0,12.0,2.0,2.0,2.0,0.0,2.5,2.4,1.0,0.0,0.0,2.0,2.0,6.0,0.0,0.0,0.0,0.0,0.0,0.0,5.0,4.0,3.0,4.0,7.0,13.0,5.0,4.0,3.0,4.0,7.0,16.0,1.0,1.0,1.0,1.0,1.0,1.23076923077,7.0,6.0,5.0,4.0,12.0,28.0,1.16666666667,1.2,1.25,1.0,1.33333333333,1.55555555556,6.0,5.0,4.0,4.0,9.0,18.0,48.0,62.0,23.0,39.0,0.0,10.0,36.0,46.0,11.0,1.34782608696,2.3,1.08333333333,9,29,8,20
2016-09-29 05:20:00,1.0,1.0,0.0,2.0,5.0,5.0,2.0,2.0,0.0,5.0,12.0,10.0,2.0,2.0,0.0,2.5,2.4,2.0,0.0,0.0,2.0,2.0,6.0,9.0,0.0,0.0,0.0,0.0,0.0,0.0,4.0,3.0,4.0,7.0,13.0,20.0,4.0,3.0,4.0,7.0,16.0,23.0,1.0,1.0,1.0,1.0,1.23076923077,1.15,6.0,5.0,4.0,12.0,28.0,33.0,1.2,1.25,1.0,1.33333333333,1.55555555556,1.32,5.0,4.0,4.0,9.0,18.0,25.0,50.0,88.0,31.0,57.0,0.0,14.0,51.0,65.0,19.0,1.35384615385,2.21428571429,1.11764705882,9,29,8,40
2016-09-29 05:40:00,1.0,0.0,2.0,5.0,5.0,6.0,2.0,0.0,5.0,12.0,10.0,12.0,2.0,0.0,2.5,2.4,2.0,2.0,0.0,2.0,2.0,6.0,9.0,6.0,0.0,0.0,0.0,0.0,0.0,0.0,3.0,4.0,7.0,13.0,20.0,24.0,3.0,4.0,7.0,16.0,23.0,24.0,1.0,1.0,1.0,1.23076923077,1.15,1.0,5.0,4.0,12.0,28.0,33.0,36.0,1.25,1.0,1.33333333333,1.55555555556,1.32,1.2,4.0,4.0,9.0,18.0,25.0,30.0,47.0,118.0,41.0,77.0,0.0,19.0,71.0,90.0,25.0,1.31111111111,2.15789473684,1.08450704225,9,29,9,0
2016-09-29 06:00:00,0.0,2.0,5.0,5.0,6.0,3.0,0.0,5.0,12.0,10.0,12.0,6.0,0.0,2.5,2.4,2.0,2.0,2.0,2.0,2.0,6.0,9.0,6.0,11.0,0.0,0.0,0.0,0.0,0.0,0.0,4.0,7.0,13.0,20.0,24.0,27.0,4.0,7.0,16.0,23.0,24.0,27.0,1.0,1.0,1.23076923077,1.15,1.0,1.0,4.0,12.0,28.0,33.0,36.0,33.0,1.0,1.33333333333,1.55555555556,1.32,1.2,1.1,4.0,9.0,18.0,25.0,30.0,30.0,40.0,146.0,45.0,101.0,0.0,21.0,95.0,116.0,36.0,1.25862068966,2.14285714286,1.06315789474,9,29,9,20
2016-09-29 06:20:00,2.0,5.0,5.0,6.0,3.0,7.0,5.0,12.0,10.0,12.0,6.0,14.0,2.5,2.4,2.0,2.0,2.0,2.0,2.0,6.0,9.0,6.0,11.0,18.0,0.0,0.0,0.0,0.0,0.0,0.0,7.0,13.0,20.0,24.0,27.0,34.0,7.0,16.0,23.0,24.0,27.0,34.0,1.0,1.23076923077,1.15,1.0,1.0,1.0,12.0,28.0,33.0,36.0,33.0,48.0,1.33333333333,1.55555555556,1.32,1.2,1.1,1.17073170732,9.0,18.0,25.0,30.0,30.0,41.0,48.0,190.0,59.0,131.0,0.0,28.0,125.0,153.0,52.0,1.24183006536,2.10714285714,1.048,9,29,9,40
2016-09-29 06:40:00,5.0,5.0,6.0,3.0,7.0,2.0,12.0,10.0,12.0,6.0,14.0,5.0,2.4,2.0,2.0,2.0,2.0,2.5,6.0,9.0,6.0,11.0,18.0,15.0,0.0,0.0,0.0,0.0,0.0,0.0,13.0,20.0,24.0,27.0,34.0,46.0,16.0,23.0,24.0,27.0,34.0,46.0,1.23076923077,1.15,1.0,1.0,1.0,1.0,28.0,33.0,36.0,33.0,48.0,51.0,1.55555555556,1.32,1.2,1.1,1.17073170732,1.0625,18.0,25.0,30.0,30.0,41.0,48.0,56.0,229.0,59.0,170.0,0.0,28.0,164.0,192.0,65.0,1.19270833333,2.10714285714,1.03658536585,9,29,10,0
2016-09-29 07:00:00,5.0,6.0,3.0,7.0,2.0,4.0,10.0,12.0,6.0,14.0,5.0,11.0,2.0,2.0,2.0,2.0,2.5,2.75,9.0,6.0,11.0,18.0,15.0,19.0,0.0,0.0,0.0,0.0,0.0,0.0,20.0,24.0,27.0,34.0,46.0,46.0,23.0,24.0,27.0,34.0,46.0,46.0,1.15,1.0,1.0,1.0,1.0,1.0,33.0,36.0,33.0,48.0,51.0,57.0,1.32,1.2,1.1,1.17073170732,1.0625,1.14,25.0,30.0,30.0,41.0,48.0,50.0,51.0,258.0,58.0,200.0,0.0,27.0,197.0,224.0,78.0,1.15178571429,2.14814814815,1.0152284264,9,29,10,20
2016-09-29 07:20:00,6.0,3.0,7.0,2.0,4.0,3.0,12.0,6.0,14.0,5.0,11.0,6.0,2.0,2.0,2.0,2.5,2.75,2.0,6.0,11.0,18.0,15.0,19.0,15.0,0.0,0.0,0.0,0.0,0.0,0.0,24.0,27.0,34.0,46.0,46.0,44.0,24.0,27.0,34.0,46.0,46.0,44.0,1.0,1.0,1.0,1.0,1.0,1.0,36.0,33.0,48.0,51.0,57.0,50.0,1.2,1.1,1.17073170732,1.0625,1.14,1.06382978723,30.0,30.0,41.0,48.0,50.0,47.0,40.0,275.0,54.0,221.0,0.0,25.0,221.0,246.0,84.0,1.11788617886,2.16,1.0,9,29,10,40
2016-09-29 07:40:00,3.0,7.0,2.0,4.0,3.0,3.0,6.0,14.0,5.0,11.0,6.0,6.0,2.0,2.0,2.5,2.75,2.0,2.0,11.0,18.0,15.0,19.0,15.0,8.0,0.0,0.0,0.0,0.0,0.0,0.0,27.0,34.0,46.0,46.0,44.0,37.0,27.0,34.0,46.0,46.0,44.0,37.0,1.0,1.0,1.0,1.0,1.0,1.0,33.0,48.0,51.0,57.0,50.0,43.0,1.1,1.17073170732,1.0625,1.14,1.06382978723,1.075,30.0,41.0,48.0,50.0,47.0,40.0,39.0,282.0,48.0,234.0,0.0,22.0,234.0,256.0,86.0,1.1015625,2.18181818182,1.0,9,29,11,0
2016-09-29 08:00:00,7.0,2.0,4.0,3.0,3.0,2.0,14.0,5.0,11.0,6.0,6.0,4.0,2.0,2.5,2.75,2.0,2.0,2.0,18.0,15.0,19.0,15.0,8.0,11.0,0.0,0.0,0.0,0.0,0.0,0.0,34.0,46.0,46.0,44.0,37.0,46.0,34.0,46.0,46.0,44.0,37.0,46.0,1.0,1.0,1.0,1.0,1.0,1.0,48.0,51.0,57.0,50.0,43.0,50.0,1.17073170732,1.0625,1.14,1.06382978723,1.075,1.04166666667,41.0,48.0,50.0,47.0,40.0,48.0,41.0,299.0,46.0,253.0,0.0,21.0,253.0,274.0,86.0,1.09124087591,2.19047619048,1.0,9,29,11,20
2016-09-29 08:20:00,2.0,4.0,3.0,3.0,2.0,2.0,5.0,11.0,6.0,6.0,4.0,5.0,2.5,2.75,2.0,2.0,2.0,2.5,15.0,19.0,15.0,8.0,11.0,13.0,0.0,0.0,0.0,0.0,0.0,1.0,46.0,46.0,44.0,37.0,46.0,53.0,46.0,46.0,44.0,37.0,46.0,53.0,1.0,1.0,1.0,1.0,1.0,1.0,51.0,57.0,50.0,43.0,50.0,58.0,1.0625,1.14,1.06382978723,1.075,1.04166666667,1.03571428571,48.0,50.0,47.0,40.0,48.0,56.0,36.0,309.0,37.0,272.0,1.0,16.0,272.0,289.0,81.0,1.06920415225,2.3125,1.0,9,29,11,40
2016-09-29 08:40:00,4.0,3.0,3.0,2.0,2.0,3.0,11.0,6.0,6.0,4.0,5.0,6.0,2.75,2.0,2.0,2.0,2.5,2.0,19.0,15.0,8.0,11.0,13.0,12.0,0.0,0.0,0.0,0.0,1.0,0.0,46.0,44.0,37.0,46.0,53.0,48.0,46.0,44.0,37.0,46.0,53.0,48.0,1.0,1.0,1.0,1.0,1.0,1.0,57.0,50.0,43.0,50.0,58.0,54.0,1.14,1.06382978723,1.075,1.04166666667,1.03571428571,1.05882352941,50.0,47.0,40.0,48.0,56.0,51.0,35.0,312.0,38.0,274.0,1.0,17.0,274.0,292.0,78.0,1.06849315068,2.23529411765,1.0,9,29,12,0
2016-09-29 09:00:00,3.0,3.0,2.0,2.0,3.0,6.0,6.0,6.0,4.0,5.0,6.0,12.0,2.0,2.0,2.0,2.5,2.0,2.0,15.0,8.0,11.0,13.0,12.0,9.0,0.0,0.0,0.0,1.0,0.0,0.0,44.0,37.0,46.0,53.0,48.0,34.0,44.0,37.0,46.0,53.0,48.0,34.0,1.0,1.0,1.0,1.0,1.0,1.0,50.0,43.0,50.0,58.0,54.0,46.0,1.06382978723,1.075,1.04166666667,1.03571428571,1.05882352941,1.15,47.0,40.0,48.0,56.0,51.0,40.0,35.0,301.0,39.0,262.0,1.0,19.0,262.0,282.0,68.0,1.06737588652,2.05263157895,1.0,9,29,12,20
2016-09-29 09:20:00,3.0,2.0,2.0,3.0,6.0,2.0,6.0,4.0,5.0,6.0,12.0,4.0,2.0,2.0,2.5,2.0,2.0,2.0,8.0,11.0,13.0,12.0,9.0,8.0,0.0,0.0,1.0,0.0,0.0,0.0,37.0,46.0,53.0,48.0,34.0,37.0,37.0,46.0,53.0,48.0,34.0,37.0,1.0,1.0,1.0,1.0,1.0,1.0,43.0,50.0,58.0,54.0,46.0,41.0,1.075,1.04166666667,1.03571428571,1.05882352941,1.15,1.05128205128,40.0,48.0,56.0,51.0,40.0,39.0,43.0,292.0,37.0,255.0,1.0,18.0,255.0,274.0,61.0,1.06569343066,2.05555555556,1.0,9,29,12,40
2016-09-29 09:40:00,2.0,2.0,3.0,6.0,2.0,5.0,4.0,5.0,6.0,12.0,4.0,11.0,2.0,2.5,2.0,2.0,2.0,2.2,11.0,13.0,12.0,9.0,8.0,13.0,0.0,1.0,0.0,0.0,0.0,1.0,46.0,53.0,48.0,34.0,37.0,35.0,46.0,53.0,48.0,34.0,37.0,35.0,1.0,1.0,1.0,1.0,1.0,1.0,50.0,58.0,54.0,46.0,41.0,46.0,1.04166666667,1.03571428571,1.05882352941,1.15,1.05128205128,1.12195121951,48.0,56.0,51.0,40.0,39.0,41.0,50.0,295.0,42.0,253.0,2.0,20.0,253.0,275.0,66.0,1.07272727273,2.1,1.0,9,29,13,0
2016-09-29 10:00:00,2.0,3.0,6.0,2.0,5.0,2.0,5.0,6.0,12.0,4.0,11.0,9.0,2.5,2.0,2.0,2.0,2.2,4.5,13.0,12.0,9.0,8.0,13.0,7.0,1.0,0.0,0.0,0.0,1.0,0.0,53.0,48.0,34.0,37.0,35.0,34.0,53.0,48.0,34.0,37.0,35.0,37.0,1.0,1.0,1.0,1.0,1.0,1.08823529412,58.0,54.0,46.0,41.0,46.0,46.0,1.03571428571,1.05882352941,1.15,1.05128205128,1.12195121951,1.27777777778,56.0,51.0,40.0,39.0,41.0,36.0,24.0,291.0,47.0,244.0,2.0,20.0,241.0,263.0,62.0,1.10646387833,2.35,1.01244813278,9,29,13,20
2016-09-29 10:20:00,3.0,6.0,2.0,5.0,2.0,2.0,6.0,12.0,4.0,11.0,9.0,4.0,2.0,2.0,2.0,2.2,4.5,2.0,12.0,9.0,8.0,13.0,7.0,8.0,0.0,0.0,0.0,1.0,0.0,0.0,48.0,34.0,37.0,35.0,34.0,33.0,48.0,34.0,37.0,35.0,37.0,33.0,1.0,1.0,1.0,1.0,1.08823529412,1.0,54.0,46.0,41.0,46.0,46.0,37.0,1.05882352941,1.15,1.05128205128,1.12195121951,1.27777777778,1.05714285714,51.0,40.0,39.0,41.0,36.0,35.0,43.0,270.0,46.0,224.0,1.0,20.0,221.0,242.0,57.0,1.11570247934,2.3,1.01357466063,9,29,13,40
2016-09-29 10:40:00,6.0,2.0,5.0,2.0,2.0,3.0,12.0,4.0,11.0,9.0,4.0,7.0,2.0,2.0,2.2,4.5,2.0,2.33333333333,9.0,8.0,13.0,7.0,8.0,8.0,0.0,0.0,1.0,0.0,0.0,0.0,34.0,37.0,35.0,34.0,33.0,32.0,34.0,37.0,35.0,37.0,33.0,32.0,1.0,1.0,1.0,1.08823529412,1.0,1.0,46.0,41.0,46.0,46.0,37.0,39.0,1.15,1.05128205128,1.12195121951,1.27777777778,1.05714285714,1.11428571429,40.0,39.0,41.0,36.0,35.0,35.0,48.0,255.0,47.0,208.0,1.0,20.0,205.0,226.0,53.0,1.12831858407,2.35,1.01463414634,9,29,14,0
2016-09-29 11:00:00,2.0,5.0,2.0,2.0,3.0,3.0,4.0,11.0,9.0,4.0,7.0,7.0,2.0,2.2,4.5,2.0,2.33333333333,2.33333333333,8.0,13.0,7.0,8.0,8.0,8.0,0.0,1.0,0.0,0.0,0.0,0.0,37.0,35.0,34.0,33.0,32.0,40.0,37.0,35.0,37.0,33.0,32.0,40.0,1.0,1.0,1.08823529412,1.0,1.0,1.0,41.0,46.0,46.0,37.0,39.0,47.0,1.05128205128,1.12195121951,1.27777777778,1.05714285714,1.11428571429,1.09302325581,39.0,41.0,36.0,35.0,35.0,43.0,43.0,256.0,42.0,214.0,1.0,17.0,211.0,229.0,52.0,1.11790393013,2.47058823529,1.01421800948,9,29,14,20
2016-09-29 11:20:00,5.0,2.0,2.0,3.0,3.0,3.0,11.0,9.0,4.0,7.0,7.0,6.0,2.2,4.5,2.0,2.33333333333,2.33333333333,2.0,13.0,7.0,8.0,8.0,8.0,19.0,1.0,0.0,0.0,0.0,0.0,0.0,35.0,34.0,33.0,32.0,40.0,47.0,35.0,37.0,33.0,32.0,40.0,50.0,1.0,1.08823529412,1.0,1.0,1.0,1.06382978723,46.0,46.0,37.0,39.0,47.0,56.0,1.12195121951,1.27777777778,1.05714285714,1.11428571429,1.09302325581,1.12,41.0,36.0,35.0,35.0,43.0,50.0,55.0,271.0,44.0,227.0,1.0,18.0,221.0,240.0,63.0,1.12916666667,2.44444444444,1.02714932127,9,29,14,40
2016-09-29 11:40:00,2.0,2.0,3.0,3.0,3.0,3.0,9.0,4.0,7.0,7.0,6.0,7.0,4.5,2.0,2.33333333333,2.33333333333,2.0,2.33333333333,7.0,8.0,8.0,8.0,19.0,8.0,0.0,0.0,0.0,0.0,0.0,0.0,34.0,33.0,32.0,40.0,47.0,21.0,37.0,33.0,32.0,40.0,50.0,21.0,1.08823529412,1.0,1.0,1.0,1.06382978723,1.0,46.0,37.0,39.0,47.0,56.0,28.0,1.27777777778,1.05714285714,1.11428571429,1.09302325581,1.12,1.16666666667,36.0,35.0,35.0,43.0,50.0,24.0,53.0,253.0,40.0,213.0,0.0,16.0,207.0,223.0,58.0,1.13452914798,2.5,1.02898550725,9,29,15,0
2016-09-29 12:00:00,2.0,3.0,3.0,3.0,3.0,4.0,4.0,7.0,7.0,6.0,7.0,8.0,2.0,2.33333333333,2.33333333333,2.0,2.33333333333,2.0,8.0,8.0,8.0,19.0,8.0,15.0,0.0,0.0,0.0,0.0,0.0,0.0,33.0,32.0,40.0,47.0,21.0,39.0,33.0,32.0,40.0,50.0,21.0,39.0,1.0,1.0,1.0,1.06382978723,1.0,1.0,37.0,39.0,47.0,56.0,28.0,47.0,1.05714285714,1.11428571429,1.09302325581,1.12,1.16666666667,1.09302325581,35.0,35.0,43.0,50.0,24.0,43.0,65.0,254.0,39.0,215.0,0.0,18.0,212.0,230.0,66.0,1.10434782609,2.16666666667,1.0141509434,9,29,15,20
2016-09-29 12:20:00,3.0,3.0,3.0,3.0,4.0,5.0,7.0,7.0,6.0,7.0,8.0,13.0,2.33333333333,2.33333333333,2.0,2.33333333333,2.0,2.6,8.0,8.0,19.0,8.0,15.0,15.0,0.0,0.0,0.0,0.0,0.0,0.0,32.0,40.0,47.0,21.0,39.0,43.0,32.0,40.0,50.0,21.0,39.0,43.0,1.0,1.0,1.06382978723,1.0,1.0,1.0,39.0,47.0,56.0,28.0,47.0,56.0,1.11428571429,1.09302325581,1.12,1.16666666667,1.09302325581,1.16666666667,35.0,43.0,50.0,24.0,43.0,48.0,53.0,273.0,48.0,225.0,0.0,21.0,222.0,243.0,73.0,1.12345679012,2.28571428571,1.01351351351,9,29,15,40
2016-09-29 12:40:00,3.0,3.0,3.0,4.0,5.0,1.0,7.0,6.0,7.0,8.0,13.0,2.0,2.33333333333,2.0,2.33333333333,2.0,2.6,2.0,8.0,19.0,8.0,15.0,15.0,13.0,0.0,0.0,0.0,0.0,0.0,0.0,40.0,47.0,21.0,39.0,43.0,42.0,40.0,50.0,21.0,39.0,43.0,42.0,1.0,1.06382978723,1.0,1.0,1.0,1.0,47.0,56.0,28.0,47.0,56.0,44.0,1.09302325581,1.12,1.16666666667,1.09302325581,1.16666666667,1.02325581395,43.0,50.0,24.0,43.0,48.0,43.0,60.0,278.0,43.0,235.0,0.0,19.0,232.0,251.0,78.0,1.10756972112,2.26315789474,1.01293103448,9,29,16,0
2016-09-29 13:00:00,3.0,3.0,4.0,5.0,1.0,4.0,6.0,7.0,8.0,13.0,2.0,8.0,2.0,2.33333333333,2.0,2.6,2.0,2.0,19.0,8.0,15.0,15.0,13.0,11.0,0.0,0.0,0.0,0.0,0.0,0.0,47.0,21.0,39.0,43.0,42.0,51.0,50.0,21.0,39.0,43.0,42.0,51.0,1.06382978723,1.0,1.0,1.0,1.0,1.0,56.0,28.0,47.0,56.0,44.0,59.0,1.12,1.16666666667,1.09302325581,1.16666666667,1.02325581395,1.07272727273,50.0,24.0,43.0,48.0,43.0,55.0,50.0,290.0,44.0,246.0,0.0,20.0,243.0,263.0,81.0,1.10266159696,2.2,1.01234567901,9,29,16,20
2016-09-29 13:20:00,3.0,4.0,5.0,1.0,4.0,1.0,7.0,8.0,13.0,2.0,8.0,2.0,2.33333333333,2.0,2.6,2.0,2.0,2.0,8.0,15.0,15.0,13.0,11.0,17.0,0.0,0.0,0.0,0.0,0.0,0.0,21.0,39.0,43.0,42.0,51.0,52.0,21.0,39.0,43.0,42.0,51.0,52.0,1.0,1.0,1.0,1.0,1.0,1.0,28.0,47.0,56.0,44.0,59.0,54.0,1.16666666667,1.09302325581,1.16666666667,1.02325581395,1.07272727273,1.01886792453,24.0,43.0,48.0,43.0,55.0,53.0,47.0,288.0,40.0,248.0,0.0,18.0,248.0,266.0,79.0,1.08270676692,2.22222222222,1.0,9,29,16,40
2016-09-29 13:40:00,4.0,5.0,1.0,4.0,1.0,5.0,8.0,13.0,2.0,8.0,2.0,11.0,2.0,2.6,2.0,2.0,2.0,2.2,15.0,15.0,13.0,11.0,17.0,23.0,0.0,0.0,0.0,0.0,0.0,0.0,39.0,43.0,42.0,51.0,52.0,60.0,39.0,43.0,42.0,51.0,52.0,60.0,1.0,1.0,1.0,1.0,1.0,1.0,47.0,56.0,44.0,59.0,54.0,71.0,1.09302325581,1.16666666667,1.02325581395,1.07272727273,1.01886792453,1.09230769231,43.0,48.0,43.0,55.0,53.0,65.0,30.0,331.0,44.0,287.0,0.0,20.0,287.0,307.0,94.0,1.07817589577,2.2,1.0,9,29,17,0
2016-09-29 14:00:00,5.0,1.0,4.0,1.0,5.0,5.0,13.0,2.0,8.0,2.0,11.0,10.0,2.6,2.0,2.0,2.0,2.2,2.0,15.0,13.0,11.0,17.0,23.0,13.0,0.0,0.0,0.0,0.0,0.0,0.0,43.0,42.0,51.0,52.0,60.0,48.0,43.0,42.0,51.0,52.0,60.0,48.0,1.0,1.0,1.0,1.0,1.0,1.0,56.0,44.0,59.0,54.0,71.0,58.0,1.16666666667,1.02325581395,1.07272727273,1.01886792453,1.09230769231,1.09433962264,48.0,43.0,55.0,53.0,65.0,53.0,30.0,342.0,46.0,296.0,0.0,21.0,296.0,317.0,92.0,1.07886435331,2.19047619048,1.0,9,29,17,20
2016-09-29 14:20:00,1.0,4.0,1.0,5.0,5.0,1.0,2.0,8.0,2.0,11.0,10.0,2.0,2.0,2.0,2.0,2.2,2.0,2.0,13.0,11.0,17.0,23.0,13.0,16.0,0.0,0.0,0.0,0.0,0.0,0.0,42.0,51.0,52.0,60.0,48.0,59.0,42.0,51.0,52.0,60.0,48.0,62.0,1.0,1.0,1.0,1.0,1.0,1.05084745763,44.0,59.0,54.0,71.0,58.0,64.0,1.02325581395,1.07272727273,1.01886792453,1.09230769231,1.09433962264,1.06666666667,43.0,55.0,53.0,65.0,53.0,60.0,30.0,350.0,35.0,315.0,0.0,17.0,312.0,329.0,93.0,1.06382978723,2.05882352941,1.00961538462,9,29,17,40
2016-09-29 14:40:00,4.0,1.0,5.0,5.0,1.0,2.0,8.0,2.0,11.0,10.0,2.0,4.0,2.0,2.0,2.2,2.0,2.0,2.0,11.0,17.0,23.0,13.0,16.0,10.0,0.0,0.0,0.0,0.0,0.0,0.0,51.0,52.0,60.0,48.0,59.0,48.0,51.0,52.0,60.0,48.0,62.0,54.0,1.0,1.0,1.0,1.0,1.05084745763,1.125,59.0,54.0,71.0,58.0,64.0,58.0,1.07272727273,1.01886792453,1.09230769231,1.09433962264,1.06666666667,1.16,55.0,53.0,65.0,53.0,60.0,50.0,22.0,364.0,37.0,327.0,0.0,18.0,318.0,336.0,90.0,1.08333333333,2.05555555556,1.02830188679,9,29,18,0
2016-09-29 15:00:00,1.0,5.0,5.0,1.0,2.0,1.0,2.0,11.0,10.0,2.0,4.0,2.0,2.0,2.2,2.0,2.0,2.0,2.0,17.0,23.0,13.0,16.0,10.0,13.0,0.0,0.0,0.0,0.0,0.0,0.0,52.0,60.0,48.0,59.0,48.0,46.0,52.0,60.0,48.0,62.0,54.0,46.0,1.0,1.0,1.0,1.05084745763,1.125,1.0,54.0,71.0,58.0,64.0,58.0,48.0,1.01886792453,1.09230769231,1.09433962264,1.06666666667,1.16,1.02127659574,53.0,65.0,53.0,60.0,50.0,47.0,26.0,353.0,31.0,322.0,0.0,15.0,313.0,328.0,92.0,1.0762195122,2.06666666667,1.02875399361,9,29,18,20
2016-09-29 15:20:00,5.0,5.0,1.0,2.0,1.0,2.0,11.0,10.0,2.0,4.0,2.0,5.0,2.2,2.0,2.0,2.0,2.0,2.5,23.0,13.0,16.0,10.0,13.0,3.0,0.0,0.0,0.0,0.0,0.0,0.0,60.0,48.0,59.0,48.0,46.0,28.0,60.0,48.0,62.0,54.0,46.0,28.0,1.0,1.0,1.05084745763,1.125,1.0,1.0,71.0,58.0,64.0,58.0,48.0,33.0,1.09230769231,1.09433962264,1.06666666667,1.16,1.02127659574,1.1,65.0,53.0,60.0,50.0,47.0,30.0,25.0,332.0,34.0,298.0,0.0,16.0,289.0,305.0,78.0,1.08852459016,2.125,1.03114186851,9,29,18,40
2016-09-29 15:40:00,5.0,1.0,2.0,1.0,2.0,1.0,10.0,2.0,4.0,2.0,5.0,2.0,2.0,2.0,2.0,2.0,2.5,2.0,13.0,16.0,10.0,13.0,3.0,9.0,0.0,0.0,0.0,0.0,0.0,0.0,48.0,59.0,48.0,46.0,28.0,29.0,48.0,62.0,54.0,46.0,28.0,29.0,1.0,1.05084745763,1.125,1.0,1.0,1.0,58.0,64.0,58.0,48.0,33.0,31.0,1.09433962264,1.06666666667,1.16,1.02127659574,1.1,1.03333333333,53.0,60.0,50.0,47.0,30.0,30.0,18.0,292.0,25.0,267.0,0.0,12.0,258.0,270.0,64.0,1.08148148148,2.08333333333,1.03488372093,9,29,19,0
2016-09-29 16:00:00,1.0,2.0,1.0,2.0,1.0,1.0,2.0,4.0,2.0,5.0,2.0,2.0,2.0,2.0,2.0,2.5,2.0,2.0,16.0,10.0,13.0,3.0,9.0,12.0,0.0,0.0,0.0,0.0,0.0,0.0,59.0,48.0,46.0,28.0,29.0,29.0,62.0,54.0,46.0,28.0,29.0,29.0,1.05084745763,1.125,1.0,1.0,1.0,1.0,64.0,58.0,48.0,33.0,31.0,31.0,1.06666666667,1.16,1.02127659574,1.1,1.03333333333,1.03333333333,60.0,50.0,47.0,30.0,30.0,30.0,27.0,265.0,17.0,248.0,0.0,8.0,239.0,247.0,63.0,1.07287449393,2.125,1.03765690377,9,29,19,20
2016-09-29 16:20:00,2.0,1.0,2.0,1.0,1.0,3.0,4.0,2.0,5.0,2.0,2.0,6.0,2.0,2.0,2.5,2.0,2.0,2.0,10.0,13.0,3.0,9.0,12.0,6.0,0.0,0.0,0.0,0.0,0.0,0.0,48.0,46.0,28.0,29.0,29.0,19.0,54.0,46.0,28.0,29.0,29.0,22.0,1.125,1.0,1.0,1.0,1.0,1.15789473684,58.0,48.0,33.0,31.0,31.0,28.0,1.16,1.02127659574,1.1,1.03333333333,1.03333333333,1.27272727273,50.0,47.0,30.0,30.0,30.0,22.0,22.0,229.0,21.0,208.0,0.0,10.0,199.0,209.0,53.0,1.0956937799,2.1,1.04522613065,9,29,19,40
2016-09-29 16:40:00,1.0,2.0,1.0,1.0,3.0,0.0,2.0,5.0,2.0,2.0,6.0,0.0,2.0,2.5,2.0,2.0,2.0,0.0,13.0,3.0,9.0,12.0,6.0,6.0,0.0,0.0,0.0,0.0,0.0,0.0,46.0,28.0,29.0,29.0,19.0,26.0,46.0,28.0,29.0,29.0,22.0,26.0,1.0,1.0,1.0,1.0,1.15789473684,1.0,48.0,33.0,31.0,31.0,28.0,26.0,1.02127659574,1.1,1.03333333333,1.03333333333,1.27272727273,1.0,47.0,30.0,30.0,30.0,22.0,26.0,30.0,197.0,17.0,180.0,0.0,8.0,177.0,185.0,49.0,1.06486486486,2.125,1.01694915254,9,29,20,0
2016-09-29 17:00:00,2.0,1.0,1.0,3.0,0.0,2.0,5.0,2.0,2.0,6.0,0.0,4.0,2.5,2.0,2.0,2.0,0.0,2.0,3.0,9.0,12.0,6.0,6.0,5.0,0.0,0.0,0.0,0.0,0.0,0.0,28.0,29.0,29.0,19.0,26.0,23.0,28.0,29.0,29.0,22.0,26.0,23.0,1.0,1.0,1.0,1.15789473684,1.0,1.0,33.0,31.0,31.0,28.0,26.0,27.0,1.1,1.03333333333,1.03333333333,1.27272727273,1.0,1.08,30.0,30.0,30.0,22.0,26.0,25.0,16.0,176.0,19.0,157.0,0.0,9.0,154.0,163.0,41.0,1.07975460123,2.11111111111,1.01948051948,9,29,20,20
2016-09-29 17:20:00,1.0,1.0,3.0,0.0,2.0,1.0,2.0,2.0,6.0,0.0,4.0,2.0,2.0,2.0,2.0,0.0,2.0,2.0,9.0,12.0,6.0,6.0,5.0,4.0,0.0,0.0,0.0,0.0,0.0,0.0,29.0,29.0,19.0,26.0,23.0,17.0,29.0,29.0,22.0,26.0,23.0,17.0,1.0,1.0,1.15789473684,1.0,1.0,1.0,31.0,31.0,28.0,26.0,27.0,19.0,1.03333333333,1.03333333333,1.27272727273,1.0,1.08,1.05555555556,30.0,30.0,22.0,26.0,25.0,18.0,21.0,162.0,16.0,146.0,0.0,8.0,143.0,151.0,42.0,1.07284768212,2.0,1.02097902098,9,29,20,40
2016-09-29 17:40:00,1.0,3.0,0.0,2.0,1.0,2.0,2.0,6.0,0.0,4.0,2.0,4.0,2.0,2.0,0.0,2.0,2.0,2.0,12.0,6.0,6.0,5.0,4.0,8.0,0.0,0.0,0.0,0.0,0.0,0.0,29.0,19.0,26.0,23.0,17.0,25.0,29.0,22.0,26.0,23.0,17.0,25.0,1.0,1.15789473684,1.0,1.0,1.0,1.0,31.0,28.0,26.0,27.0,19.0,29.0,1.03333333333,1.27272727273,1.0,1.08,1.05555555556,1.07407407407,30.0,22.0,26.0,25.0,18.0,27.0,24.0,160.0,18.0,142.0,0.0,9.0,139.0,148.0,41.0,1.08108108108,2.0,1.02158273381,9,29,21,0
2016-09-29 18:00:00,3.0,0.0,2.0,1.0,2.0,2.0,6.0,0.0,4.0,2.0,4.0,5.0,2.0,0.0,2.0,2.0,2.0,2.5,6.0,6.0,5.0,4.0,8.0,5.0,0.0,0.0,0.0,0.0,0.0,0.0,19.0,26.0,23.0,17.0,25.0,20.0,22.0,26.0,23.0,17.0,25.0,20.0,1.15789473684,1.0,1.0,1.0,1.0,1.0,28.0,26.0,27.0,19.0,29.0,25.0,1.27272727273,1.0,1.08,1.05555555556,1.07407407407,1.13636363636,22.0,26.0,25.0,18.0,27.0,22.0,16.0,154.0,21.0,133.0,0.0,10.0,130.0,140.0,34.0,1.1,2.1,1.02307692308,9,29,21,20
2016-09-29 18:20:00,0.0,2.0,1.0,2.0,2.0,3.0,0.0,4.0,2.0,4.0,5.0,7.0,0.0,2.0,2.0,2.0,2.5,2.33333333333,6.0,5.0,4.0,8.0,5.0,7.0,0.0,0.0,0.0,0.0,0.0,0.0,26.0,23.0,17.0,25.0,20.0,27.0,26.0,23.0,17.0,25.0,20.0,27.0,1.0,1.0,1.0,1.0,1.0,1.0,26.0,27.0,19.0,29.0,25.0,34.0,1.0,1.08,1.05555555556,1.07407407407,1.13636363636,1.13333333333,26.0,25.0,18.0,27.0,22.0,30.0,17.0,160.0,22.0,138.0,0.0,10.0,138.0,148.0,35.0,1.08108108108,2.2,1.0,9,29,21,40
2016-09-29 18:40:00,2.0,1.0,2.0,2.0,3.0,1.0,4.0,2.0,4.0,5.0,7.0,2.0,2.0,2.0,2.0,2.5,2.33333333333,2.0,5.0,4.0,8.0,5.0,7.0,7.0,0.0,0.0,0.0,0.0,0.0,0.0,23.0,17.0,25.0,20.0,27.0,15.0,23.0,17.0,25.0,20.0,27.0,15.0,1.0,1.0,1.0,1.0,1.0,1.0,27.0,19.0,29.0,25.0,34.0,17.0,1.08,1.05555555556,1.07407407407,1.13636363636,1.13333333333,1.0625,25.0,18.0,27.0,22.0,30.0,16.0,15.0,151.0,24.0,127.0,0.0,11.0,127.0,138.0,36.0,1.09420289855,2.18181818182,1.0,9,29,22,0
2016-09-29 19:00:00,1.0,2.0,2.0,3.0,1.0,2.0,2.0,4.0,5.0,7.0,2.0,4.0,2.0,2.0,2.5,2.33333333333,2.0,2.0,4.0,8.0,5.0,7.0,7.0,3.0,0.0,0.0,0.0,0.0,0.0,0.0,17.0,25.0,20.0,27.0,15.0,19.0,17.0,25.0,20.0,27.0,15.0,19.0,1.0,1.0,1.0,1.0,1.0,1.0,19.0,29.0,25.0,34.0,17.0,23.0,1.05555555556,1.07407407407,1.13636363636,1.13333333333,1.0625,1.09523809524,18.0,27.0,22.0,30.0,16.0,21.0,11.0,147.0,24.0,123.0,0.0,11.0,123.0,134.0,34.0,1.09701492537,2.18181818182,1.0,9,29,22,20
2016-09-29 19:20:00,2.0,2.0,3.0,1.0,2.0,2.0,4.0,5.0,7.0,2.0,4.0,4.0,2.0,2.5,2.33333333333,2.0,2.0,2.0,8.0,5.0,7.0,7.0,3.0,5.0,0.0,0.0,0.0,0.0,0.0,0.0,25.0,20.0,27.0,15.0,19.0,22.0,25.0,20.0,27.0,15.0,19.0,22.0,1.0,1.0,1.0,1.0,1.0,1.0,29.0,25.0,34.0,17.0,23.0,26.0,1.07407407407,1.13636363636,1.13333333333,1.0625,1.09523809524,1.08333333333,27.0,22.0,30.0,16.0,21.0,24.0,7.0,154.0,26.0,128.0,0.0,12.0,128.0,140.0,35.0,1.1,2.16666666667,1.0,9,29,22,40
2016-09-29 19:40:00,2.0,3.0,1.0,2.0,2.0,4.0,5.0,7.0,2.0,4.0,4.0,8.0,2.5,2.33333333333,2.0,2.0,2.0,2.0,5.0,7.0,7.0,3.0,5.0,4.0,0.0,0.0,0.0,0.0,0.0,0.0,20.0,27.0,15.0,19.0,22.0,12.0,20.0,27.0,15.0,19.0,22.0,12.0,1.0,1.0,1.0,1.0,1.0,1.0,25.0,34.0,17.0,23.0,26.0,20.0,1.13636363636,1.13333333333,1.0625,1.09523809524,1.08333333333,1.25,22.0,30.0,16.0,21.0,24.0,16.0,3.0,145.0,30.0,115.0,0.0,14.0,115.0,129.0,31.0,1.12403100775,2.14285714286,1.0,9,29,23,0
2016-09-29 20:00:00,3.0,1.0,2.0,2.0,4.0,1.0,7.0,2.0,4.0,4.0,8.0,2.0,2.33333333333,2.0,2.0,2.0,2.0,2.0,7.0,7.0,3.0,5.0,4.0,4.0,0.0,0.0,0.0,0.0,0.0,0.0,27.0,15.0,19.0,22.0,12.0,16.0,27.0,15.0,19.0,22.0,12.0,16.0,1.0,1.0,1.0,1.0,1.0,1.0,34.0,17.0,23.0,26.0,20.0,18.0,1.13333333333,1.0625,1.09523809524,1.08333333333,1.25,1.05882352941,30.0,16.0,21.0,24.0,16.0,17.0,5.0,138.0,27.0,111.0,0.0,13.0,111.0,124.0,30.0,1.11290322581,2.07692307692,1.0,9,29,23,20
2016-09-29 20:20:00,1.0,2.0,2.0,4.0,1.0,0.0,2.0,4.0,4.0,8.0,2.0,0.0,2.0,2.0,2.0,2.0,2.0,0.0,7.0,3.0,5.0,4.0,4.0,2.0,0.0,0.0,0.0,0.0,0.0,0.0,15.0,19.0,22.0,12.0,16.0,15.0,15.0,19.0,22.0,12.0,16.0,15.0,1.0,1.0,1.0,1.0,1.0,1.0,17.0,23.0,26.0,20.0,18.0,15.0,1.0625,1.09523809524,1.08333333333,1.25,1.05882352941,1.0,16.0,21.0,24.0,16.0,17.0,15.0,8.0,119.0,20.0,99.0,0.0,10.0,99.0,109.0,25.0,1.09174311927,2.0,1.0,9,29,23,40
2016-09-29 20:40:00,2.0,2.0,4.0,1.0,0.0,0.0,4.0,4.0,8.0,2.0,0.0,0.0,2.0,2.0,2.0,2.0,0.0,0.0,3.0,5.0,4.0,4.0,2.0,2.0,0.0,0.0,0.0,0.0,0.0,0.0,19.0,22.0,12.0,16.0,15.0,11.0,19.0,22.0,12.0,16.0,15.0,11.0,1.0,1.0,1.0,1.0,1.0,1.0,23.0,26.0,20.0,18.0,15.0,11.0,1.09523809524,1.08333333333,1.25,1.05882352941,1.0,1.0,21.0,24.0,16.0,17.0,15.0,11.0,18.0,113.0,18.0,95.0,0.0,9.0,95.0,104.0,20.0,1.08653846154,2.0,1.0,9,30,0,0
2016-09-29 21:00:00,2.0,4.0,1.0,0.0,0.0,1.0,4.0,8.0,2.0,0.0,0.0,2.0,2.0,2.0,2.0,0.0,0.0,2.0,5.0,4.0,4.0,2.0,2.0,1.0,0.0,0.0,0.0,0.0,0.0,0.0,22.0,12.0,16.0,15.0,11.0,6.0,22.0,12.0,16.0,15.0,11.0,6.0,1.0,1.0,1.0,1.0,1.0,1.0,26.0,20.0,18.0,15.0,11.0,8.0,1.08333333333,1.25,1.05882352941,1.0,1.0,1.14285714286,24.0,16.0,17.0,15.0,11.0,7.0,16.0,98.0,16.0,82.0,0.0,8.0,82.0,90.0,18.0,1.08888888889,2.0,1.0,9,30,0,20
2016-09-29 21:20:00,4.0,1.0,0.0,0.0,1.0,0.0,8.0,2.0,0.0,0.0,2.0,0.0,2.0,2.0,0.0,0.0,2.0,0.0,4.0,4.0,2.0,2.0,1.0,2.0,0.0,0.0,0.0,0.0,0.0,0.0,12.0,16.0,15.0,11.0,6.0,3.0,12.0,16.0,15.0,11.0,6.0,3.0,1.0,1.0,1.0,1.0,1.0,1.0,20.0,18.0,15.0,11.0,8.0,3.0,1.25,1.05882352941,1.0,1.0,1.14285714286,1.0,16.0,17.0,15.0,11.0,7.0,3.0,8.0,75.0,12.0,63.0,0.0,6.0,63.0,69.0,15.0,1.08695652174,2.0,1.0,9,30,0,40
2016-09-29 21:40:00,1.0,0.0,0.0,1.0,0.0,0.0,2.0,0.0,0.0,2.0,0.0,0.0,2.0,0.0,0.0,2.0,0.0,0.0,4.0,2.0,2.0,1.0,2.0,0.0,0.0,0.0,0.0,0.0,0.0,0.0,16.0,15.0,11.0,6.0,3.0,5.0,16.0,15.0,11.0,6.0,3.0,5.0,1.0,1.0,1.0,1.0,1.0,1.0,18.0,15.0,11.0,8.0,3.0,5.0,1.05882352941,1.0,1.0,1.14285714286,1.0,1.0,17.0,15.0,11.0,7.0,3.0,5.0,12.0,60.0,4.0,56.0,0.0,2.0,56.0,58.0,11.0,1.03448275862,2.0,1.0,9,30,1,0
2016-09-29 22:00:00,0.0,0.0,1.0,0.0,0.0,0.0,0.0,0.0,2.0,0.0,0.0,0.0,0.0,0.0,2.0,0.0,0.0,0.0,2.0,2.0,1.0,2.0,0.0,1.0,0.0,0.0,0.0,0.0,0.0,0.0,15.0,11.0,6.0,3.0,5.0,8.0,15.0,11.0,6.0,3.0,5.0,8.0,1.0,1.0,1.0,1.0,1.0,1.0,15.0,11.0,8.0,3.0,5.0,8.0,1.0,1.0,1.14285714286,1.0,1.0,1.0,15.0,11.0,7.0,3.0,5.0,8.0,9.0,50.0,2.0,48.0,0.0,1.0,48.0,49.0,8.0,1.02040816327,2.0,1.0,9,30,1,20
2016-09-29 22:20:00,0.0,1.0,0.0,0.0,0.0,4.0,0.0,2.0,0.0,0.0,0.0,12.0,0.0,2.0,0.0,0.0,0.0,3.0,2.0,1.0,2.0,0.0,1.0,1.0,0.0,0.0,0.0,0.0,0.0,0.0,11.0,6.0,3.0,5.0,8.0,14.0,11.0,6.0,3.0,5.0,8.0,17.0,1.0,1.0,1.0,1.0,1.0,1.21428571429,11.0,8.0,3.0,5.0,8.0,29.0,1.0,1.14285714286,1.0,1.0,1.0,1.61111111111,11.0,7.0,3.0,5.0,8.0,18.0,10.0,64.0,14.0,50.0,0.0,5.0,47.0,52.0,7.0,1.23076923077,2.8,1.06382978723,9,30,1,40
2016-09-29 22:40:00,1.0,0.0,0.0,0.0,4.0,1.0,2.0,0.0,0.0,0.0,12.0,5.0,2.0,0.0,0.0,0.0,3.0,5.0,1.0,2.0,0.0,1.0,1.0,0.0,0.0,0.0,0.0,0.0,0.0,0.0,6.0,3.0,5.0,8.0,14.0,15.0,6.0,3.0,5.0,8.0,17.0,15.0,1.0,1.0,1.0,1.0,1.21428571429,1.0,8.0,3.0,5.0,8.0,29.0,20.0,1.14285714286,1.0,1.0,1.0,1.61111111111,1.25,7.0,3.0,5.0,8.0,18.0,16.0,5.0,73.0,19.0,54.0,0.0,6.0,51.0,57.0,5.0,1.28070175439,3.16666666667,1.05882352941,9,30,2,0
2016-09-29 23:00:00,0.0,0.0,0.0,4.0,1.0,0.0,0.0,0.0,0.0,12.0,5.0,0.0,0.0,0.0,0.0,3.0,5.0,0.0,2.0,0.0,1.0,1.0,0.0,0.0,0.0,0.0,0.0,0.0,0.0,0.0,3.0,5.0,8.0,14.0,15.0,8.0,3.0,5.0,8.0,17.0,15.0,8.0,1.0,1.0,1.0,1.21428571429,1.0,1.0,3.0,5.0,8.0,29.0,20.0,8.0,1.0,1.0,1.0,1.61111111111,1.25,1.0,3.0,5.0,8.0,18.0,16.0,8.0,4.0,73.0,17.0,56.0,0.0,5.0,53.0,58.0,4.0,1.25862068966,3.4,1.05660377358,9,30,2,20
2016-09-29 23:20:00,0.0,0.0,4.0,1.0,0.0,4.0,0.0,0.0,12.0,5.0,0.0,18.0,0.0,0.0,3.0,5.0,0.0,4.5,0.0,1.0,1.0,0.0,0.0,0.0,0.0,0.0,0.0,0.0,0.0,0.0,5.0,8.0,14.0,15.0,8.0,8.0,5.0,8.0,17.0,15.0,8.0,11.0,1.0,1.0,1.21428571429,1.0,1.0,1.375,5.0,8.0,29.0,20.0,8.0,29.0,1.0,1.0,1.61111111111,1.25,1.0,2.41666666667,5.0,8.0,18.0,16.0,8.0,12.0,7.0,99.0,35.0,64.0,0.0,9.0,58.0,67.0,2.0,1.4776119403,3.88888888889,1.10344827586,9,30,2,40
2016-09-29 23:40:00,0.0,4.0,1.0,0.0,4.0,4.0,0.0,12.0,5.0,0.0,18.0,9.0,0.0,3.0,5.0,0.0,4.5,2.25,1.0,1.0,0.0,0.0,0.0,0.0,0.0,0.0,0.0,0.0,0.0,0.0,8.0,14.0,15.0,8.0,8.0,5.0,8.0,17.0,15.0,8.0,11.0,5.0,1.0,1.21428571429,1.0,1.0,1.375,1.0,8.0,29.0,20.0,8.0,29.0,14.0,1.0,1.61111111111,1.25,1.0,2.41666666667,1.55555555556,8.0,18.0,16.0,8.0,12.0,9.0,10.0,108.0,44.0,64.0,0.0,13.0,58.0,71.0,2.0,1.52112676056,3.38461538462,1.10344827586,9,30,3,0
2016-09-30 00:00:00,4.0,1.0,0.0,4.0,4.0,2.0,12.0,5.0,0.0,18.0,9.0,7.0,3.0,5.0,0.0,4.5,2.25,3.5,1.0,0.0,0.0,0.0,0.0,1.0,0.0,0.0,0.0,0.0,0.0,0.0,14.0,15.0,8.0,8.0,5.0,8.0,17.0,15.0,8.0,11.0,5.0,8.0,1.21428571429,1.0,1.0,1.375,1.0,1.0,29.0,20.0,8.0,29.0,14.0,15.0,1.61111111111,1.25,1.0,2.41666666667,1.55555555556,1.5,18.0,16.0,8.0,12.0,9.0,10.0,8.0,115.0,51.0,64.0,0.0,15.0,58.0,73.0,2.0,1.57534246575,3.4,1.10344827586,9,30,3,20
2016-09-30 00:20:00,1.0,0.0,4.0,4.0,2.0,2.0,5.0,0.0,18.0,9.0,7.0,5.0,5.0,0.0,4.5,2.25,3.5,2.5,0.0,0.0,0.0,0.0,1.0,0.0,0.0,0.0,0.0,0.0,0.0,0.0,15.0,8.0,8.0,5.0,8.0,3.0,15.0,8.0,11.0,5.0,8.0,3.0,1.0,1.0,1.375,1.0,1.0,1.0,20.0,8.0,29.0,14.0,15.0,8.0,1.25,1.0,2.41666666667,1.55555555556,1.5,1.6,16.0,8.0,12.0,9.0,10.0,5.0,16.0,94.0,44.0,50.0,0.0,13.0,47.0,60.0,1.0,1.56666666667,3.38461538462,1.06382978723,9,30,3,40
2016-09-30 00:40:00,0.0,4.0,4.0,2.0,2.0,1.0,0.0,18.0,9.0,7.0,5.0,2.0,0.0,4.5,2.25,3.5,2.5,2.0,0.0,0.0,0.0,1.0,0.0,0.0,0.0,0.0,0.0,0.0,0.0,0.0,8.0,8.0,5.0,8.0,3.0,3.0,8.0,11.0,5.0,8.0,3.0,3.0,1.0,1.375,1.0,1.0,1.0,1.0,8.0,29.0,14.0,15.0,8.0,5.0,1.0,2.41666666667,1.55555555556,1.5,1.6,1.25,8.0,12.0,9.0,10.0,5.0,4.0,19.0,79.0,41.0,38.0,0.0,13.0,35.0,48.0,1.0,1.64583333333,3.15384615385,1.08571428571,9,30,4,0
2016-09-30 01:00:00,4.0,4.0,2.0,2.0,1.0,3.0,18.0,9.0,7.0,5.0,2.0,8.0,4.5,2.25,3.5,2.5,2.0,2.66666666667,0.0,0.0,1.0,0.0,0.0,0.0,0.0,0.0,0.0,0.0,0.0,0.0,8.0,5.0,8.0,3.0,3.0,4.0,11.0,5.0,8.0,3.0,3.0,4.0,1.375,1.0,1.0,1.0,1.0,1.0,29.0,14.0,15.0,8.0,5.0,12.0,2.41666666667,1.55555555556,1.5,1.6,1.25,1.71428571429,12.0,9.0,10.0,5.0,4.0,7.0,9.0,83.0,49.0,34.0,0.0,16.0,31.0,47.0,1.0,1.76595744681,3.0625,1.09677419355,9,30,4,20
2016-09-30 01:20:00,4.0,2.0,2.0,1.0,3.0,7.0,9.0,7.0,5.0,2.0,8.0,26.0,2.25,3.5,2.5,2.0,2.66666666667,3.71428571429,0.0,1.0,0.0,0.0,0.0,1.0,0.0,0.0,0.0,0.0,0.0,0.0,5.0,8.0,3.0,3.0,4.0,3.0,5.0,8.0,3.0,3.0,4.0,3.0,1.0,1.0,1.0,1.0,1.0,1.0,14.0,15.0,8.0,5.0,12.0,29.0,1.55555555556,1.5,1.6,1.25,1.71428571429,2.9,9.0,10.0,5.0,4.0,7.0,10.0,21.0,83.0,57.0,26.0,0.0,19.0,26.0,45.0,2.0,1.84444444444,3.0,1.0,9,30,4,40
2016-09-30 01:40:00,2.0,2.0,1.0,3.0,7.0,6.0,7.0,5.0,2.0,8.0,26.0,24.0,3.5,2.5,2.0,2.66666666667,3.71428571429,4.0,1.0,0.0,0.0,0.0,1.0,1.0,0.0,0.0,0.0,0.0,0.0,0.0,8.0,3.0,3.0,4.0,3.0,2.0,8.0,3.0,3.0,4.0,3.0,2.0,1.0,1.0,1.0,1.0,1.0,1.0,15.0,8.0,5.0,12.0,29.0,26.0,1.5,1.6,1.25,1.71428571429,2.9,3.25,10.0,5.0,4.0,7.0,10.0,8.0,7.0,95.0,72.0,23.0,0.0,21.0,23.0,44.0,3.0,2.15909090909,3.42857142857,1.0,9,30,5,0
2016-09-30 02:00:00,2.0,1.0,3.0,7.0,6.0,2.0,5.0,2.0,8.0,26.0,24.0,7.0,2.5,2.0,2.66666666667,3.71428571429,4.0,3.5,0.0,0.0,0.0,1.0,1.0,2.0,0.0,0.0,0.0,0.0,0.0,1.0,3.0,3.0,4.0,3.0,2.0,13.0,3.0,3.0,4.0,3.0,2.0,13.0,1.0,1.0,1.0,1.0,1.0,1.0,8.0,5.0,12.0,29.0,26.0,20.0,1.6,1.25,1.71428571429,2.9,3.25,1.25,5.0,4.0,7.0,10.0,8.0,16.0,3.0,100.0,72.0,28.0,1.0,21.0,28.0,50.0,4.0,2.0,3.42857142857,1.0,9,30,5,20
2016-09-30 02:20:00,1.0,3.0,7.0,6.0,2.0,5.0,2.0,8.0,26.0,24.0,7.0,20.0,2.0,2.66666666667,3.71428571429,4.0,3.5,4.0,0.0,0.0,1.0,1.0,2.0,4.0,0.0,0.0,0.0,0.0,1.0,0.0,3.0,4.0,3.0,2.0,13.0,14.0,3.0,4.0,3.0,2.0,13.0,14.0,1.0,1.0,1.0,1.0,1.0,1.0,5.0,12.0,29.0,26.0,20.0,34.0,1.25,1.71428571429,2.9,3.25,1.25,1.78947368421,4.0,7.0,10.0,8.0,16.0,19.0,9.0,126.0,87.0,39.0,1.0,24.0,39.0,64.0,8.0,1.96875,3.625,1.0,9,30,5,40
2016-09-30 02:40:00,3.0,7.0,6.0,2.0,5.0,4.0,8.0,26.0,24.0,7.0,20.0,12.0,2.66666666667,3.71428571429,4.0,3.5,4.0,3.0,0.0,1.0,1.0,2.0,4.0,1.0,0.0,0.0,0.0,1.0,0.0,0.0,4.0,3.0,2.0,13.0,14.0,5.0,4.0,3.0,2.0,13.0,14.0,5.0,1.0,1.0,1.0,1.0,1.0,1.0,12.0,29.0,26.0,20.0,34.0,17.0,1.71428571429,2.9,3.25,1.25,1.78947368421,1.88888888889,7.0,10.0,8.0,16.0,19.0,9.0,10.0,138.0,97.0,41.0,1.0,27.0,41.0,69.0,9.0,2.0,3.59259259259,1.0,9,30,6,0
2016-09-30 03:00:00,7.0,6.0,2.0,5.0,4.0,5.0,26.0,24.0,7.0,20.0,12.0,16.0,3.71428571429,4.0,3.5,4.0,3.0,3.2,1.0,1.0,2.0,4.0,1.0,3.0,0.0,0.0,1.0,0.0,0.0,0.0,3.0,2.0,13.0,14.0,5.0,16.0,3.0,2.0,13.0,14.0,5.0,16.0,1.0,1.0,1.0,1.0,1.0,1.0,29.0,26.0,20.0,34.0,17.0,32.0,2.9,3.25,1.25,1.78947368421,1.88888888889,1.52380952381,10.0,8.0,16.0,19.0,9.0,21.0,17.0,158.0,105.0,53.0,1.0,29.0,53.0,83.0,12.0,1.90361445783,3.62068965517,1.0,9,30,6,20
2016-09-30 03:20:00,6.0,2.0,5.0,4.0,5.0,3.0,24.0,7.0,20.0,12.0,16.0,6.0,4.0,3.5,4.0,3.0,3.2,2.0,1.0,2.0,4.0,1.0,3.0,1.0,0.0,1.0,0.0,0.0,0.0,0.0,2.0,13.0,14.0,5.0,16.0,4.0,2.0,13.0,14.0,5.0,16.0,4.0,1.0,1.0,1.0,1.0,1.0,1.0,26.0,20.0,34.0,17.0,32.0,10.0,3.25,1.25,1.78947368421,1.88888888889,1.52380952381,1.42857142857,8.0,16.0,19.0,9.0,21.0,7.0,24.0,139.0,85.0,54.0,1.0,25.0,54.0,80.0,12.0,1.7375,3.4,1.0,9,30,6,40
2016-09-30 03:40:00,2.0,5.0,4.0,5.0,3.0,1.0,7.0,20.0,12.0,16.0,6.0,2.0,3.5,4.0,3.0,3.2,2.0,2.0,2.0,4.0,1.0,3.0,1.0,0.0,1.0,0.0,0.0,0.0,0.0,0.0,13.0,14.0,5.0,16.0,4.0,2.0,13.0,14.0,5.0,16.0,4.0,2.0,1.0,1.0,1.0,1.0,1.0,1.0,20.0,34.0,17.0,32.0,10.0,4.0,1.25,1.78947368421,1.88888888889,1.52380952381,1.42857142857,1.33333333333,16.0,19.0,9.0,21.0,7.0,3.0,29.0,117.0,63.0,54.0,1.0,20.0,54.0,75.0,11.0,1.56,3.15,1.0,9,30,7,0
2016-09-30 04:00:00,5.0,4.0,5.0,3.0,1.0,1.0,20.0,12.0,16.0,6.0,2.0,2.0,4.0,3.0,3.2,2.0,2.0,2.0,4.0,1.0,3.0,1.0,0.0,3.0,0.0,0.0,0.0,0.0,0.0,0.0,14.0,5.0,16.0,4.0,2.0,8.0,14.0,5.0,16.0,4.0,2.0,8.0,1.0,1.0,1.0,1.0,1.0,1.0,34.0,17.0,32.0,10.0,4.0,10.0,1.78947368421,1.88888888889,1.52380952381,1.42857142857,1.33333333333,1.11111111111,19.0,9.0,21.0,7.0,3.0,9.0,31.0,107.0,58.0,49.0,0.0,19.0,49.0,68.0,12.0,1.57352941176,3.05263157895,1.0,9,30,7,20
2016-09-30 04:20:00,4.0,5.0,3.0,1.0,1.0,0.0,12.0,16.0,6.0,2.0,2.0,0.0,3.0,3.2,2.0,2.0,2.0,0.0,1.0,3.0,1.0,0.0,3.0,1.0,0.0,0.0,0.0,0.0,0.0,0.0,5.0,16.0,4.0,2.0,8.0,10.0,5.0,16.0,4.0,2.0,8.0,10.0,1.0,1.0,1.0,1.0,1.0,1.0,17.0,32.0,10.0,4.0,10.0,10.0,1.88888888889,1.52380952381,1.42857142857,1.33333333333,1.11111111111,1.0,9.0,21.0,7.0,3.0,9.0,10.0,44.0,83.0,38.0,45.0,0.0,14.0,45.0,59.0,9.0,1.40677966102,2.71428571429,1.0,9,30,7,40
2016-09-30 04:40:00,5.0,3.0,1.0,1.0,0.0,2.0,16.0,6.0,2.0,2.0,0.0,4.0,3.2,2.0,2.0,2.0,0.0,2.0,3.0,1.0,0.0,3.0,1.0,4.0,0.0,0.0,0.0,0.0,0.0,0.0,16.0,4.0,2.0,8.0,10.0,15.0,16.0,4.0,2.0,8.0,10.0,15.0,1.0,1.0,1.0,1.0,1.0,1.0,32.0,10.0,4.0,10.0,10.0,19.0,1.52380952381,1.42857142857,1.33333333333,1.11111111111,1.0,1.11764705882,21.0,7.0,3.0,9.0,10.0,17.0,46.0,85.0,30.0,55.0,0.0,12.0,55.0,67.0,12.0,1.26865671642,2.5,1.0,9,30,8,0
2016-09-30 05:00:00,3.0,1.0,1.0,0.0,2.0,4.0,6.0,2.0,2.0,0.0,4.0,9.0,2.0,2.0,2.0,0.0,2.0,2.25,1.0,0.0,3.0,1.0,4.0,3.0,0.0,0.0,0.0,0.0,0.0,0.0,4.0,2.0,8.0,10.0,15.0,20.0,4.0,2.0,8.0,10.0,15.0,20.0,1.0,1.0,1.0,1.0,1.0,1.0,10.0,4.0,10.0,10.0,19.0,29.0,1.42857142857,1.33333333333,1.11111111111,1.0,1.11764705882,1.20833333333,7.0,3.0,9.0,10.0,17.0,24.0,48.0,82.0,23.0,59.0,0.0,11.0,59.0,70.0,12.0,1.17142857143,2.09090909091,1.0,9,30,8,20
2016-09-30 05:20:00,1.0,1.0,0.0,2.0,4.0,5.0,2.0,2.0,0.0,4.0,9.0,10.0,2.0,2.0,0.0,2.0,2.25,2.0,0.0,3.0,1.0,4.0,3.0,11.0,0.0,0.0,0.0,0.0,0.0,0.0,2.0,8.0,10.0,15.0,20.0,24.0,2.0,8.0,10.0,15.0,20.0,30.0,1.0,1.0,1.0,1.0,1.0,1.25,4.0,10.0,10.0,19.0,29.0,40.0,1.33333333333,1.11111111111,1.0,1.11764705882,1.20833333333,1.37931034483,3.0,9.0,10.0,17.0,24.0,29.0,47.0,112.0,27.0,85.0,0.0,13.0,79.0,92.0,22.0,1.21739130435,2.07692307692,1.07594936709,9,30,8,40
2016-09-30 05:40:00,1.0,0.0,2.0,4.0,5.0,2.0,2.0,0.0,4.0,9.0,10.0,4.0,2.0,0.0,2.0,2.25,2.0,2.0,3.0,1.0,4.0,3.0,11.0,6.0,0.0,0.0,0.0,0.0,0.0,0.0,8.0,10.0,15.0,20.0,24.0,29.0,8.0,10.0,15.0,20.0,30.0,29.0,1.0,1.0,1.0,1.0,1.25,1.0,10.0,10.0,19.0,29.0,40.0,33.0,1.11111111111,1.0,1.11764705882,1.20833333333,1.37931034483,1.06451612903,9.0,10.0,17.0,24.0,29.0,31.0,60.0,141.0,29.0,112.0,0.0,14.0,106.0,120.0,28.0,1.175,2.07142857143,1.05660377358,9,30,9,0
2016-09-30 06:00:00,0.0,2.0,4.0,5.0,2.0,4.0,0.0,4.0,9.0,10.0,4.0,8.0,0.0,2.0,2.25,2.0,2.0,2.0,1.0,4.0,3.0,11.0,6.0,11.0,0.0,0.0,0.0,0.0,0.0,0.0,10.0,15.0,20.0,24.0,29.0,40.0,10.0,15.0,20.0,30.0,29.0,40.0,1.0,1.0,1.0,1.25,1.0,1.0,10.0,19.0,29.0,40.0,33.0,48.0,1.0,1.11764705882,1.20833333333,1.37931034483,1.06451612903,1.09090909091,10.0,17.0,24.0,29.0,31.0,44.0,61.0,179.0,35.0,144.0,0.0,17.0,138.0,155.0,36.0,1.15483870968,2.05882352941,1.04347826087,9,30,9,20
2016-09-30 06:20:00,2.0,4.0,5.0,2.0,4.0,6.0,4.0,9.0,10.0,4.0,8.0,12.0,2.0,2.25,2.0,2.0,2.0,2.0,4.0,3.0,11.0,6.0,11.0,17.0,0.0,0.0,0.0,0.0,0.0,0.0,15.0,20.0,24.0,29.0,40.0,40.0,15.0,20.0,30.0,29.0,40.0,40.0,1.0,1.0,1.25,1.0,1.0,1.0,19.0,29.0,40.0,33.0,48.0,52.0,1.11764705882,1.20833333333,1.37931034483,1.06451612903,1.09090909091,1.13043478261,17.0,24.0,29.0,31.0,44.0,46.0,63.0,221.0,47.0,174.0,0.0,23.0,168.0,191.0,52.0,1.15706806283,2.04347826087,1.03571428571,9,30,9,40
2016-09-30 06:40:00,4.0,5.0,2.0,4.0,6.0,4.0,9.0,10.0,4.0,8.0,12.0,10.0,2.25,2.0,2.0,2.0,2.0,2.5,3.0,11.0,6.0,11.0,17.0,18.0,0.0,0.0,0.0,0.0,0.0,0.0,20.0,24.0,29.0,40.0,40.0,44.0,20.0,30.0,29.0,40.0,40.0,44.0,1.0,1.25,1.0,1.0,1.0,1.0,29.0,40.0,33.0,48.0,52.0,54.0,1.20833333333,1.37931034483,1.06451612903,1.09090909091,1.13043478261,1.125,24.0,29.0,31.0,44.0,46.0,48.0,80.0,256.0,53.0,203.0,0.0,25.0,197.0,222.0,66.0,1.15315315315,2.12,1.03045685279,9,30,10,0
2016-09-30 07:00:00,5.0,2.0,4.0,6.0,4.0,2.0,10.0,4.0,8.0,12.0,10.0,5.0,2.0,2.0,2.0,2.0,2.5,2.5,11.0,6.0,11.0,17.0,18.0,11.0,0.0,0.0,0.0,0.0,0.0,0.0,24.0,29.0,40.0,40.0,44.0,45.0,30.0,29.0,40.0,40.0,44.0,45.0,1.25,1.0,1.0,1.0,1.0,1.0,40.0,33.0,48.0,52.0,54.0,50.0,1.37931034483,1.06451612903,1.09090909091,1.13043478261,1.125,1.06382978723,29.0,31.0,44.0,46.0,48.0,47.0,82.0,277.0,49.0,228.0,0.0,23.0,222.0,245.0,74.0,1.1306122449,2.13043478261,1.02702702703,9,30,10,20
2016-09-30 07:20:00,2.0,4.0,6.0,4.0,2.0,5.0,4.0,8.0,12.0,10.0,5.0,10.0,2.0,2.0,2.0,2.5,2.5,2.0,6.0,11.0,17.0,18.0,11.0,9.0,0.0,0.0,0.0,0.0,0.0,0.0,29.0,40.0,40.0,44.0,45.0,55.0,29.0,40.0,40.0,44.0,45.0,55.0,1.0,1.0,1.0,1.0,1.0,1.0,33.0,48.0,52.0,54.0,50.0,65.0,1.06451612903,1.09090909091,1.13043478261,1.125,1.06382978723,1.08333333333,31.0,44.0,46.0,48.0,47.0,60.0,71.0,302.0,49.0,253.0,0.0,23.0,253.0,276.0,72.0,1.09420289855,2.13043478261,1.0,9,30,10,40
2016-09-30 07:40:00,4.0,6.0,4.0,2.0,5.0,4.0,8.0,12.0,10.0,5.0,10.0,8.0,2.0,2.0,2.5,2.5,2.0,2.0,11.0,17.0,18.0,11.0,9.0,19.0,0.0,0.0,0.0,0.0,0.0,0.0,40.0,40.0,44.0,45.0,55.0,57.0,40.0,40.0,44.0,45.0,55.0,60.0,1.0,1.0,1.0,1.0,1.0,1.05263157895,48.0,52.0,54.0,50.0,65.0,68.0,1.09090909091,1.13043478261,1.125,1.06382978723,1.08333333333,1.11475409836,44.0,46.0,48.0,47.0,60.0,61.0,55.0,337.0,53.0,284.0,0.0,25.0,281.0,306.0,85.0,1.10130718954,2.12,1.01067615658,9,30,11,0
2016-09-30 08:00:00,6.0,4.0,2.0,5.0,4.0,7.0,12.0,10.0,5.0,10.0,8.0,14.0,2.0,2.5,2.5,2.0,2.0,2.0,17.0,18.0,11.0,9.0,19.0,12.0,0.0,0.0,0.0,0.0,0.0,0.0,40.0,44.0,45.0,55.0,57.0,56.0,40.0,44.0,45.0,55.0,60.0,56.0,1.0,1.0,1.0,1.0,1.05263157895,1.0,52.0,54.0,50.0,65.0,68.0,70.0,1.13043478261,1.125,1.06382978723,1.08333333333,1.11475409836,1.11111111111,46.0,48.0,47.0,60.0,61.0,63.0,48.0,359.0,59.0,300.0,0.0,28.0,297.0,325.0,86.0,1.10461538462,2.10714285714,1.0101010101,9,30,11,20
2016-09-30 08:20:00,4.0,2.0,5.0,4.0,7.0,6.0,10.0,5.0,10.0,8.0,14.0,13.0,2.5,2.5,2.0,2.0,2.0,2.16666666667,18.0,11.0,9.0,19.0,12.0,17.0,0.0,0.0,0.0,0.0,0.0,0.0,44.0,45.0,55.0,57.0,56.0,74.0,44.0,45.0,55.0,60.0,56.0,74.0,1.0,1.0,1.0,1.05263157895,1.0,1.0,54.0,50.0,65.0,68.0,70.0,87.0,1.125,1.06382978723,1.08333333333,1.11475409836,1.11111111111,1.0875,48.0,47.0,60.0,61.0,63.0,80.0,55.0,394.0,60.0,334.0,0.0,28.0,331.0,359.0,86.0,1.09749303621,2.14285714286,1.00906344411,9,30,11,40
2016-09-30 08:40:00,2.0,5.0,4.0,7.0,6.0,6.0,5.0,10.0,8.0,14.0,13.0,12.0,2.5,2.0,2.0,2.0,2.16666666667,2.0,11.0,9.0,19.0,12.0,17.0,16.0,0.0,0.0,0.0,0.0,0.0,0.0,45.0,55.0,57.0,56.0,74.0,76.0,45.0,55.0,60.0,56.0,74.0,76.0,1.0,1.0,1.05263157895,1.0,1.0,1.0,50.0,65.0,68.0,70.0,87.0,88.0,1.06382978723,1.08333333333,1.11475409836,1.11111111111,1.0875,1.07317073171,47.0,60.0,61.0,63.0,80.0,82.0,74.0,428.0,62.0,366.0,0.0,30.0,363.0,393.0,84.0,1.08905852417,2.06666666667,1.00826446281,9,30,12,0
2016-09-30 09:00:00,5.0,4.0,7.0,6.0,6.0,3.0,10.0,8.0,14.0,13.0,12.0,6.0,2.0,2.0,2.0,2.16666666667,2.0,2.0,9.0,19.0,12.0,17.0,16.0,14.0,0.0,0.0,0.0,0.0,0.0,0.0,55.0,57.0,56.0,74.0,76.0,68.0,55.0,60.0,56.0,74.0,76.0,68.0,1.0,1.05263157895,1.0,1.0,1.0,1.0,65.0,68.0,70.0,87.0,88.0,74.0,1.08333333333,1.11475409836,1.11111111111,1.0875,1.07317073171,1.04225352113,60.0,61.0,63.0,80.0,82.0,71.0,86.0,452.0,63.0,389.0,0.0,31.0,386.0,417.0,87.0,1.08393285372,2.03225806452,1.00777202073,9,30,12,20
2016-09-30 09:20:00,4.0,7.0,6.0,6.0,3.0,6.0,8.0,14.0,13.0,12.0,6.0,12.0,2.0,2.0,2.16666666667,2.0,2.0,2.0,19.0,12.0,17.0,16.0,14.0,10.0,0.0,0.0,0.0,0.0,0.0,0.0,57.0,56.0,74.0,76.0,68.0,49.0,60.0,56.0,74.0,76.0,68.0,49.0,1.05263157895,1.0,1.0,1.0,1.0,1.0,68.0,70.0,87.0,88.0,74.0,61.0,1.11475409836,1.11111111111,1.0875,1.07317073171,1.04225352113,1.10909090909,61.0,63.0,80.0,82.0,71.0,55.0,99.0,448.0,65.0,383.0,0.0,32.0,380.0,412.0,88.0,1.08737864078,2.03125,1.00789473684,9,30,12,40
2016-09-30 09:40:00,7.0,6.0,6.0,3.0,6.0,3.0,14.0,13.0,12.0,6.0,12.0,6.0,2.0,2.16666666667,2.0,2.0,2.0,2.0,12.0,17.0,16.0,14.0,10.0,10.0,0.0,0.0,0.0,0.0,0.0,0.0,56.0,74.0,76.0,68.0,49.0,45.0,56.0,74.0,76.0,68.0,49.0,45.0,1.0,1.0,1.0,1.0,1.0,1.0,70.0,87.0,88.0,74.0,61.0,51.0,1.11111111111,1.0875,1.07317073171,1.04225352113,1.10909090909,1.0625,63.0,80.0,82.0,71.0,55.0,48.0,108.0,431.0,63.0,368.0,0.0,31.0,368.0,399.0,79.0,1.08020050125,2.03225806452,1.0,9,30,13,0
2016-09-30 10:00:00,6.0,6.0,3.0,6.0,3.0,1.0,13.0,12.0,6.0,12.0,6.0,2.0,2.16666666667,2.0,2.0,2.0,2.0,2.0,17.0,16.0,14.0,10.0,10.0,17.0,0.0,0.0,0.0,0.0,0.0,0.0,74.0,76.0,68.0,49.0,45.0,54.0,74.0,76.0,68.0,49.0,45.0,54.0,1.0,1.0,1.0,1.0,1.0,1.0,87.0,88.0,74.0,61.0,51.0,56.0,1.0875,1.07317073171,1.04225352113,1.10909090909,1.0625,1.01818181818,80.0,82.0,71.0,55.0,48.0,55.0,98.0,417.0,51.0,366.0,0.0,25.0,366.0,391.0,84.0,1.06649616368,2.04,1.0,9,30,13,20
2016-09-30 10:20:00,6.0,3.0,6.0,3.0,1.0,4.0,12.0,6.0,12.0,6.0,2.0,8.0,2.0,2.0,2.0,2.0,2.0,2.0,16.0,14.0,10.0,10.0,17.0,22.0,0.0,0.0,0.0,0.0,0.0,0.0,76.0,68.0,49.0,45.0,54.0,70.0,76.0,68.0,49.0,45.0,54.0,70.0,1.0,1.0,1.0,1.0,1.0,1.0,88.0,74.0,61.0,51.0,56.0,78.0,1.07317073171,1.04225352113,1.10909090909,1.0625,1.01818181818,1.05405405405,82.0,71.0,55.0,48.0,55.0,74.0,95.0,408.0,46.0,362.0,0.0,23.0,362.0,385.0,89.0,1.05974025974,2.0,1.0,9,30,13,40
2016-09-30 10:40:00,3.0,6.0,3.0,1.0,4.0,6.0,6.0,12.0,6.0,2.0,8.0,17.0,2.0,2.0,2.0,2.0,2.0,2.83333333333,14.0,10.0,10.0,17.0,22.0,24.0,0.0,0.0,0.0,0.0,0.0,0.0,68.0,49.0,45.0,54.0,70.0,80.0,68.0,49.0,45.0,54.0,70.0,83.0,1.0,1.0,1.0,1.0,1.0,1.0375,74.0,61.0,51.0,56.0,78.0,100.0,1.04225352113,1.10909090909,1.0625,1.01818181818,1.05405405405,1.16279069767,71.0,55.0,48.0,55.0,74.0,86.0,88.0,420.0,51.0,369.0,0.0,23.0,366.0,389.0,97.0,1.07969151671,2.21739130435,1.00819672131,9,30,14,0
2016-09-30 11:00:00,6.0,3.0,1.0,4.0,6.0,8.0,12.0,6.0,2.0,8.0,17.0,16.0,2.0,2.0,2.0,2.0,2.83333333333,2.0,10.0,10.0,17.0,22.0,24.0,32.0,0.0,0.0,0.0,0.0,0.0,0.0,49.0,45.0,54.0,70.0,80.0,91.0,49.0,45.0,54.0,70.0,83.0,91.0,1.0,1.0,1.0,1.0,1.0375,1.0,61.0,51.0,56.0,78.0,100.0,107.0,1.10909090909,1.0625,1.01818181818,1.05405405405,1.16279069767,1.08080808081,55.0,48.0,55.0,74.0,86.0,99.0,71.0,453.0,61.0,392.0,0.0,28.0,389.0,417.0,115.0,1.08633093525,2.17857142857,1.00771208226,9,30,14,20
2016-09-30 11:20:00,3.0,1.0,4.0,6.0,8.0,7.0,6.0,2.0,8.0,17.0,16.0,17.0,2.0,2.0,2.0,2.83333333333,2.0,2.42857142857,10.0,17.0,22.0,24.0,32.0,23.0,0.0,0.0,0.0,0.0,0.0,0.0,45.0,54.0,70.0,80.0,91.0,101.0,45.0,54.0,70.0,83.0,91.0,101.0,1.0,1.0,1.0,1.0375,1.0,1.0,51.0,56.0,78.0,100.0,107.0,118.0,1.0625,1.01818181818,1.05405405405,1.16279069767,1.08080808081,1.09259259259,48.0,55.0,74.0,86.0,99.0,108.0,84.0,510.0,66.0,444.0,0.0,29.0,441.0,470.0,128.0,1.08510638298,2.27586206897,1.00680272109,9,30,14,40
2016-09-30 11:40:00,1.0,4.0,6.0,8.0,7.0,3.0,2.0,8.0,17.0,16.0,17.0,6.0,2.0,2.0,2.83333333333,2.0,2.42857142857,2.0,17.0,22.0,24.0,32.0,23.0,19.0,0.0,0.0,0.0,0.0,0.0,0.0,54.0,70.0,80.0,91.0,101.0,95.0,54.0,70.0,83.0,91.0,101.0,101.0,1.0,1.0,1.0375,1.0,1.0,1.06315789474,56.0,78.0,100.0,107.0,118.0,107.0,1.01818181818,1.05405405405,1.16279069767,1.08080808081,1.09259259259,1.09183673469,55.0,74.0,86.0,99.0,108.0,98.0,75.0,566.0,66.0,500.0,0.0,29.0,491.0,520.0,137.0,1.08846153846,2.27586206897,1.0183299389,9,30,15,0
2016-09-30 12:00:00,4.0,6.0,8.0,7.0,3.0,6.0,8.0,17.0,16.0,17.0,6.0,14.0,2.0,2.83333333333,2.0,2.42857142857,2.0,2.33333333333,22.0,24.0,32.0,23.0,19.0,21.0,0.0,0.0,0.0,0.0,0.0,0.0,70.0,80.0,91.0,101.0,95.0,89.0,70.0,83.0,91.0,101.0,101.0,89.0,1.0,1.0375,1.0,1.0,1.06315789474,1.0,78.0,100.0,107.0,118.0,107.0,103.0,1.05405405405,1.16279069767,1.08080808081,1.09259259259,1.09183673469,1.08421052632,74.0,86.0,99.0,108.0,98.0,95.0,80.0,613.0,78.0,535.0,0.0,34.0,526.0,560.0,141.0,1.09464285714,2.29411764706,1.01711026616,9,30,15,20
2016-09-30 12:20:00,6.0,8.0,7.0,3.0,6.0,6.0,17.0,16.0,17.0,6.0,14.0,13.0,2.83333333333,2.0,2.42857142857,2.0,2.33333333333,2.16666666667,24.0,32.0,23.0,19.0,21.0,22.0,0.0,0.0,0.0,0.0,0.0,0.0,80.0,91.0,101.0,95.0,89.0,82.0,83.0,91.0,101.0,101.0,89.0,82.0,1.0375,1.0,1.0,1.06315789474,1.0,1.0,100.0,107.0,118.0,107.0,103.0,95.0,1.16279069767,1.08080808081,1.09259259259,1.09183673469,1.08421052632,1.07954545455,86.0,99.0,108.0,98.0,95.0,88.0,124.0,630.0,83.0,547.0,0.0,36.0,538.0,574.0,141.0,1.09756097561,2.30555555556,1.01672862454,9,30,15,40
2016-09-30 12:40:00,8.0,7.0,3.0,6.0,6.0,2.0,16.0,17.0,6.0,14.0,13.0,4.0,2.0,2.42857142857,2.0,2.33333333333,2.16666666667,2.0,32.0,23.0,19.0,21.0,22.0,13.0,0.0,0.0,0.0,0.0,0.0,0.0,91.0,101.0,95.0,89.0,82.0,69.0,91.0,101.0,101.0,89.0,82.0,69.0,1.0,1.0,1.06315789474,1.0,1.0,1.0,107.0,118.0,107.0,103.0,95.0,73.0,1.08080808081,1.09259259259,1.09183673469,1.08421052632,1.07954545455,1.02816901408,99.0,108.0,98.0,95.0,88.0,71.0,130.0,603.0,70.0,533.0,0.0,32.0,527.0,559.0,130.0,1.07871198569,2.1875,1.01138519924,9,30,16,0
2016-09-30 13:00:00,7.0,3.0,6.0,6.0,2.0,4.0,17.0,6.0,14.0,13.0,4.0,8.0,2.42857142857,2.0,2.33333333333,2.16666666667,2.0,2.0,23.0,19.0,21.0,22.0,13.0,17.0,0.0,0.0,0.0,0.0,0.0,0.0,101.0,95.0,89.0,82.0,69.0,80.0,101.0,101.0,89.0,82.0,69.0,83.0,1.0,1.06315789474,1.0,1.0,1.0,1.0375,118.0,107.0,103.0,95.0,73.0,91.0,1.09259259259,1.09183673469,1.08421052632,1.07954545455,1.02816901408,1.08333333333,108.0,98.0,95.0,88.0,71.0,84.0,132.0,587.0,62.0,525.0,0.0,28.0,516.0,544.0,115.0,1.07904411765,2.21428571429,1.01744186047,9,30,16,20
2016-09-30 13:20:00,3.0,6.0,6.0,2.0,4.0,2.0,6.0,14.0,13.0,4.0,8.0,4.0,2.0,2.33333333333,2.16666666667,2.0,2.0,2.0,19.0,21.0,22.0,13.0,17.0,20.0,0.0,0.0,0.0,0.0,0.0,0.0,95.0,89.0,82.0,69.0,80.0,73.0,101.0,89.0,82.0,69.0,83.0,76.0,1.06315789474,1.0,1.0,1.0,1.0375,1.04109589041,107.0,103.0,95.0,73.0,91.0,80.0,1.09183673469,1.08421052632,1.07954545455,1.02816901408,1.08333333333,1.06666666667,98.0,95.0,88.0,71.0,84.0,75.0,117.0,549.0,49.0,500.0,0.0,23.0,488.0,511.0,112.0,1.07436399217,2.13043478261,1.02459016393,9,30,16,40
2016-09-30 13:40:00,6.0,6.0,2.0,4.0,2.0,6.0,14.0,13.0,4.0,8.0,4.0,13.0,2.33333333333,2.16666666667,2.0,2.0,2.0,2.16666666667,21.0,22.0,13.0,17.0,20.0,22.0,0.0,0.0,0.0,0.0,0.0,0.0,89.0,82.0,69.0,80.0,73.0,74.0,89.0,82.0,69.0,83.0,76.0,77.0,1.0,1.0,1.0,1.0375,1.04109589041,1.04054054054,103.0,95.0,73.0,91.0,80.0,90.0,1.08421052632,1.07954545455,1.02816901408,1.08333333333,1.06666666667,1.125,95.0,88.0,71.0,84.0,75.0,80.0,87.0,532.0,56.0,476.0,0.0,26.0,467.0,493.0,115.0,1.07910750507,2.15384615385,1.01927194861,9,30,17,0
2016-09-30 14:00:00,6.0,2.0,4.0,2.0,6.0,2.0,13.0,4.0,8.0,4.0,13.0,4.0,2.16666666667,2.0,2.0,2.0,2.16666666667,2.0,22.0,13.0,17.0,20.0,22.0,40.0,0.0,0.0,0.0,0.0,0.0,0.0,82.0,69.0,80.0,73.0,74.0,122.0,82.0,69.0,83.0,76.0,77.0,125.0,1.0,1.0,1.0375,1.04109589041,1.04054054054,1.02459016393,95.0,73.0,91.0,80.0,90.0,129.0,1.07954545455,1.02816901408,1.08333333333,1.06666666667,1.125,1.04032258065,88.0,71.0,84.0,75.0,80.0,124.0,98.0,558.0,46.0,512.0,0.0,22.0,500.0,522.0,134.0,1.06896551724,2.09090909091,1.024,9,30,17,20
2016-09-30 14:20:00,2.0,4.0,2.0,6.0,2.0,2.0,4.0,8.0,4.0,13.0,4.0,4.0,2.0,2.0,2.0,2.16666666667,2.0,2.0,13.0,17.0,20.0,22.0,40.0,24.0,0.0,0.0,0.0,0.0,0.0,0.0,69.0,80.0,73.0,74.0,122.0,128.0,69.0,83.0,76.0,77.0,125.0,128.0,1.0,1.0375,1.04109589041,1.04054054054,1.02459016393,1.0,73.0,91.0,80.0,90.0,129.0,132.0,1.02816901408,1.08333333333,1.06666666667,1.125,1.04032258065,1.01538461538,71.0,84.0,75.0,80.0,124.0,130.0,133.0,595.0,37.0,558.0,0.0,18.0,546.0,564.0,136.0,1.05496453901,2.05555555556,1.02197802198,9,30,17,40
2016-09-30 14:40:00,4.0,2.0,6.0,2.0,2.0,2.0,8.0,4.0,13.0,4.0,4.0,4.0,2.0,2.0,2.16666666667,2.0,2.0,2.0,17.0,20.0,22.0,40.0,24.0,32.0,0.0,0.0,0.0,0.0,0.0,0.0,80.0,73.0,74.0,122.0,128.0,130.0,83.0,76.0,77.0,125.0,128.0,133.0,1.0375,1.04109589041,1.04054054054,1.02459016393,1.0,1.02307692308,91.0,80.0,90.0,129.0,132.0,137.0,1.08333333333,1.06666666667,1.125,1.04032258065,1.01538461538,1.03787878788,84.0,75.0,80.0,124.0,130.0,132.0,137.0,659.0,37.0,622.0,0.0,18.0,607.0,625.0,155.0,1.0544,2.05555555556,1.02471169687,9,30,18,0
2016-09-30 15:00:00,2.0,6.0,2.0,2.0,2.0,4.0,4.0,13.0,4.0,4.0,4.0,8.0,2.0,2.16666666667,2.0,2.0,2.0,2.0,20.0,22.0,40.0,24.0,32.0,21.0,0.0,0.0,0.0,0.0,0.0,0.0,73.0,74.0,122.0,128.0,130.0,113.0,76.0,77.0,125.0,128.0,133.0,116.0,1.04109589041,1.04054054054,1.02459016393,1.0,1.02307692308,1.02654867257,80.0,90.0,129.0,132.0,137.0,124.0,1.06666666667,1.125,1.04032258065,1.01538461538,1.03787878788,1.05982905983,75.0,80.0,124.0,130.0,132.0,117.0,172.0,692.0,37.0,655.0,0.0,18.0,640.0,658.0,159.0,1.05167173252,2.05555555556,1.0234375,9,30,18,20
2016-09-30 15:20:00,6.0,2.0,2.0,2.0,4.0,0.0,13.0,4.0,4.0,4.0,8.0,0.0,2.16666666667,2.0,2.0,2.0,2.0,0.0,22.0,40.0,24.0,32.0,21.0,22.0,0.0,0.0,0.0,0.0,0.0,0.0,74.0,122.0,128.0,130.0,113.0,87.0,77.0,125.0,128.0,133.0,116.0,87.0,1.04054054054,1.02459016393,1.0,1.02307692308,1.02654867257,1.0,90.0,129.0,132.0,137.0,124.0,87.0,1.125,1.04032258065,1.01538461538,1.03787878788,1.05982905983,1.0,80.0,124.0,130.0,132.0,117.0,87.0,156.0,699.0,33.0,666.0,0.0,16.0,654.0,670.0,161.0,1.04328358209,2.0625,1.01834862385,9,30,18,40
2016-09-30 15:40:00,2.0,2.0,2.0,4.0,0.0,22.0,4.0,4.0,4.0,8.0,0.0,44.0,2.0,2.0,2.0,2.0,0.0,2.0,40.0,24.0,32.0,21.0,22.0,19.0,0.0,0.0,0.0,0.0,0.0,0.0,122.0,128.0,130.0,113.0,87.0,76.0,125.0,128.0,133.0,116.0,87.0,82.0,1.02459016393,1.0,1.02307692308,1.02654867257,1.0,1.07894736842,129.0,132.0,137.0,124.0,87.0,126.0,1.04032258065,1.01538461538,1.03787878788,1.05982905983,1.0,1.28571428571,124.0,130.0,132.0,117.0,87.0,98.0,156.0,735.0,64.0,671.0,0.0,32.0,656.0,688.0,158.0,1.06831395349,2.0,1.02286585366,9,30,19,0
2016-09-30 16:00:00,2.0,2.0,4.0,0.0,22.0,3.0,4.0,4.0,8.0,0.0,44.0,9.0,2.0,2.0,2.0,0.0,2.0,3.0,24.0,32.0,21.0,22.0,19.0,14.0,0.0,0.0,0.0,0.0,0.0,0.0,128.0,130.0,113.0,87.0,76.0,130.0,128.0,133.0,116.0,87.0,82.0,130.0,1.0,1.02307692308,1.02654867257,1.0,1.07894736842,1.0,132.0,137.0,124.0,87.0,126.0,139.0,1.01538461538,1.03787878788,1.05982905983,1.0,1.28571428571,1.04511278195,130.0,132.0,117.0,87.0,98.0,133.0,154.0,745.0,69.0,676.0,0.0,33.0,664.0,697.0,132.0,1.06886657102,2.09090909091,1.01807228916,9,30,19,20
2016-09-30 16:20:00,2.0,4.0,0.0,22.0,3.0,8.0,4.0,8.0,0.0,44.0,9.0,25.0,2.0,2.0,0.0,2.0,3.0,3.125,32.0,21.0,22.0,19.0,14.0,18.0,0.0,0.0,0.0,0.0,0.0,0.0,130.0,113.0,87.0,76.0,130.0,129.0,133.0,116.0,87.0,82.0,130.0,135.0,1.02307692308,1.02654867257,1.0,1.07894736842,1.0,1.04651162791,137.0,124.0,87.0,126.0,139.0,160.0,1.03787878788,1.05982905983,1.0,1.28571428571,1.04511278195,1.16788321168,132.0,117.0,87.0,98.0,133.0,137.0,166.0,773.0,90.0,683.0,0.0,39.0,665.0,704.0,126.0,1.09801136364,2.30769230769,1.02706766917,9,30,19,40
2016-09-30 16:40:00,4.0,0.0,22.0,3.0,8.0,4.0,8.0,0.0,44.0,9.0,25.0,11.0,2.0,0.0,2.0,3.0,3.125,2.75,21.0,22.0,19.0,14.0,18.0,20.0,0.0,0.0,0.0,0.0,0.0,0.0,113.0,87.0,76.0,130.0,129.0,168.0,116.0,87.0,82.0,130.0,135.0,171.0,1.02654867257,1.0,1.07894736842,1.0,1.04651162791,1.01785714286,124.0,87.0,126.0,139.0,160.0,182.0,1.05982905983,1.0,1.28571428571,1.04511278195,1.16788321168,1.05813953488,117.0,87.0,98.0,133.0,137.0,172.0,159.0,818.0,97.0,721.0,0.0,41.0,703.0,744.0,114.0,1.09946236559,2.36585365854,1.02560455192,9,30,20,0
2016-09-30 17:00:00,0.0,22.0,3.0,8.0,4.0,8.0,0.0,44.0,9.0,25.0,11.0,21.0,0.0,2.0,3.0,3.125,2.75,2.625,22.0,19.0,14.0,18.0,20.0,16.0,0.0,0.0,0.0,0.0,0.0,1.0,87.0,76.0,130.0,129.0,168.0,147.0,87.0,82.0,130.0,135.0,171.0,150.0,1.0,1.07894736842,1.0,1.04651162791,1.01785714286,1.02040816327,87.0,126.0,139.0,160.0,182.0,171.0,1.0,1.28571428571,1.04511278195,1.16788321168,1.05813953488,1.09615384615,87.0,98.0,133.0,137.0,172.0,156.0,149.0,865.0,110.0,755.0,1.0,45.0,737.0,783.0,109.0,1.10472541507,2.44444444444,1.02442333786,9,30,20,20
2016-09-30 17:20:00,22.0,3.0,8.0,4.0,8.0,9.0,44.0,9.0,25.0,11.0,21.0,24.0,2.0,3.0,3.125,2.75,2.625,2.66666666667,19.0,14.0,18.0,20.0,16.0,13.0,0.0,0.0,0.0,0.0,1.0,0.0,76.0,130.0,129.0,168.0,147.0,147.0,82.0,130.0,135.0,171.0,150.0,147.0,1.07894736842,1.0,1.04651162791,1.01785714286,1.02040816327,1.0,126.0,139.0,160.0,182.0,171.0,171.0,1.28571428571,1.04511278195,1.16788321168,1.05813953488,1.09615384615,1.09615384615,98.0,133.0,137.0,172.0,156.0,156.0,182.0,949.0,134.0,815.0,1.0,54.0,797.0,852.0,100.0,1.11384976526,2.48148148148,1.0225846926,9,30,20,40
2016-09-30 17:40:00,3.0,8.0,4.0,8.0,9.0,10.0,9.0,25.0,11.0,21.0,24.0,39.0,3.0,3.125,2.75,2.625,2.66666666667,3.9,14.0,18.0,20.0,16.0,13.0,13.0,0.0,0.0,0.0,1.0,0.0,0.0,130.0,129.0,168.0,147.0,147.0,144.0,130.0,135.0,171.0,150.0,147.0,144.0,1.0,1.04651162791,1.01785714286,1.02040816327,1.0,1.0,139.0,160.0,182.0,171.0,171.0,183.0,1.04511278195,1.16788321168,1.05813953488,1.09615384615,1.09615384615,1.18831168831,133.0,137.0,172.0,156.0,156.0,154.0,151.0,1006.0,129.0,877.0,1.0,42.0,865.0,908.0,94.0,1.10792951542,3.07142857143,1.01387283237,9,30,21,0
2016-09-30 18:00:00,8.0,4.0,8.0,9.0,10.0,9.0,25.0,11.0,21.0,24.0,39.0,26.0,3.125,2.75,2.625,2.66666666667,3.9,2.88888888889,18.0,20.0,16.0,13.0,13.0,14.0,0.0,0.0,1.0,0.0,0.0,0.0,129.0,168.0,147.0,147.0,144.0,157.0,135.0,171.0,150.0,147.0,144.0,157.0,1.04651162791,1.01785714286,1.02040816327,1.0,1.0,1.0,160.0,182.0,171.0,171.0,183.0,183.0,1.16788321168,1.05813953488,1.09615384615,1.09615384615,1.18831168831,1.10240963855,137.0,172.0,156.0,156.0,154.0,166.0,162.0,1050.0,146.0,904.0,1.0,48.0,892.0,941.0,94.0,1.11583421892,3.04166666667,1.0134529148,9,30,21,20
2016-09-30 18:20:00,4.0,8.0,9.0,10.0,9.0,6.0,11.0,21.0,24.0,39.0,26.0,19.0,2.75,2.625,2.66666666667,3.9,2.88888888889,3.16666666667,20.0,16.0,13.0,13.0,14.0,12.0,0.0,1.0,0.0,0.0,0.0,0.0,168.0,147.0,147.0,144.0,157.0,153.0,171.0,150.0,147.0,144.0,157.0,153.0,1.01785714286,1.02040816327,1.0,1.0,1.0,1.0,182.0,171.0,171.0,183.0,183.0,172.0,1.05813953488,1.09615384615,1.09615384615,1.18831168831,1.10240963855,1.08176100629,172.0,156.0,156.0,154.0,166.0,159.0,137.0,1062.0,140.0,922.0,1.0,46.0,916.0,963.0,88.0,1.10280373832,3.04347826087,1.00655021834,9,30,21,40
2016-09-30 18:40:00,8.0,9.0,10.0,9.0,6.0,6.0,21.0,24.0,39.0,26.0,19.0,16.0,2.625,2.66666666667,3.9,2.88888888889,3.16666666667,2.66666666667,16.0,13.0,13.0,14.0,12.0,17.0,1.0,0.0,0.0,0.0,0.0,0.0,147.0,147.0,144.0,157.0,153.0,143.0,150.0,147.0,144.0,157.0,153.0,143.0,1.02040816327,1.0,1.0,1.0,1.0,1.0,171.0,171.0,183.0,183.0,172.0,159.0,1.09615384615,1.09615384615,1.18831168831,1.10240963855,1.08176100629,1.06711409396,156.0,156.0,154.0,166.0,159.0,149.0,123.0,1039.0,145.0,894.0,1.0,48.0,891.0,940.0,85.0,1.10531914894,3.02083333333,1.00336700337,9,30,22,0
2016-09-30 19:00:00,9.0,10.0,9.0,6.0,6.0,7.0,24.0,39.0,26.0,19.0,16.0,16.0,2.66666666667,3.9,2.88888888889,3.16666666667,2.66666666667,2.28571428571,13.0,13.0,14.0,12.0,17.0,20.0,0.0,0.0,0.0,0.0,0.0,1.0,147.0,144.0,157.0,153.0,143.0,174.0,147.0,144.0,157.0,153.0,143.0,177.0,1.0,1.0,1.0,1.0,1.0,1.01724137931,171.0,183.0,183.0,172.0,159.0,193.0,1.09615384615,1.18831168831,1.10240963855,1.08176100629,1.06711409396,1.06043956044,156.0,154.0,166.0,159.0,149.0,182.0,107.0,1061.0,140.0,921.0,1.0,47.0,918.0,966.0,89.0,1.0983436853,2.97872340426,1.00326797386,9,30,22,20
2016-09-30 19:20:00,10.0,9.0,6.0,6.0,7.0,5.0,39.0,26.0,19.0,16.0,16.0,22.0,3.9,2.88888888889,3.16666666667,2.66666666667,2.28571428571,4.4,13.0,14.0,12.0,17.0,20.0,18.0,0.0,0.0,0.0,0.0,1.0,0.0,144.0,157.0,153.0,143.0,174.0,146.0,144.0,157.0,153.0,143.0,177.0,146.0,1.0,1.0,1.0,1.0,1.01724137931,1.0,183.0,183.0,172.0,159.0,193.0,168.0,1.18831168831,1.10240963855,1.08176100629,1.06711409396,1.06043956044,1.11258278146,154.0,166.0,159.0,149.0,182.0,151.0,117.0,1058.0,138.0,920.0,1.0,43.0,917.0,961.0,94.0,1.10093652445,3.20930232558,1.00327153762,9,30,22,40
2016-09-30 19:40:00,9.0,6.0,6.0,7.0,5.0,10.0,26.0,19.0,16.0,16.0,22.0,24.0,2.88888888889,3.16666666667,2.66666666667,2.28571428571,4.4,2.4,14.0,12.0,17.0,20.0,18.0,23.0,0.0,0.0,0.0,1.0,0.0,0.0,157.0,153.0,143.0,174.0,146.0,152.0,157.0,153.0,143.0,177.0,146.0,152.0,1.0,1.0,1.0,1.01724137931,1.0,1.0,183.0,172.0,159.0,193.0,168.0,176.0,1.10240963855,1.08176100629,1.06711409396,1.06043956044,1.11258278146,1.08641975309,166.0,159.0,149.0,182.0,151.0,162.0,101.0,1051.0,123.0,928.0,1.0,43.0,925.0,969.0,104.0,1.08462332301,2.86046511628,1.00324324324,9,30,23,0
2016-09-30 20:00:00,6.0,6.0,7.0,5.0,10.0,7.0,19.0,16.0,16.0,22.0,24.0,27.0,3.16666666667,2.66666666667,2.28571428571,4.4,2.4,3.85714285714,12.0,17.0,20.0,18.0,23.0,12.0,0.0,0.0,1.0,0.0,0.0,0.0,153.0,143.0,174.0,146.0,152.0,130.0,153.0,143.0,177.0,146.0,152.0,133.0,1.0,1.0,1.01724137931,1.0,1.0,1.02307692308,172.0,159.0,193.0,168.0,176.0,160.0,1.08176100629,1.06711409396,1.06043956044,1.11258278146,1.08641975309,1.16788321168,159.0,149.0,182.0,151.0,162.0,137.0,70.0,1028.0,124.0,904.0,1.0,41.0,898.0,940.0,102.0,1.09361702128,3.0243902439,1.00668151448,9,30,23,20
2016-09-30 20:20:00,6.0,7.0,5.0,10.0,7.0,6.0,16.0,16.0,22.0,24.0,27.0,18.0,2.66666666667,2.28571428571,4.4,2.4,3.85714285714,3.0,17.0,20.0,18.0,23.0,12.0,7.0,0.0,1.0,0.0,0.0,0.0,0.0,143.0,174.0,146.0,152.0,130.0,117.0,143.0,177.0,146.0,152.0,133.0,117.0,1.0,1.01724137931,1.0,1.0,1.02307692308,1.0,159.0,193.0,168.0,176.0,160.0,135.0,1.06711409396,1.06043956044,1.11258278146,1.08641975309,1.16788321168,1.09756097561,149.0,182.0,151.0,162.0,137.0,123.0,45.0,991.0,123.0,868.0,1.0,41.0,862.0,904.0,97.0,1.09623893805,3.0,1.00696055684,9,30,23,40
2016-09-30 20:40:00,7.0,5.0,10.0,7.0,6.0,5.0,16.0,22.0,24.0,27.0,18.0,12.0,2.28571428571,4.4,2.4,3.85714285714,3.0,2.4,20.0,18.0,23.0,12.0,7.0,6.0,1.0,0.0,0.0,0.0,0.0,1.0,174.0,146.0,152.0,130.0,117.0,101.0,177.0,146.0,152.0,133.0,117.0,104.0,1.01724137931,1.0,1.0,1.02307692308,1.0,1.0297029703,193.0,168.0,176.0,160.0,135.0,116.0,1.06043956044,1.11258278146,1.08641975309,1.16788321168,1.09756097561,1.08411214953,182.0,151.0,162.0,137.0,123.0,107.0,86.0,948.0,119.0,829.0,2.0,40.0,820.0,862.0,86.0,1.09976798144,2.975,1.01097560976,10,1,0,0
2016-09-30 21:00:00,5.0,10.0,7.0,6.0,5.0,11.0,22.0,24.0,27.0,18.0,12.0,43.0,4.4,2.4,3.85714285714,3.0,2.4,3.90909090909,18.0,23.0,12.0,7.0,6.0,4.0,0.0,0.0,0.0,0.0,1.0,0.0,146.0,152.0,130.0,117.0,101.0,106.0,146.0,152.0,133.0,117.0,104.0,106.0,1.0,1.0,1.02307692308,1.0,1.0297029703,1.0,168.0,176.0,160.0,135.0,116.0,149.0,1.11258278146,1.08641975309,1.16788321168,1.09756097561,1.08411214953,1.2735042735,151.0,162.0,137.0,123.0,107.0,117.0,63.0,904.0,146.0,758.0,1.0,44.0,752.0,797.0,70.0,1.13425345044,3.31818181818,1.0079787234,10,1,0,20
2016-09-30 21:20:00,10.0,7.0,6.0,5.0,11.0,9.0,24.0,27.0,18.0,12.0,43.0,21.0,2.4,3.85714285714,3.0,2.4,3.90909090909,2.33333333333,23.0,12.0,7.0,6.0,4.0,5.0,0.0,0.0,0.0,1.0,0.0,0.0,152.0,130.0,117.0,101.0,106.0,92.0,152.0,133.0,117.0,104.0,106.0,92.0,1.0,1.02307692308,1.0,1.0297029703,1.0,1.0,176.0,160.0,135.0,116.0,149.0,113.0,1.08641975309,1.16788321168,1.09756097561,1.08411214953,1.2735042735,1.11881188119,162.0,137.0,123.0,107.0,117.0,101.0,56.0,849.0,145.0,704.0,1.0,48.0,698.0,747.0,57.0,1.13654618474,3.02083333333,1.00859598854,10,1,0,40
2016-09-30 21:40:00,7.0,6.0,5.0,11.0,9.0,3.0,27.0,18.0,12.0,43.0,21.0,12.0,3.85714285714,3.0,2.4,3.90909090909,2.33333333333,4.0,12.0,7.0,6.0,4.0,5.0,10.0,0.0,0.0,1.0,0.0,0.0,0.0,130.0,117.0,101.0,106.0,92.0,67.0,133.0,117.0,104.0,106.0,92.0,67.0,1.02307692308,1.0,1.0297029703,1.0,1.0,1.0,160.0,135.0,116.0,149.0,113.0,79.0,1.16788321168,1.09756097561,1.08411214953,1.2735042735,1.11881188119,1.12857142857,137.0,123.0,107.0,117.0,101.0,70.0,65.0,752.0,133.0,619.0,1.0,41.0,613.0,655.0,44.0,1.14809160305,3.24390243902,1.00978792822,10,1,1,0
2016-09-30 22:00:00,6.0,5.0,11.0,9.0,3.0,6.0,18.0,12.0,43.0,21.0,12.0,19.0,3.0,2.4,3.90909090909,2.33333333333,4.0,3.16666666667,7.0,6.0,4.0,5.0,10.0,2.0,0.0,1.0,0.0,0.0,0.0,0.0,117.0,101.0,106.0,92.0,67.0,39.0,117.0,104.0,106.0,92.0,67.0,39.0,1.0,1.0297029703,1.0,1.0,1.0,1.0,135.0,116.0,149.0,113.0,79.0,58.0,1.09756097561,1.08411214953,1.2735042735,1.11881188119,1.12857142857,1.28888888889,123.0,107.0,117.0,101.0,70.0,45.0,56.0,650.0,125.0,525.0,1.0,40.0,522.0,563.0,34.0,1.15452930728,3.125,1.00574712644,10,1,1,20
2016-09-30 22:20:00,5.0,11.0,9.0,3.0,6.0,2.0,12.0,43.0,21.0,12.0,19.0,9.0,2.4,3.90909090909,2.33333333333,4.0,3.16666666667,4.5,6.0,4.0,5.0,10.0,2.0,2.0,1.0,0.0,0.0,0.0,0.0,78.0,101.0,106.0,92.0,67.0,39.0,6.0,104.0,106.0,92.0,67.0,39.0,6.0,1.0297029703,1.0,1.0,1.0,1.0,1.0,116.0,149.0,113.0,79.0,58.0,15.0,1.08411214953,1.2735042735,1.11881188119,1.12857142857,1.28888888889,0.174418604651,107.0,117.0,101.0,70.0,45.0,86.0,43.0,530.0,116.0,414.0,79.0,36.0,411.0,526.0,29.0,1.00760456274,3.22222222222,1.00729927007,10,1,1,40
2016-09-30 22:40:00,11.0,9.0,3.0,6.0,2.0,3.0,43.0,21.0,12.0,19.0,9.0,15.0,3.90909090909,2.33333333333,4.0,3.16666666667,4.5,5.0,4.0,5.0,10.0,2.0,2.0,2.0,0.0,0.0,0.0,0.0,78.0,56.0,106.0,92.0,67.0,39.0,6.0,4.0,106.0,92.0,67.0,39.0,6.0,4.0,1.0,1.0,1.0,1.0,1.0,1.0,149.0,113.0,79.0,58.0,15.0,19.0,1.2735042735,1.11881188119,1.12857142857,1.28888888889,0.174418604651,0.301587301587,117.0,101.0,70.0,45.0,86.0,63.0,31.0,433.0,119.0,314.0,134.0,34.0,314.0,482.0,25.0,0.898340248963,3.5,1.0,10,1,2,0
2016-09-30 23:00:00,9.0,3.0,6.0,2.0,3.0,3.0,21.0,12.0,19.0,9.0,15.0,17.0,2.33333333333,4.0,3.16666666667,4.5,5.0,5.66666666667,5.0,10.0,2.0,2.0,2.0,1.0,0.0,0.0,0.0,78.0,56.0,50.0,92.0,67.0,39.0,6.0,4.0,3.0,92.0,67.0,39.0,6.0,4.0,6.0,1.0,1.0,1.0,1.0,1.0,2.0,113.0,79.0,58.0,15.0,19.0,23.0,1.11881188119,1.12857142857,1.28888888889,0.174418604651,0.301587301587,0.410714285714,101.0,70.0,45.0,86.0,63.0,56.0,48.0,307.0,93.0,214.0,184.0,26.0,211.0,421.0,22.0,0.729216152019,3.57692307692,1.01421800948,10,1,2,20
2016-09-30 23:20:00,3.0,6.0,2.0,3.0,3.0,3.0,12.0,19.0,9.0,15.0,17.0,15.0,4.0,3.16666666667,4.5,5.0,5.66666666667,5.0,10.0,2.0,2.0,2.0,1.0,3.0,0.0,0.0,78.0,56.0,50.0,58.0,67.0,39.0,6.0,4.0,3.0,4.0,67.0,39.0,6.0,4.0,6.0,4.0,1.0,1.0,1.0,1.0,2.0,1.0,79.0,58.0,15.0,19.0,23.0,19.0,1.12857142857,1.28888888889,0.174418604651,0.301587301587,0.410714285714,0.292307692308,70.0,45.0,86.0,63.0,56.0,65.0,46.0,213.0,87.0,126.0,242.0,20.0,123.0,385.0,20.0,0.553246753247,4.35,1.0243902439,10,1,2,40
2016-09-30 23:40:00,6.0,2.0,3.0,3.0,3.0,2.0,19.0,9.0,15.0,17.0,15.0,7.0,3.16666666667,4.5,5.0,5.66666666667,5.0,3.5,2.0,2.0,2.0,1.0,3.0,4.0,0.0,78.0,56.0,50.0,58.0,49.0,39.0,6.0,4.0,3.0,4.0,5.0,39.0,6.0,4.0,6.0,4.0,5.0,1.0,1.0,1.0,2.0,1.0,1.0,58.0,15.0,19.0,23.0,19.0,12.0,1.28888888889,0.174418604651,0.301587301587,0.410714285714,0.292307692308,0.214285714286,45.0,86.0,63.0,56.0,65.0,56.0,41.0,146.0,82.0,64.0,291.0,19.0,61.0,371.0,14.0,0.393530997305,4.31578947368,1.04918032787,10,1,3,0
2016-10-01 00:00:00,2.0,3.0,3.0,3.0,2.0,8.0,9.0,15.0,17.0,15.0,7.0,36.0,4.5,5.0,5.66666666667,5.0,3.5,4.5,2.0,2.0,1.0,3.0,4.0,0.0,78.0,56.0,50.0,58.0,49.0,35.0,6.0,4.0,3.0,4.0,5.0,0.0,6.0,4.0,6.0,4.0,5.0,0.0,1.0,1.0,2.0,1.0,1.0,0.0,15.0,19.0,23.0,19.0,12.0,36.0,0.174418604651,0.301587301587,0.410714285714,0.292307692308,0.214285714286,0.837209302326,86.0,63.0,56.0,65.0,56.0,43.0,48.0,124.0,99.0,25.0,326.0,21.0,22.0,369.0,12.0,0.336043360434,4.71428571429,1.13636363636,10,1,3,20
2016-10-01 00:20:00,3.0,3.0,3.0,2.0,8.0,1.0,15.0,17.0,15.0,7.0,36.0,5.0,5.0,5.66666666667,5.0,3.5,4.5,5.0,2.0,1.0,3.0,4.0,0.0,0.0,56.0,50.0,58.0,49.0,35.0,29.0,4.0,3.0,4.0,5.0,0.0,1.0,4.0,6.0,4.0,5.0,0.0,1.0,1.0,2.0,1.0,1.0,0.0,1.0,19.0,23.0,19.0,12.0,36.0,6.0,0.301587301587,0.410714285714,0.292307692308,0.214285714286,0.837209302326,0.193548387097,63.0,56.0,65.0,56.0,43.0,31.0,46.0,115.0,95.0,20.0,277.0,20.0,17.0,314.0,10.0,0.366242038217,4.75,1.17647058824,10,1,3,40
2016-10-01 00:40:00,3.0,3.0,2.0,8.0,1.0,8.0,17.0,15.0,7.0,36.0,5.0,30.0,5.66666666667,5.0,3.5,4.5,5.0,3.75,1.0,3.0,4.0,0.0,0.0,0.0,50.0,58.0,49.0,35.0,29.0,40.0,3.0,4.0,5.0,0.0,1.0,0.0,6.0,4.0,5.0,0.0,1.0,0.0,2.0,1.0,1.0,0.0,1.0,0.0,23.0,19.0,12.0,36.0,6.0,30.0,0.410714285714,0.292307692308,0.214285714286,0.837209302326,0.193548387097,0.625,56.0,65.0,56.0,43.0,31.0,48.0,59.0,126.0,110.0,16.0,261.0,25.0,13.0,299.0,8.0,0.421404682274,4.4,1.23076923077,10,1,4,0
2016-10-01 01:00:00,3.0,2.0,8.0,1.0,8.0,3.0,15.0,7.0,36.0,5.0,30.0,6.0,5.0,3.5,4.5,5.0,3.75,2.0,3.0,4.0,0.0,0.0,0.0,0.0,58.0,49.0,35.0,29.0,40.0,42.0,4.0,5.0,0.0,1.0,0.0,1.0,4.0,5.0,0.0,1.0,0.0,1.0,1.0,1.0,0.0,1.0,0.0,1.0,19.0,12.0,36.0,6.0,30.0,7.0,0.292307692308,0.214285714286,0.837209302326,0.193548387097,0.625,0.152173913043,65.0,56.0,43.0,31.0,48.0,46.0,81.0,110.0,99.0,11.0,253.0,25.0,11.0,289.0,7.0,0.38062283737,3.96,1.0,10,1,4,20
2016-10-01 01:20:00,2.0,8.0,1.0,8.0,3.0,7.0,7.0,36.0,5.0,30.0,6.0,32.0,3.5,4.5,5.0,3.75,2.0,4.57142857143,4.0,0.0,0.0,0.0,0.0,2.0,49.0,35.0,29.0,40.0,42.0,31.0,5.0,0.0,1.0,0.0,1.0,3.0,5.0,0.0,1.0,0.0,1.0,3.0,1.0,0.0,1.0,0.0,1.0,1.0,12.0,36.0,6.0,30.0,7.0,35.0,0.214285714286,0.837209302326,0.193548387097,0.625,0.152173913043,0.853658536585,56.0,43.0,31.0,48.0,46.0,41.0,101.0,126.0,116.0,10.0,226.0,29.0,10.0,265.0,6.0,0.475471698113,4.0,1.0,10,1,4,40
2016-10-01 01:40:00,8.0,1.0,8.0,3.0,7.0,5.0,36.0,5.0,30.0,6.0,32.0,15.0,4.5,5.0,3.75,2.0,4.57142857143,3.0,0.0,0.0,0.0,0.0,2.0,0.0,35.0,29.0,40.0,42.0,31.0,41.0,0.0,1.0,0.0,1.0,3.0,2.0,0.0,1.0,0.0,1.0,3.0,2.0,0.0,1.0,0.0,1.0,1.0,1.0,36.0,6.0,30.0,7.0,35.0,17.0,0.837209302326,0.193548387097,0.625,0.152173913043,0.853658536585,0.354166666667,43.0,31.0,48.0,46.0,41.0,48.0,142.0,131.0,124.0,7.0,218.0,32.0,7.0,257.0,2.0,0.509727626459,3.875,1.0,10,1,5,0
2016-10-01 02:00:00,1.0,8.0,3.0,7.0,5.0,4.0,5.0,30.0,6.0,32.0,15.0,12.0,5.0,3.75,2.0,4.57142857143,3.0,3.0,0.0,0.0,0.0,2.0,0.0,1.0,29.0,40.0,42.0,31.0,41.0,38.0,1.0,0.0,1.0,3.0,2.0,4.0,1.0,0.0,1.0,3.0,2.0,4.0,1.0,0.0,1.0,1.0,1.0,1.0,6.0,30.0,7.0,35.0,17.0,16.0,0.193548387097,0.625,0.152173913043,0.853658536585,0.354166666667,0.347826086957,31.0,48.0,46.0,41.0,48.0,46.0,151.0,111.0,100.0,11.0,221.0,28.0,11.0,260.0,3.0,0.426923076923,3.57142857143,1.0,10,1,5,20
2016-10-01 02:20:00,8.0,3.0,7.0,5.0,4.0,3.0,30.0,6.0,32.0,15.0,12.0,15.0,3.75,2.0,4.57142857143,3.0,3.0,5.0,0.0,0.0,2.0,0.0,1.0,2.0,40.0,42.0,31.0,41.0,38.0,51.0,0.0,1.0,3.0,2.0,4.0,5.0,0.0,1.0,3.0,2.0,4.0,5.0,0.0,1.0,1.0,1.0,1.0,1.0,30.0,7.0,35.0,17.0,16.0,20.0,0.625,0.152173913043,0.853658536585,0.354166666667,0.347826086957,0.338983050847,48.0,46.0,41.0,48.0,46.0,59.0,193.0,125.0,110.0,15.0,243.0,30.0,15.0,288.0,5.0,0.434027777778,3.66666666667,1.0,10,1,5,40
2016-10-01 02:40:00,3.0,7.0,5.0,4.0,3.0,4.0,6.0,32.0,15.0,12.0,15.0,20.0,2.0,4.57142857143,3.0,3.0,5.0,5.0,0.0,2.0,0.0,1.0,2.0,0.0,42.0,31.0,41.0,38.0,51.0,75.0,1.0,3.0,2.0,4.0,5.0,2.0,1.0,3.0,2.0,4.0,5.0,2.0,1.0,1.0,1.0,1.0,1.0,1.0,7.0,35.0,17.0,16.0,20.0,22.0,0.152173913043,0.853658536585,0.354166666667,0.347826086957,0.338983050847,0.271604938272,46.0,41.0,48.0,46.0,59.0,81.0,213.0,117.0,100.0,17.0,278.0,26.0,17.0,321.0,5.0,0.364485981308,3.84615384615,1.0,10,1,6,0
2016-10-01 03:00:00,7.0,5.0,4.0,3.0,4.0,4.0,32.0,15.0,12.0,15.0,20.0,14.0,4.57142857143,3.0,3.0,5.0,5.0,3.5,2.0,0.0,1.0,2.0,0.0,3.0,31.0,41.0,38.0,51.0,75.0,91.0,3.0,2.0,4.0,5.0,2.0,6.0,3.0,2.0,4.0,5.0,2.0,6.0,1.0,1.0,1.0,1.0,1.0,1.0,35.0,17.0,16.0,20.0,22.0,20.0,0.853658536585,0.354166666667,0.347826086957,0.338983050847,0.271604938272,0.19801980198,41.0,48.0,46.0,59.0,81.0,101.0,257.0,130.0,108.0,22.0,327.0,27.0,22.0,376.0,8.0,0.345744680851,4.0,1.0,10,1,6,20
2016-10-01 03:20:00,5.0,4.0,3.0,4.0,4.0,3.0,15.0,12.0,15.0,20.0,14.0,6.0,3.0,3.0,5.0,5.0,3.5,2.0,0.0,1.0,2.0,0.0,3.0,3.0,41.0,38.0,51.0,75.0,91.0,132.0,2.0,4.0,5.0,2.0,6.0,7.0,2.0,4.0,5.0,2.0,6.0,7.0,1.0,1.0,1.0,1.0,1.0,1.0,17.0,16.0,20.0,22.0,20.0,13.0,0.354166666667,0.347826086957,0.338983050847,0.271604938272,0.19801980198,0.0915492957746,48.0,46.0,59.0,81.0,101.0,142.0,275.0,108.0,82.0,26.0,428.0,23.0,26.0,477.0,9.0,0.22641509434,3.5652173913,1.0,10,1,6,40
2016-10-01 03:40:00,4.0,3.0,4.0,4.0,3.0,14.0,12.0,15.0,20.0,14.0,6.0,61.0,3.0,5.0,5.0,3.5,2.0,4.35714285714,1.0,2.0,0.0,3.0,3.0,4.0,38.0,51.0,75.0,91.0,132.0,129.0,4.0,5.0,2.0,6.0,7.0,8.0,4.0,5.0,2.0,6.0,7.0,8.0,1.0,1.0,1.0,1.0,1.0,1.0,16.0,20.0,22.0,20.0,13.0,69.0,0.347826086957,0.338983050847,0.271604938272,0.19801980198,0.0915492957746,0.456953642384,46.0,59.0,81.0,101.0,142.0,151.0,267.0,160.0,128.0,32.0,516.0,32.0,32.0,580.0,13.0,0.275862068966,4.0,1.0,10,1,7,0
2016-10-01 04:00:00,3.0,4.0,4.0,3.0,14.0,13.0,15.0,20.0,14.0,6.0,61.0,45.0,5.0,5.0,3.5,2.0,4.35714285714,3.46153846154,2.0,0.0,3.0,3.0,4.0,2.0,51.0,75.0,91.0,132.0,129.0,175.0,5.0,2.0,6.0,7.0,8.0,5.0,5.0,2.0,6.0,7.0,8.0,5.0,1.0,1.0,1.0,1.0,1.0,1.0,20.0,22.0,20.0,13.0,69.0,50.0,0.338983050847,0.271604938272,0.19801980198,0.0915492957746,0.456953642384,0.259067357513,59.0,81.0,101.0,142.0,151.0,193.0,244.0,194.0,161.0,33.0,653.0,41.0,33.0,727.0,14.0,0.266850068776,3.92682926829,1.0,10,1,7,20
2016-10-01 04:20:00,4.0,4.0,3.0,14.0,13.0,7.0,20.0,14.0,6.0,61.0,45.0,25.0,5.0,3.5,2.0,4.35714285714,3.46153846154,3.57142857143,0.0,3.0,3.0,4.0,2.0,3.0,75.0,91.0,132.0,129.0,175.0,201.0,2.0,6.0,7.0,8.0,5.0,5.0,2.0,6.0,7.0,8.0,5.0,5.0,1.0,1.0,1.0,1.0,1.0,1.0,22.0,20.0,13.0,69.0,50.0,30.0,0.271604938272,0.19801980198,0.0915492957746,0.456953642384,0.259067357513,0.140845070423,81.0,101.0,142.0,151.0,193.0,213.0,233.0,204.0,171.0,33.0,803.0,45.0,33.0,881.0,15.0,0.231555051078,3.8,1.0,10,1,7,40
2016-10-01 04:40:00,4.0,3.0,14.0,13.0,7.0,11.0,14.0,6.0,61.0,45.0,25.0,37.0,3.5,2.0,4.35714285714,3.46153846154,3.57142857143,3.36363636364,3.0,3.0,4.0,2.0,3.0,10.0,91.0,132.0,129.0,175.0,201.0,229.0,6.0,7.0,8.0,5.0,5.0,17.0,6.0,7.0,8.0,5.0,5.0,17.0,1.0,1.0,1.0,1.0,1.0,1.0,20.0,13.0,69.0,50.0,30.0,54.0,0.19801980198,0.0915492957746,0.456953642384,0.259067357513,0.140845070423,0.210116731518,101.0,142.0,151.0,193.0,213.0,257.0,217.0,236.0,188.0,48.0,957.0,52.0,48.0,1057.0,25.0,0.223273415326,3.61538461538,1.0,10,1,8,0
2016-10-01 05:00:00,3.0,14.0,13.0,7.0,11.0,6.0,6.0,61.0,45.0,25.0,37.0,21.0,2.0,4.35714285714,3.46153846154,3.57142857143,3.36363636364,3.5,3.0,4.0,2.0,3.0,10.0,11.0,132.0,129.0,175.0,201.0,229.0,254.0,7.0,8.0,5.0,5.0,17.0,15.0,7.0,8.0,5.0,5.0,17.0,15.0,1.0,1.0,1.0,1.0,1.0,1.0,13.0,69.0,50.0,30.0,54.0,36.0,0.0915492957746,0.456953642384,0.259067357513,0.140845070423,0.210116731518,0.130909090909,142.0,151.0,193.0,213.0,257.0,275.0,210.0,252.0,195.0,57.0,1120.0,54.0,57.0,1231.0,33.0,0.204711616572,3.61111111111,1.0,10,1,8,20
2016-10-01 05:20:00,14.0,13.0,7.0,11.0,6.0,15.0,61.0,45.0,25.0,37.0,21.0,44.0,4.35714285714,3.46153846154,3.57142857143,3.36363636364,3.5,2.93333333333,4.0,2.0,3.0,10.0,11.0,8.0,129.0,175.0,201.0,229.0,254.0,232.0,8.0,5.0,5.0,17.0,15.0,20.0,8.0,5.0,5.0,17.0,15.0,26.0,1.0,1.0,1.0,1.0,1.0,1.3,69.0,50.0,30.0,54.0,36.0,70.0,0.456953642384,0.259067357513,0.140845070423,0.210116731518,0.130909090909,0.262172284644,151.0,193.0,213.0,257.0,275.0,267.0,198.0,309.0,233.0,76.0,1220.0,66.0,70.0,1356.0,38.0,0.227876106195,3.5303030303,1.08571428571,10,1,8,40
2016-10-01 05:40:00,13.0,7.0,11.0,6.0,15.0,10.0,45.0,25.0,37.0,21.0,44.0,25.0,3.46153846154,3.57142857143,3.36363636364,3.5,2.93333333333,2.5,2.0,3.0,10.0,11.0,8.0,8.0,175.0,201.0,229.0,254.0,232.0,225.0,5.0,5.0,17.0,15.0,20.0,9.0,5.0,5.0,17.0,15.0,26.0,9.0,1.0,1.0,1.0,1.0,1.3,1.0,50.0,30.0,54.0,36.0,70.0,34.0,0.259067357513,0.140845070423,0.210116731518,0.130909090909,0.262172284644,0.139344262295,193.0,213.0,257.0,275.0,267.0,244.0,251.0,274.0,197.0,77.0,1316.0,62.0,71.0,1449.0,42.0,0.189095928226,3.17741935484,1.08450704225,10,1,9,0
2016-10-01 06:00:00,7.0,11.0,6.0,15.0,10.0,1.0,25.0,37.0,21.0,44.0,25.0,2.0,3.57142857143,3.36363636364,3.5,2.93333333333,2.5,2.0,3.0,10.0,11.0,8.0,8.0,1.0,201.0,229.0,254.0,232.0,225.0,220.0,5.0,17.0,15.0,20.0,9.0,12.0,5.0,17.0,15.0,26.0,9.0,15.0,1.0,1.0,1.0,1.3,1.0,1.25,30.0,54.0,36.0,70.0,34.0,17.0,0.140845070423,0.210116731518,0.130909090909,0.262172284644,0.139344262295,0.0729613733906,213.0,257.0,275.0,267.0,244.0,233.0,249.0,241.0,154.0,87.0,1361.0,50.0,78.0,1489.0,41.0,0.161853593015,3.08,1.11538461538,10,1,9,20
2016-10-01 06:20:00,11.0,6.0,15.0,10.0,1.0,5.0,37.0,21.0,44.0,25.0,2.0,19.0,3.36363636364,3.5,2.93333333333,2.5,2.0,3.8,10.0,11.0,8.0,8.0,1.0,0.0,229.0,254.0,232.0,225.0,220.0,205.0,17.0,15.0,20.0,9.0,12.0,7.0,17.0,15.0,26.0,9.0,15.0,7.0,1.0,1.0,1.3,1.0,1.25,1.0,54.0,36.0,70.0,34.0,17.0,26.0,0.210116731518,0.130909090909,0.262172284644,0.139344262295,0.0729613733906,0.119815668203,257.0,275.0,267.0,244.0,233.0,217.0,242.0,237.0,148.0,89.0,1365.0,48.0,80.0,1493.0,38.0,0.158740790355,3.08333333333,1.1125,10,1,9,40
2016-10-01 06:40:00,6.0,15.0,10.0,1.0,5.0,5.0,21.0,44.0,25.0,2.0,19.0,17.0,3.5,2.93333333333,2.5,2.0,3.8,3.4,11.0,8.0,8.0,1.0,0.0,2.0,254.0,232.0,225.0,220.0,205.0,199.0,15.0,20.0,9.0,12.0,7.0,6.0,15.0,26.0,9.0,15.0,7.0,6.0,1.0,1.3,1.0,1.25,1.0,1.0,36.0,70.0,34.0,17.0,26.0,23.0,0.130909090909,0.262172284644,0.139344262295,0.0729613733906,0.119815668203,0.109523809524,275.0,267.0,244.0,233.0,217.0,210.0,281.0,206.0,128.0,78.0,1335.0,42.0,69.0,1446.0,30.0,0.142461964039,3.04761904762,1.13043478261,10,1,10,0
2016-10-01 07:00:00,15.0,10.0,1.0,5.0,5.0,3.0,44.0,25.0,2.0,19.0,17.0,12.0,2.93333333333,2.5,2.0,3.8,3.4,4.0,8.0,8.0,1.0,0.0,2.0,1.0,232.0,225.0,220.0,205.0,199.0,187.0,20.0,9.0,12.0,7.0,6.0,8.0,26.0,9.0,15.0,7.0,6.0,14.0,1.3,1.0,1.25,1.0,1.0,1.75,70.0,34.0,17.0,26.0,23.0,26.0,0.262172284644,0.139344262295,0.0729613733906,0.119815668203,0.109523809524,0.131313131313,267.0,244.0,233.0,217.0,210.0,198.0,204.0,196.0,119.0,77.0,1268.0,39.0,62.0,1369.0,20.0,0.143170197224,3.05128205128,1.24193548387,10,1,10,20
2016-10-01 07:20:00,10.0,1.0,5.0,5.0,3.0,5.0,25.0,2.0,19.0,17.0,12.0,18.0,2.5,2.0,3.8,3.4,4.0,3.6,8.0,1.0,0.0,2.0,1.0,11.0,225.0,220.0,205.0,199.0,187.0,226.0,9.0,12.0,7.0,6.0,8.0,20.0,9.0,15.0,7.0,6.0,14.0,20.0,1.0,1.25,1.0,1.0,1.75,1.0,34.0,17.0,26.0,23.0,26.0,38.0,0.139344262295,0.0729613733906,0.119815668203,0.109523809524,0.131313131313,0.151394422311,244.0,233.0,217.0,210.0,198.0,251.0,212.0,164.0,93.0,71.0,1262.0,29.0,62.0,1353.0,23.0,0.121212121212,3.20689655172,1.14516129032,10,1,10,40
2016-10-01 07:40:00,1.0,5.0,5.0,3.0,5.0,6.0,2.0,19.0,17.0,12.0,18.0,19.0,2.0,3.8,3.4,4.0,3.6,3.16666666667,1.0,0.0,2.0,1.0,11.0,7.0,220.0,205.0,199.0,187.0,226.0,233.0,12.0,7.0,6.0,8.0,20.0,10.0,15.0,7.0,6.0,14.0,20.0,13.0,1.25,1.0,1.0,1.75,1.0,1.3,17.0,26.0,23.0,26.0,38.0,32.0,0.0729613733906,0.119815668203,0.109523809524,0.131313131313,0.151394422311,0.128514056225,233.0,217.0,210.0,198.0,251.0,249.0,202.0,162.0,87.0,75.0,1270.0,25.0,63.0,1358.0,22.0,0.119293078056,3.48,1.19047619048,10,1,11,0
2016-10-01 08:00:00,5.0,5.0,3.0,5.0,6.0,8.0,19.0,17.0,12.0,18.0,19.0,25.0,3.8,3.4,4.0,3.6,3.16666666667,3.125,0.0,2.0,1.0,11.0,7.0,13.0,205.0,199.0,187.0,226.0,233.0,211.0,7.0,6.0,8.0,20.0,10.0,23.0,7.0,6.0,14.0,20.0,13.0,26.0,1.0,1.0,1.75,1.0,1.3,1.13043478261,26.0,23.0,26.0,38.0,32.0,51.0,0.119815668203,0.109523809524,0.131313131313,0.151394422311,0.128514056225,0.210743801653,217.0,210.0,198.0,251.0,249.0,242.0,195.0,196.0,110.0,86.0,1261.0,32.0,74.0,1367.0,34.0,0.143379663497,3.4375,1.16216216216,10,1,11,20
2016-10-01 08:20:00,5.0,3.0,5.0,6.0,8.0,6.0,17.0,12.0,18.0,19.0,25.0,17.0,3.4,4.0,3.6,3.16666666667,3.125,2.83333333333,2.0,1.0,11.0,7.0,13.0,12.0,199.0,187.0,226.0,233.0,211.0,255.0,6.0,8.0,20.0,10.0,23.0,20.0,6.0,14.0,20.0,13.0,26.0,20.0,1.0,1.75,1.0,1.3,1.13043478261,1.0,23.0,26.0,38.0,32.0,51.0,37.0,0.109523809524,0.131313131313,0.151394422311,0.128514056225,0.210743801653,0.131672597865,210.0,198.0,251.0,249.0,242.0,281.0,188.0,207.0,108.0,99.0,1311.0,33.0,87.0,1431.0,46.0,0.14465408805,3.27272727273,1.13793103448,10,1,11,40
2016-10-01 08:40:00,3.0,5.0,6.0,8.0,6.0,6.0,12.0,18.0,19.0,25.0,17.0,15.0,4.0,3.6,3.16666666667,3.125,2.83333333333,2.5,1.0,11.0,7.0,13.0,12.0,9.0,187.0,226.0,233.0,211.0,255.0,185.0,8.0,20.0,10.0,23.0,20.0,13.0,14.0,20.0,13.0,26.0,20.0,16.0,1.75,1.0,1.3,1.13043478261,1.0,1.23076923077,26.0,38.0,32.0,51.0,37.0,31.0,0.131313131313,0.151394422311,0.128514056225,0.210743801653,0.131672597865,0.151960784314,198.0,251.0,249.0,242.0,281.0,204.0,200.0,215.0,106.0,109.0,1297.0,34.0,94.0,1425.0,53.0,0.150877192982,3.11764705882,1.15957446809,10,1,12,0
2016-10-01 09:00:00,5.0,6.0,8.0,6.0,6.0,5.0,18.0,19.0,25.0,17.0,15.0,14.0,3.6,3.16666666667,3.125,2.83333333333,2.5,2.8,11.0,7.0,13.0,12.0,9.0,8.0,226.0,233.0,211.0,255.0,185.0,195.0,20.0,10.0,23.0,20.0,13.0,12.0,20.0,13.0,26.0,20.0,16.0,12.0,1.0,1.3,1.13043478261,1.0,1.23076923077,1.0,38.0,32.0,51.0,37.0,31.0,26.0,0.151394422311,0.128514056225,0.210743801653,0.131672597865,0.151960784314,0.122641509434,251.0,249.0,242.0,281.0,204.0,212.0,215.0,215.0,108.0,107.0,1305.0,36.0,98.0,1439.0,60.0,0.149409312022,3.0,1.09183673469,10,1,12,20
2016-10-01 09:20:00,6.0,8.0,6.0,6.0,5.0,5.0,19.0,25.0,17.0,15.0,14.0,16.0,3.16666666667,3.125,2.83333333333,2.5,2.8,3.2,7.0,13.0,12.0,9.0,8.0,8.0,233.0,211.0,255.0,185.0,195.0,183.0,10.0,23.0,20.0,13.0,12.0,14.0,13.0,26.0,20.0,16.0,12.0,20.0,1.3,1.13043478261,1.0,1.23076923077,1.0,1.42857142857,32.0,51.0,37.0,31.0,26.0,36.0,0.128514056225,0.210743801653,0.131672597865,0.151960784314,0.122641509434,0.178217821782,249.0,242.0,281.0,204.0,212.0,202.0,237.0,213.0,106.0,107.0,1262.0,36.0,92.0,1390.0,57.0,0.153237410072,2.94444444444,1.16304347826,10,1,12,40
2016-10-01 09:40:00,8.0,6.0,6.0,5.0,5.0,7.0,25.0,17.0,15.0,14.0,16.0,31.0,3.125,2.83333333333,2.5,2.8,3.2,4.42857142857,13.0,12.0,9.0,8.0,8.0,7.0,211.0,255.0,185.0,195.0,183.0,174.0,23.0,20.0,13.0,12.0,14.0,14.0,26.0,20.0,16.0,12.0,20.0,17.0,1.13043478261,1.0,1.23076923077,1.0,1.42857142857,1.21428571429,51.0,37.0,31.0,26.0,36.0,48.0,0.210743801653,0.131672597865,0.151960784314,0.122641509434,0.178217821782,0.246153846154,242.0,281.0,204.0,212.0,202.0,195.0,239.0,229.0,118.0,111.0,1203.0,37.0,96.0,1336.0,57.0,0.171407185629,3.18918918919,1.15625,10,1,13,0
2016-10-01 10:00:00,6.0,6.0,5.0,5.0,7.0,4.0,17.0,15.0,14.0,16.0,31.0,12.0,2.83333333333,2.5,2.8,3.2,4.42857142857,3.0,12.0,9.0,8.0,8.0,7.0,13.0,255.0,185.0,195.0,183.0,174.0,168.0,20.0,13.0,12.0,14.0,14.0,16.0,20.0,16.0,12.0,20.0,17.0,16.0,1.0,1.23076923077,1.0,1.42857142857,1.21428571429,1.0,37.0,31.0,26.0,36.0,48.0,28.0,0.131672597865,0.151960784314,0.122641509434,0.178217821782,0.246153846154,0.148936170213,281.0,204.0,212.0,202.0,195.0,188.0,207.0,206.0,105.0,101.0,1160.0,33.0,89.0,1282.0,57.0,0.160686427457,3.18181818182,1.13483146067,10,1,13,20
2016-10-01 10:20:00,6.0,5.0,5.0,7.0,4.0,6.0,15.0,14.0,16.0,31.0,12.0,22.0,2.5,2.8,3.2,4.42857142857,3.0,3.66666666667,9.0,8.0,8.0,7.0,13.0,8.0,185.0,195.0,183.0,174.0,168.0,181.0,13.0,12.0,14.0,14.0,16.0,13.0,16.0,12.0,20.0,17.0,16.0,16.0,1.23076923077,1.0,1.42857142857,1.21428571429,1.0,1.23076923077,31.0,26.0,36.0,48.0,28.0,38.0,0.151960784314,0.122641509434,0.178217821782,0.246153846154,0.148936170213,0.19,204.0,212.0,202.0,195.0,188.0,200.0,224.0,207.0,110.0,97.0,1086.0,33.0,82.0,1201.0,53.0,0.172356369692,3.33333333333,1.18292682927,10,1,13,40
2016-10-01 10:40:00,5.0,5.0,7.0,4.0,6.0,9.0,14.0,16.0,31.0,12.0,22.0,38.0,2.8,3.2,4.42857142857,3.0,3.66666666667,4.22222222222,8.0,8.0,7.0,13.0,8.0,7.0,195.0,183.0,174.0,168.0,181.0,191.0,12.0,14.0,14.0,16.0,13.0,15.0,12.0,20.0,17.0,16.0,16.0,15.0,1.0,1.42857142857,1.21428571429,1.0,1.23076923077,1.0,26.0,36.0,48.0,28.0,38.0,53.0,0.122641509434,0.178217821782,0.246153846154,0.148936170213,0.19,0.246511627907,212.0,202.0,195.0,188.0,200.0,215.0,246.0,229.0,133.0,96.0,1092.0,36.0,84.0,1212.0,51.0,0.188943894389,3.69444444444,1.14285714286,10,1,14,0
2016-10-01 11:00:00,5.0,7.0,4.0,6.0,9.0,7.0,16.0,31.0,12.0,22.0,38.0,24.0,3.2,4.42857142857,3.0,3.66666666667,4.22222222222,3.42857142857,8.0,7.0,13.0,8.0,7.0,8.0,183.0,174.0,168.0,181.0,191.0,214.0,14.0,14.0,16.0,13.0,15.0,16.0,20.0,17.0,16.0,16.0,15.0,16.0,1.42857142857,1.21428571429,1.0,1.23076923077,1.0,1.0,36.0,48.0,28.0,38.0,53.0,40.0,0.178217821782,0.246153846154,0.148936170213,0.19,0.246511627907,0.168776371308,202.0,195.0,188.0,200.0,215.0,237.0,213.0,243.0,143.0,100.0,1111.0,38.0,88.0,1237.0,51.0,0.196443007276,3.76315789474,1.13636363636,10,1,14,20
2016-10-01 11:20:00,7.0,4.0,6.0,9.0,7.0,6.0,31.0,12.0,22.0,38.0,24.0,24.0,4.42857142857,3.0,3.66666666667,4.22222222222,3.42857142857,4.0,7.0,13.0,8.0,7.0,8.0,11.0,174.0,168.0,181.0,191.0,214.0,213.0,14.0,16.0,13.0,15.0,16.0,20.0,17.0,16.0,16.0,15.0,16.0,23.0,1.21428571429,1.0,1.23076923077,1.0,1.0,1.15,48.0,28.0,38.0,53.0,40.0,47.0,0.246153846154,0.148936170213,0.19,0.246511627907,0.168776371308,0.196652719665,195.0,188.0,200.0,215.0,237.0,239.0,244.0,254.0,151.0,103.0,1141.0,39.0,94.0,1274.0,54.0,0.199372056515,3.87179487179,1.09574468085,10,1,14,40
2016-10-01 11:40:00,4.0,6.0,9.0,7.0,6.0,6.0,12.0,22.0,38.0,24.0,24.0,24.0,3.0,3.66666666667,4.22222222222,3.42857142857,4.0,4.0,13.0,8.0,7.0,8.0,11.0,6.0,168.0,181.0,191.0,214.0,213.0,189.0,16.0,13.0,15.0,16.0,20.0,12.0,16.0,16.0,15.0,16.0,23.0,12.0,1.0,1.23076923077,1.0,1.0,1.15,1.0,28.0,38.0,53.0,40.0,47.0,36.0,0.148936170213,0.19,0.246511627907,0.168776371308,0.196652719665,0.173913043478,188.0,200.0,215.0,237.0,239.0,207.0,203.0,242.0,144.0,98.0,1156.0,38.0,92.0,1286.0,53.0,0.188180404355,3.78947368421,1.0652173913,10,1,15,0
2016-10-01 12:00:00,6.0,9.0,7.0,6.0,6.0,2.0,22.0,38.0,24.0,24.0,24.0,4.0,3.66666666667,4.22222222222,3.42857142857,4.0,4.0,2.0,8.0,7.0,8.0,11.0,6.0,10.0,181.0,191.0,214.0,213.0,189.0,207.0,13.0,15.0,16.0,20.0,12.0,15.0,16.0,15.0,16.0,23.0,12.0,15.0,1.23076923077,1.0,1.0,1.15,1.0,1.0,38.0,53.0,40.0,47.0,36.0,19.0,0.19,0.246511627907,0.168776371308,0.196652719665,0.173913043478,0.0848214285714,200.0,215.0,237.0,239.0,207.0,224.0,183.0,233.0,136.0,97.0,1195.0,36.0,91.0,1322.0,50.0,0.176248108926,3.77777777778,1.06593406593,10,1,15,20
2016-10-01 12:20:00,9.0,7.0,6.0,6.0,2.0,6.0,38.0,24.0,24.0,24.0,4.0,12.0,4.22222222222,3.42857142857,4.0,4.0,2.0,2.0,7.0,8.0,11.0,6.0,10.0,4.0,191.0,214.0,213.0,189.0,207.0,225.0,15.0,16.0,20.0,12.0,15.0,15.0,15.0,16.0,23.0,12.0,15.0,15.0,1.0,1.0,1.15,1.0,1.0,1.0,53.0,40.0,47.0,36.0,19.0,27.0,0.246511627907,0.168776371308,0.196652719665,0.173913043478,0.0848214285714,0.109756097561,215.0,237.0,239.0,207.0,224.0,246.0,179.0,222.0,126.0,96.0,1239.0,36.0,93.0,1368.0,46.0,0.162280701754,3.5,1.03225806452,10,1,15,40
2016-10-01 12:40:00,7.0,6.0,6.0,2.0,6.0,3.0,24.0,24.0,24.0,4.0,12.0,9.0,3.42857142857,4.0,4.0,2.0,2.0,3.0,8.0,11.0,6.0,10.0,4.0,7.0,214.0,213.0,189.0,207.0,225.0,197.0,16.0,20.0,12.0,15.0,15.0,13.0,16.0,23.0,12.0,15.0,15.0,16.0,1.0,1.15,1.0,1.0,1.0,1.23076923077,40.0,47.0,36.0,19.0,27.0,25.0,0.168776371308,0.196652719665,0.173913043478,0.0848214285714,0.109756097561,0.117370892019,237.0,239.0,207.0,224.0,246.0,213.0,188.0,194.0,97.0,97.0,1245.0,30.0,91.0,1366.0,46.0,0.142020497804,3.23333333333,1.06593406593,10,1,16,0
2016-10-01 13:00:00,6.0,6.0,2.0,6.0,3.0,1.0,24.0,24.0,4.0,12.0,9.0,2.0,4.0,4.0,2.0,2.0,3.0,2.0,11.0,6.0,10.0,4.0,7.0,6.0,213.0,189.0,207.0,225.0,197.0,233.0,20.0,12.0,15.0,15.0,13.0,10.0,23.0,12.0,15.0,15.0,16.0,10.0,1.15,1.0,1.0,1.0,1.23076923077,1.0,47.0,36.0,19.0,27.0,25.0,12.0,0.196652719665,0.173913043478,0.0848214285714,0.109756097561,0.117370892019,0.0491803278689,239.0,207.0,224.0,246.0,213.0,244.0,208.0,166.0,75.0,91.0,1264.0,24.0,85.0,1373.0,44.0,0.120903131828,3.125,1.07058823529,10,1,16,20
2016-10-01 13:20:00,6.0,2.0,6.0,3.0,1.0,2.0,24.0,4.0,12.0,9.0,2.0,5.0,4.0,2.0,2.0,3.0,2.0,2.5,6.0,10.0,4.0,7.0,6.0,4.0,189.0,207.0,225.0,197.0,233.0,193.0,12.0,15.0,15.0,13.0,10.0,8.0,12.0,15.0,15.0,16.0,10.0,8.0,1.0,1.0,1.0,1.23076923077,1.0,1.0,36.0,19.0,27.0,25.0,12.0,13.0,0.173913043478,0.0848214285714,0.109756097561,0.117370892019,0.0491803278689,0.064039408867,207.0,224.0,246.0,213.0,244.0,203.0,162.0,132.0,56.0,76.0,1244.0,20.0,73.0,1337.0,37.0,0.0987284966343,2.8,1.04109589041,10,1,16,40
2016-10-01 13:40:00,2.0,6.0,3.0,1.0,2.0,4.0,4.0,12.0,9.0,2.0,5.0,12.0,2.0,2.0,3.0,2.0,2.5,3.0,10.0,4.0,7.0,6.0,4.0,6.0,207.0,225.0,197.0,233.0,193.0,164.0,15.0,15.0,13.0,10.0,8.0,15.0,15.0,15.0,16.0,10.0,8.0,15.0,1.0,1.0,1.23076923077,1.0,1.0,1.0,19.0,27.0,25.0,12.0,13.0,27.0,0.0848214285714,0.109756097561,0.117370892019,0.0491803278689,0.064039408867,0.147540983607,224.0,246.0,213.0,244.0,203.0,183.0,161.0,123.0,44.0,79.0,1219.0,18.0,76.0,1313.0,37.0,0.0936785986291,2.44444444444,1.03947368421,10,1,17,0
2016-10-01 14:00:00,6.0,3.0,1.0,2.0,4.0,3.0,12.0,9.0,2.0,5.0,12.0,12.0,2.0,3.0,2.0,2.5,3.0,4.0,4.0,7.0,6.0,4.0,6.0,3.0,225.0,197.0,233.0,193.0,164.0,166.0,15.0,13.0,10.0,8.0,15.0,10.0,15.0,16.0,10.0,8.0,15.0,10.0,1.0,1.23076923077,1.0,1.0,1.0,1.0,27.0,25.0,12.0,13.0,27.0,22.0,0.109756097561,0.117370892019,0.0491803278689,0.064039408867,0.147540983607,0.122905027933,246.0,213.0,244.0,203.0,183.0,179.0,134.0,126.0,52.0,74.0,1178.0,19.0,71.0,1268.0,30.0,0.0993690851735,2.73684210526,1.04225352113,10,1,17,20
2016-10-01 14:20:00,3.0,1.0,2.0,4.0,3.0,1.0,9.0,2.0,5.0,12.0,12.0,5.0,3.0,2.0,2.5,3.0,4.0,5.0,7.0,6.0,4.0,6.0,3.0,8.0,197.0,233.0,193.0,164.0,166.0,176.0,13.0,10.0,8.0,15.0,10.0,11.0,16.0,10.0,8.0,15.0,10.0,11.0,1.23076923077,1.0,1.0,1.0,1.0,1.0,25.0,12.0,13.0,27.0,22.0,16.0,0.117370892019,0.0491803278689,0.064039408867,0.147540983607,0.122905027933,0.0851063829787,213.0,244.0,203.0,183.0,179.0,188.0,97.0,115.0,45.0,70.0,1129.0,14.0,67.0,1210.0,34.0,0.095041322314,3.21428571429,1.0447761194,10,1,17,40
2016-10-01 14:40:00,1.0,2.0,4.0,3.0,1.0,5.0,2.0,5.0,12.0,12.0,5.0,17.0,2.0,2.5,3.0,4.0,5.0,3.4,6.0,4.0,6.0,3.0,8.0,7.0,233.0,193.0,164.0,166.0,176.0,186.0,10.0,8.0,15.0,10.0,11.0,17.0,10.0,8.0,15.0,10.0,11.0,20.0,1.0,1.0,1.0,1.0,1.0,1.17647058824,12.0,13.0,27.0,22.0,16.0,37.0,0.0491803278689,0.064039408867,0.147540983607,0.122905027933,0.0851063829787,0.177884615385,244.0,203.0,183.0,179.0,188.0,208.0,99.0,127.0,53.0,74.0,1118.0,16.0,71.0,1205.0,34.0,0.105394190871,3.3125,1.04225352113,10,1,18,0
2016-10-01 15:00:00,2.0,4.0,3.0,1.0,5.0,1.0,5.0,12.0,12.0,5.0,17.0,5.0,2.5,3.0,4.0,5.0,3.4,5.0,4.0,6.0,3.0,8.0,7.0,7.0,193.0,164.0,166.0,176.0,186.0,149.0,8.0,15.0,10.0,11.0,17.0,12.0,8.0,15.0,10.0,11.0,20.0,12.0,1.0,1.0,1.0,1.0,1.17647058824,1.0,13.0,27.0,22.0,16.0,37.0,17.0,0.064039408867,0.147540983607,0.122905027933,0.0851063829787,0.177884615385,0.104938271605,203.0,183.0,179.0,188.0,208.0,162.0,82.0,132.0,56.0,76.0,1034.0,16.0,73.0,1123.0,35.0,0.117542297418,3.5,1.04109589041,10,1,18,20
2016-10-01 15:20:00,4.0,3.0,1.0,5.0,1.0,2.0,12.0,12.0,5.0,17.0,5.0,5.0,3.0,4.0,5.0,3.4,5.0,2.5,6.0,3.0,8.0,7.0,7.0,5.0,164.0,166.0,176.0,186.0,149.0,148.0,15.0,10.0,11.0,17.0,12.0,11.0,15.0,10.0,11.0,20.0,12.0,14.0,1.0,1.0,1.0,1.17647058824,1.0,1.27272727273,27.0,22.0,16.0,37.0,17.0,19.0,0.147540983607,0.122905027933,0.0851063829787,0.177884615385,0.104938271605,0.11801242236,183.0,179.0,188.0,208.0,162.0,161.0,89.0,138.0,56.0,82.0,989.0,16.0,76.0,1081.0,36.0,0.127659574468,3.5,1.07894736842,10,1,18,40
2016-10-01 15:40:00,3.0,1.0,5.0,1.0,2.0,2.0,12.0,5.0,17.0,5.0,5.0,7.0,4.0,5.0,3.4,5.0,2.5,3.5,3.0,8.0,7.0,7.0,5.0,3.0,166.0,176.0,186.0,149.0,148.0,123.0,10.0,11.0,17.0,12.0,11.0,9.0,10.0,11.0,20.0,12.0,14.0,9.0,1.0,1.0,1.17647058824,1.0,1.27272727273,1.0,22.0,16.0,37.0,17.0,19.0,16.0,0.122905027933,0.0851063829787,0.177884615385,0.104938271605,0.11801242236,0.119402985075,179.0,188.0,208.0,162.0,161.0,134.0,76.0,127.0,51.0,76.0,948.0,14.0,70.0,1032.0,33.0,0.123062015504,3.64285714286,1.08571428571,10,1,19,0
2016-10-01 16:00:00,1.0,5.0,1.0,2.0,2.0,5.0,5.0,17.0,5.0,5.0,7.0,19.0,5.0,3.4,5.0,2.5,3.5,3.8,8.0,7.0,7.0,5.0,3.0,1.0,176.0,186.0,149.0,148.0,123.0,84.0,11.0,17.0,12.0,11.0,9.0,8.0,11.0,20.0,12.0,14.0,9.0,8.0,1.0,1.17647058824,1.0,1.27272727273,1.0,1.0,16.0,37.0,17.0,19.0,16.0,27.0,0.0851063829787,0.177884615385,0.104938271605,0.11801242236,0.119402985075,0.278350515464,188.0,208.0,162.0,161.0,134.0,97.0,77.0,132.0,58.0,74.0,866.0,16.0,68.0,950.0,31.0,0.138947368421,3.625,1.08823529412,10,1,19,20
2016-10-01 16:20:00,5.0,1.0,2.0,2.0,5.0,2.0,17.0,5.0,5.0,7.0,19.0,7.0,3.4,5.0,2.5,3.5,3.8,3.5,7.0,7.0,5.0,3.0,1.0,3.0,186.0,149.0,148.0,123.0,84.0,88.0,17.0,12.0,11.0,9.0,8.0,9.0,20.0,12.0,14.0,9.0,8.0,9.0,1.17647058824,1.0,1.27272727273,1.0,1.0,1.0,37.0,17.0,19.0,16.0,27.0,16.0,0.177884615385,0.104938271605,0.11801242236,0.119402985075,0.278350515464,0.161616161616,208.0,162.0,161.0,134.0,97.0,99.0,94.0,132.0,60.0,72.0,778.0,17.0,66.0,861.0,26.0,0.15331010453,3.52941176471,1.09090909091,10,1,19,40
2016-10-01 16:40:00,1.0,2.0,2.0,5.0,2.0,2.0,5.0,5.0,7.0,19.0,7.0,5.0,5.0,2.5,3.5,3.8,3.5,2.5,7.0,5.0,3.0,1.0,3.0,2.0,149.0,148.0,123.0,84.0,88.0,77.0,12.0,11.0,9.0,8.0,9.0,3.0,12.0,14.0,9.0,8.0,9.0,3.0,1.0,1.27272727273,1.0,1.0,1.0,1.0,17.0,19.0,16.0,27.0,16.0,8.0,0.104938271605,0.11801242236,0.119402985075,0.278350515464,0.161616161616,0.0975609756098,162.0,161.0,134.0,97.0,99.0,82.0,88.0,103.0,48.0,55.0,669.0,14.0,52.0,735.0,21.0,0.140136054422,3.42857142857,1.05769230769,10,1,20,0
2016-10-01 17:00:00,2.0,2.0,5.0,2.0,2.0,2.0,5.0,7.0,19.0,7.0,5.0,5.0,2.5,3.5,3.8,3.5,2.5,2.5,5.0,3.0,1.0,3.0,2.0,0.0,148.0,123.0,84.0,88.0,77.0,84.0,11.0,9.0,8.0,9.0,3.0,3.0,14.0,9.0,8.0,9.0,3.0,3.0,1.27272727273,1.0,1.0,1.0,1.0,1.0,19.0,16.0,27.0,16.0,8.0,8.0,0.11801242236,0.119402985075,0.278350515464,0.161616161616,0.0975609756098,0.0898876404494,161.0,134.0,97.0,99.0,82.0,89.0,68.0,94.0,48.0,46.0,604.0,15.0,43.0,662.0,14.0,0.141993957704,3.2,1.06976744186,10,1,20,20
2016-10-01 17:20:00,2.0,5.0,2.0,2.0,2.0,2.0,7.0,19.0,7.0,5.0,5.0,4.0,3.5,3.8,3.5,2.5,2.5,2.0,3.0,1.0,3.0,2.0,0.0,4.0,123.0,84.0,88.0,77.0,84.0,68.0,9.0,8.0,9.0,3.0,3.0,6.0,9.0,8.0,9.0,3.0,3.0,6.0,1.0,1.0,1.0,1.0,1.0,1.0,16.0,27.0,16.0,8.0,8.0,10.0,0.119402985075,0.278350515464,0.161616161616,0.0975609756098,0.0898876404494,0.131578947368,134.0,97.0,99.0,82.0,89.0,76.0,79.0,85.0,47.0,38.0,524.0,15.0,38.0,577.0,13.0,0.147313691508,3.13333333333,1.0,10,1,20,40
2016-10-01 17:40:00,5.0,2.0,2.0,2.0,2.0,3.0,19.0,7.0,5.0,5.0,4.0,9.0,3.8,3.5,2.5,2.5,2.0,3.0,1.0,3.0,2.0,0.0,4.0,3.0,84.0,88.0,77.0,84.0,68.0,70.0,8.0,9.0,3.0,3.0,6.0,4.0,8.0,9.0,3.0,3.0,6.0,4.0,1.0,1.0,1.0,1.0,1.0,1.0,27.0,16.0,8.0,8.0,10.0,13.0,0.278350515464,0.161616161616,0.0975609756098,0.0898876404494,0.131578947368,0.168831168831,97.0,99.0,82.0,89.0,76.0,77.0,51.0,82.0,49.0,33.0,471.0,16.0,33.0,520.0,13.0,0.157692307692,3.0625,1.0,10,1,21,0
2016-10-01 18:00:00,2.0,2.0,2.0,2.0,3.0,4.0,7.0,5.0,5.0,4.0,9.0,13.0,3.5,2.5,2.5,2.0,3.0,3.25,3.0,2.0,0.0,4.0,3.0,5.0,88.0,77.0,84.0,68.0,70.0,83.0,9.0,3.0,3.0,6.0,4.0,7.0,9.0,3.0,3.0,6.0,4.0,7.0,1.0,1.0,1.0,1.0,1.0,1.0,16.0,8.0,8.0,10.0,13.0,20.0,0.161616161616,0.0975609756098,0.0898876404494,0.131578947368,0.168831168831,0.212765957447,99.0,82.0,89.0,76.0,77.0,94.0,52.0,75.0,43.0,32.0,470.0,15.0,32.0,517.0,17.0,0.145067698259,2.86666666667,1.0,10,1,21,20
2016-10-01 18:20:00,2.0,2.0,2.0,3.0,4.0,1.0,5.0,5.0,4.0,9.0,13.0,3.0,2.5,2.5,2.0,3.0,3.25,3.0,2.0,0.0,4.0,3.0,5.0,2.0,77.0,84.0,68.0,70.0,83.0,83.0,3.0,3.0,6.0,4.0,7.0,4.0,3.0,3.0,6.0,4.0,7.0,4.0,1.0,1.0,1.0,1.0,1.0,1.0,8.0,8.0,10.0,13.0,20.0,7.0,0.0975609756098,0.0898876404494,0.131578947368,0.168831168831,0.212765957447,0.0795454545455,82.0,89.0,76.0,77.0,94.0,88.0,52.0,66.0,39.0,27.0,465.0,14.0,27.0,506.0,16.0,0.130434782609,2.78571428571,1.0,10,1,21,40
2016-10-01 18:40:00,2.0,2.0,3.0,4.0,1.0,10.0,5.0,4.0,9.0,13.0,3.0,27.0,2.5,2.0,3.0,3.25,3.0,2.7,0.0,4.0,3.0,5.0,2.0,1.0,84.0,68.0,70.0,83.0,83.0,54.0,3.0,6.0,4.0,7.0,4.0,4.0,3.0,6.0,4.0,7.0,4.0,4.0,1.0,1.0,1.0,1.0,1.0,1.0,8.0,10.0,13.0,20.0,7.0,31.0,0.0898876404494,0.131578947368,0.168831168831,0.212765957447,0.0795454545455,0.455882352941,89.0,76.0,77.0,94.0,88.0,68.0,46.0,89.0,61.0,28.0,442.0,22.0,28.0,492.0,15.0,0.180894308943,2.77272727273,1.0,10,1,22,0
2016-10-01 19:00:00,2.0,3.0,4.0,1.0,10.0,2.0,4.0,9.0,13.0,3.0,27.0,7.0,2.0,3.0,3.25,3.0,2.7,3.5,4.0,3.0,5.0,2.0,1.0,2.0,68.0,70.0,83.0,83.0,54.0,74.0,6.0,4.0,7.0,4.0,4.0,3.0,6.0,4.0,7.0,4.0,4.0,3.0,1.0,1.0,1.0,1.0,1.0,1.0,10.0,13.0,20.0,7.0,31.0,10.0,0.131578947368,0.168831168831,0.212765957447,0.0795454545455,0.455882352941,0.126582278481,76.0,77.0,94.0,88.0,68.0,79.0,23.0,91.0,63.0,28.0,432.0,22.0,28.0,482.0,17.0,0.188796680498,2.86363636364,1.0,10,1,22,20
2016-10-01 19:20:00,3.0,4.0,1.0,10.0,2.0,1.0,9.0,13.0,3.0,27.0,7.0,2.0,3.0,3.25,3.0,2.7,3.5,2.0,3.0,5.0,2.0,1.0,2.0,2.0,70.0,83.0,83.0,54.0,74.0,47.0,4.0,7.0,4.0,4.0,3.0,3.0,4.0,7.0,4.0,4.0,3.0,3.0,1.0,1.0,1.0,1.0,1.0,1.0,13.0,20.0,7.0,31.0,10.0,5.0,0.168831168831,0.212765957447,0.0795454545455,0.455882352941,0.126582278481,0.0980392156863,77.0,94.0,88.0,68.0,79.0,51.0,41.0,86.0,61.0,25.0,411.0,21.0,25.0,457.0,15.0,0.18818380744,2.90476190476,1.0,10,1,22,40
2016-10-01 19:40:00,4.0,1.0,10.0,2.0,1.0,1.0,13.0,3.0,27.0,7.0,2.0,5.0,3.25,3.0,2.7,3.5,2.0,5.0,5.0,2.0,1.0,2.0,2.0,3.0,83.0,83.0,54.0,74.0,47.0,47.0,7.0,4.0,4.0,3.0,3.0,4.0,7.0,4.0,4.0,3.0,3.0,4.0,1.0,1.0,1.0,1.0,1.0,1.0,20.0,7.0,31.0,10.0,5.0,9.0,0.212765957447,0.0795454545455,0.455882352941,0.126582278481,0.0980392156863,0.173076923077,94.0,88.0,68.0,79.0,51.0,52.0,35.0,82.0,57.0,25.0,388.0,19.0,25.0,432.0,15.0,0.189814814815,3.0,1.0,10,1,23,0
2016-10-01 20:00:00,1.0,10.0,2.0,1.0,1.0,3.0,3.0,27.0,7.0,2.0,5.0,12.0,3.0,2.7,3.5,2.0,5.0,4.0,2.0,1.0,2.0,2.0,3.0,1.0,83.0,54.0,74.0,47.0,47.0,46.0,4.0,4.0,3.0,3.0,4.0,3.0,4.0,4.0,3.0,3.0,4.0,6.0,1.0,1.0,1.0,1.0,1.0,2.0,7.0,31.0,10.0,5.0,9.0,18.0,0.0795454545455,0.455882352941,0.126582278481,0.0980392156863,0.173076923077,0.346153846154,88.0,68.0,79.0,51.0,52.0,52.0,16.0,80.0,56.0,24.0,351.0,18.0,21.0,390.0,11.0,0.205128205128,3.11111111111,1.14285714286,10,1,23,20
2016-10-01 20:20:00,10.0,2.0,1.0,1.0,3.0,1.0,27.0,7.0,2.0,5.0,12.0,3.0,2.7,3.5,2.0,5.0,4.0,3.0,1.0,2.0,2.0,3.0,1.0,2.0,54.0,74.0,47.0,47.0,46.0,42.0,4.0,3.0,3.0,4.0,3.0,3.0,4.0,3.0,3.0,4.0,6.0,3.0,1.0,1.0,1.0,1.0,2.0,1.0,31.0,10.0,5.0,9.0,18.0,6.0,0.455882352941,0.126582278481,0.0980392156863,0.173076923077,0.346153846154,0.130434782609,68.0,79.0,51.0,52.0,52.0,46.0,13.0,79.0,56.0,23.0,310.0,18.0,20.0,348.0,11.0,0.227011494253,3.11111111111,1.15,10,1,23,40
2016-10-01 20:40:00,2.0,1.0,1.0,3.0,1.0,1.0,7.0,2.0,5.0,12.0,3.0,5.0,3.5,2.0,5.0,4.0,3.0,5.0,2.0,2.0,3.0,1.0,2.0,3.0,74.0,47.0,47.0,46.0,42.0,19.0,3.0,3.0,4.0,3.0,3.0,3.0,3.0,3.0,4.0,6.0,3.0,3.0,1.0,1.0,1.0,2.0,1.0,1.0,10.0,5.0,9.0,18.0,6.0,8.0,0.126582278481,0.0980392156863,0.173076923077,0.346153846154,0.130434782609,0.347826086957,79.0,51.0,52.0,52.0,46.0,23.0,7.0,56.0,34.0,22.0,275.0,9.0,19.0,303.0,13.0,0.184818481848,3.77777777778,1.15789473684,10,2,0,0
2016-10-01 21:00:00,1.0,1.0,3.0,1.0,1.0,1.0,2.0,5.0,12.0,3.0,5.0,5.0,2.0,5.0,4.0,3.0,5.0,5.0,2.0,3.0,1.0,2.0,3.0,1.0,47.0,47.0,46.0,42.0,19.0,38.0,3.0,4.0,3.0,3.0,3.0,2.0,3.0,4.0,6.0,3.0,3.0,2.0,1.0,1.0,2.0,1.0,1.0,1.0,5.0,9.0,18.0,6.0,8.0,7.0,0.0980392156863,0.173076923077,0.346153846154,0.130434782609,0.347826086957,0.170731707317,51.0,52.0,52.0,46.0,23.0,41.0,3.0,53.0,32.0,21.0,239.0,8.0,18.0,265.0,12.0,0.2,4.0,1.16666666667,10,2,0,20
2016-10-01 21:20:00,1.0,3.0,1.0,1.0,1.0,2.0,5.0,12.0,3.0,5.0,5.0,10.0,5.0,4.0,3.0,5.0,5.0,5.0,3.0,1.0,2.0,3.0,1.0,0.0,47.0,46.0,42.0,19.0,38.0,32.0,4.0,3.0,3.0,3.0,2.0,1.0,4.0,6.0,3.0,3.0,2.0,1.0,1.0,2.0,1.0,1.0,1.0,1.0,9.0,18.0,6.0,8.0,7.0,11.0,0.173076923077,0.346153846154,0.130434782609,0.347826086957,0.170731707317,0.314285714286,52.0,52.0,46.0,23.0,41.0,35.0,3.0,59.0,40.0,19.0,224.0,9.0,16.0,249.0,10.0,0.236947791165,4.44444444444,1.1875,10,2,0,40
2016-10-01 21:40:00,3.0,1.0,1.0,1.0,2.0,0.0,12.0,3.0,5.0,5.0,10.0,0.0,4.0,3.0,5.0,5.0,5.0,0.0,1.0,2.0,3.0,1.0,0.0,0.0,46.0,42.0,19.0,38.0,32.0,16.0,3.0,3.0,3.0,2.0,1.0,0.0,6.0,3.0,3.0,2.0,1.0,0.0,2.0,1.0,1.0,1.0,1.0,0.0,18.0,6.0,8.0,7.0,11.0,0.0,0.346153846154,0.130434782609,0.347826086957,0.170731707317,0.314285714286,0.0,52.0,46.0,23.0,41.0,35.0,16.0,9.0,50.0,35.0,15.0,193.0,8.0,12.0,213.0,7.0,0.234741784038,4.375,1.25,10,2,1,0
2016-10-01 22:00:00,1.0,1.0,1.0,2.0,0.0,0.0,3.0,5.0,5.0,10.0,0.0,0.0,3.0,5.0,5.0,5.0,0.0,0.0,2.0,3.0,1.0,0.0,0.0,0.0,42.0,19.0,38.0,32.0,16.0,13.0,3.0,3.0,2.0,1.0,0.0,0.0,3.0,3.0,2.0,1.0,0.0,0.0,1.0,1.0,1.0,1.0,0.0,0.0,6.0,8.0,7.0,11.0,0.0,0.0,0.130434782609,0.347826086957,0.170731707317,0.314285714286,0.0,0.0,46.0,23.0,41.0,35.0,16.0,13.0,4.0,32.0,23.0,9.0,160.0,5.0,9.0,174.0,6.0,0.183908045977,4.6,1.0,10,2,1,20
2016-10-01 22:20:00,1.0,1.0,2.0,0.0,0.0,0.0,5.0,5.0,10.0,0.0,0.0,0.0,5.0,5.0,5.0,0.0,0.0,0.0,3.0,1.0,0.0,0.0,0.0,0.0,19.0,38.0,32.0,16.0,13.0,7.0,3.0,2.0,1.0,0.0,0.0,0.0,3.0,2.0,1.0,0.0,0.0,0.0,1.0,1.0,1.0,0.0,0.0,0.0,8.0,7.0,11.0,0.0,0.0,0.0,0.347826086957,0.170731707317,0.314285714286,0.0,0.0,0.0,23.0,41.0,35.0,16.0,13.0,7.0,18.0,26.0,20.0,6.0,125.0,4.0,6.0,135.0,4.0,0.192592592593,5.0,1.0,10,2,1,40
2016-10-01 22:40:00,1.0,2.0,0.0,0.0,0.0,0.0,5.0,10.0,0.0,0.0,0.0,0.0,5.0,5.0,0.0,0.0,0.0,0.0,1.0,0.0,0.0,0.0,0.0,0.0,38.0,32.0,16.0,13.0,7.0,3.0,2.0,1.0,0.0,0.0,0.0,0.0,2.0,1.0,0.0,0.0,0.0,0.0,1.0,1.0,0.0,0.0,0.0,0.0,7.0,11.0,0.0,0.0,0.0,0.0,0.170731707317,0.314285714286,0.0,0.0,0.0,0.0,41.0,35.0,16.0,13.0,7.0,3.0,6.0,18.0,15.0,3.0,109.0,3.0,3.0,115.0,1.0,0.15652173913,5.0,1.0,10,2,2,0
2016-10-01 23:00:00,2.0,0.0,0.0,0.0,0.0,0.0,10.0,0.0,0.0,0.0,0.0,0.0,5.0,0.0,0.0,0.0,0.0,0.0,0.0,0.0,0.0,0.0,0.0,0.0,32.0,16.0,13.0,7.0,3.0,3.0,1.0,0.0,0.0,0.0,0.0,0.0,1.0,0.0,0.0,0.0,0.0,0.0,1.0,0.0,0.0,0.0,0.0,0.0,11.0,0.0,0.0,0.0,0.0,0.0,0.314285714286,0.0,0.0,0.0,0.0,0.0,35.0,16.0,13.0,7.0,3.0,3.0,4.0,11.0,10.0,1.0,74.0,2.0,1.0,77.0,0.0,0.142857142857,5.0,1.0,10,2,2,20
2016-10-01 23:20:00,0.0,0.0,0.0,0.0,0.0,1.0,0.0,0.0,0.0,0.0,0.0,3.0,0.0,0.0,0.0,0.0,0.0,3.0,0.0,0.0,0.0,0.0,0.0,0.0,16.0,13.0,7.0,3.0,3.0,6.0,0.0,0.0,0.0,0.0,0.0,2.0,0.0,0.0,0.0,0.0,0.0,2.0,0.0,0.0,0.0,0.0,0.0,1.0,0.0,0.0,0.0,0.0,0.0,5.0,0.0,0.0,0.0,0.0,0.0,0.555555555556,16.0,13.0,7.0,3.0,3.0,9.0,10.0,5.0,3.0,2.0,48.0,1.0,2.0,51.0,0.0,0.0980392156863,3.0,1.0,10,2,2,40
2016-10-02 00:00:00,0.0,0.0,0.0,0.0,1.0,1.0,0.0,0.0,0.0,0.0,3.0,2.0,0.0,0.0,0.0,0.0,3.0,2.0,0.0,0.0,0.0,0.0,0.0,0.0,13.0,7.0,3.0,3.0,6.0,3.0,0.0,0.0,0.0,0.0,2.0,0.0,0.0,0.0,0.0,0.0,2.0,0.0,0.0,0.0,0.0,0.0,1.0,0.0,0.0,0.0,0.0,0.0,5.0,2.0,0.0,0.0,0.0,0.0,0.555555555556,0.5,13.0,7.0,3.0,3.0,9.0,4.0,10.0,7.0,5.0,2.0,35.0,2.0,2.0,39.0,0.0,0.179487179487,2.5,1.0,10,2,3,20
2016-10-02 00:20:00,0.0,0.0,0.0,1.0,1.0,2.0,0.0,0.0,0.0,3.0,2.0,8.0,0.0,0.0,0.0,3.0,2.0,4.0,0.0,0.0,0.0,0.0,0.0,1.0,7.0,3.0,3.0,6.0,3.0,15.0,0.0,0.0,0.0,2.0,0.0,1.0,0.0,0.0,0.0,2.0,0.0,1.0,0.0,0.0,0.0,1.0,0.0,1.0,0.0,0.0,0.0,5.0,2.0,9.0,0.0,0.0,0.0,0.555555555556,0.5,0.5,7.0,3.0,3.0,9.0,4.0,18.0,4.0,16.0,13.0,3.0,37.0,4.0,3.0,44.0,1.0,0.363636363636,3.25,1.0,10,2,3,40
2016-10-02 00:40:00,0.0,0.0,1.0,1.0,2.0,1.0,0.0,0.0,3.0,2.0,8.0,5.0,0.0,0.0,3.0,2.0,4.0,5.0,0.0,0.0,0.0,0.0,1.0,0.0,3.0,3.0,6.0,3.0,15.0,5.0,0.0,0.0,2.0,0.0,1.0,0.0,0.0,0.0,2.0,0.0,1.0,0.0,0.0,0.0,1.0,0.0,1.0,0.0,0.0,0.0,5.0,2.0,9.0,5.0,0.0,0.0,0.555555555556,0.5,0.5,0.833333333333,3.0,3.0,9.0,4.0,18.0,6.0,9.0,21.0,18.0,3.0,35.0,5.0,3.0,43.0,1.0,0.488372093023,3.6,1.0,10,2,4,0
2016-10-02 01:00:00,0.0,1.0,1.0,2.0,1.0,1.0,0.0,3.0,2.0,8.0,5.0,2.0,0.0,3.0,2.0,4.0,5.0,2.0,0.0,0.0,0.0,1.0,0.0,0.0,3.0,6.0,3.0,15.0,5.0,3.0,0.0,2.0,0.0,1.0,0.0,0.0,0.0,2.0,0.0,1.0,0.0,0.0,0.0,1.0,0.0,1.0,0.0,0.0,0.0,5.0,2.0,9.0,5.0,2.0,0.0,0.555555555556,0.5,0.5,0.833333333333,0.5,3.0,9.0,4.0,18.0,6.0,4.0,10.0,23.0,20.0,3.0,35.0,6.0,3.0,44.0,1.0,0.522727272727,3.33333333333,1.0,10,2,4,20
2016-10-02 01:20:00,1.0,1.0,2.0,1.0,1.0,5.0,3.0,2.0,8.0,5.0,2.0,23.0,3.0,2.0,4.0,5.0,2.0,4.6,0.0,0.0,1.0,0.0,0.0,0.0,6.0,3.0,15.0,5.0,3.0,5.0,2.0,0.0,1.0,0.0,0.0,0.0,2.0,0.0,1.0,0.0,0.0,0.0,1.0,0.0,1.0,0.0,0.0,0.0,5.0,2.0,9.0,5.0,2.0,23.0,0.555555555556,0.5,0.5,0.833333333333,0.5,2.3,9.0,4.0,18.0,6.0,4.0,10.0,28.0,46.0,43.0,3.0,37.0,11.0,3.0,51.0,1.0,0.901960784314,3.90909090909,1.0,10,2,4,40
2016-10-02 01:40:00,1.0,2.0,1.0,1.0,5.0,1.0,2.0,8.0,5.0,2.0,23.0,5.0,2.0,4.0,5.0,2.0,4.6,5.0,0.0,1.0,0.0,0.0,0.0,2.0,3.0,15.0,5.0,3.0,5.0,7.0,0.0,1.0,0.0,0.0,0.0,2.0,0.0,1.0,0.0,0.0,0.0,2.0,0.0,1.0,0.0,0.0,0.0,1.0,2.0,9.0,5.0,2.0,23.0,7.0,0.5,0.5,0.833333333333,0.5,2.3,0.7,4.0,18.0,6.0,4.0,10.0,10.0,27.0,48.0,45.0,3.0,38.0,11.0,3.0,52.0,3.0,0.923076923077,4.09090909091,1.0,10,2,5,0
2016-10-02 02:00:00,2.0,1.0,1.0,5.0,1.0,0.0,8.0,5.0,2.0,23.0,5.0,0.0,4.0,5.0,2.0,4.6,5.0,0.0,1.0,0.0,0.0,0.0,2.0,1.0,15.0,5.0,3.0,5.0,7.0,3.0,1.0,0.0,0.0,0.0,2.0,1.0,1.0,0.0,0.0,0.0,2.0,1.0,1.0,0.0,0.0,0.0,1.0,1.0,9.0,5.0,2.0,23.0,7.0,1.0,0.5,0.833333333333,0.5,2.3,0.7,0.25,18.0,6.0,4.0,10.0,10.0,4.0,28.0,47.0,43.0,4.0,38.0,10.0,4.0,52.0,4.0,0.903846153846,4.3,1.0,10,2,5,20
2016-10-02 02:20:00,1.0,1.0,5.0,1.0,0.0,2.0,5.0,2.0,23.0,5.0,0.0,4.0,5.0,2.0,4.6,5.0,0.0,2.0,0.0,0.0,0.0,2.0,1.0,0.0,5.0,3.0,5.0,7.0,3.0,7.0,0.0,0.0,0.0,2.0,1.0,0.0,0.0,0.0,0.0,2.0,1.0,0.0,0.0,0.0,0.0,1.0,1.0,0.0,5.0,2.0,23.0,7.0,1.0,4.0,0.833333333333,0.5,2.3,0.7,0.25,0.444444444444,6.0,4.0,10.0,10.0,4.0,9.0,45.0,42.0,39.0,3.0,30.0,10.0,3.0,43.0,3.0,0.976744186047,3.9,1.0,10,2,5,40
2016-10-02 02:40:00,1.0,5.0,1.0,0.0,2.0,1.0,2.0,23.0,5.0,0.0,4.0,5.0,2.0,4.6,5.0,0.0,2.0,5.0,0.0,0.0,2.0,1.0,0.0,0.0,3.0,5.0,7.0,3.0,7.0,7.0,0.0,0.0,2.0,1.0,0.0,2.0,0.0,0.0,2.0,1.0,0.0,2.0,0.0,0.0,1.0,1.0,0.0,1.0,2.0,23.0,7.0,1.0,4.0,7.0,0.5,2.3,0.7,0.25,0.444444444444,0.7,4.0,10.0,10.0,4.0,9.0,10.0,64.0,44.0,39.0,5.0,32.0,10.0,5.0,47.0,3.0,0.936170212766,3.9,1.0,10,2,6,0
2016-10-02 03:00:00,5.0,1.0,0.0,2.0,1.0,5.0,23.0,5.0,0.0,4.0,5.0,22.0,4.6,5.0,0.0,2.0,5.0,4.4,0.0,2.0,1.0,0.0,0.0,1.0,5.0,7.0,3.0,7.0,7.0,20.0,0.0,2.0,1.0,0.0,2.0,3.0,0.0,2.0,1.0,0.0,2.0,3.0,0.0,1.0,1.0,0.0,1.0,1.0,23.0,7.0,1.0,4.0,7.0,25.0,2.3,0.7,0.25,0.444444444444,0.7,0.892857142857,10.0,10.0,4.0,9.0,10.0,28.0,79.0,67.0,59.0,8.0,49.0,14.0,8.0,71.0,4.0,0.943661971831,4.21428571429,1.0,10,2,6,20
2016-10-02 03:20:00,1.0,0.0,2.0,1.0,5.0,8.0,5.0,0.0,4.0,5.0,22.0,26.0,5.0,0.0,2.0,5.0,4.4,3.25,2.0,1.0,0.0,0.0,1.0,0.0,7.0,3.0,7.0,7.0,20.0,18.0,2.0,1.0,0.0,2.0,3.0,1.0,2.0,1.0,0.0,2.0,3.0,1.0,1.0,1.0,0.0,1.0,1.0,1.0,7.0,1.0,4.0,7.0,25.0,27.0,0.7,0.25,0.444444444444,0.7,0.892857142857,1.0,10.0,4.0,9.0,10.0,28.0,27.0,73.0,71.0,62.0,9.0,62.0,17.0,9.0,88.0,4.0,0.806818181818,3.64705882353,1.0,10,2,6,40
2016-10-02 03:40:00,0.0,2.0,1.0,5.0,8.0,4.0,0.0,4.0,5.0,22.0,26.0,12.0,0.0,2.0,5.0,4.4,3.25,3.0,1.0,0.0,0.0,1.0,0.0,0.0,3.0,7.0,7.0,20.0,18.0,23.0,1.0,0.0,2.0,3.0,1.0,1.0,1.0,0.0,2.0,3.0,1.0,1.0,1.0,0.0,1.0,1.0,1.0,1.0,1.0,4.0,7.0,25.0,27.0,13.0,0.25,0.444444444444,0.7,0.892857142857,1.0,0.464285714286,4.0,9.0,10.0,28.0,27.0,28.0,163.0,77.0,69.0,8.0,78.0,20.0,8.0,106.0,2.0,0.72641509434,3.45,1.0,10,2,7,0
2016-10-02 04:00:00,2.0,1.0,5.0,8.0,4.0,7.0,4.0,5.0,22.0,26.0,12.0,25.0,2.0,5.0,4.4,3.25,3.0,3.57142857143,0.0,0.0,1.0,0.0,0.0,1.0,7.0,7.0,20.0,18.0,23.0,36.0,0.0,2.0,3.0,1.0,1.0,2.0,0.0,2.0,3.0,1.0,1.0,2.0,0.0,1.0,1.0,1.0,1.0,1.0,4.0,7.0,25.0,27.0,13.0,27.0,0.444444444444,0.7,0.892857142857,1.0,0.464285714286,0.6,9.0,10.0,28.0,27.0,28.0,45.0,164.0,103.0,94.0,9.0,111.0,27.0,9.0,147.0,2.0,0.700680272109,3.48148148148,1.0,10,2,7,20
2016-10-02 04:20:00,1.0,5.0,8.0,4.0,7.0,1.0,5.0,22.0,26.0,12.0,25.0,2.0,5.0,4.4,3.25,3.0,3.57142857143,2.0,0.0,1.0,0.0,0.0,1.0,0.0,7.0,20.0,18.0,23.0,36.0,58.0,2.0,3.0,1.0,1.0,2.0,5.0,2.0,3.0,1.0,1.0,2.0,11.0,1.0,1.0,1.0,1.0,1.0,2.2,7.0,25.0,27.0,13.0,27.0,13.0,0.7,0.892857142857,1.0,0.464285714286,0.6,0.203125,10.0,28.0,27.0,28.0,45.0,64.0,168.0,112.0,92.0,20.0,162.0,26.0,14.0,202.0,2.0,0.554455445545,3.53846153846,1.42857142857,10,2,7,40
2016-10-02 04:40:00,5.0,8.0,4.0,7.0,1.0,3.0,22.0,26.0,12.0,25.0,2.0,9.0,4.4,3.25,3.0,3.57142857143,2.0,3.0,1.0,0.0,0.0,1.0,0.0,4.0,20.0,18.0,23.0,36.0,58.0,69.0,3.0,1.0,1.0,2.0,5.0,7.0,3.0,1.0,1.0,2.0,11.0,7.0,1.0,1.0,1.0,1.0,2.2,1.0,25.0,27.0,13.0,27.0,13.0,16.0,0.892857142857,1.0,0.464285714286,0.6,0.203125,0.20253164557,28.0,27.0,28.0,45.0,64.0,79.0,203.0,121.0,96.0,25.0,224.0,28.0,19.0,271.0,6.0,0.446494464945,3.42857142857,1.31578947368,10,2,8,0
2016-10-02 05:00:00,8.0,4.0,7.0,1.0,3.0,4.0,26.0,12.0,25.0,2.0,9.0,13.0,3.25,3.0,3.57142857143,2.0,3.0,3.25,0.0,0.0,1.0,0.0,4.0,7.0,18.0,23.0,36.0,58.0,69.0,60.0,1.0,1.0,2.0,5.0,7.0,9.0,1.0,1.0,2.0,11.0,7.0,9.0,1.0,1.0,1.0,2.2,1.0,1.0,27.0,13.0,27.0,13.0,16.0,22.0,1.0,0.464285714286,0.6,0.203125,0.20253164557,0.301369863014,27.0,28.0,45.0,64.0,79.0,73.0,237.0,118.0,87.0,31.0,264.0,27.0,25.0,316.0,12.0,0.373417721519,3.22222222222,1.24,10,2,8,20
2016-10-02 05:20:00,4.0,7.0,1.0,3.0,4.0,2.0,12.0,25.0,2.0,9.0,13.0,5.0,3.0,3.57142857143,2.0,3.0,3.25,2.5,0.0,1.0,0.0,4.0,7.0,4.0,23.0,36.0,58.0,69.0,60.0,156.0,1.0,2.0,5.0,7.0,9.0,5.0,1.0,2.0,11.0,7.0,9.0,5.0,1.0,1.0,2.2,1.0,1.0,1.0,13.0,27.0,13.0,16.0,22.0,10.0,0.464285714286,0.6,0.203125,0.20253164557,0.301369863014,0.0613496932515,28.0,45.0,64.0,79.0,73.0,163.0,277.0,101.0,66.0,35.0,402.0,21.0,29.0,452.0,16.0,0.223451327434,3.14285714286,1.20689655172,10,2,8,40
2016-10-02 05:40:00,7.0,1.0,3.0,4.0,2.0,5.0,25.0,2.0,9.0,13.0,5.0,16.0,3.57142857143,2.0,3.0,3.25,2.5,3.2,1.0,0.0,4.0,7.0,4.0,8.0,36.0,58.0,69.0,60.0,156.0,147.0,2.0,5.0,7.0,9.0,5.0,12.0,2.0,11.0,7.0,9.0,5.0,12.0,1.0,2.2,1.0,1.0,1.0,1.0,27.0,13.0,16.0,22.0,10.0,28.0,0.6,0.203125,0.20253164557,0.301369863014,0.0613496932515,0.170731707317,45.0,64.0,79.0,73.0,163.0,164.0,266.0,116.0,70.0,46.0,526.0,22.0,40.0,588.0,24.0,0.197278911565,3.18181818182,1.15,10,2,9,0
2016-10-02 06:00:00,1.0,3.0,4.0,2.0,5.0,5.0,2.0,9.0,13.0,5.0,16.0,16.0,2.0,3.0,3.25,2.5,3.2,3.2,0.0,4.0,7.0,4.0,8.0,5.0,58.0,69.0,60.0,156.0,147.0,153.0,5.0,7.0,9.0,5.0,12.0,10.0,11.0,7.0,9.0,5.0,12.0,10.0,2.2,1.0,1.0,1.0,1.0,1.0,13.0,16.0,22.0,10.0,28.0,26.0,0.203125,0.20253164557,0.301369863014,0.0613496932515,0.170731707317,0.154761904762,64.0,79.0,73.0,163.0,164.0,168.0,271.0,115.0,61.0,54.0,643.0,20.0,48.0,711.0,28.0,0.161744022504,3.05,1.125,10,2,9,20
2016-10-02 06:20:00,3.0,4.0,2.0,5.0,5.0,5.0,9.0,13.0,5.0,16.0,16.0,15.0,3.0,3.25,2.5,3.2,3.2,3.0,4.0,7.0,4.0,8.0,5.0,14.0,69.0,60.0,156.0,147.0,153.0,180.0,7.0,9.0,5.0,12.0,10.0,18.0,7.0,9.0,5.0,12.0,10.0,18.0,1.0,1.0,1.0,1.0,1.0,1.0,16.0,22.0,10.0,28.0,26.0,33.0,0.20253164557,0.301369863014,0.0613496932515,0.170731707317,0.154761904762,0.162561576355,79.0,73.0,163.0,164.0,168.0,203.0,211.0,135.0,74.0,61.0,765.0,24.0,61.0,850.0,42.0,0.158823529412,3.08333333333,1.0,10,2,9,40
2016-10-02 06:40:00,4.0,2.0,5.0,5.0,5.0,4.0,13.0,5.0,16.0,16.0,15.0,13.0,3.25,2.5,3.2,3.2,3.0,3.25,7.0,4.0,8.0,5.0,14.0,8.0,60.0,156.0,147.0,153.0,180.0,220.0,9.0,5.0,12.0,10.0,18.0,13.0,9.0,5.0,12.0,10.0,18.0,13.0,1.0,1.0,1.0,1.0,1.0,1.0,22.0,10.0,28.0,26.0,33.0,26.0,0.301369863014,0.0613496932515,0.170731707317,0.154761904762,0.162561576355,0.10970464135,73.0,163.0,164.0,168.0,203.0,237.0,130.0,145.0,78.0,67.0,916.0,25.0,67.0,1008.0,46.0,0.143849206349,3.12,1.0,10,2,10,0
2016-10-02 07:00:00,2.0,5.0,5.0,5.0,4.0,5.0,5.0,16.0,16.0,15.0,13.0,10.0,2.5,3.2,3.2,3.0,3.25,2.0,4.0,8.0,5.0,14.0,8.0,12.0,156.0,147.0,153.0,180.0,220.0,254.0,5.0,12.0,10.0,18.0,13.0,18.0,5.0,12.0,10.0,18.0,13.0,18.0,1.0,1.0,1.0,1.0,1.0,1.0,10.0,28.0,26.0,33.0,26.0,28.0,0.0613496932515,0.170731707317,0.154761904762,0.162561576355,0.10970464135,0.101083032491,163.0,164.0,168.0,203.0,237.0,277.0,152.0,151.0,75.0,76.0,1110.0,26.0,76.0,1212.0,51.0,0.124587458746,2.88461538462,1.0,10,2,10,20
2016-10-02 07:20:00,5.0,5.0,5.0,4.0,5.0,2.0,16.0,16.0,15.0,13.0,10.0,4.0,3.2,3.2,3.0,3.25,2.0,2.0,8.0,5.0,14.0,8.0,12.0,10.0,147.0,153.0,180.0,220.0,254.0,244.0,12.0,10.0,18.0,13.0,18.0,20.0,12.0,10.0,18.0,13.0,18.0,20.0,1.0,1.0,1.0,1.0,1.0,1.0,28.0,26.0,33.0,26.0,28.0,24.0,0.170731707317,0.154761904762,0.162561576355,0.10970464135,0.101083032491,0.0902255639098,164.0,168.0,203.0,237.0,277.0,266.0,194.0,165.0,74.0,91.0,1198.0,26.0,91.0,1315.0,57.0,0.125475285171,2.84615384615,1.0,10,2,10,40
2016-10-02 07:40:00,5.0,5.0,4.0,5.0,2.0,4.0,16.0,15.0,13.0,10.0,4.0,15.0,3.2,3.0,3.25,2.0,2.0,3.75,5.0,14.0,8.0,12.0,10.0,5.0,153.0,180.0,220.0,254.0,244.0,257.0,10.0,18.0,13.0,18.0,20.0,10.0,10.0,18.0,13.0,18.0,20.0,10.0,1.0,1.0,1.0,1.0,1.0,1.0,26.0,33.0,26.0,28.0,24.0,25.0,0.154761904762,0.162561576355,0.10970464135,0.101083032491,0.0902255639098,0.0922509225092,168.0,203.0,237.0,277.0,266.0,271.0,160.0,162.0,73.0,89.0,1308.0,25.0,89.0,1422.0,54.0,0.113924050633,2.92,1.0,10,2,11,0
2016-10-02 08:00:00,5.0,4.0,5.0,2.0,4.0,4.0,15.0,13.0,10.0,4.0,15.0,9.0,3.0,3.25,2.0,2.0,3.75,2.25,14.0,8.0,12.0,10.0,5.0,17.0,180.0,220.0,254.0,244.0,257.0,190.0,18.0,13.0,18.0,20.0,10.0,17.0,18.0,13.0,18.0,20.0,10.0,17.0,1.0,1.0,1.0,1.0,1.0,1.0,33.0,26.0,28.0,24.0,25.0,26.0,0.162561576355,0.10970464135,0.101083032491,0.0902255639098,0.0922509225092,0.123222748815,203.0,237.0,277.0,266.0,271.0,211.0,154.0,162.0,66.0,96.0,1345.0,24.0,96.0,1465.0,66.0,0.110580204778,2.75,1.0,10,2,11,20
2016-10-02 08:20:00,4.0,5.0,2.0,4.0,4.0,3.0,13.0,10.0,4.0,15.0,9.0,6.0,3.25,2.0,2.0,3.75,2.25,2.0,8.0,12.0,10.0,5.0,17.0,13.0,220.0,254.0,244.0,257.0,190.0,112.0,13.0,18.0,20.0,10.0,17.0,15.0,13.0,18.0,20.0,10.0,17.0,15.0,1.0,1.0,1.0,1.0,1.0,1.0,26.0,28.0,24.0,25.0,26.0,21.0,0.10970464135,0.101083032491,0.0902255639098,0.0922509225092,0.123222748815,0.161538461538,237.0,277.0,266.0,271.0,211.0,130.0,158.0,150.0,57.0,93.0,1277.0,22.0,93.0,1392.0,65.0,0.10775862069,2.59090909091,1.0,10,2,11,40
2016-10-02 08:40:00,5.0,2.0,4.0,4.0,3.0,5.0,10.0,4.0,15.0,9.0,6.0,13.0,2.0,2.0,3.75,2.25,2.0,2.6,12.0,10.0,5.0,17.0,13.0,21.0,254.0,244.0,257.0,190.0,112.0,123.0,18.0,20.0,10.0,17.0,15.0,24.0,18.0,20.0,10.0,17.0,15.0,24.0,1.0,1.0,1.0,1.0,1.0,1.0,28.0,24.0,25.0,26.0,21.0,37.0,0.101083032491,0.0902255639098,0.0922509225092,0.123222748815,0.161538461538,0.243421052632,277.0,266.0,271.0,211.0,130.0,152.0,146.0,161.0,57.0,104.0,1180.0,23.0,104.0,1307.0,78.0,0.123182861515,2.47826086957,1.0,10,2,12,0
2016-10-02 09:00:00,2.0,4.0,4.0,3.0,5.0,6.0,4.0,15.0,9.0,6.0,13.0,21.0,2.0,3.75,2.25,2.0,2.6,3.5,10.0,5.0,17.0,13.0,21.0,5.0,244.0,257.0,190.0,112.0,123.0,182.0,20.0,10.0,17.0,15.0,24.0,6.0,20.0,10.0,17.0,15.0,24.0,9.0,1.0,1.0,1.0,1.0,1.0,1.5,24.0,25.0,26.0,21.0,37.0,30.0,0.0902255639098,0.0922509225092,0.123222748815,0.161538461538,0.243421052632,0.154639175258,266.0,271.0,211.0,130.0,152.0,194.0,144.0,163.0,68.0,95.0,1108.0,24.0,92.0,1224.0,71.0,0.133169934641,2.83333333333,1.03260869565,10,2,12,20
2016-10-02 09:20:00,4.0,4.0,3.0,5.0,6.0,3.0,15.0,9.0,6.0,13.0,21.0,6.0,3.75,2.25,2.0,2.6,3.5,2.0,5.0,17.0,13.0,21.0,5.0,13.0,257.0,190.0,112.0,123.0,182.0,141.0,10.0,17.0,15.0,24.0,6.0,16.0,10.0,17.0,15.0,24.0,9.0,19.0,1.0,1.0,1.0,1.0,1.5,1.1875,25.0,26.0,21.0,37.0,30.0,25.0,0.0922509225092,0.123222748815,0.161538461538,0.243421052632,0.154639175258,0.15625,271.0,211.0,130.0,152.0,194.0,160.0,172.0,164.0,70.0,94.0,1005.0,25.0,88.0,1118.0,74.0,0.146690518784,2.8,1.06818181818,10,2,12,40
2016-10-02 09:40:00,4.0,3.0,5.0,6.0,3.0,5.0,9.0,6.0,13.0,21.0,6.0,19.0,2.25,2.0,2.6,3.5,2.0,3.8,17.0,13.0,21.0,5.0,13.0,6.0,190.0,112.0,123.0,182.0,141.0,139.0,17.0,15.0,24.0,6.0,16.0,10.0,17.0,15.0,24.0,9.0,19.0,10.0,1.0,1.0,1.0,1.5,1.1875,1.0,26.0,21.0,37.0,30.0,25.0,29.0,0.123222748815,0.161538461538,0.243421052632,0.154639175258,0.15625,0.188311688312,211.0,130.0,152.0,194.0,160.0,154.0,175.0,168.0,74.0,94.0,887.0,26.0,88.0,1001.0,75.0,0.167832167832,2.84615384615,1.06818181818,10,2,13,0
2016-10-02 10:00:00,3.0,5.0,6.0,3.0,5.0,8.0,6.0,13.0,21.0,6.0,19.0,32.0,2.0,2.6,3.5,2.0,3.8,4.0,13.0,21.0,5.0,13.0,6.0,10.0,112.0,123.0,182.0,141.0,139.0,137.0,15.0,24.0,6.0,16.0,10.0,13.0,15.0,24.0,9.0,19.0,10.0,13.0,1.0,1.0,1.5,1.1875,1.0,1.0,21.0,37.0,30.0,25.0,29.0,45.0,0.161538461538,0.243421052632,0.154639175258,0.15625,0.188311688312,0.284810126582,130.0,152.0,194.0,160.0,154.0,158.0,193.0,187.0,97.0,90.0,834.0,30.0,84.0,948.0,68.0,0.197257383966,3.23333333333,1.07142857143,10,2,13,20
2016-10-02 10:20:00,5.0,6.0,3.0,5.0,8.0,6.0,13.0,21.0,6.0,19.0,32.0,18.0,2.6,3.5,2.0,3.8,4.0,3.0,21.0,5.0,13.0,6.0,10.0,6.0,123.0,182.0,141.0,139.0,137.0,131.0,24.0,6.0,16.0,10.0,13.0,9.0,24.0,9.0,19.0,10.0,13.0,9.0,1.0,1.5,1.1875,1.0,1.0,1.0,37.0,30.0,25.0,29.0,45.0,27.0,0.243421052632,0.154639175258,0.15625,0.188311688312,0.284810126582,0.184931506849,152.0,194.0,160.0,154.0,158.0,146.0,202.0,193.0,109.0,84.0,853.0,33.0,78.0,964.0,61.0,0.20020746888,3.30303030303,1.07692307692,10,2,13,40
2016-10-02 10:40:00,6.0,3.0,5.0,8.0,6.0,4.0,21.0,6.0,19.0,32.0,18.0,13.0,3.5,2.0,3.8,4.0,3.0,3.25,5.0,13.0,6.0,10.0,6.0,10.0,182.0,141.0,139.0,137.0,131.0,129.0,6.0,16.0,10.0,13.0,9.0,11.0,9.0,19.0,10.0,13.0,9.0,17.0,1.5,1.1875,1.0,1.0,1.0,1.54545454545,30.0,25.0,29.0,45.0,27.0,30.0,0.154639175258,0.15625,0.188311688312,0.284810126582,0.184931506849,0.208333333333,194.0,160.0,154.0,158.0,146.0,144.0,158.0,186.0,109.0,77.0,859.0,32.0,65.0,956.0,50.0,0.194560669456,3.40625,1.18461538462,10,2,14,0
2016-10-02 11:00:00,3.0,5.0,8.0,6.0,4.0,6.0,6.0,19.0,32.0,18.0,13.0,16.0,2.0,3.8,4.0,3.0,3.25,2.66666666667,13.0,6.0,10.0,6.0,10.0,6.0,141.0,139.0,137.0,131.0,129.0,158.0,16.0,10.0,13.0,9.0,11.0,8.0,19.0,10.0,13.0,9.0,17.0,8.0,1.1875,1.0,1.0,1.0,1.54545454545,1.0,25.0,29.0,45.0,27.0,30.0,24.0,0.15625,0.188311688312,0.284810126582,0.184931506849,0.208333333333,0.139534883721,160.0,154.0,158.0,146.0,144.0,172.0,183.0,180.0,104.0,76.0,835.0,32.0,67.0,934.0,51.0,0.192719486081,3.25,1.13432835821,10,2,14,20
2016-10-02 11:20:00,5.0,8.0,6.0,4.0,6.0,6.0,19.0,32.0,18.0,13.0,16.0,18.0,3.8,4.0,3.0,3.25,2.66666666667,3.0,6.0,10.0,6.0,10.0,6.0,11.0,139.0,137.0,131.0,129.0,158.0,155.0,10.0,13.0,9.0,11.0,8.0,14.0,10.0,13.0,9.0,17.0,8.0,14.0,1.0,1.0,1.0,1.54545454545,1.0,1.0,29.0,45.0,27.0,30.0,24.0,32.0,0.188311688312,0.284810126582,0.184931506849,0.208333333333,0.139534883721,0.182857142857,154.0,158.0,146.0,144.0,172.0,175.0,183.0,187.0,116.0,71.0,849.0,35.0,65.0,949.0,49.0,0.197049525817,3.31428571429,1.09230769231,10,2,14,40
2016-10-02 11:40:00,8.0,6.0,4.0,6.0,6.0,4.0,32.0,18.0,13.0,16.0,18.0,12.0,4.0,3.0,3.25,2.66666666667,3.0,3.0,10.0,6.0,10.0,6.0,11.0,9.0,137.0,131.0,129.0,158.0,155.0,172.0,13.0,9.0,11.0,8.0,14.0,17.0,13.0,9.0,17.0,8.0,14.0,17.0,1.0,1.0,1.54545454545,1.0,1.0,1.0,45.0,27.0,30.0,24.0,32.0,29.0,0.284810126582,0.184931506849,0.208333333333,0.139534883721,0.182857142857,0.150259067358,158.0,146.0,144.0,172.0,175.0,193.0,182.0,187.0,109.0,78.0,882.0,34.0,72.0,988.0,52.0,0.189271255061,3.20588235294,1.08333333333,10,2,15,0
2016-10-02 12:00:00,6.0,4.0,6.0,6.0,4.0,3.0,18.0,13.0,16.0,18.0,12.0,6.0,3.0,3.25,2.66666666667,3.0,3.0,2.0,6.0,10.0,6.0,11.0,9.0,11.0,131.0,129.0,158.0,155.0,172.0,183.0,9.0,11.0,8.0,14.0,17.0,16.0,9.0,17.0,8.0,14.0,17.0,16.0,1.0,1.54545454545,1.0,1.0,1.0,1.0,27.0,30.0,24.0,32.0,29.0,22.0,0.184931506849,0.208333333333,0.139534883721,0.182857142857,0.150259067358,0.108910891089,146.0,144.0,172.0,175.0,193.0,202.0,170.0,164.0,83.0,81.0,928.0,29.0,75.0,1032.0,53.0,0.158914728682,2.86206896552,1.08,10,2,15,20
2016-10-02 12:20:00,4.0,6.0,6.0,4.0,3.0,4.0,13.0,16.0,18.0,12.0,6.0,12.0,3.25,2.66666666667,3.0,3.0,2.0,3.0,10.0,6.0,11.0,9.0,11.0,5.0,129.0,158.0,155.0,172.0,183.0,145.0,11.0,8.0,14.0,17.0,16.0,9.0,17.0,8.0,14.0,17.0,16.0,9.0,1.54545454545,1.0,1.0,1.0,1.0,1.0,30.0,24.0,32.0,29.0,22.0,21.0,0.208333333333,0.139534883721,0.182857142857,0.150259067358,0.108910891089,0.132911392405,144.0,172.0,175.0,193.0,202.0,158.0,167.0,158.0,77.0,81.0,942.0,27.0,75.0,1044.0,52.0,0.151340996169,2.85185185185,1.08,10,2,15,40
2016-10-02 12:40:00,6.0,6.0,4.0,3.0,4.0,4.0,16.0,18.0,12.0,6.0,12.0,12.0,2.66666666667,3.0,3.0,2.0,3.0,3.0,6.0,11.0,9.0,11.0,5.0,7.0,158.0,155.0,172.0,183.0,145.0,169.0,8.0,14.0,17.0,16.0,9.0,10.0,8.0,14.0,17.0,16.0,9.0,10.0,1.0,1.0,1.0,1.0,1.0,1.0,24.0,32.0,29.0,22.0,21.0,22.0,0.139534883721,0.182857142857,0.150259067358,0.108910891089,0.132911392405,0.120218579235,172.0,175.0,193.0,202.0,158.0,183.0,162.0,150.0,76.0,74.0,982.0,27.0,74.0,1083.0,49.0,0.138504155125,2.81481481481,1.0,10,2,16,0
2016-10-02 13:00:00,6.0,4.0,3.0,4.0,4.0,3.0,18.0,12.0,6.0,12.0,12.0,8.0,3.0,3.0,2.0,3.0,3.0,2.66666666667,11.0,9.0,11.0,5.0,7.0,7.0,155.0,172.0,183.0,145.0,169.0,169.0,14.0,17.0,16.0,9.0,10.0,11.0,14.0,17.0,16.0,9.0,10.0,11.0,1.0,1.0,1.0,1.0,1.0,1.0,32.0,29.0,22.0,21.0,22.0,19.0,0.182857142857,0.150259067358,0.108910891089,0.132911392405,0.120218579235,0.103825136612,175.0,193.0,202.0,158.0,183.0,183.0,168.0,145.0,68.0,77.0,993.0,24.0,77.0,1094.0,50.0,0.132541133455,2.83333333333,1.0,10,2,16,20
2016-10-02 13:20:00,4.0,3.0,4.0,4.0,3.0,5.0,12.0,6.0,12.0,12.0,8.0,19.0,3.0,2.0,3.0,3.0,2.66666666667,3.8,9.0,11.0,5.0,7.0,7.0,10.0,172.0,183.0,145.0,169.0,169.0,162.0,17.0,16.0,9.0,10.0,11.0,15.0,17.0,16.0,9.0,10.0,11.0,15.0,1.0,1.0,1.0,1.0,1.0,1.0,29.0,22.0,21.0,22.0,19.0,34.0,0.150259067358,0.108910891089,0.132911392405,0.120218579235,0.103825136612,0.186813186813,193.0,202.0,158.0,183.0,183.0,182.0,127.0,147.0,69.0,78.0,1000.0,23.0,78.0,1101.0,49.0,0.133514986376,3.0,1.0,10,2,16,40
2016-10-02 13:40:00,3.0,4.0,4.0,3.0,5.0,4.0,6.0,12.0,12.0,8.0,19.0,9.0,2.0,3.0,3.0,2.66666666667,3.8,2.25,11.0,5.0,7.0,7.0,10.0,9.0,183.0,145.0,169.0,169.0,162.0,155.0,16.0,9.0,10.0,11.0,15.0,11.0,16.0,9.0,10.0,11.0,15.0,11.0,1.0,1.0,1.0,1.0,1.0,1.0,22.0,21.0,22.0,19.0,34.0,20.0,0.108910891089,0.132911392405,0.120218579235,0.103825136612,0.186813186813,0.117647058824,202.0,158.0,183.0,183.0,182.0,170.0,166.0,138.0,66.0,72.0,983.0,23.0,72.0,1078.0,49.0,0.128014842301,2.86956521739,1.0,10,2,17,0
2016-10-02 14:00:00,4.0,4.0,3.0,5.0,4.0,4.0,12.0,12.0,8.0,19.0,9.0,18.0,3.0,3.0,2.66666666667,3.8,2.25,4.5,5.0,7.0,7.0,10.0,9.0,10.0,145.0,169.0,169.0,162.0,155.0,144.0,9.0,10.0,11.0,15.0,11.0,19.0,9.0,10.0,11.0,15.0,11.0,19.0,1.0,1.0,1.0,1.0,1.0,1.0,21.0,22.0,19.0,34.0,20.0,37.0,0.132911392405,0.120218579235,0.103825136612,0.186813186813,0.117647058824,0.221556886228,158.0,183.0,183.0,182.0,170.0,167.0,132.0,153.0,78.0,75.0,944.0,24.0,75.0,1043.0,48.0,0.146692233941,3.25,1.0,10,2,17,20
2016-10-02 14:20:00,4.0,3.0,5.0,4.0,4.0,2.0,12.0,8.0,19.0,9.0,18.0,5.0,3.0,2.66666666667,3.8,2.25,4.5,2.5,7.0,7.0,10.0,9.0,10.0,10.0,169.0,169.0,162.0,155.0,144.0,145.0,10.0,11.0,15.0,11.0,19.0,15.0,10.0,11.0,15.0,11.0,19.0,15.0,1.0,1.0,1.0,1.0,1.0,1.0,22.0,19.0,34.0,20.0,37.0,20.0,0.120218579235,0.103825136612,0.186813186813,0.117647058824,0.221556886228,0.123456790123,183.0,183.0,182.0,170.0,167.0,162.0,108.0,152.0,71.0,81.0,944.0,22.0,81.0,1047.0,53.0,0.14517669532,3.22727272727,1.0,10,2,17,40
2016-10-02 14:40:00,3.0,5.0,4.0,4.0,2.0,5.0,8.0,19.0,9.0,18.0,5.0,18.0,2.66666666667,3.8,2.25,4.5,2.5,3.6,7.0,10.0,9.0,10.0,10.0,6.0,169.0,162.0,155.0,144.0,145.0,149.0,11.0,15.0,11.0,19.0,15.0,14.0,11.0,15.0,11.0,19.0,15.0,20.0,1.0,1.0,1.0,1.0,1.0,1.42857142857,19.0,34.0,20.0,37.0,20.0,38.0,0.103825136612,0.186813186813,0.117647058824,0.221556886228,0.123456790123,0.22619047619,183.0,182.0,170.0,167.0,162.0,168.0,97.0,168.0,77.0,91.0,924.0,23.0,85.0,1032.0,52.0,0.162790697674,3.34782608696,1.07058823529,10,2,18,0
2016-10-02 15:00:00,5.0,4.0,4.0,2.0,5.0,1.0,19.0,9.0,18.0,5.0,18.0,3.0,3.8,2.25,4.5,2.5,3.6,3.0,10.0,9.0,10.0,10.0,6.0,11.0,162.0,155.0,144.0,145.0,149.0,109.0,15.0,11.0,19.0,15.0,14.0,17.0,15.0,11.0,19.0,15.0,20.0,17.0,1.0,1.0,1.0,1.0,1.42857142857,1.0,34.0,20.0,37.0,20.0,38.0,20.0,0.186813186813,0.117647058824,0.221556886228,0.123456790123,0.22619047619,0.157480314961,182.0,170.0,167.0,162.0,168.0,127.0,116.0,169.0,72.0,97.0,864.0,21.0,91.0,976.0,56.0,0.173155737705,3.42857142857,1.06593406593,10,2,18,20
2016-10-02 15:20:00,4.0,4.0,2.0,5.0,1.0,1.0,9.0,18.0,5.0,18.0,3.0,3.0,2.25,4.5,2.5,3.6,3.0,3.0,9.0,10.0,10.0,6.0,11.0,4.0,155.0,144.0,145.0,149.0,109.0,153.0,11.0,19.0,15.0,14.0,17.0,12.0,11.0,19.0,15.0,20.0,17.0,12.0,1.0,1.0,1.0,1.42857142857,1.0,1.0,20.0,37.0,20.0,38.0,20.0,15.0,0.117647058824,0.221556886228,0.123456790123,0.22619047619,0.157480314961,0.0903614457831,170.0,167.0,162.0,168.0,127.0,166.0,77.0,150.0,56.0,94.0,855.0,17.0,88.0,960.0,50.0,0.15625,3.29411764706,1.06818181818,10,2,18,40
2016-10-02 15:40:00,4.0,2.0,5.0,1.0,1.0,0.0,18.0,5.0,18.0,3.0,3.0,0.0,4.5,2.5,3.6,3.0,3.0,0.0,10.0,10.0,6.0,11.0,4.0,3.0,144.0,145.0,149.0,109.0,153.0,127.0,19.0,15.0,14.0,17.0,12.0,5.0,19.0,15.0,20.0,17.0,12.0,5.0,1.0,1.0,1.42857142857,1.0,1.0,1.0,37.0,20.0,38.0,20.0,15.0,5.0,0.221556886228,0.123456790123,0.22619047619,0.157480314961,0.0903614457831,0.0378787878788,167.0,162.0,168.0,127.0,166.0,132.0,92.0,135.0,47.0,88.0,827.0,13.0,82.0,922.0,44.0,0.146420824295,3.61538461538,1.07317073171,10,2,19,0
2016-10-02 16:00:00,2.0,5.0,1.0,1.0,0.0,1.0,5.0,18.0,3.0,3.0,0.0,3.0,2.5,3.6,3.0,3.0,0.0,3.0,10.0,6.0,11.0,4.0,3.0,4.0,145.0,149.0,109.0,153.0,127.0,102.0,15.0,14.0,17.0,12.0,5.0,5.0,15.0,20.0,17.0,12.0,5.0,5.0,1.0,1.42857142857,1.0,1.0,1.0,1.0,20.0,38.0,20.0,15.0,5.0,8.0,0.123456790123,0.22619047619,0.157480314961,0.0903614457831,0.0378787878788,0.0740740740741,162.0,168.0,127.0,166.0,132.0,108.0,90.0,106.0,32.0,74.0,785.0,10.0,68.0,863.0,38.0,0.122827346466,3.2,1.08823529412,10,2,19,20
2016-10-02 16:20:00,5.0,1.0,1.0,0.0,1.0,3.0,18.0,3.0,3.0,0.0,3.0,9.0,3.6,3.0,3.0,0.0,3.0,3.0,6.0,11.0,4.0,3.0,4.0,3.0,149.0,109.0,153.0,127.0,102.0,89.0,14.0,17.0,12.0,5.0,5.0,5.0,20.0,17.0,12.0,5.0,5.0,5.0,1.42857142857,1.0,1.0,1.0,1.0,1.0,38.0,20.0,15.0,5.0,8.0,14.0,0.22619047619,0.157480314961,0.0903614457831,0.0378787878788,0.0740740740741,0.144329896907,168.0,127.0,166.0,132.0,108.0,97.0,73.0,100.0,36.0,64.0,729.0,11.0,58.0,798.0,31.0,0.125313283208,3.27272727273,1.10344827586,10,2,19,40
2016-10-02 16:40:00,1.0,1.0,0.0,1.0,3.0,3.0,3.0,3.0,0.0,3.0,9.0,9.0,3.0,3.0,0.0,3.0,3.0,3.0,11.0,4.0,3.0,4.0,3.0,8.0,109.0,153.0,127.0,102.0,89.0,101.0,17.0,12.0,5.0,5.0,5.0,12.0,17.0,12.0,5.0,5.0,5.0,12.0,1.0,1.0,1.0,1.0,1.0,1.0,20.0,15.0,5.0,8.0,14.0,21.0,0.157480314961,0.0903614457831,0.0378787878788,0.0740740740741,0.144329896907,0.181034482759,127.0,166.0,132.0,108.0,97.0,116.0,82.0,83.0,27.0,56.0,681.0,9.0,56.0,746.0,33.0,0.111260053619,3.0,1.0,10,2,20,0
2016-10-02 17:00:00,1.0,0.0,1.0,3.0,3.0,2.0,3.0,0.0,3.0,9.0,9.0,4.0,3.0,0.0,3.0,3.0,3.0,2.0,4.0,3.0,4.0,3.0,8.0,4.0,153.0,127.0,102.0,89.0,101.0,69.0,12.0,5.0,5.0,5.0,12.0,6.0,12.0,5.0,5.0,5.0,12.0,6.0,1.0,1.0,1.0,1.0,1.0,1.0,15.0,5.0,8.0,14.0,21.0,10.0,0.0903614457831,0.0378787878788,0.0740740740741,0.144329896907,0.181034482759,0.12987012987,166.0,132.0,108.0,97.0,116.0,77.0,105.0,73.0,28.0,45.0,641.0,10.0,45.0,696.0,26.0,0.104885057471,2.8,1.0,10,2,20,20
2016-10-02 17:20:00,0.0,1.0,3.0,3.0,2.0,1.0,0.0,3.0,9.0,9.0,4.0,2.0,0.0,3.0,3.0,3.0,2.0,2.0,3.0,4.0,3.0,8.0,4.0,0.0,127.0,102.0,89.0,101.0,69.0,90.0,5.0,5.0,5.0,12.0,6.0,1.0,5.0,5.0,5.0,12.0,6.0,1.0,1.0,1.0,1.0,1.0,1.0,1.0,5.0,8.0,14.0,21.0,10.0,3.0,0.0378787878788,0.0740740740741,0.144329896907,0.181034482759,0.12987012987,0.0326086956522,132.0,108.0,97.0,116.0,77.0,92.0,77.0,61.0,27.0,34.0,578.0,10.0,34.0,622.0,22.0,0.0980707395498,2.7,1.0,10,2,20,40
2016-10-02 17:40:00,1.0,3.0,3.0,2.0,1.0,7.0,3.0,9.0,9.0,4.0,2.0,27.0,3.0,3.0,3.0,2.0,2.0,3.85714285714,4.0,3.0,8.0,4.0,0.0,1.0,102.0,89.0,101.0,69.0,90.0,77.0,5.0,5.0,12.0,6.0,1.0,6.0,5.0,5.0,12.0,6.0,1.0,6.0,1.0,1.0,1.0,1.0,1.0,1.0,8.0,14.0,21.0,10.0,3.0,33.0,0.0740740740741,0.144329896907,0.181034482759,0.12987012987,0.0326086956522,0.366666666667,108.0,97.0,116.0,77.0,92.0,90.0,64.0,89.0,54.0,35.0,528.0,17.0,35.0,580.0,20.0,0.153448275862,3.17647058824,1.0,10,2,21,0
2016-10-02 18:00:00,3.0,3.0,2.0,1.0,7.0,2.0,9.0,9.0,4.0,2.0,27.0,4.0,3.0,3.0,2.0,2.0,3.85714285714,2.0,3.0,8.0,4.0,0.0,1.0,0.0,89.0,101.0,69.0,90.0,77.0,68.0,5.0,12.0,6.0,1.0,6.0,3.0,5.0,12.0,6.0,1.0,6.0,6.0,1.0,1.0,1.0,1.0,1.0,2.0,14.0,21.0,10.0,3.0,33.0,10.0,0.144329896907,0.181034482759,0.12987012987,0.0326086956522,0.366666666667,0.13698630137,97.0,116.0,77.0,92.0,90.0,73.0,46.0,91.0,55.0,36.0,494.0,18.0,33.0,545.0,16.0,0.166972477064,3.05555555556,1.09090909091,10,2,21,20
2016-10-02 18:20:00,3.0,2.0,1.0,7.0,2.0,2.0,9.0,4.0,2.0,27.0,4.0,8.0,3.0,2.0,2.0,3.85714285714,2.0,4.0,8.0,4.0,0.0,1.0,0.0,2.0,101.0,69.0,90.0,77.0,68.0,72.0,12.0,6.0,1.0,6.0,3.0,8.0,12.0,6.0,1.0,6.0,6.0,8.0,1.0,1.0,1.0,1.0,2.0,1.0,21.0,10.0,3.0,33.0,10.0,16.0,0.181034482759,0.12987012987,0.0326086956522,0.366666666667,0.13698630137,0.19512195122,116.0,77.0,92.0,90.0,73.0,82.0,54.0,93.0,54.0,39.0,477.0,17.0,36.0,530.0,15.0,0.175471698113,3.17647058824,1.08333333333,10,2,21,40
2016-10-02 18:40:00,2.0,1.0,7.0,2.0,2.0,9.0,4.0,2.0,27.0,4.0,8.0,25.0,2.0,2.0,3.85714285714,2.0,4.0,2.77777777778,4.0,0.0,1.0,0.0,2.0,5.0,69.0,90.0,77.0,68.0,72.0,89.0,6.0,1.0,6.0,3.0,8.0,7.0,6.0,1.0,6.0,6.0,8.0,7.0,1.0,1.0,1.0,2.0,1.0,1.0,10.0,3.0,33.0,10.0,16.0,32.0,0.12987012987,0.0326086956522,0.366666666667,0.13698630137,0.19512195122,0.304761904762,77.0,92.0,90.0,73.0,82.0,105.0,57.0,104.0,70.0,34.0,465.0,23.0,31.0,519.0,12.0,0.200385356455,3.04347826087,1.09677419355,10,2,22,0
2016-10-02 19:00:00,1.0,7.0,2.0,2.0,9.0,2.0,2.0,27.0,4.0,8.0,25.0,8.0,2.0,3.85714285714,2.0,4.0,2.77777777778,4.0,0.0,1.0,0.0,2.0,5.0,2.0,90.0,77.0,68.0,72.0,89.0,72.0,1.0,6.0,3.0,8.0,7.0,3.0,1.0,6.0,6.0,8.0,7.0,3.0,1.0,1.0,2.0,1.0,1.0,1.0,3.0,33.0,10.0,16.0,32.0,11.0,0.0326086956522,0.366666666667,0.13698630137,0.19512195122,0.304761904762,0.142857142857,92.0,90.0,73.0,82.0,105.0,77.0,27.0,105.0,74.0,31.0,468.0,23.0,28.0,519.0,10.0,0.202312138728,3.21739130435,1.10714285714,10,2,22,20
2016-10-02 19:20:00,7.0,2.0,2.0,9.0,2.0,2.0,27.0,4.0,8.0,25.0,8.0,7.0,3.85714285714,2.0,4.0,2.77777777778,4.0,3.5,1.0,0.0,2.0,5.0,2.0,2.0,77.0,68.0,72.0,89.0,72.0,56.0,6.0,3.0,8.0,7.0,3.0,6.0,6.0,6.0,8.0,7.0,3.0,6.0,1.0,2.0,1.0,1.0,1.0,1.0,33.0,10.0,16.0,32.0,11.0,13.0,0.366666666667,0.13698630137,0.19512195122,0.304761904762,0.142857142857,0.203125,90.0,73.0,82.0,105.0,77.0,64.0,31.0,115.0,79.0,36.0,434.0,24.0,33.0,491.0,12.0,0.234215885947,3.29166666667,1.09090909091,10,2,22,40
2016-10-02 19:40:00,2.0,2.0,9.0,2.0,2.0,3.0,4.0,8.0,25.0,8.0,7.0,6.0,2.0,4.0,2.77777777778,4.0,3.5,2.0,0.0,2.0,5.0,2.0,2.0,1.0,68.0,72.0,89.0,72.0,56.0,41.0,3.0,8.0,7.0,3.0,6.0,2.0,6.0,8.0,7.0,3.0,6.0,2.0,2.0,1.0,1.0,1.0,1.0,1.0,10.0,16.0,32.0,11.0,13.0,8.0,0.13698630137,0.19512195122,0.304761904762,0.142857142857,0.203125,0.173913043478,73.0,82.0,105.0,77.0,64.0,46.0,13.0,90.0,58.0,32.0,398.0,20.0,29.0,447.0,12.0,0.201342281879,2.9,1.10344827586,10,2,23,0
2016-10-02 20:00:00,2.0,9.0,2.0,2.0,3.0,2.0,8.0,25.0,8.0,7.0,6.0,8.0,4.0,2.77777777778,4.0,3.5,2.0,4.0,2.0,5.0,2.0,2.0,1.0,2.0,72.0,89.0,72.0,56.0,41.0,49.0,8.0,7.0,3.0,6.0,2.0,3.0,8.0,7.0,3.0,6.0,2.0,6.0,1.0,1.0,1.0,1.0,1.0,2.0,16.0,32.0,11.0,13.0,8.0,14.0,0.19512195122,0.304761904762,0.142857142857,0.203125,0.173913043478,0.259259259259,82.0,105.0,77.0,64.0,46.0,54.0,15.0,94.0,62.0,32.0,379.0,20.0,29.0,428.0,14.0,0.219626168224,3.1,1.10344827586,10,2,23,20
2016-10-02 20:20:00,9.0,2.0,2.0,3.0,2.0,3.0,25.0,8.0,7.0,6.0,8.0,15.0,2.77777777778,4.0,3.5,2.0,4.0,5.0,5.0,2.0,2.0,1.0,2.0,1.0,89.0,72.0,56.0,41.0,49.0,51.0,7.0,3.0,6.0,2.0,3.0,3.0,7.0,3.0,6.0,2.0,6.0,6.0,1.0,1.0,1.0,1.0,2.0,2.0,32.0,11.0,13.0,8.0,14.0,21.0,0.304761904762,0.142857142857,0.203125,0.173913043478,0.259259259259,0.368421052632,105.0,77.0,64.0,46.0,54.0,57.0,22.0,99.0,69.0,30.0,358.0,21.0,24.0,403.0,13.0,0.245657568238,3.28571428571,1.25,10,2,23,40
2016-10-02 20:40:00,2.0,2.0,3.0,2.0,3.0,1.0,8.0,7.0,6.0,8.0,15.0,5.0,4.0,3.5,2.0,4.0,5.0,5.0,2.0,2.0,1.0,2.0,1.0,0.0,72.0,56.0,41.0,49.0,51.0,26.0,3.0,6.0,2.0,3.0,3.0,0.0,3.0,6.0,2.0,6.0,6.0,0.0,1.0,1.0,1.0,2.0,2.0,0.0,11.0,13.0,8.0,14.0,21.0,5.0,0.142857142857,0.203125,0.173913043478,0.259259259259,0.368421052632,0.185185185185,77.0,64.0,46.0,54.0,57.0,27.0,11.0,72.0,49.0,23.0,295.0,13.0,17.0,325.0,8.0,0.221538461538,3.76923076923,1.35294117647,10,3,0,0
2016-10-02 21:00:00,2.0,3.0,2.0,3.0,1.0,1.0,7.0,6.0,8.0,15.0,5.0,5.0,3.5,2.0,4.0,5.0,5.0,5.0,2.0,1.0,2.0,1.0,0.0,1.0,56.0,41.0,49.0,51.0,26.0,28.0,6.0,2.0,3.0,3.0,0.0,2.0,6.0,2.0,6.0,6.0,0.0,2.0,1.0,1.0,2.0,2.0,0.0,1.0,13.0,8.0,14.0,21.0,5.0,7.0,0.203125,0.173913043478,0.259259259259,0.368421052632,0.185185185185,0.225806451613,64.0,46.0,54.0,57.0,27.0,31.0,9.0,68.0,46.0,22.0,251.0,12.0,16.0,279.0,7.0,0.243727598566,3.83333333333,1.375,10,3,0,20
2016-10-02 21:20:00,3.0,2.0,3.0,1.0,1.0,1.0,6.0,8.0,15.0,5.0,5.0,5.0,2.0,4.0,5.0,5.0,5.0,5.0,1.0,2.0,1.0,0.0,1.0,3.0,41.0,49.0,51.0,26.0,28.0,8.0,2.0,3.0,3.0,0.0,2.0,4.0,2.0,6.0,6.0,0.0,2.0,7.0,1.0,2.0,2.0,0.0,1.0,1.75,8.0,14.0,21.0,5.0,7.0,12.0,0.173913043478,0.259259259259,0.368421052632,0.185185185185,0.225806451613,0.923076923077,46.0,54.0,57.0,27.0,31.0,13.0,8.0,67.0,44.0,23.0,203.0,11.0,14.0,228.0,8.0,0.293859649123,4.0,1.64285714286,10,3,0,40
2016-10-02 21:40:00,2.0,3.0,1.0,1.0,1.0,0.0,8.0,15.0,5.0,5.0,5.0,0.0,4.0,5.0,5.0,5.0,5.0,0.0,2.0,1.0,0.0,1.0,3.0,1.0,49.0,51.0,26.0,28.0,8.0,13.0,3.0,3.0,0.0,2.0,4.0,2.0,6.0,6.0,0.0,2.0,7.0,2.0,2.0,2.0,0.0,1.0,1.75,1.0,14.0,21.0,5.0,7.0,12.0,2.0,0.259259259259,0.368421052632,0.185185185185,0.225806451613,0.923076923077,0.133333333333,54.0,57.0,27.0,31.0,13.0,15.0,9.0,61.0,38.0,23.0,175.0,8.0,14.0,197.0,8.0,0.309644670051,4.75,1.64285714286,10,3,1,0
2016-10-02 22:00:00,3.0,1.0,1.0,1.0,0.0,1.0,15.0,5.0,5.0,5.0,0.0,5.0,5.0,5.0,5.0,5.0,0.0,5.0,1.0,0.0,1.0,3.0,1.0,0.0,51.0,26.0,28.0,8.0,13.0,20.0,3.0,0.0,2.0,4.0,2.0,1.0,6.0,0.0,2.0,7.0,2.0,1.0,2.0,0.0,1.0,1.75,1.0,1.0,21.0,5.0,7.0,12.0,2.0,6.0,0.368421052632,0.185185185185,0.225806451613,0.923076923077,0.133333333333,0.272727272727,57.0,27.0,31.0,13.0,15.0,22.0,9.0,53.0,35.0,18.0,146.0,7.0,12.0,165.0,6.0,0.321212121212,5.0,1.5,10,3,1,20
2016-10-02 22:20:00,1.0,1.0,1.0,0.0,1.0,0.0,5.0,5.0,5.0,0.0,5.0,0.0,5.0,5.0,5.0,0.0,5.0,0.0,0.0,1.0,3.0,1.0,0.0,1.0,26.0,28.0,8.0,13.0,20.0,10.0,0.0,2.0,4.0,2.0,1.0,1.0,0.0,2.0,7.0,2.0,1.0,1.0,0.0,1.0,1.75,1.0,1.0,1.0,5.0,7.0,12.0,2.0,6.0,1.0,0.185185185185,0.225806451613,0.923076923077,0.133333333333,0.272727272727,0.0909090909091,27.0,31.0,13.0,15.0,22.0,11.0,8.0,33.0,20.0,13.0,105.0,4.0,10.0,119.0,6.0,0.27731092437,5.0,1.3,10,3,1,40
2016-10-02 22:40:00,1.0,1.0,0.0,1.0,0.0,0.0,5.0,5.0,0.0,5.0,0.0,0.0,5.0,5.0,0.0,5.0,0.0,0.0,1.0,3.0,1.0,0.0,1.0,1.0,28.0,8.0,13.0,20.0,10.0,7.0,2.0,4.0,2.0,1.0,1.0,2.0,2.0,7.0,2.0,1.0,1.0,5.0,1.0,1.75,1.0,1.0,1.0,2.5,7.0,12.0,2.0,6.0,1.0,5.0,0.225806451613,0.923076923077,0.133333333333,0.272727272727,0.0909090909091,0.555555555556,31.0,13.0,15.0,22.0,11.0,9.0,5.0,33.0,15.0,18.0,86.0,3.0,12.0,101.0,7.0,0.326732673267,5.0,1.5,10,3,2,0
2016-10-02 23:20:00,1.0,0.0,1.0,0.0,0.0,2.0,5.0,0.0,5.0,0.0,0.0,7.0,5.0,0.0,5.0,0.0,0.0,3.5,3.0,1.0,0.0,1.0,1.0,0.0,8.0,13.0,20.0,10.0,7.0,6.0,4.0,2.0,1.0,1.0,2.0,0.0,7.0,2.0,1.0,1.0,5.0,0.0,1.75,1.0,1.0,1.0,2.5,0.0,12.0,2.0,6.0,1.0,5.0,7.0,0.923076923077,0.133333333333,0.272727272727,0.0909090909091,0.555555555556,0.875,13.0,15.0,22.0,11.0,9.0,8.0,5.0,33.0,17.0,16.0,64.0,4.0,10.0,78.0,6.0,0.423076923077,4.25,1.6,10,3,2,40
2016-10-02 23:40:00,0.0,1.0,0.0,0.0,2.0,1.0,0.0,5.0,0.0,0.0,7.0,5.0,0.0,5.0,0.0,0.0,3.5,5.0,1.0,0.0,1.0,1.0,0.0,0.0,13.0,20.0,10.0,7.0,6.0,8.0,2.0,1.0,1.0,2.0,0.0,0.0,2.0,1.0,1.0,5.0,0.0,0.0,1.0,1.0,1.0,2.5,0.0,0.0,2.0,6.0,1.0,5.0,7.0,5.0,0.133333333333,0.272727272727,0.0909090909091,0.555555555556,0.875,0.555555555556,15.0,22.0,11.0,9.0,8.0,9.0,4.0,26.0,17.0,9.0,64.0,4.0,6.0,74.0,3.0,0.351351351351,4.25,1.5,10,3,3,0
2016-10-03 00:00:00,1.0,0.0,0.0,2.0,1.0,0.0,5.0,0.0,0.0,7.0,5.0,0.0,5.0,0.0,0.0,3.5,5.0,0.0,0.0,1.0,1.0,0.0,0.0,0.0,20.0,10.0,7.0,6.0,8.0,8.0,1.0,1.0,2.0,0.0,0.0,1.0,1.0,1.0,5.0,0.0,0.0,1.0,1.0,1.0,2.5,0.0,0.0,1.0,6.0,1.0,5.0,7.0,5.0,1.0,0.272727272727,0.0909090909091,0.555555555556,0.875,0.555555555556,0.111111111111,22.0,11.0,9.0,8.0,9.0,9.0,12.0,25.0,17.0,8.0,59.0,4.0,5.0,68.0,2.0,0.367647058824,4.25,1.6,10,3,3,20
2016-10-03 00:20:00,0.0,0.0,2.0,1.0,0.0,1.0,0.0,0.0,7.0,5.0,0.0,2.0,0.0,0.0,3.5,5.0,0.0,2.0,1.0,1.0,0.0,0.0,0.0,0.0,10.0,7.0,6.0,8.0,8.0,7.0,1.0,2.0,0.0,0.0,1.0,0.0,1.0,5.0,0.0,0.0,1.0,0.0,1.0,2.5,0.0,0.0,1.0,0.0,1.0,5.0,7.0,5.0,1.0,2.0,0.0909090909091,0.555555555556,0.875,0.555555555556,0.111111111111,0.25,11.0,9.0,8.0,9.0,9.0,8.0,13.0,21.0,14.0,7.0,46.0,4.0,4.0,54.0,2.0,0.388888888889,3.5,1.75,10,3,3,40
2016-10-03 00:40:00,0.0,2.0,1.0,0.0,1.0,2.0,0.0,7.0,5.0,0.0,2.0,4.0,0.0,3.5,5.0,0.0,2.0,2.0,1.0,0.0,0.0,0.0,0.0,0.0,7.0,6.0,8.0,8.0,7.0,1.0,2.0,0.0,0.0,1.0,0.0,2.0,5.0,0.0,0.0,1.0,0.0,5.0,2.5,0.0,0.0,1.0,0.0,2.5,5.0,7.0,5.0,1.0,2.0,9.0,0.555555555556,0.875,0.555555555556,0.111111111111,0.25,1.8,9.0,8.0,9.0,9.0,8.0,5.0,14.0,29.0,18.0,11.0,37.0,6.0,5.0,48.0,1.0,0.604166666667,3.0,2.2,10,3,4,0
2016-10-03 01:00:00,2.0,1.0,0.0,1.0,2.0,1.0,7.0,5.0,0.0,2.0,4.0,5.0,3.5,5.0,0.0,2.0,2.0,5.0,0.0,0.0,0.0,0.0,0.0,1.0,6.0,8.0,8.0,7.0,1.0,3.0,0.0,0.0,1.0,0.0,2.0,1.0,0.0,0.0,1.0,0.0,5.0,1.0,0.0,0.0,1.0,0.0,2.5,1.0,7.0,5.0,1.0,2.0,9.0,6.0,0.875,0.555555555556,0.111111111111,0.25,1.8,1.2,8.0,9.0,9.0,8.0,5.0,5.0,13.0,30.0,23.0,7.0,33.0,7.0,4.0,44.0,1.0,0.681818181818,3.28571428571,1.75,10,3,4,20
2016-10-03 01:20:00,1.0,0.0,1.0,2.0,1.0,1.0,5.0,0.0,2.0,4.0,5.0,5.0,5.0,0.0,2.0,2.0,5.0,5.0,0.0,0.0,0.0,0.0,1.0,0.0,8.0,8.0,7.0,1.0,3.0,1.0,0.0,1.0,0.0,2.0,1.0,2.0,0.0,1.0,0.0,5.0,1.0,2.0,0.0,1.0,0.0,2.5,1.0,1.0,5.0,1.0,2.0,9.0,6.0,7.0,0.555555555556,0.111111111111,0.25,1.8,1.2,1.75,9.0,9.0,8.0,5.0,5.0,4.0,11.0,30.0,21.0,9.0,28.0,6.0,6.0,40.0,1.0,0.75,3.5,1.5,10,3,4,40
2016-10-03 01:40:00,0.0,1.0,2.0,1.0,1.0,8.0,0.0,2.0,4.0,5.0,5.0,34.0,0.0,2.0,2.0,5.0,5.0,4.25,0.0,0.0,0.0,1.0,0.0,0.0,8.0,7.0,1.0,3.0,1.0,4.0,1.0,0.0,2.0,1.0,2.0,0.0,1.0,0.0,5.0,1.0,2.0,0.0,1.0,0.0,2.5,1.0,1.0,0.0,1.0,2.0,9.0,6.0,7.0,34.0,0.111111111111,0.25,1.8,1.2,1.75,2.83333333333,9.0,8.0,5.0,5.0,4.0,12.0,26.0,59.0,50.0,9.0,24.0,13.0,6.0,43.0,1.0,1.37209302326,3.84615384615,1.5,10,3,5,0
2016-10-03 02:00:00,1.0,2.0,1.0,1.0,8.0,4.0,2.0,4.0,5.0,5.0,34.0,14.0,2.0,2.0,5.0,5.0,4.25,3.5,0.0,0.0,1.0,0.0,0.0,1.0,7.0,1.0,3.0,1.0,4.0,7.0,0.0,2.0,1.0,2.0,0.0,2.0,0.0,5.0,1.0,2.0,0.0,2.0,0.0,2.5,1.0,1.0,0.0,1.0,2.0,9.0,6.0,7.0,34.0,16.0,0.25,1.8,1.2,1.75,2.83333333333,1.23076923077,8.0,5.0,5.0,4.0,12.0,13.0,19.0,74.0,64.0,10.0,23.0,17.0,7.0,47.0,2.0,1.57446808511,3.76470588235,1.42857142857,10,3,5,20
2016-10-03 02:20:00,2.0,1.0,1.0,8.0,4.0,6.0,4.0,5.0,5.0,34.0,14.0,24.0,2.0,5.0,5.0,4.25,3.5,4.0,0.0,1.0,0.0,0.0,1.0,1.0,1.0,3.0,1.0,4.0,7.0,6.0,2.0,1.0,2.0,0.0,2.0,2.0,5.0,1.0,2.0,0.0,2.0,2.0,2.5,1.0,1.0,0.0,1.0,1.0,9.0,6.0,7.0,34.0,16.0,26.0,1.8,1.2,1.75,2.83333333333,1.23076923077,1.85714285714,5.0,5.0,4.0,12.0,13.0,14.0,38.0,98.0,86.0,12.0,22.0,22.0,9.0,53.0,3.0,1.84905660377,3.90909090909,1.33333333333,10,3,5,40
2016-10-03 02:40:00,1.0,1.0,8.0,4.0,6.0,3.0,5.0,5.0,34.0,14.0,24.0,9.0,5.0,5.0,4.25,3.5,4.0,3.0,1.0,0.0,0.0,1.0,1.0,1.0,3.0,1.0,4.0,7.0,6.0,7.0,1.0,2.0,0.0,2.0,2.0,3.0,1.0,2.0,0.0,2.0,2.0,3.0,1.0,1.0,0.0,1.0,1.0,1.0,6.0,7.0,34.0,16.0,26.0,12.0,1.2,1.75,2.83333333333,1.23076923077,1.85714285714,0.923076923077,5.0,4.0,12.0,13.0,14.0,13.0,34.0,101.0,91.0,10.0,28.0,23.0,10.0,61.0,4.0,1.65573770492,3.95652173913,1.0,10,3,6,0
2016-10-03 03:00:00,1.0,8.0,4.0,6.0,3.0,3.0,5.0,34.0,14.0,24.0,9.0,6.0,5.0,4.25,3.5,4.0,3.0,2.0,0.0,0.0,1.0,1.0,1.0,0.0,1.0,4.0,7.0,6.0,7.0,8.0,2.0,0.0,2.0,2.0,3.0,0.0,2.0,0.0,2.0,2.0,3.0,0.0,1.0,0.0,1.0,1.0,1.0,0.0,7.0,34.0,16.0,26.0,12.0,6.0,1.75,2.83333333333,1.23076923077,1.85714285714,0.923076923077,0.545454545455,4.0,12.0,13.0,14.0,13.0,11.0,70.0,101.0,92.0,9.0,33.0,25.0,9.0,67.0,3.0,1.50746268657,3.68,1.0,10,3,6,20
2016-10-03 03:20:00,8.0,4.0,6.0,3.0,3.0,5.0,34.0,14.0,24.0,9.0,6.0,16.0,4.25,3.5,4.0,3.0,2.0,3.2,0.0,1.0,1.0,1.0,0.0,4.0,4.0,7.0,6.0,7.0,8.0,15.0,0.0,2.0,2.0,3.0,0.0,6.0,0.0,2.0,2.0,3.0,0.0,6.0,0.0,1.0,1.0,1.0,0.0,1.0,34.0,16.0,26.0,12.0,6.0,22.0,2.83333333333,1.23076923077,1.85714285714,0.923076923077,0.545454545455,0.846153846154,12.0,13.0,14.0,13.0,11.0,26.0,75.0,116.0,103.0,13.0,47.0,29.0,13.0,89.0,7.0,1.30337078652,3.55172413793,1.0,10,3,6,40
2016-10-03 03:40:00,4.0,6.0,3.0,3.0,5.0,3.0,14.0,24.0,9.0,6.0,16.0,9.0,3.5,4.0,3.0,2.0,3.2,3.0,1.0,1.0,1.0,0.0,4.0,0.0,7.0,6.0,7.0,8.0,15.0,16.0,2.0,2.0,3.0,0.0,6.0,0.0,2.0,2.0,3.0,0.0,6.0,0.0,1.0,1.0,1.0,0.0,1.0,0.0,16.0,26.0,12.0,6.0,22.0,9.0,1.23076923077,1.85714285714,0.923076923077,0.545454545455,0.846153846154,0.473684210526,13.0,14.0,13.0,11.0,26.0,19.0,91.0,91.0,78.0,13.0,59.0,24.0,13.0,96.0,7.0,0.947916666667,3.25,1.0,10,3,7,0
2016-10-03 04:00:00,6.0,3.0,3.0,5.0,3.0,11.0,24.0,9.0,6.0,16.0,9.0,34.0,4.0,3.0,2.0,3.2,3.0,3.09090909091,1.0,1.0,0.0,4.0,0.0,0.0,6.0,7.0,8.0,15.0,16.0,24.0,2.0,3.0,0.0,6.0,0.0,3.0,2.0,3.0,0.0,6.0,0.0,3.0,1.0,1.0,0.0,1.0,0.0,1.0,26.0,12.0,6.0,22.0,9.0,37.0,1.85714285714,0.923076923077,0.545454545455,0.846153846154,0.473684210526,0.973684210526,14.0,13.0,11.0,26.0,19.0,38.0,110.0,112.0,98.0,14.0,76.0,31.0,14.0,121.0,6.0,0.925619834711,3.16129032258,1.0,10,3,7,20
2016-10-03 04:20:00,3.0,3.0,5.0,3.0,11.0,2.0,9.0,6.0,16.0,9.0,34.0,4.0,3.0,2.0,3.2,3.0,3.09090909091,2.0,1.0,0.0,4.0,0.0,0.0,0.0,7.0,8.0,15.0,16.0,24.0,32.0,3.0,0.0,6.0,0.0,3.0,0.0,3.0,0.0,6.0,0.0,3.0,0.0,1.0,0.0,1.0,0.0,1.0,0.0,12.0,6.0,22.0,9.0,37.0,4.0,0.923076923077,0.545454545455,0.846153846154,0.473684210526,0.973684210526,0.117647058824,13.0,11.0,26.0,19.0,38.0,34.0,140.0,90.0,78.0,12.0,102.0,27.0,12.0,141.0,5.0,0.63829787234,2.88888888889,1.0,10,3,7,40
2016-10-03 04:40:00,3.0,5.0,3.0,11.0,2.0,2.0,6.0,16.0,9.0,34.0,4.0,4.0,2.0,3.2,3.0,3.09090909091,2.0,2.0,0.0,4.0,0.0,0.0,0.0,3.0,8.0,15.0,16.0,24.0,32.0,63.0,0.0,6.0,0.0,3.0,0.0,5.0,0.0,6.0,0.0,3.0,0.0,5.0,0.0,1.0,0.0,1.0,0.0,1.0,6.0,22.0,9.0,37.0,4.0,9.0,0.545454545455,0.846153846154,0.473684210526,0.973684210526,0.117647058824,0.128571428571,11.0,26.0,19.0,38.0,34.0,70.0,189.0,87.0,73.0,14.0,158.0,26.0,14.0,198.0,7.0,0.439393939394,2.80769230769,1.0,10,3,8,0
2016-10-03 05:00:00,5.0,3.0,11.0,2.0,2.0,10.0,16.0,9.0,34.0,4.0,4.0,29.0,3.2,3.0,3.09090909091,2.0,2.0,2.9,4.0,0.0,0.0,0.0,3.0,2.0,15.0,16.0,24.0,32.0,63.0,61.0,6.0,0.0,3.0,0.0,5.0,4.0,6.0,0.0,3.0,0.0,5.0,10.0,1.0,0.0,1.0,0.0,1.0,2.5,22.0,9.0,37.0,4.0,9.0,39.0,0.846153846154,0.473684210526,0.973684210526,0.117647058824,0.128571428571,0.52,26.0,19.0,38.0,34.0,70.0,75.0,196.0,120.0,96.0,24.0,211.0,33.0,18.0,262.0,9.0,0.458015267176,2.90909090909,1.33333333333,10,3,8,20
2016-10-03 05:20:00,3.0,11.0,2.0,2.0,10.0,6.0,9.0,34.0,4.0,4.0,29.0,17.0,3.0,3.09090909091,2.0,2.0,2.9,2.83333333333,0.0,0.0,0.0,3.0,2.0,4.0,16.0,24.0,32.0,63.0,61.0,79.0,0.0,3.0,0.0,5.0,4.0,6.0,0.0,3.0,0.0,5.0,10.0,9.0,0.0,1.0,0.0,1.0,2.5,1.5,9.0,37.0,4.0,9.0,39.0,26.0,0.473684210526,0.973684210526,0.117647058824,0.128571428571,0.52,0.285714285714,19.0,38.0,34.0,70.0,75.0,91.0,204.0,124.0,97.0,27.0,275.0,34.0,18.0,327.0,9.0,0.379204892966,2.85294117647,1.5,10,3,8,40
2016-10-03 05:40:00,11.0,2.0,2.0,10.0,6.0,6.0,34.0,4.0,4.0,29.0,17.0,16.0,3.09090909091,2.0,2.0,2.9,2.83333333333,2.66666666667,0.0,0.0,3.0,2.0,4.0,5.0,24.0,32.0,63.0,61.0,79.0,99.0,3.0,0.0,5.0,4.0,6.0,5.0,3.0,0.0,5.0,10.0,9.0,5.0,1.0,0.0,1.0,2.5,1.5,1.0,37.0,4.0,9.0,39.0,26.0,21.0,0.973684210526,0.117647058824,0.128571428571,0.52,0.285714285714,0.190909090909,38.0,34.0,70.0,75.0,91.0,110.0,90.0,136.0,104.0,32.0,358.0,37.0,23.0,418.0,14.0,0.325358851675,2.81081081081,1.39130434783,10,3,9,0
2016-10-03 06:00:00,2.0,2.0,10.0,6.0,6.0,0.0,4.0,4.0,29.0,17.0,16.0,0.0,2.0,2.0,2.9,2.83333333333,2.66666666667,0.0,0.0,3.0,2.0,4.0,5.0,3.0,32.0,63.0,61.0,79.0,99.0,135.0,0.0,5.0,4.0,6.0,5.0,5.0,0.0,5.0,10.0,9.0,5.0,5.0,0.0,1.0,2.5,1.5,1.0,1.0,4.0,9.0,39.0,26.0,21.0,5.0,0.117647058824,0.128571428571,0.52,0.285714285714,0.190909090909,0.0357142857143,34.0,70.0,75.0,91.0,110.0,140.0,183.0,104.0,70.0,34.0,469.0,26.0,25.0,520.0,17.0,0.2,2.69230769231,1.36,10,3,9,20
2016-10-03 06:20:00,2.0,10.0,6.0,6.0,0.0,5.0,4.0,29.0,17.0,16.0,0.0,12.0,2.0,2.9,2.83333333333,2.66666666667,0.0,2.4,3.0,2.0,4.0,5.0,3.0,5.0,63.0,61.0,79.0,99.0,135.0,176.0,5.0,4.0,6.0,5.0,5.0,8.0,5.0,10.0,9.0,5.0,5.0,11.0,1.0,2.5,1.5,1.0,1.0,1.375,9.0,39.0,26.0,21.0,5.0,23.0,0.128571428571,0.52,0.285714285714,0.190909090909,0.0357142857143,0.121693121693,70.0,75.0,91.0,110.0,140.0,189.0,183.0,123.0,78.0,45.0,613.0,29.0,33.0,675.0,22.0,0.182222222222,2.68965517241,1.36363636364,10,3,9,40
2016-10-03 06:40:00,10.0,6.0,6.0,0.0,5.0,8.0,29.0,17.0,16.0,0.0,12.0,20.0,2.9,2.83333333333,2.66666666667,0.0,2.4,2.5,2.0,4.0,5.0,3.0,5.0,13.0,61.0,79.0,99.0,135.0,176.0,174.0,4.0,6.0,5.0,5.0,8.0,14.0,10.0,9.0,5.0,5.0,11.0,17.0,2.5,1.5,1.0,1.0,1.375,1.21428571429,39.0,26.0,21.0,5.0,23.0,37.0,0.52,0.285714285714,0.190909090909,0.0357142857143,0.121693121693,0.188775510204,75.0,91.0,110.0,140.0,189.0,196.0,170.0,151.0,94.0,57.0,724.0,35.0,42.0,801.0,32.0,0.188514357054,2.68571428571,1.35714285714,10,3,10,0
2016-10-03 07:00:00,6.0,6.0,0.0,5.0,8.0,3.0,17.0,16.0,0.0,12.0,20.0,7.0,2.83333333333,2.66666666667,0.0,2.4,2.5,2.33333333333,4.0,5.0,3.0,5.0,13.0,3.0,79.0,99.0,135.0,176.0,174.0,194.0,6.0,5.0,5.0,8.0,14.0,7.0,9.0,5.0,5.0,11.0,17.0,7.0,1.5,1.0,1.0,1.375,1.21428571429,1.0,26.0,21.0,5.0,23.0,37.0,14.0,0.285714285714,0.190909090909,0.0357142857143,0.121693121693,0.188775510204,0.0686274509804,91.0,110.0,140.0,189.0,196.0,204.0,139.0,126.0,72.0,54.0,857.0,28.0,45.0,930.0,33.0,0.135483870968,2.57142857143,1.2,10,3,10,20
2016-10-03 07:20:00,6.0,0.0,5.0,8.0,3.0,3.0,16.0,0.0,12.0,20.0,7.0,8.0,2.66666666667,0.0,2.4,2.5,2.33333333333,2.66666666667,5.0,3.0,5.0,13.0,3.0,9.0,99.0,135.0,176.0,174.0,194.0,78.0,5.0,5.0,8.0,14.0,7.0,9.0,5.0,5.0,11.0,17.0,7.0,9.0,1.0,1.0,1.375,1.21428571429,1.0,1.0,21.0,5.0,23.0,37.0,14.0,17.0,0.190909090909,0.0357142857143,0.121693121693,0.188775510204,0.0686274509804,0.188888888889,110.0,140.0,189.0,196.0,204.0,90.0,119.0,117.0,63.0,54.0,856.0,25.0,48.0,929.0,38.0,0.125941872982,2.52,1.125,10,3,10,40
2016-10-03 07:40:00,0.0,5.0,8.0,3.0,3.0,2.0,0.0,12.0,20.0,7.0,8.0,7.0,0.0,2.4,2.5,2.33333333333,2.66666666667,3.5,3.0,5.0,13.0,3.0,9.0,18.0,135.0,176.0,174.0,194.0,78.0,159.0,5.0,8.0,14.0,7.0,9.0,22.0,5.0,11.0,17.0,7.0,9.0,22.0,1.0,1.375,1.21428571429,1.0,1.0,1.0,5.0,23.0,37.0,14.0,17.0,29.0,0.0357142857143,0.121693121693,0.188775510204,0.0686274509804,0.188888888889,0.158469945355,140.0,189.0,196.0,204.0,90.0,183.0,103.0,125.0,54.0,71.0,916.0,21.0,65.0,1002.0,51.0,0.124750499002,2.57142857143,1.09230769231,10,3,11,0
2016-10-03 08:00:00,5.0,8.0,3.0,3.0,2.0,2.0,12.0,20.0,7.0,8.0,7.0,7.0,2.4,2.5,2.33333333333,2.66666666667,3.5,3.5,5.0,13.0,3.0,9.0,18.0,24.0,176.0,174.0,194.0,78.0,159.0,152.0,8.0,14.0,7.0,9.0,22.0,29.0,11.0,17.0,7.0,9.0,22.0,32.0,1.375,1.21428571429,1.0,1.0,1.0,1.10344827586,23.0,37.0,14.0,17.0,29.0,39.0,0.121693121693,0.188775510204,0.0686274509804,0.188888888889,0.158469945355,0.213114754098,189.0,196.0,204.0,90.0,183.0,183.0,189.0,159.0,61.0,98.0,933.0,23.0,89.0,1045.0,72.0,0.152153110048,2.65217391304,1.10112359551,10,3,11,20
2016-10-03 08:20:00,8.0,3.0,3.0,2.0,2.0,5.0,20.0,7.0,8.0,7.0,7.0,10.0,2.5,2.33333333333,2.66666666667,3.5,3.5,2.0,13.0,3.0,9.0,18.0,24.0,11.0,174.0,194.0,78.0,159.0,152.0,148.0,14.0,7.0,9.0,22.0,29.0,17.0,17.0,7.0,9.0,22.0,32.0,17.0,1.21428571429,1.0,1.0,1.0,1.10344827586,1.0,37.0,14.0,17.0,29.0,39.0,27.0,0.188775510204,0.0686274509804,0.188888888889,0.158469945355,0.213114754098,0.158823529412,196.0,204.0,90.0,183.0,183.0,170.0,120.0,163.0,59.0,104.0,905.0,23.0,98.0,1026.0,78.0,0.158869395712,2.5652173913,1.0612244898,10,3,11,40
2016-10-03 08:40:00,3.0,3.0,2.0,2.0,5.0,4.0,7.0,8.0,7.0,7.0,10.0,11.0,2.33333333333,2.66666666667,3.5,3.5,2.0,2.75,3.0,9.0,18.0,24.0,11.0,12.0,194.0,78.0,159.0,152.0,148.0,121.0,7.0,9.0,22.0,29.0,17.0,14.0,7.0,9.0,22.0,32.0,17.0,14.0,1.0,1.0,1.0,1.10344827586,1.0,1.0,14.0,17.0,29.0,39.0,27.0,25.0,0.0686274509804,0.188888888889,0.158469945355,0.213114754098,0.158823529412,0.179856115108,204.0,90.0,183.0,183.0,170.0,139.0,133.0,151.0,50.0,101.0,852.0,19.0,98.0,969.0,77.0,0.155830753354,2.63157894737,1.0306122449,10,3,12,0
2016-10-03 09:00:00,3.0,2.0,2.0,5.0,4.0,3.0,8.0,7.0,7.0,10.0,11.0,7.0,2.66666666667,3.5,3.5,2.0,2.75,2.33333333333,9.0,18.0,24.0,11.0,12.0,16.0,78.0,159.0,152.0,148.0,121.0,100.0,9.0,22.0,29.0,17.0,14.0,16.0,9.0,22.0,32.0,17.0,14.0,16.0,1.0,1.0,1.10344827586,1.0,1.0,1.0,17.0,29.0,39.0,27.0,25.0,23.0,0.188888888889,0.158469945355,0.213114754098,0.158823529412,0.179856115108,0.193277310924,90.0,183.0,183.0,170.0,139.0,119.0,154.0,160.0,50.0,110.0,758.0,19.0,107.0,884.0,90.0,0.180995475113,2.63157894737,1.02803738318,10,3,12,20
2016-10-03 09:20:00,2.0,2.0,5.0,4.0,3.0,1.0,7.0,7.0,10.0,11.0,7.0,2.0,3.5,3.5,2.0,2.75,2.33333333333,2.0,18.0,24.0,11.0,12.0,16.0,9.0,159.0,152.0,148.0,121.0,100.0,86.0,22.0,29.0,17.0,14.0,16.0,16.0,22.0,32.0,17.0,14.0,16.0,16.0,1.0,1.10344827586,1.0,1.0,1.0,1.0,29.0,39.0,27.0,25.0,23.0,18.0,0.158469945355,0.213114754098,0.158823529412,0.179856115108,0.193277310924,0.174757281553,183.0,183.0,170.0,139.0,119.0,103.0,165.0,161.0,44.0,117.0,766.0,17.0,114.0,897.0,90.0,0.179487179487,2.58823529412,1.02631578947,10,3,12,40
2016-10-03 09:40:00,2.0,5.0,4.0,3.0,1.0,15.0,7.0,10.0,11.0,7.0,2.0,46.0,3.5,2.0,2.75,2.33333333333,2.0,3.06666666667,24.0,11.0,12.0,16.0,9.0,5.0,152.0,148.0,121.0,100.0,86.0,162.0,29.0,17.0,14.0,16.0,16.0,12.0,32.0,17.0,14.0,16.0,16.0,15.0,1.10344827586,1.0,1.0,1.0,1.0,1.25,39.0,27.0,25.0,23.0,18.0,61.0,0.213114754098,0.158823529412,0.179856115108,0.193277310924,0.174757281553,0.322751322751,183.0,170.0,139.0,119.0,103.0,189.0,155.0,193.0,83.0,110.0,769.0,30.0,104.0,903.0,77.0,0.21373200443,2.76666666667,1.05769230769,10,3,13,0
2016-10-03 10:00:00,5.0,4.0,3.0,1.0,15.0,4.0,10.0,11.0,7.0,2.0,46.0,14.0,2.0,2.75,2.33333333333,2.0,3.06666666667,3.5,11.0,12.0,16.0,9.0,5.0,6.0,148.0,121.0,100.0,86.0,162.0,102.0,17.0,14.0,16.0,16.0,12.0,14.0,17.0,14.0,16.0,16.0,15.0,14.0,1.0,1.0,1.0,1.0,1.25,1.0,27.0,25.0,23.0,18.0,61.0,28.0,0.158823529412,0.179856115108,0.193277310924,0.174757281553,0.322751322751,0.233333333333,170.0,139.0,119.0,103.0,189.0,120.0,179.0,182.0,90.0,92.0,719.0,32.0,89.0,840.0,59.0,0.216666666667,2.8125,1.03370786517,10,3,13,20
2016-10-03 10:20:00,4.0,3.0,1.0,15.0,4.0,9.0,11.0,7.0,2.0,46.0,14.0,30.0,2.75,2.33333333333,2.0,3.06666666667,3.5,3.33333333333,12.0,16.0,9.0,5.0,6.0,4.0,121.0,100.0,86.0,162.0,102.0,115.0,14.0,16.0,16.0,12.0,14.0,9.0,14.0,16.0,16.0,15.0,14.0,12.0,1.0,1.0,1.0,1.25,1.0,1.33333333333,25.0,23.0,18.0,61.0,28.0,42.0,0.179856115108,0.193277310924,0.174757281553,0.322751322751,0.233333333333,0.315789473684,139.0,119.0,103.0,189.0,120.0,133.0,178.0,197.0,110.0,87.0,686.0,36.0,81.0,803.0,52.0,0.245330012453,3.05555555556,1.07407407407,10,3,13,40
2016-10-03 10:40:00,3.0,1.0,15.0,4.0,9.0,6.0,7.0,2.0,46.0,14.0,30.0,20.0,2.33333333333,2.0,3.06666666667,3.5,3.33333333333,3.33333333333,16.0,9.0,5.0,6.0,4.0,11.0,100.0,86.0,162.0,102.0,115.0,132.0,16.0,16.0,12.0,14.0,9.0,16.0,16.0,16.0,15.0,14.0,12.0,16.0,1.0,1.0,1.25,1.0,1.33333333333,1.0,23.0,18.0,61.0,28.0,42.0,36.0,0.193277310924,0.174757281553,0.322751322751,0.233333333333,0.315789473684,0.233766233766,119.0,103.0,189.0,120.0,133.0,154.0,183.0,208.0,119.0,89.0,697.0,38.0,83.0,818.0,51.0,0.254278728606,3.13157894737,1.07228915663,10,3,14,0
2016-10-03 11:00:00,1.0,15.0,4.0,9.0,6.0,4.0,2.0,46.0,14.0,30.0,20.0,10.0,2.0,3.06666666667,3.5,3.33333333333,3.33333333333,2.5,9.0,5.0,6.0,4.0,11.0,10.0,86.0,162.0,102.0,115.0,132.0,148.0,16.0,12.0,14.0,9.0,16.0,13.0,16.0,15.0,14.0,12.0,16.0,13.0,1.0,1.25,1.0,1.33333333333,1.0,1.0,18.0,61.0,28.0,42.0,36.0,23.0,0.174757281553,0.322751322751,0.233333333333,0.315789473684,0.233766233766,0.139393939394,103.0,189.0,120.0,133.0,154.0,165.0,207.0,208.0,122.0,86.0,745.0,39.0,80.0,864.0,45.0,0.240740740741,3.12820512821,1.075,10,3,14,20
2016-10-03 11:20:00,15.0,4.0,9.0,6.0,4.0,2.0,46.0,14.0,30.0,20.0,10.0,7.0,3.06666666667,3.5,3.33333333333,3.33333333333,2.5,3.5,5.0,6.0,4.0,11.0,10.0,4.0,162.0,102.0,115.0,132.0,148.0,147.0,12.0,14.0,9.0,16.0,13.0,6.0,15.0,14.0,12.0,16.0,13.0,6.0,1.25,1.0,1.33333333333,1.0,1.0,1.0,61.0,28.0,42.0,36.0,23.0,13.0,0.322751322751,0.233333333333,0.315789473684,0.233766233766,0.139393939394,0.0838709677419,189.0,120.0,133.0,154.0,165.0,155.0,176.0,203.0,127.0,76.0,806.0,40.0,70.0,916.0,40.0,0.221615720524,3.175,1.08571428571,10,3,14,40
2016-10-03 11:40:00,4.0,9.0,6.0,4.0,2.0,8.0,14.0,30.0,20.0,10.0,7.0,36.0,3.5,3.33333333333,3.33333333333,2.5,3.5,4.5,6.0,4.0,11.0,10.0,4.0,8.0,102.0,115.0,132.0,148.0,147.0,160.0,14.0,9.0,16.0,13.0,6.0,11.0,14.0,12.0,16.0,13.0,6.0,11.0,1.0,1.33333333333,1.0,1.0,1.0,1.0,28.0,42.0,36.0,23.0,13.0,47.0,0.233333333333,0.315789473684,0.233766233766,0.139393939394,0.0838709677419,0.262569832402,120.0,133.0,154.0,165.0,155.0,179.0,176.0,189.0,117.0,72.0,804.0,33.0,69.0,906.0,43.0,0.208609271523,3.54545454545,1.04347826087,10,3,15,0
2016-10-03 12:00:00,9.0,6.0,4.0,2.0,8.0,4.0,30.0,20.0,10.0,7.0,36.0,13.0,3.33333333333,3.33333333333,2.5,3.5,4.5,3.25,4.0,11.0,10.0,4.0,8.0,9.0,115.0,132.0,148.0,147.0,160.0,159.0,9.0,16.0,13.0,6.0,11.0,15.0,12.0,16.0,13.0,6.0,11.0,15.0,1.33333333333,1.0,1.0,1.0,1.0,1.0,42.0,36.0,23.0,13.0,47.0,28.0,0.315789473684,0.233766233766,0.139393939394,0.0838709677419,0.262569832402,0.157303370787,133.0,154.0,165.0,155.0,179.0,178.0,181.0,189.0,116.0,73.0,861.0,33.0,70.0,964.0,46.0,0.196058091286,3.51515151515,1.04285714286,10,3,15,20
2016-10-03 12:20:00,6.0,4.0,2.0,8.0,4.0,5.0,20.0,10.0,7.0,36.0,13.0,17.0,3.33333333333,2.5,3.5,4.5,3.25,3.4,11.0,10.0,4.0,8.0,9.0,13.0,132.0,148.0,147.0,160.0,159.0,162.0,16.0,13.0,6.0,11.0,15.0,16.0,16.0,13.0,6.0,11.0,15.0,16.0,1.0,1.0,1.0,1.0,1.0,1.0,36.0,23.0,13.0,47.0,28.0,33.0,0.233766233766,0.139393939394,0.0838709677419,0.262569832402,0.157303370787,0.180327868852,154.0,165.0,155.0,179.0,178.0,183.0,174.0,180.0,103.0,77.0,908.0,29.0,77.0,1014.0,55.0,0.177514792899,3.55172413793,1.0,10,3,15,40
2016-10-03 12:40:00,4.0,2.0,8.0,4.0,5.0,8.0,10.0,7.0,36.0,13.0,17.0,23.0,2.5,3.5,4.5,3.25,3.4,2.875,10.0,4.0,8.0,9.0,13.0,8.0,148.0,147.0,160.0,159.0,162.0,183.0,13.0,6.0,11.0,15.0,16.0,16.0,13.0,6.0,11.0,15.0,16.0,16.0,1.0,1.0,1.0,1.0,1.0,1.0,23.0,13.0,47.0,28.0,33.0,39.0,0.139393939394,0.0838709677419,0.262569832402,0.157303370787,0.180327868852,0.188405797101,165.0,155.0,179.0,178.0,183.0,207.0,147.0,183.0,106.0,77.0,959.0,31.0,77.0,1067.0,52.0,0.171508903468,3.41935483871,1.0,10,3,16,0
2016-10-03 13:00:00,2.0,8.0,4.0,5.0,8.0,5.0,7.0,36.0,13.0,17.0,23.0,11.0,3.5,4.5,3.25,3.4,2.875,2.2,4.0,8.0,9.0,13.0,8.0,4.0,147.0,160.0,159.0,162.0,183.0,164.0,6.0,11.0,15.0,16.0,16.0,7.0,6.0,11.0,15.0,16.0,16.0,7.0,1.0,1.0,1.0,1.0,1.0,1.0,13.0,47.0,28.0,33.0,39.0,18.0,0.0838709677419,0.262569832402,0.157303370787,0.180327868852,0.188405797101,0.102272727273,155.0,179.0,178.0,183.0,207.0,176.0,142.0,178.0,107.0,71.0,975.0,32.0,71.0,1078.0,46.0,0.165120593692,3.34375,1.0,10,3,16,20
2016-10-03 13:20:00,8.0,4.0,5.0,8.0,5.0,5.0,36.0,13.0,17.0,23.0,11.0,14.0,4.5,3.25,3.4,2.875,2.2,2.8,8.0,9.0,13.0,8.0,4.0,6.0,160.0,159.0,162.0,183.0,164.0,159.0,11.0,15.0,16.0,16.0,7.0,12.0,11.0,15.0,16.0,16.0,7.0,12.0,1.0,1.0,1.0,1.0,1.0,1.0,47.0,28.0,33.0,39.0,18.0,26.0,0.262569832402,0.157303370787,0.180327868852,0.188405797101,0.102272727273,0.147727272727,179.0,178.0,183.0,207.0,176.0,176.0,105.0,191.0,114.0,77.0,987.0,35.0,77.0,1099.0,48.0,0.173794358508,3.25714285714,1.0,10,3,16,40
2016-10-03 13:40:00,4.0,5.0,8.0,5.0,5.0,1.0,13.0,17.0,23.0,11.0,14.0,2.0,3.25,3.4,2.875,2.2,2.8,2.0,9.0,13.0,8.0,4.0,6.0,7.0,159.0,162.0,183.0,164.0,159.0,164.0,15.0,16.0,16.0,7.0,12.0,16.0,15.0,16.0,16.0,7.0,12.0,16.0,1.0,1.0,1.0,1.0,1.0,1.0,28.0,33.0,39.0,18.0,26.0,18.0,0.157303370787,0.180327868852,0.188405797101,0.102272727273,0.147727272727,0.0994475138122,178.0,183.0,207.0,176.0,176.0,181.0,153.0,162.0,80.0,82.0,991.0,28.0,82.0,1101.0,47.0,0.147138964578,2.85714285714,1.0,10,3,17,0
2016-10-03 14:00:00,5.0,8.0,5.0,5.0,1.0,6.0,17.0,23.0,11.0,14.0,2.0,26.0,3.4,2.875,2.2,2.8,2.0,4.33333333333,13.0,8.0,4.0,6.0,7.0,9.0,162.0,183.0,164.0,159.0,164.0,154.0,16.0,16.0,7.0,12.0,16.0,14.0,16.0,16.0,7.0,12.0,16.0,14.0,1.0,1.0,1.0,1.0,1.0,1.0,33.0,39.0,18.0,26.0,18.0,40.0,0.180327868852,0.188405797101,0.102272727273,0.147727272727,0.0994475138122,0.229885057471,183.0,207.0,176.0,176.0,181.0,174.0,116.0,174.0,93.0,81.0,986.0,30.0,81.0,1097.0,47.0,0.158614402917,3.1,1.0,10,3,17,20
2016-10-03 14:20:00,8.0,5.0,5.0,1.0,6.0,5.0,23.0,11.0,14.0,2.0,26.0,18.0,2.875,2.2,2.8,2.0,4.33333333333,3.6,8.0,4.0,6.0,7.0,9.0,5.0,183.0,164.0,159.0,164.0,154.0,133.0,16.0,7.0,12.0,16.0,14.0,9.0,16.0,7.0,12.0,16.0,14.0,9.0,1.0,1.0,1.0,1.0,1.0,1.0,39.0,18.0,26.0,18.0,40.0,27.0,0.188405797101,0.102272727273,0.147727272727,0.0994475138122,0.229885057471,0.183673469388,207.0,176.0,176.0,181.0,174.0,147.0,111.0,168.0,94.0,74.0,957.0,30.0,74.0,1061.0,39.0,0.158341187559,3.13333333333,1.0,10,3,17,40
2016-10-03 14:40:00,5.0,5.0,1.0,6.0,5.0,3.0,11.0,14.0,2.0,26.0,18.0,13.0,2.2,2.8,2.0,4.33333333333,3.6,4.33333333333,4.0,6.0,7.0,9.0,5.0,8.0,164.0,159.0,164.0,154.0,133.0,127.0,7.0,12.0,16.0,14.0,9.0,12.0,7.0,12.0,16.0,14.0,9.0,12.0,1.0,1.0,1.0,1.0,1.0,1.0,18.0,26.0,18.0,40.0,27.0,25.0,0.102272727273,0.147727272727,0.0994475138122,0.229885057471,0.183673469388,0.176056338028,176.0,176.0,181.0,174.0,147.0,142.0,111.0,154.0,84.0,70.0,901.0,25.0,70.0,996.0,39.0,0.154618473896,3.36,1.0,10,3,18,0
2016-10-03 15:00:00,5.0,1.0,6.0,5.0,3.0,1.0,14.0,2.0,26.0,18.0,13.0,2.0,2.8,2.0,4.33333333333,3.6,4.33333333333,2.0,6.0,7.0,9.0,5.0,8.0,7.0,159.0,164.0,154.0,133.0,127.0,91.0,12.0,16.0,14.0,9.0,12.0,13.0,12.0,16.0,14.0,9.0,12.0,19.0,1.0,1.0,1.0,1.0,1.0,1.46153846154,26.0,18.0,40.0,27.0,25.0,21.0,0.147727272727,0.0994475138122,0.229885057471,0.183673469388,0.176056338028,0.2,176.0,181.0,174.0,147.0,142.0,105.0,96.0,157.0,75.0,82.0,828.0,21.0,76.0,925.0,42.0,0.16972972973,3.57142857143,1.07894736842,10,3,18,20
2016-10-03 15:20:00,1.0,6.0,5.0,3.0,1.0,6.0,2.0,26.0,18.0,13.0,2.0,17.0,2.0,4.33333333333,3.6,4.33333333333,2.0,2.83333333333,7.0,9.0,5.0,8.0,7.0,4.0,164.0,154.0,133.0,127.0,91.0,140.0,16.0,14.0,9.0,12.0,13.0,7.0,16.0,14.0,9.0,12.0,19.0,13.0,1.0,1.0,1.0,1.0,1.46153846154,1.85714285714,18.0,40.0,27.0,25.0,21.0,30.0,0.0994475138122,0.229885057471,0.183673469388,0.176056338028,0.2,0.196078431373,181.0,174.0,147.0,142.0,105.0,153.0,84.0,161.0,78.0,83.0,809.0,22.0,71.0,902.0,40.0,0.178492239468,3.54545454545,1.16901408451,10,3,18,40
2016-10-03 15:40:00,6.0,5.0,3.0,1.0,6.0,3.0,26.0,18.0,13.0,2.0,17.0,13.0,4.33333333333,3.6,4.33333333333,2.0,2.83333333333,4.33333333333,9.0,5.0,8.0,7.0,4.0,6.0,154.0,133.0,127.0,91.0,140.0,101.0,14.0,9.0,12.0,13.0,7.0,12.0,14.0,9.0,12.0,19.0,13.0,12.0,1.0,1.0,1.0,1.46153846154,1.85714285714,1.0,40.0,27.0,25.0,21.0,30.0,25.0,0.229885057471,0.183673469388,0.176056338028,0.2,0.196078431373,0.215517241379,174.0,147.0,142.0,105.0,153.0,116.0,88.0,168.0,89.0,79.0,746.0,24.0,67.0,837.0,39.0,0.200716845878,3.70833333333,1.17910447761,10,3,19,0
2016-10-03 16:00:00,5.0,3.0,1.0,6.0,3.0,4.0,18.0,13.0,2.0,17.0,13.0,17.0,3.6,4.33333333333,2.0,2.83333333333,4.33333333333,4.25,5.0,8.0,7.0,4.0,6.0,3.0,133.0,127.0,91.0,140.0,101.0,99.0,9.0,12.0,13.0,7.0,12.0,8.0,9.0,12.0,19.0,13.0,12.0,8.0,1.0,1.0,1.46153846154,1.85714285714,1.0,1.0,27.0,25.0,21.0,30.0,25.0,25.0,0.183673469388,0.176056338028,0.2,0.196078431373,0.215517241379,0.225225225225,147.0,142.0,105.0,153.0,116.0,111.0,89.0,153.0,80.0,73.0,691.0,22.0,61.0,774.0,33.0,0.197674418605,3.63636363636,1.19672131148,10,3,19,20
2016-10-03 16:20:00,3.0,1.0,6.0,3.0,4.0,6.0,13.0,2.0,17.0,13.0,17.0,27.0,4.33333333333,2.0,2.83333333333,4.33333333333,4.25,4.5,8.0,7.0,4.0,6.0,3.0,3.0,127.0,91.0,140.0,101.0,99.0,95.0,12.0,13.0,7.0,12.0,8.0,10.0,12.0,19.0,13.0,12.0,8.0,10.0,1.0,1.46153846154,1.85714285714,1.0,1.0,1.0,25.0,21.0,30.0,25.0,25.0,37.0,0.176056338028,0.2,0.196078431373,0.215517241379,0.225225225225,0.333333333333,142.0,105.0,153.0,116.0,111.0,111.0,89.0,163.0,89.0,74.0,653.0,23.0,62.0,738.0,31.0,0.220867208672,3.86956521739,1.1935483871,10,3,19,40
2016-10-03 16:40:00,1.0,6.0,3.0,4.0,6.0,4.0,2.0,17.0,13.0,17.0,27.0,9.0,2.0,2.83333333333,4.33333333333,4.25,4.5,2.25,7.0,4.0,6.0,3.0,3.0,5.0,91.0,140.0,101.0,99.0,95.0,82.0,13.0,7.0,12.0,8.0,10.0,10.0,19.0,13.0,12.0,8.0,10.0,13.0,1.46153846154,1.85714285714,1.0,1.0,1.0,1.3,21.0,30.0,25.0,25.0,37.0,22.0,0.2,0.196078431373,0.215517241379,0.225225225225,0.333333333333,0.229166666667,105.0,153.0,116.0,111.0,111.0,96.0,75.0,160.0,85.0,75.0,608.0,24.0,60.0,692.0,28.0,0.231213872832,3.54166666667,1.25,10,3,20,0
2016-10-03 17:00:00,6.0,3.0,4.0,6.0,4.0,1.0,17.0,13.0,17.0,27.0,9.0,2.0,2.83333333333,4.33333333333,4.25,4.5,2.25,2.0,4.0,6.0,3.0,3.0,5.0,2.0,140.0,101.0,99.0,95.0,82.0,79.0,7.0,12.0,8.0,10.0,10.0,4.0,13.0,12.0,8.0,10.0,13.0,7.0,1.85714285714,1.0,1.0,1.0,1.3,1.75,30.0,25.0,25.0,37.0,22.0,9.0,0.196078431373,0.215517241379,0.225225225225,0.333333333333,0.229166666667,0.107142857143,153.0,116.0,111.0,111.0,96.0,84.0,72.0,148.0,85.0,63.0,596.0,24.0,51.0,671.0,23.0,0.220566318927,3.54166666667,1.23529411765,10,3,20,20
2016-10-03 17:20:00,3.0,4.0,6.0,4.0,1.0,4.0,13.0,17.0,27.0,9.0,2.0,9.0,4.33333333333,4.25,4.5,2.25,2.0,2.25,6.0,3.0,3.0,5.0,2.0,3.0,101.0,99.0,95.0,82.0,79.0,75.0,12.0,8.0,10.0,10.0,4.0,9.0,12.0,8.0,10.0,13.0,7.0,9.0,1.0,1.0,1.0,1.3,1.75,1.0,25.0,25.0,37.0,22.0,9.0,18.0,0.215517241379,0.225225225225,0.333333333333,0.229166666667,0.107142857143,0.204545454545,116.0,111.0,111.0,96.0,84.0,88.0,72.0,136.0,77.0,59.0,531.0,22.0,53.0,606.0,22.0,0.224422442244,3.5,1.11320754717,10,3,20,40
2016-10-03 17:40:00,4.0,6.0,4.0,1.0,4.0,3.0,17.0,27.0,9.0,2.0,9.0,6.0,4.25,4.5,2.25,2.0,2.25,2.0,3.0,3.0,5.0,2.0,3.0,3.0,99.0,95.0,82.0,79.0,75.0,78.0,8.0,10.0,10.0,4.0,9.0,8.0,8.0,10.0,13.0,7.0,9.0,8.0,1.0,1.0,1.3,1.75,1.0,1.0,25.0,37.0,22.0,9.0,18.0,14.0,0.225225225225,0.333333333333,0.229166666667,0.107142857143,0.204545454545,0.157303370787,111.0,111.0,96.0,84.0,88.0,89.0,70.0,125.0,70.0,55.0,508.0,22.0,49.0,579.0,19.0,0.215889464594,3.18181818182,1.12244897959,10,3,21,0
2016-10-03 18:00:00,6.0,4.0,1.0,4.0,3.0,5.0,27.0,9.0,2.0,9.0,6.0,16.0,4.5,2.25,2.0,2.25,2.0,3.2,3.0,5.0,2.0,3.0,3.0,2.0,95.0,82.0,79.0,75.0,78.0,79.0,10.0,10.0,4.0,9.0,8.0,5.0,10.0,13.0,7.0,9.0,8.0,5.0,1.0,1.3,1.75,1.0,1.0,1.0,37.0,22.0,9.0,18.0,14.0,21.0,0.333333333333,0.229166666667,0.107142857143,0.204545454545,0.157303370787,0.23595505618,111.0,96.0,84.0,88.0,89.0,89.0,69.0,121.0,69.0,52.0,488.0,23.0,46.0,557.0,18.0,0.21723518851,3.0,1.13043478261,10,3,21,20
2016-10-03 18:20:00,4.0,1.0,4.0,3.0,5.0,5.0,9.0,2.0,9.0,6.0,16.0,13.0,2.25,2.0,2.25,2.0,3.2,2.6,5.0,2.0,3.0,3.0,2.0,6.0,82.0,79.0,75.0,78.0,79.0,63.0,10.0,4.0,9.0,8.0,5.0,7.0,13.0,7.0,9.0,8.0,5.0,10.0,1.3,1.75,1.0,1.0,1.0,1.42857142857,22.0,9.0,18.0,14.0,21.0,23.0,0.229166666667,0.107142857143,0.204545454545,0.157303370787,0.23595505618,0.306666666667,96.0,84.0,88.0,89.0,89.0,75.0,56.0,107.0,55.0,52.0,456.0,22.0,43.0,521.0,21.0,0.20537428023,2.5,1.20930232558,10,3,21,40
2016-10-03 18:40:00,1.0,4.0,3.0,5.0,5.0,3.0,2.0,9.0,6.0,16.0,13.0,7.0,2.0,2.25,2.0,3.2,2.6,2.33333333333,2.0,3.0,3.0,2.0,6.0,2.0,79.0,75.0,78.0,79.0,63.0,64.0,4.0,9.0,8.0,5.0,7.0,5.0,7.0,9.0,8.0,5.0,10.0,5.0,1.75,1.0,1.0,1.0,1.42857142857,1.0,9.0,18.0,14.0,21.0,23.0,12.0,0.107142857143,0.204545454545,0.157303370787,0.23595505618,0.306666666667,0.166666666667,84.0,88.0,89.0,89.0,75.0,72.0,36.0,97.0,53.0,44.0,438.0,21.0,38.0,497.0,18.0,0.195171026157,2.52380952381,1.15789473684,10,3,22,0
2016-10-03 19:00:00,4.0,3.0,5.0,5.0,3.0,5.0,9.0,6.0,16.0,13.0,7.0,17.0,2.25,2.0,3.2,2.6,2.33333333333,3.4,3.0,3.0,2.0,6.0,2.0,4.0,75.0,78.0,79.0,63.0,64.0,61.0,9.0,8.0,5.0,7.0,5.0,6.0,9.0,8.0,5.0,10.0,5.0,6.0,1.0,1.0,1.0,1.42857142857,1.0,1.0,18.0,14.0,21.0,23.0,12.0,23.0,0.204545454545,0.157303370787,0.23595505618,0.306666666667,0.166666666667,0.319444444444,88.0,89.0,89.0,75.0,72.0,72.0,42.0,111.0,68.0,43.0,420.0,25.0,40.0,485.0,20.0,0.228865979381,2.72,1.075,10,3,22,20
2016-10-03 19:20:00,3.0,5.0,5.0,3.0,5.0,4.0,6.0,16.0,13.0,7.0,17.0,11.0,2.0,3.2,2.6,2.33333333333,3.4,2.75,3.0,2.0,6.0,2.0,4.0,6.0,78.0,79.0,63.0,64.0,61.0,61.0,8.0,5.0,7.0,5.0,6.0,5.0,8.0,5.0,10.0,5.0,6.0,8.0,1.0,1.0,1.42857142857,1.0,1.0,1.6,14.0,21.0,23.0,12.0,23.0,19.0,0.157303370787,0.23595505618,0.306666666667,0.166666666667,0.319444444444,0.271428571429,89.0,89.0,75.0,72.0,72.0,70.0,40.0,112.0,70.0,42.0,406.0,25.0,36.0,467.0,23.0,0.23982869379,2.8,1.16666666667,10,3,22,40
2016-10-03 19:40:00,5.0,5.0,3.0,5.0,4.0,4.0,16.0,13.0,7.0,17.0,11.0,8.0,3.2,2.6,2.33333333333,3.4,2.75,2.0,2.0,6.0,2.0,4.0,6.0,3.0,79.0,63.0,64.0,61.0,61.0,59.0,5.0,7.0,5.0,6.0,5.0,6.0,5.0,10.0,5.0,6.0,8.0,6.0,1.0,1.42857142857,1.0,1.0,1.6,1.0,21.0,23.0,12.0,23.0,19.0,14.0,0.23595505618,0.306666666667,0.166666666667,0.319444444444,0.271428571429,0.202898550725,89.0,75.0,72.0,72.0,70.0,69.0,37.0,112.0,72.0,40.0,387.0,26.0,34.0,447.0,23.0,0.250559284116,2.76923076923,1.17647058824,10,3,23,0
2016-10-03 20:00:00,5.0,3.0,5.0,4.0,4.0,3.0,13.0,7.0,17.0,11.0,8.0,13.0,2.6,2.33333333333,3.4,2.75,2.0,4.33333333333,6.0,2.0,4.0,6.0,3.0,2.0,63.0,64.0,61.0,61.0,59.0,51.0,7.0,5.0,6.0,5.0,6.0,2.0,10.0,5.0,6.0,8.0,6.0,2.0,1.42857142857,1.0,1.0,1.6,1.0,1.0,23.0,12.0,23.0,19.0,14.0,15.0,0.306666666667,0.166666666667,0.319444444444,0.271428571429,0.202898550725,0.267857142857,75.0,72.0,72.0,70.0,69.0,56.0,20.0,106.0,69.0,37.0,359.0,24.0,31.0,414.0,23.0,0.256038647343,2.875,1.1935483871,10,3,23,20
2016-10-03 20:20:00,3.0,5.0,4.0,4.0,3.0,3.0,7.0,17.0,11.0,8.0,13.0,11.0,2.33333333333,3.4,2.75,2.0,4.33333333333,3.66666666667,2.0,4.0,6.0,3.0,2.0,2.0,64.0,61.0,61.0,59.0,51.0,28.0,5.0,6.0,5.0,6.0,2.0,5.0,5.0,6.0,8.0,6.0,2.0,5.0,1.0,1.0,1.6,1.0,1.0,1.0,12.0,23.0,19.0,14.0,15.0,16.0,0.166666666667,0.319444444444,0.271428571429,0.202898550725,0.267857142857,0.444444444444,72.0,72.0,70.0,69.0,56.0,36.0,21.0,99.0,67.0,32.0,324.0,22.0,29.0,375.0,19.0,0.264,3.04545454545,1.10344827586,10,3,23,40
2016-10-03 20:40:00,5.0,4.0,4.0,3.0,3.0,0.0,17.0,11.0,8.0,13.0,11.0,0.0,3.4,2.75,2.0,4.33333333333,3.66666666667,0.0,4.0,6.0,3.0,2.0,2.0,2.0,61.0,61.0,59.0,51.0,28.0,38.0,6.0,5.0,6.0,2.0,5.0,4.0,6.0,8.0,6.0,2.0,5.0,4.0,1.0,1.6,1.0,1.0,1.0,1.0,23.0,19.0,14.0,15.0,16.0,4.0,0.319444444444,0.271428571429,0.202898550725,0.267857142857,0.444444444444,0.0952380952381,72.0,70.0,69.0,56.0,36.0,42.0,10.0,91.0,60.0,31.0,298.0,19.0,28.0,345.0,19.0,0.263768115942,3.15789473684,1.10714285714,10,4,0,0
2016-10-03 21:00:00,4.0,4.0,3.0,3.0,0.0,2.0,11.0,8.0,13.0,11.0,0.0,8.0,2.75,2.0,4.33333333333,3.66666666667,0.0,4.0,6.0,3.0,2.0,2.0,2.0,1.0,61.0,59.0,51.0,28.0,38.0,35.0,5.0,6.0,2.0,5.0,4.0,3.0,8.0,6.0,2.0,5.0,4.0,3.0,1.6,1.0,1.0,1.0,1.0,1.0,19.0,14.0,15.0,16.0,4.0,11.0,0.271428571429,0.202898550725,0.267857142857,0.444444444444,0.0952380952381,0.275,70.0,69.0,56.0,36.0,42.0,40.0,19.0,79.0,51.0,28.0,272.0,16.0,25.0,313.0,16.0,0.252396166134,3.1875,1.12,10,4,0,20
2016-10-03 21:20:00,4.0,3.0,3.0,0.0,2.0,2.0,8.0,13.0,11.0,0.0,8.0,7.0,2.0,4.33333333333,3.66666666667,0.0,4.0,3.5,3.0,2.0,2.0,2.0,1.0,0.0,59.0,51.0,28.0,38.0,35.0,34.0,6.0,2.0,5.0,4.0,3.0,1.0,6.0,2.0,5.0,4.0,3.0,1.0,1.0,1.0,1.0,1.0,1.0,1.0,14.0,15.0,16.0,4.0,11.0,8.0,0.202898550725,0.267857142857,0.444444444444,0.0952380952381,0.275,0.216216216216,69.0,56.0,36.0,42.0,40.0,37.0,14.0,68.0,47.0,21.0,245.0,14.0,21.0,280.0,10.0,0.242857142857,3.35714285714,1.0,10,4,0,40
2016-10-03 21:40:00,3.0,3.0,0.0,2.0,2.0,1.0,13.0,11.0,0.0,8.0,7.0,5.0,4.33333333333,3.66666666667,0.0,4.0,3.5,5.0,2.0,2.0,2.0,1.0,0.0,0.0,51.0,28.0,38.0,35.0,34.0,18.0,2.0,5.0,4.0,3.0,1.0,1.0,2.0,5.0,4.0,3.0,1.0,1.0,1.0,1.0,1.0,1.0,1.0,1.0,15.0,16.0,4.0,11.0,8.0,6.0,0.267857142857,0.444444444444,0.0952380952381,0.275,0.216216216216,0.3,56.0,36.0,42.0,40.0,37.0,20.0,12.0,60.0,44.0,16.0,204.0,11.0,16.0,231.0,7.0,0.25974025974,4.0,1.0,10,4,1,0
2016-10-03 22:00:00,3.0,0.0,2.0,2.0,1.0,0.0,11.0,0.0,8.0,7.0,5.0,0.0,3.66666666667,0.0,4.0,3.5,5.0,0.0,2.0,2.0,1.0,0.0,0.0,2.0,28.0,38.0,35.0,34.0,18.0,19.0,5.0,4.0,3.0,1.0,1.0,2.0,5.0,4.0,3.0,1.0,1.0,5.0,1.0,1.0,1.0,1.0,1.0,2.5,16.0,4.0,11.0,8.0,6.0,5.0,0.444444444444,0.0952380952381,0.275,0.216216216216,0.3,0.238095238095,36.0,42.0,40.0,37.0,20.0,21.0,10.0,50.0,31.0,19.0,172.0,8.0,16.0,196.0,7.0,0.255102040816,3.875,1.1875,10,4,1,20
2016-10-03 22:20:00,0.0,2.0,2.0,1.0,0.0,1.0,0.0,8.0,7.0,5.0,0.0,2.0,0.0,4.0,3.5,5.0,0.0,2.0,2.0,1.0,0.0,0.0,2.0,0.0,38.0,35.0,34.0,18.0,19.0,9.0,4.0,3.0,1.0,1.0,2.0,0.0,4.0,3.0,1.0,1.0,5.0,0.0,1.0,1.0,1.0,1.0,2.5,0.0,4.0,11.0,8.0,6.0,5.0,2.0,0.0952380952381,0.275,0.216216216216,0.3,0.238095238095,0.2,42.0,40.0,37.0,20.0,21.0,10.0,10.0,36.0,22.0,14.0,153.0,6.0,11.0,170.0,5.0,0.211764705882,3.66666666667,1.27272727273,10,4,1,40
2016-10-03 22:40:00,2.0,2.0,1.0,0.0,1.0,2.0,8.0,7.0,5.0,0.0,2.0,8.0,4.0,3.5,5.0,0.0,2.0,4.0,1.0,0.0,0.0,2.0,0.0,0.0,35.0,34.0,18.0,19.0,9.0,16.0,3.0,1.0,1.0,2.0,0.0,1.0,3.0,1.0,1.0,5.0,0.0,1.0,1.0,1.0,1.0,2.5,0.0,1.0,11.0,8.0,6.0,5.0,2.0,9.0,0.275,0.216216216216,0.3,0.238095238095,0.2,0.473684210526,40.0,37.0,20.0,21.0,10.0,19.0,7.0,41.0,30.0,11.0,131.0,8.0,8.0,147.0,3.0,0.278911564626,3.75,1.375,10,4,2,0
2016-10-03 23:00:00,2.0,1.0,0.0,1.0,2.0,1.0,7.0,5.0,0.0,2.0,8.0,2.0,3.5,5.0,0.0,2.0,4.0,2.0,0.0,0.0,2.0,0.0,0.0,0.0,34.0,18.0,19.0,9.0,16.0,13.0,1.0,1.0,2.0,0.0,1.0,0.0,1.0,1.0,5.0,0.0,1.0,0.0,1.0,1.0,2.5,0.0,1.0,0.0,8.0,6.0,5.0,2.0,9.0,2.0,0.216216216216,0.3,0.238095238095,0.2,0.473684210526,0.142857142857,37.0,20.0,21.0,10.0,19.0,14.0,8.0,32.0,24.0,8.0,109.0,7.0,5.0,121.0,2.0,0.264462809917,3.42857142857,1.6,10,4,2,20
2016-10-03 23:20:00,1.0,0.0,1.0,2.0,1.0,2.0,5.0,0.0,2.0,8.0,2.0,4.0,5.0,0.0,2.0,4.0,2.0,2.0,0.0,2.0,0.0,0.0,0.0,1.0,18.0,19.0,9.0,16.0,13.0,9.0,1.0,2.0,0.0,1.0,0.0,1.0,1.0,5.0,0.0,1.0,0.0,1.0,1.0,2.5,0.0,1.0,0.0,1.0,6.0,5.0,2.0,9.0,2.0,5.0,0.3,0.238095238095,0.2,0.473684210526,0.142857142857,0.416666666667,20.0,21.0,10.0,19.0,14.0,12.0,6.0,29.0,21.0,8.0,84.0,7.0,5.0,96.0,3.0,0.302083333333,3.0,1.6,10,4,2,40
2016-10-03 23:40:00,0.0,1.0,2.0,1.0,2.0,1.0,0.0,2.0,8.0,2.0,4.0,3.0,0.0,2.0,4.0,2.0,2.0,3.0,2.0,0.0,0.0,0.0,1.0,0.0,19.0,9.0,16.0,13.0,9.0,8.0,2.0,0.0,1.0,0.0,1.0,1.0,5.0,0.0,1.0,0.0,1.0,1.0,2.5,0.0,1.0,0.0,1.0,1.0,5.0,2.0,9.0,2.0,5.0,4.0,0.238095238095,0.2,0.473684210526,0.142857142857,0.416666666667,0.4,21.0,10.0,19.0,14.0,12.0,10.0,8.0,27.0,19.0,8.0,74.0,7.0,5.0,86.0,3.0,0.313953488372,2.71428571429,1.6,10,4,3,0
2016-10-04 00:00:00,1.0,2.0,1.0,2.0,1.0,1.0,2.0,8.0,2.0,4.0,3.0,3.0,2.0,4.0,2.0,2.0,3.0,3.0,0.0,0.0,0.0,1.0,0.0,1.0,9.0,16.0,13.0,9.0,8.0,8.0,0.0,1.0,0.0,1.0,1.0,1.0,0.0,1.0,0.0,1.0,1.0,1.0,0.0,1.0,0.0,1.0,1.0,1.0,2.0,9.0,2.0,5.0,4.0,4.0,0.2,0.473684210526,0.142857142857,0.416666666667,0.4,0.4,10.0,19.0,14.0,12.0,10.0,10.0,10.0,26.0,22.0,4.0,63.0,8.0,4.0,75.0,2.0,0.346666666667,2.75,1.0,10,4,3,20
2016-10-04 00:20:00,2.0,1.0,2.0,1.0,1.0,0.0,8.0,2.0,4.0,3.0,3.0,0.0,4.0,2.0,2.0,3.0,3.0,0.0,0.0,0.0,1.0,0.0,1.0,0.0,16.0,13.0,9.0,8.0,8.0,7.0,1.0,0.0,1.0,1.0,1.0,0.0,1.0,0.0,1.0,1.0,1.0,0.0,1.0,0.0,1.0,1.0,1.0,0.0,9.0,2.0,5.0,4.0,4.0,0.0,0.473684210526,0.142857142857,0.416666666667,0.4,0.4,0.0,19.0,14.0,12.0,10.0,10.0,7.0,11.0,24.0,20.0,4.0,61.0,7.0,4.0,72.0,2.0,0.333333333333,2.85714285714,1.0,10,4,3,40
2016-10-04 00:40:00,1.0,2.0,1.0,1.0,0.0,3.0,2.0,4.0,3.0,3.0,0.0,9.0,2.0,2.0,3.0,3.0,0.0,3.0,0.0,1.0,0.0,1.0,0.0,0.0,13.0,9.0,8.0,8.0,7.0,5.0,0.0,1.0,1.0,1.0,0.0,0.0,0.0,1.0,1.0,1.0,0.0,0.0,0.0,1.0,1.0,1.0,0.0,0.0,2.0,5.0,4.0,4.0,0.0,9.0,0.142857142857,0.416666666667,0.4,0.4,0.0,1.125,14.0,12.0,10.0,10.0,7.0,8.0,7.0,24.0,21.0,3.0,50.0,8.0,3.0,61.0,2.0,0.393442622951,2.625,1.0,10,4,4,0
2016-10-04 01:00:00,2.0,1.0,1.0,0.0,3.0,1.0,4.0,3.0,3.0,0.0,9.0,3.0,2.0,3.0,3.0,0.0,3.0,3.0,1.0,0.0,1.0,0.0,0.0,0.0,9.0,8.0,8.0,7.0,5.0,5.0,1.0,1.0,1.0,0.0,0.0,0.0,1.0,1.0,1.0,0.0,0.0,0.0,1.0,1.0,1.0,0.0,0.0,0.0,5.0,4.0,4.0,0.0,9.0,3.0,0.416666666667,0.4,0.4,0.0,1.125,0.5,12.0,10.0,10.0,7.0,8.0,6.0,10.0,25.0,22.0,3.0,42.0,8.0,3.0,53.0,2.0,0.471698113208,2.75,1.0,10,4,4,20
2016-10-04 01:20:00,1.0,1.0,0.0,3.0,1.0,1.0,3.0,3.0,0.0,9.0,3.0,3.0,3.0,3.0,0.0,3.0,3.0,3.0,0.0,1.0,0.0,0.0,0.0,1.0,8.0,8.0,7.0,5.0,5.0,5.0,1.0,1.0,0.0,0.0,0.0,2.0,1.0,1.0,0.0,0.0,0.0,2.0,1.0,1.0,0.0,0.0,0.0,1.0,4.0,4.0,0.0,9.0,3.0,5.0,0.4,0.4,0.0,1.125,0.5,0.625,10.0,10.0,7.0,8.0,6.0,8.0,13.0,25.0,21.0,4.0,38.0,7.0,4.0,49.0,2.0,0.510204081633,3.0,1.0,10,4,4,40
2016-10-04 01:40:00,1.0,0.0,3.0,1.0,1.0,5.0,3.0,0.0,9.0,3.0,3.0,22.0,3.0,0.0,3.0,3.0,3.0,4.4,1.0,0.0,0.0,0.0,1.0,0.0,8.0,7.0,5.0,5.0,5.0,2.0,1.0,0.0,0.0,0.0,2.0,3.0,1.0,0.0,0.0,0.0,2.0,3.0,1.0,0.0,0.0,0.0,1.0,1.0,4.0,0.0,9.0,3.0,5.0,25.0,0.4,0.0,1.125,0.5,0.625,2.5,10.0,7.0,8.0,6.0,8.0,10.0,18.0,46.0,40.0,6.0,32.0,11.0,6.0,49.0,2.0,0.938775510204,3.63636363636,1.0,10,4,5,0
2016-10-04 02:00:00,0.0,3.0,1.0,1.0,5.0,4.0,0.0,9.0,3.0,3.0,22.0,18.0,0.0,3.0,3.0,3.0,4.4,4.5,0.0,0.0,0.0,1.0,0.0,0.0,7.0,5.0,5.0,5.0,2.0,7.0,0.0,0.0,0.0,2.0,3.0,0.0,0.0,0.0,0.0,2.0,3.0,0.0,0.0,0.0,0.0,1.0,1.0,0.0,0.0,9.0,3.0,5.0,25.0,18.0,0.0,1.125,0.5,0.625,2.5,1.63636363636,7.0,8.0,6.0,8.0,10.0,11.0,27.0,60.0,55.0,5.0,31.0,14.0,5.0,50.0,1.0,1.2,3.92857142857,1.0,10,4,5,20
2016-10-04 02:20:00,3.0,1.0,1.0,5.0,4.0,1.0,9.0,3.0,3.0,22.0,18.0,5.0,3.0,3.0,3.0,4.4,4.5,5.0,0.0,0.0,1.0,0.0,0.0,0.0,5.0,5.0,5.0,2.0,7.0,6.0,0.0,0.0,2.0,3.0,0.0,0.0,0.0,0.0,2.0,3.0,0.0,0.0,0.0,0.0,1.0,1.0,0.0,0.0,9.0,3.0,5.0,25.0,18.0,5.0,1.125,0.5,0.625,2.5,1.63636363636,0.714285714286,8.0,6.0,8.0,10.0,11.0,7.0,30.0,65.0,60.0,5.0,30.0,15.0,5.0,50.0,1.0,1.3,4.0,1.0,10,4,5,40
2016-10-04 02:40:00,1.0,1.0,5.0,4.0,1.0,3.0,3.0,3.0,22.0,18.0,5.0,12.0,3.0,3.0,4.4,4.5,5.0,4.0,0.0,1.0,0.0,0.0,0.0,0.0,5.0,5.0,2.0,7.0,6.0,4.0,0.0,2.0,3.0,0.0,0.0,3.0,0.0,2.0,3.0,0.0,0.0,3.0,0.0,1.0,1.0,0.0,0.0,1.0,3.0,5.0,25.0,18.0,5.0,15.0,0.5,0.625,2.5,1.63636363636,0.714285714286,1.5,6.0,8.0,10.0,11.0,7.0,10.0,40.0,71.0,63.0,8.0,29.0,15.0,8.0,52.0,1.0,1.36538461538,4.2,1.0,10,4,6,0
2016-10-04 03:00:00,1.0,5.0,4.0,1.0,3.0,0.0,3.0,22.0,18.0,5.0,12.0,0.0,3.0,4.4,4.5,5.0,4.0,0.0,1.0,0.0,0.0,0.0,0.0,0.0,5.0,2.0,7.0,6.0,4.0,11.0,2.0,3.0,0.0,0.0,3.0,2.0,2.0,3.0,0.0,0.0,3.0,2.0,1.0,1.0,0.0,0.0,1.0,1.0,5.0,25.0,18.0,5.0,15.0,2.0,0.625,2.5,1.63636363636,0.714285714286,1.5,0.153846153846,8.0,10.0,11.0,7.0,10.0,13.0,58.0,70.0,60.0,10.0,35.0,14.0,10.0,59.0,1.0,1.18644067797,4.28571428571,1.0,10,4,6,20
2016-10-04 03:20:00,5.0,4.0,1.0,3.0,0.0,3.0,22.0,18.0,5.0,12.0,0.0,6.0,4.4,4.5,5.0,4.0,0.0,2.0,0.0,0.0,0.0,0.0,0.0,0.0,2.0,7.0,6.0,4.0,11.0,12.0,3.0,0.0,0.0,3.0,2.0,3.0,3.0,0.0,0.0,3.0,2.0,3.0,1.0,0.0,0.0,1.0,1.0,1.0,25.0,18.0,5.0,15.0,2.0,9.0,2.5,1.63636363636,0.714285714286,1.5,0.153846153846,0.5,10.0,11.0,7.0,10.0,13.0,18.0,82.0,74.0,63.0,11.0,42.0,16.0,11.0,69.0,0.0,1.07246376812,3.9375,1.0,10,4,6,40
2016-10-04 03:40:00,4.0,1.0,3.0,0.0,3.0,4.0,18.0,5.0,12.0,0.0,6.0,8.0,4.5,5.0,4.0,0.0,2.0,2.0,0.0,0.0,0.0,0.0,0.0,2.0,7.0,6.0,4.0,11.0,12.0,17.0,0.0,0.0,3.0,2.0,3.0,6.0,0.0,0.0,3.0,2.0,3.0,6.0,0.0,0.0,1.0,1.0,1.0,1.0,18.0,5.0,15.0,2.0,9.0,14.0,1.63636363636,0.714285714286,1.5,0.153846153846,0.5,0.518518518519,11.0,7.0,10.0,13.0,18.0,27.0,102.0,63.0,49.0,14.0,57.0,15.0,14.0,86.0,2.0,0.732558139535,3.26666666667,1.0,10,4,7,0
2016-10-04 04:00:00,1.0,3.0,0.0,3.0,4.0,5.0,5.0,12.0,0.0,6.0,8.0,15.0,5.0,4.0,0.0,2.0,2.0,3.0,0.0,0.0,0.0,0.0,2.0,1.0,6.0,4.0,11.0,12.0,17.0,22.0,0.0,3.0,2.0,3.0,6.0,3.0,0.0,3.0,2.0,3.0,6.0,6.0,0.0,1.0,1.0,1.0,1.0,2.0,5.0,15.0,2.0,9.0,14.0,21.0,0.714285714286,1.5,0.153846153846,0.5,0.518518518519,0.7,7.0,10.0,13.0,18.0,27.0,30.0,123.0,66.0,46.0,20.0,72.0,16.0,17.0,105.0,3.0,0.628571428571,2.875,1.17647058824,10,4,7,20
2016-10-04 04:20:00,3.0,0.0,3.0,4.0,5.0,4.0,12.0,0.0,6.0,8.0,15.0,11.0,4.0,0.0,2.0,2.0,3.0,2.75,0.0,0.0,0.0,2.0,1.0,0.0,4.0,11.0,12.0,17.0,22.0,34.0,3.0,2.0,3.0,6.0,3.0,2.0,3.0,2.0,3.0,6.0,6.0,2.0,1.0,1.0,1.0,1.0,2.0,1.0,15.0,2.0,9.0,14.0,21.0,13.0,1.5,0.153846153846,0.5,0.518518518519,0.7,0.325,10.0,13.0,18.0,27.0,30.0,40.0,135.0,74.0,52.0,22.0,100.0,19.0,19.0,138.0,3.0,0.536231884058,2.73684210526,1.15789473684,10,4,7,40
2016-10-04 04:40:00,0.0,3.0,4.0,5.0,4.0,4.0,0.0,6.0,8.0,15.0,11.0,11.0,0.0,2.0,2.0,3.0,2.75,2.75,0.0,0.0,2.0,1.0,0.0,0.0,11.0,12.0,17.0,22.0,34.0,49.0,2.0,3.0,6.0,3.0,2.0,5.0,2.0,3.0,6.0,6.0,2.0,5.0,1.0,1.0,1.0,2.0,1.0,1.0,2.0,9.0,14.0,21.0,13.0,16.0,0.153846153846,0.5,0.518518518519,0.7,0.325,0.275862068966,13.0,18.0,27.0,30.0,40.0,58.0,175.0,75.0,51.0,24.0,145.0,20.0,21.0,186.0,3.0,0.403225806452,2.55,1.14285714286,10,4,8,0
2016-10-04 05:00:00,3.0,4.0,5.0,4.0,4.0,6.0,6.0,8.0,15.0,11.0,11.0,24.0,2.0,2.0,3.0,2.75,2.75,4.0,0.0,2.0,1.0,0.0,0.0,2.0,12.0,17.0,22.0,34.0,49.0,72.0,3.0,6.0,3.0,2.0,5.0,4.0,3.0,6.0,6.0,2.0,5.0,7.0,1.0,1.0,2.0,1.0,1.0,1.75,9.0,14.0,21.0,13.0,16.0,31.0,0.5,0.518518518519,0.7,0.325,0.275862068966,0.378048780488,18.0,27.0,30.0,40.0,58.0,82.0,192.0,104.0,75.0,29.0,206.0,26.0,23.0,255.0,5.0,0.407843137255,2.88461538462,1.26086956522,10,4,8,20
2016-10-04 05:20:00,4.0,5.0,4.0,4.0,6.0,6.0,8.0,15.0,11.0,11.0,24.0,19.0,2.0,3.0,2.75,2.75,4.0,3.16666666667,2.0,1.0,0.0,0.0,2.0,5.0,17.0,22.0,34.0,49.0,72.0,89.0,6.0,3.0,2.0,5.0,4.0,7.0,6.0,6.0,2.0,5.0,7.0,10.0,1.0,2.0,1.0,1.0,1.75,1.42857142857,14.0,21.0,13.0,16.0,31.0,29.0,0.518518518519,0.7,0.325,0.275862068966,0.378048780488,0.28431372549,27.0,30.0,40.0,58.0,82.0,102.0,215.0,124.0,88.0,36.0,283.0,29.0,27.0,339.0,10.0,0.365781710914,3.03448275862,1.33333333333,10,4,8,40
2016-10-04 05:40:00,5.0,4.0,4.0,6.0,6.0,6.0,15.0,11.0,11.0,24.0,19.0,13.0,3.0,2.75,2.75,4.0,3.16666666667,2.16666666667,1.0,0.0,0.0,2.0,5.0,3.0,22.0,34.0,49.0,72.0,89.0,110.0,3.0,2.0,5.0,4.0,7.0,7.0,6.0,2.0,5.0,7.0,10.0,7.0,2.0,1.0,1.0,1.75,1.42857142857,1.0,21.0,13.0,16.0,31.0,29.0,20.0,0.7,0.325,0.275862068966,0.378048780488,0.28431372549,0.162601626016,30.0,40.0,58.0,82.0,102.0,123.0,232.0,130.0,93.0,37.0,376.0,31.0,28.0,435.0,11.0,0.298850574713,3.0,1.32142857143,10,4,9,0
2016-10-04 06:00:00,4.0,4.0,6.0,6.0,6.0,4.0,11.0,11.0,24.0,19.0,13.0,12.0,2.75,2.75,4.0,3.16666666667,2.16666666667,3.0,0.0,0.0,2.0,5.0,3.0,5.0,34.0,49.0,72.0,89.0,110.0,121.0,2.0,5.0,4.0,7.0,7.0,10.0,2.0,5.0,7.0,10.0,7.0,10.0,1.0,1.0,1.75,1.42857142857,1.0,1.0,13.0,16.0,31.0,29.0,20.0,22.0,0.325,0.275862068966,0.378048780488,0.28431372549,0.162601626016,0.162962962963,40.0,58.0,82.0,102.0,123.0,135.0,207.0,131.0,90.0,41.0,475.0,30.0,35.0,540.0,15.0,0.242592592593,3.0,1.17142857143,10,4,9,20
2016-10-04 06:20:00,4.0,6.0,6.0,6.0,4.0,6.0,11.0,24.0,19.0,13.0,12.0,27.0,2.75,4.0,3.16666666667,2.16666666667,3.0,4.5,0.0,2.0,5.0,3.0,5.0,5.0,49.0,72.0,89.0,110.0,121.0,161.0,5.0,4.0,7.0,7.0,10.0,8.0,5.0,7.0,10.0,7.0,10.0,11.0,1.0,1.75,1.42857142857,1.0,1.0,1.375,16.0,31.0,29.0,20.0,22.0,38.0,0.275862068966,0.378048780488,0.28431372549,0.162601626016,0.162962962963,0.217142857143,58.0,82.0,102.0,123.0,135.0,175.0,229.0,156.0,106.0,50.0,602.0,32.0,41.0,675.0,20.0,0.231111111111,3.3125,1.21951219512,10,4,9,40
2016-10-04 06:40:00,6.0,6.0,6.0,4.0,6.0,9.0,24.0,19.0,13.0,12.0,27.0,24.0,4.0,3.16666666667,2.16666666667,3.0,4.5,2.66666666667,2.0,5.0,3.0,5.0,5.0,9.0,72.0,89.0,110.0,121.0,161.0,172.0,4.0,7.0,7.0,10.0,8.0,11.0,7.0,10.0,7.0,10.0,11.0,11.0,1.75,1.42857142857,1.0,1.0,1.375,1.0,31.0,29.0,20.0,22.0,38.0,35.0,0.378048780488,0.28431372549,0.162601626016,0.162962962963,0.217142857143,0.182291666667,82.0,102.0,123.0,135.0,175.0,192.0,241.0,175.0,119.0,56.0,725.0,37.0,47.0,809.0,29.0,0.216316440049,3.21621621622,1.1914893617,10,4,10,0
2016-10-04 07:00:00,6.0,6.0,4.0,6.0,9.0,4.0,19.0,13.0,12.0,27.0,24.0,13.0,3.16666666667,2.16666666667,3.0,4.5,2.66666666667,3.25,5.0,3.0,5.0,5.0,9.0,4.0,89.0,110.0,121.0,161.0,172.0,201.0,7.0,7.0,10.0,8.0,11.0,10.0,10.0,7.0,10.0,11.0,11.0,10.0,1.42857142857,1.0,1.0,1.375,1.0,1.0,29.0,20.0,22.0,38.0,35.0,23.0,0.28431372549,0.162601626016,0.162962962963,0.217142857143,0.182291666667,0.106976744186,102.0,123.0,135.0,175.0,192.0,215.0,213.0,167.0,108.0,59.0,854.0,35.0,53.0,942.0,31.0,0.177282377919,3.08571428571,1.11320754717,10,4,10,20
2016-10-04 07:20:00,6.0,4.0,6.0,9.0,4.0,4.0,13.0,12.0,27.0,24.0,13.0,8.0,2.16666666667,3.0,4.5,2.66666666667,3.25,2.0,3.0,5.0,5.0,9.0,4.0,7.0,110.0,121.0,161.0,172.0,201.0,219.0,7.0,10.0,8.0,11.0,10.0,9.0,7.0,10.0,11.0,11.0,10.0,9.0,1.0,1.0,1.375,1.0,1.0,1.0,20.0,22.0,38.0,35.0,23.0,17.0,0.162601626016,0.162962962963,0.217142857143,0.182291666667,0.106976744186,0.073275862069,123.0,135.0,175.0,192.0,215.0,232.0,224.0,155.0,97.0,58.0,984.0,33.0,55.0,1072.0,33.0,0.144589552239,2.93939393939,1.05454545455,10,4,10,40
2016-10-04 07:40:00,4.0,6.0,9.0,4.0,4.0,7.0,12.0,27.0,24.0,13.0,8.0,22.0,3.0,4.5,2.66666666667,3.25,2.0,3.14285714286,5.0,5.0,9.0,4.0,7.0,4.0,121.0,161.0,172.0,201.0,219.0,192.0,10.0,8.0,11.0,10.0,9.0,8.0,10.0,11.0,11.0,10.0,9.0,8.0,1.0,1.375,1.0,1.0,1.0,1.0,22.0,38.0,35.0,23.0,17.0,30.0,0.162962962963,0.217142857143,0.182291666667,0.106976744186,0.073275862069,0.144927536232,135.0,175.0,192.0,215.0,232.0,207.0,176.0,165.0,106.0,59.0,1066.0,34.0,56.0,1156.0,34.0,0.142733564014,3.11764705882,1.05357142857,10,4,11,0
2016-10-04 08:00:00,6.0,9.0,4.0,4.0,7.0,7.0,27.0,24.0,13.0,8.0,22.0,20.0,4.5,2.66666666667,3.25,2.0,3.14285714286,2.85714285714,5.0,9.0,4.0,7.0,4.0,12.0,161.0,172.0,201.0,219.0,192.0,199.0,8.0,11.0,10.0,9.0,8.0,23.0,11.0,11.0,10.0,9.0,8.0,23.0,1.375,1.0,1.0,1.0,1.0,1.0,38.0,35.0,23.0,17.0,30.0,43.0,0.217142857143,0.182291666667,0.106976744186,0.073275862069,0.144927536232,0.187772925764,175.0,192.0,215.0,232.0,207.0,229.0,164.0,186.0,114.0,72.0,1144.0,37.0,69.0,1250.0,41.0,0.1488,3.08108108108,1.04347826087,10,4,11,20
2016-10-04 08:20:00,9.0,4.0,4.0,7.0,7.0,5.0,24.0,13.0,8.0,22.0,20.0,16.0,2.66666666667,3.25,2.0,3.14285714286,2.85714285714,3.2,9.0,4.0,7.0,4.0,12.0,7.0,172.0,201.0,219.0,192.0,199.0,224.0,11.0,10.0,9.0,8.0,23.0,12.0,11.0,10.0,9.0,8.0,23.0,12.0,1.0,1.0,1.0,1.0,1.0,1.0,35.0,23.0,17.0,30.0,43.0,28.0,0.182291666667,0.106976744186,0.073275862069,0.144927536232,0.187772925764,0.116182572614,192.0,215.0,232.0,207.0,229.0,241.0,151.0,176.0,103.0,73.0,1207.0,36.0,73.0,1316.0,43.0,0.133738601824,2.86111111111,1.0,10,4,11,40
2016-10-04 08:40:00,4.0,4.0,7.0,7.0,5.0,7.0,13.0,8.0,22.0,20.0,16.0,17.0,3.25,2.0,3.14285714286,2.85714285714,3.2,2.42857142857,4.0,7.0,4.0,12.0,7.0,5.0,201.0,219.0,192.0,199.0,224.0,191.0,10.0,9.0,8.0,23.0,12.0,15.0,10.0,9.0,8.0,23.0,12.0,18.0,1.0,1.0,1.0,1.0,1.0,1.2,23.0,17.0,30.0,43.0,28.0,35.0,0.106976744186,0.073275862069,0.144927536232,0.187772925764,0.116182572614,0.164319248826,215.0,232.0,207.0,229.0,241.0,213.0,140.0,176.0,96.0,80.0,1226.0,34.0,77.0,1337.0,39.0,0.131637995512,2.82352941176,1.03896103896,10,4,12,0
2016-10-04 09:00:00,4.0,7.0,7.0,5.0,7.0,7.0,8.0,22.0,20.0,16.0,17.0,20.0,2.0,3.14285714286,2.85714285714,3.2,2.42857142857,2.85714285714,7.0,4.0,12.0,7.0,5.0,6.0,219.0,192.0,199.0,224.0,191.0,202.0,9.0,8.0,23.0,12.0,15.0,15.0,9.0,8.0,23.0,12.0,18.0,15.0,1.0,1.0,1.0,1.0,1.2,1.0,17.0,30.0,43.0,28.0,35.0,35.0,0.073275862069,0.144927536232,0.187772925764,0.116182572614,0.164319248826,0.15625,232.0,207.0,229.0,241.0,213.0,224.0,141.0,188.0,103.0,85.0,1227.0,37.0,82.0,1346.0,41.0,0.139673105498,2.78378378378,1.03658536585,10,4,12,20
2016-10-04 09:20:00,7.0,7.0,5.0,7.0,7.0,7.0,22.0,20.0,16.0,17.0,20.0,20.0,3.14285714286,2.85714285714,3.2,2.42857142857,2.85714285714,2.85714285714,4.0,12.0,7.0,5.0,6.0,4.0,192.0,199.0,224.0,191.0,202.0,153.0,8.0,23.0,12.0,15.0,15.0,16.0,8.0,23.0,12.0,18.0,15.0,16.0,1.0,1.0,1.0,1.2,1.0,1.0,30.0,43.0,28.0,35.0,35.0,36.0,0.144927536232,0.187772925764,0.116182572614,0.164319248826,0.15625,0.204545454545,207.0,229.0,241.0,213.0,224.0,176.0,167.0,207.0,115.0,92.0,1161.0,40.0,89.0,1290.0,38.0,0.160465116279,2.875,1.03370786517,10,4,12,40
2016-10-04 09:40:00,7.0,5.0,7.0,7.0,7.0,8.0,20.0,16.0,17.0,20.0,20.0,23.0,2.85714285714,3.2,2.42857142857,2.85714285714,2.85714285714,2.875,12.0,7.0,5.0,6.0,4.0,9.0,199.0,224.0,191.0,202.0,153.0,142.0,23.0,12.0,15.0,15.0,16.0,14.0,23.0,12.0,18.0,15.0,16.0,14.0,1.0,1.0,1.2,1.0,1.0,1.0,43.0,28.0,35.0,35.0,36.0,37.0,0.187772925764,0.116182572614,0.164319248826,0.15625,0.204545454545,0.225609756098,229.0,241.0,213.0,224.0,176.0,164.0,163.0,214.0,116.0,98.0,1111.0,41.0,95.0,1247.0,43.0,0.171611868484,2.82926829268,1.03157894737,10,4,13,0
2016-10-04 10:00:00,5.0,7.0,7.0,7.0,8.0,6.0,16.0,17.0,20.0,20.0,23.0,18.0,3.2,2.42857142857,2.85714285714,2.85714285714,2.875,3.0,7.0,5.0,6.0,4.0,9.0,7.0,224.0,191.0,202.0,153.0,142.0,130.0,12.0,15.0,15.0,16.0,14.0,15.0,12.0,18.0,15.0,16.0,14.0,15.0,1.0,1.2,1.0,1.0,1.0,1.0,28.0,35.0,35.0,36.0,37.0,33.0,0.116182572614,0.164319248826,0.15625,0.204545454545,0.225609756098,0.218543046358,241.0,213.0,224.0,176.0,164.0,151.0,173.0,204.0,114.0,90.0,1042.0,40.0,87.0,1169.0,38.0,0.174508126604,2.85,1.03448275862,10,4,13,20
2016-10-04 10:20:00,7.0,7.0,7.0,8.0,6.0,11.0,17.0,20.0,20.0,23.0,18.0,36.0,2.42857142857,2.85714285714,2.85714285714,2.875,3.0,3.27272727273,5.0,6.0,4.0,9.0,7.0,7.0,191.0,202.0,153.0,142.0,130.0,115.0,15.0,15.0,16.0,14.0,15.0,14.0,18.0,15.0,16.0,14.0,15.0,14.0,1.2,1.0,1.0,1.0,1.0,1.0,35.0,35.0,36.0,37.0,33.0,50.0,0.164319248826,0.15625,0.204545454545,0.225609756098,0.218543046358,0.357142857143,213.0,224.0,176.0,164.0,151.0,140.0,138.0,226.0,134.0,92.0,933.0,46.0,89.0,1068.0,38.0,0.211610486891,2.91304347826,1.03370786517,10,4,13,40
2016-10-04 10:40:00,7.0,7.0,8.0,6.0,11.0,14.0,20.0,20.0,23.0,18.0,36.0,47.0,2.85714285714,2.85714285714,2.875,3.0,3.27272727273,3.35714285714,6.0,4.0,9.0,7.0,7.0,5.0,202.0,153.0,142.0,130.0,115.0,117.0,15.0,16.0,14.0,15.0,14.0,10.0,15.0,16.0,14.0,15.0,14.0,10.0,1.0,1.0,1.0,1.0,1.0,1.0,35.0,36.0,37.0,33.0,50.0,57.0,0.15625,0.204545454545,0.225609756098,0.218543046358,0.357142857143,0.404255319149,224.0,176.0,164.0,151.0,140.0,141.0,191.0,248.0,164.0,84.0,859.0,53.0,84.0,996.0,38.0,0.248995983936,3.09433962264,1.0,10,4,14,0
2016-10-04 11:00:00,7.0,8.0,6.0,11.0,14.0,7.0,20.0,23.0,18.0,36.0,47.0,22.0,2.85714285714,2.875,3.0,3.27272727273,3.35714285714,3.14285714286,4.0,9.0,7.0,7.0,5.0,8.0,153.0,142.0,130.0,115.0,117.0,146.0,16.0,14.0,15.0,14.0,10.0,14.0,16.0,14.0,15.0,14.0,10.0,14.0,1.0,1.0,1.0,1.0,1.0,1.0,36.0,37.0,33.0,50.0,57.0,36.0,0.204545454545,0.225609756098,0.218543046358,0.357142857143,0.404255319149,0.215568862275,176.0,164.0,151.0,140.0,141.0,167.0,174.0,249.0,166.0,83.0,803.0,53.0,83.0,939.0,40.0,0.26517571885,3.1320754717,1.0,10,4,14,20
2016-10-04 11:20:00,8.0,6.0,11.0,14.0,7.0,6.0,23.0,18.0,36.0,47.0,22.0,20.0,2.875,3.0,3.27272727273,3.35714285714,3.14285714286,3.33333333333,9.0,7.0,7.0,5.0,8.0,11.0,142.0,130.0,115.0,117.0,146.0,141.0,14.0,15.0,14.0,10.0,14.0,16.0,14.0,15.0,14.0,10.0,14.0,19.0,1.0,1.0,1.0,1.0,1.0,1.1875,37.0,33.0,50.0,57.0,36.0,39.0,0.225609756098,0.218543046358,0.357142857143,0.404255319149,0.215568862275,0.239263803681,164.0,151.0,140.0,141.0,167.0,163.0,196.0,252.0,166.0,86.0,791.0,52.0,83.0,926.0,47.0,0.272138228942,3.19230769231,1.03614457831,10,4,14,40
2016-10-04 11:40:00,6.0,11.0,14.0,7.0,6.0,7.0,18.0,36.0,47.0,22.0,20.0,21.0,3.0,3.27272727273,3.35714285714,3.14285714286,3.33333333333,3.0,7.0,7.0,5.0,8.0,11.0,7.0,130.0,115.0,117.0,146.0,141.0,152.0,15.0,14.0,10.0,14.0,16.0,14.0,15.0,14.0,10.0,14.0,19.0,14.0,1.0,1.0,1.0,1.0,1.1875,1.0,33.0,50.0,57.0,36.0,39.0,35.0,0.218543046358,0.357142857143,0.404255319149,0.215568862275,0.239263803681,0.202312138728,151.0,140.0,141.0,167.0,163.0,173.0,200.0,250.0,164.0,86.0,801.0,51.0,83.0,935.0,45.0,0.267379679144,3.21568627451,1.03614457831,10,4,15,0
2016-10-04 12:00:00,11.0,14.0,7.0,6.0,7.0,4.0,36.0,47.0,22.0,20.0,21.0,13.0,3.27272727273,3.35714285714,3.14285714286,3.33333333333,3.0,3.25,7.0,5.0,8.0,11.0,7.0,7.0,115.0,117.0,146.0,141.0,152.0,125.0,14.0,10.0,14.0,16.0,14.0,9.0,14.0,10.0,14.0,19.0,14.0,12.0,1.0,1.0,1.0,1.1875,1.0,1.33333333333,50.0,57.0,36.0,39.0,35.0,25.0,0.357142857143,0.404255319149,0.215568862275,0.239263803681,0.202312138728,0.18115942029,140.0,141.0,167.0,163.0,173.0,138.0,215.0,242.0,159.0,83.0,796.0,49.0,77.0,922.0,45.0,0.262472885033,3.24489795918,1.07792207792,10,4,15,20
2016-10-04 12:20:00,14.0,7.0,6.0,7.0,4.0,6.0,47.0,22.0,20.0,21.0,13.0,16.0,3.35714285714,3.14285714286,3.33333333333,3.0,3.25,2.66666666667,5.0,8.0,11.0,7.0,7.0,9.0,117.0,146.0,141.0,152.0,125.0,172.0,10.0,14.0,16.0,14.0,9.0,13.0,10.0,14.0,19.0,14.0,12.0,13.0,1.0,1.0,1.1875,1.0,1.33333333333,1.0,57.0,36.0,39.0,35.0,25.0,29.0,0.404255319149,0.215568862275,0.239263803681,0.202312138728,0.18115942029,0.151832460733,141.0,167.0,163.0,173.0,138.0,191.0,189.0,221.0,139.0,82.0,853.0,44.0,76.0,973.0,47.0,0.227132579651,3.15909090909,1.07894736842,10,4,15,40
2016-10-04 12:40:00,7.0,6.0,7.0,4.0,6.0,10.0,22.0,20.0,21.0,13.0,16.0,34.0,3.14285714286,3.33333333333,3.0,3.25,2.66666666667,3.4,8.0,11.0,7.0,7.0,9.0,9.0,146.0,141.0,152.0,125.0,172.0,150.0,14.0,16.0,14.0,9.0,13.0,14.0,14.0,19.0,14.0,12.0,13.0,17.0,1.0,1.1875,1.0,1.33333333333,1.0,1.21428571429,36.0,39.0,35.0,25.0,29.0,51.0,0.215568862275,0.239263803681,0.202312138728,0.18115942029,0.151832460733,0.293103448276,167.0,163.0,173.0,138.0,191.0,174.0,199.0,215.0,126.0,89.0,886.0,40.0,80.0,1006.0,51.0,0.213717693837,3.15,1.1125,10,4,16,0
2016-10-04 13:00:00,6.0,7.0,4.0,6.0,10.0,11.0,20.0,21.0,13.0,16.0,34.0,27.0,3.33333333333,3.0,3.25,2.66666666667,3.4,2.45454545455,11.0,7.0,7.0,9.0,9.0,5.0,141.0,152.0,125.0,172.0,150.0,173.0,16.0,14.0,9.0,13.0,14.0,12.0,19.0,14.0,12.0,13.0,17.0,12.0,1.1875,1.0,1.33333333333,1.0,1.21428571429,1.0,39.0,35.0,25.0,29.0,51.0,39.0,0.239263803681,0.202312138728,0.18115942029,0.151832460733,0.293103448276,0.198979591837,163.0,173.0,138.0,191.0,174.0,196.0,224.0,218.0,131.0,87.0,913.0,44.0,78.0,1035.0,48.0,0.210628019324,2.97727272727,1.11538461538,10,4,16,20
2016-10-04 13:20:00,7.0,4.0,6.0,10.0,11.0,11.0,21.0,13.0,16.0,34.0,27.0,34.0,3.0,3.25,2.66666666667,3.4,2.45454545455,3.09090909091,7.0,7.0,9.0,9.0,5.0,8.0,152.0,125.0,172.0,150.0,173.0,169.0,14.0,9.0,13.0,14.0,12.0,20.0,14.0,12.0,13.0,17.0,12.0,20.0,1.0,1.33333333333,1.0,1.21428571429,1.0,1.0,35.0,25.0,29.0,51.0,39.0,54.0,0.202312138728,0.18115942029,0.151832460733,0.293103448276,0.198979591837,0.27,173.0,138.0,191.0,174.0,196.0,200.0,216.0,233.0,145.0,88.0,941.0,49.0,82.0,1072.0,45.0,0.217350746269,2.95918367347,1.07317073171,10,4,16,40
2016-10-04 13:40:00,4.0,6.0,10.0,11.0,11.0,6.0,13.0,16.0,34.0,27.0,34.0,15.0,3.25,2.66666666667,3.4,2.45454545455,3.09090909091,2.5,7.0,9.0,9.0,5.0,8.0,7.0,125.0,172.0,150.0,173.0,169.0,197.0,9.0,13.0,14.0,12.0,20.0,12.0,12.0,13.0,17.0,12.0,20.0,12.0,1.33333333333,1.0,1.21428571429,1.0,1.0,1.0,25.0,29.0,51.0,39.0,54.0,27.0,0.18115942029,0.151832460733,0.293103448276,0.198979591837,0.27,0.125581395349,138.0,191.0,174.0,196.0,200.0,215.0,205.0,225.0,139.0,86.0,986.0,48.0,80.0,1114.0,45.0,0.20197486535,2.89583333333,1.075,10,4,17,0
2016-10-04 14:00:00,6.0,10.0,11.0,11.0,6.0,2.0,16.0,34.0,27.0,34.0,15.0,7.0,2.66666666667,3.4,2.45454545455,3.09090909091,2.5,3.5,9.0,9.0,5.0,8.0,7.0,9.0,172.0,150.0,173.0,169.0,197.0,167.0,13.0,14.0,12.0,20.0,12.0,20.0,13.0,17.0,12.0,20.0,12.0,23.0,1.0,1.21428571429,1.0,1.0,1.0,1.15,29.0,51.0,39.0,54.0,27.0,30.0,0.151832460733,0.293103448276,0.198979591837,0.27,0.125581395349,0.15873015873,191.0,174.0,196.0,200.0,215.0,189.0,193.0,230.0,133.0,97.0,1028.0,46.0,91.0,1165.0,47.0,0.197424892704,2.89130434783,1.06593406593,10,4,17,20
2016-10-04 14:20:00,10.0,11.0,11.0,6.0,2.0,5.0,34.0,27.0,34.0,15.0,7.0,16.0,3.4,2.45454545455,3.09090909091,2.5,3.5,3.2,9.0,5.0,8.0,7.0,9.0,10.0,150.0,173.0,169.0,197.0,167.0,177.0,14.0,12.0,20.0,12.0,20.0,17.0,17.0,12.0,20.0,12.0,23.0,17.0,1.21428571429,1.0,1.0,1.0,1.15,1.0,51.0,39.0,54.0,27.0,30.0,33.0,0.293103448276,0.198979591837,0.27,0.125581395349,0.15873015873,0.165829145729,174.0,196.0,200.0,215.0,189.0,199.0,173.0,234.0,133.0,101.0,1033.0,45.0,95.0,1173.0,48.0,0.199488491049,2.95555555556,1.06315789474,10,4,17,40
2016-10-04 14:40:00,11.0,11.0,6.0,2.0,5.0,8.0,27.0,34.0,15.0,7.0,16.0,26.0,2.45454545455,3.09090909091,2.5,3.5,3.2,3.25,5.0,8.0,7.0,9.0,10.0,10.0,173.0,169.0,197.0,167.0,177.0,204.0,12.0,20.0,12.0,20.0,17.0,12.0,12.0,20.0,12.0,23.0,17.0,12.0,1.0,1.0,1.0,1.15,1.0,1.0,39.0,54.0,27.0,30.0,33.0,38.0,0.198979591837,0.27,0.125581395349,0.15873015873,0.165829145729,0.169642857143,196.0,200.0,215.0,189.0,199.0,224.0,131.0,221.0,125.0,96.0,1087.0,43.0,93.0,1223.0,49.0,0.18070318888,2.90697674419,1.03225806452,10,4,18,0
2016-10-04 15:00:00,11.0,6.0,2.0,5.0,8.0,9.0,34.0,15.0,7.0,16.0,26.0,31.0,3.09090909091,2.5,3.5,3.2,3.25,3.44444444444,8.0,7.0,9.0,10.0,10.0,5.0,169.0,197.0,167.0,177.0,204.0,187.0,20.0,12.0,20.0,17.0,12.0,20.0,20.0,12.0,23.0,17.0,12.0,20.0,1.0,1.0,1.15,1.0,1.0,1.0,54.0,27.0,30.0,33.0,38.0,51.0,0.27,0.125581395349,0.15873015873,0.165829145729,0.169642857143,0.236111111111,200.0,215.0,189.0,199.0,224.0,216.0,107.0,233.0,129.0,104.0,1101.0,41.0,101.0,1243.0,49.0,0.187449718423,3.14634146341,1.0297029703,10,4,18,20
2016-10-04 15:20:00,6.0,2.0,5.0,8.0,9.0,9.0,15.0,7.0,16.0,26.0,31.0,21.0,2.5,3.5,3.2,3.25,3.44444444444,2.33333333333,7.0,9.0,10.0,10.0,5.0,4.0,197.0,167.0,177.0,204.0,187.0,184.0,12.0,20.0,17.0,12.0,20.0,12.0,12.0,23.0,17.0,12.0,20.0,12.0,1.0,1.15,1.0,1.0,1.0,1.0,27.0,30.0,33.0,38.0,51.0,33.0,0.125581395349,0.15873015873,0.165829145729,0.169642857143,0.236111111111,0.160975609756,215.0,189.0,199.0,224.0,216.0,205.0,111.0,212.0,116.0,96.0,1116.0,39.0,93.0,1248.0,45.0,0.169871794872,2.97435897436,1.03225806452,10,4,18,40
2016-10-04 15:40:00,2.0,5.0,8.0,9.0,9.0,7.0,7.0,16.0,26.0,31.0,21.0,30.0,3.5,3.2,3.25,3.44444444444,2.33333333333,4.28571428571,9.0,10.0,10.0,5.0,4.0,3.0,167.0,177.0,204.0,187.0,184.0,174.0,20.0,17.0,12.0,20.0,12.0,12.0,23.0,17.0,12.0,20.0,12.0,15.0,1.15,1.0,1.0,1.0,1.0,1.25,30.0,33.0,38.0,51.0,33.0,45.0,0.15873015873,0.165829145729,0.169642857143,0.236111111111,0.160975609756,0.233160621762,189.0,199.0,224.0,216.0,205.0,193.0,130.0,230.0,131.0,99.0,1093.0,40.0,93.0,1226.0,41.0,0.187601957586,3.275,1.06451612903,10,4,19,0
2016-10-04 16:00:00,5.0,8.0,9.0,9.0,7.0,8.0,16.0,26.0,31.0,21.0,30.0,28.0,3.2,3.25,3.44444444444,2.33333333333,4.28571428571,3.5,10.0,10.0,5.0,4.0,3.0,2.0,177.0,204.0,187.0,184.0,174.0,160.0,17.0,12.0,20.0,12.0,12.0,5.0,17.0,12.0,20.0,12.0,15.0,5.0,1.0,1.0,1.0,1.0,1.25,1.0,33.0,38.0,51.0,33.0,45.0,33.0,0.165829145729,0.169642857143,0.236111111111,0.160975609756,0.233160621762,0.190751445087,199.0,224.0,216.0,205.0,193.0,173.0,115.0,233.0,152.0,81.0,1086.0,46.0,78.0,1210.0,34.0,0.192561983471,3.30434782609,1.03846153846,10,4,19,20
2016-10-04 16:20:00,8.0,9.0,9.0,7.0,8.0,9.0,26.0,31.0,21.0,30.0,28.0,28.0,3.25,3.44444444444,2.33333333333,4.28571428571,3.5,3.11111111111,10.0,5.0,4.0,3.0,2.0,5.0,204.0,187.0,184.0,174.0,160.0,107.0,12.0,20.0,12.0,12.0,5.0,15.0,12.0,20.0,12.0,15.0,5.0,18.0,1.0,1.0,1.0,1.25,1.0,1.2,38.0,51.0,33.0,45.0,33.0,46.0,0.169642857143,0.236111111111,0.160975609756,0.233160621762,0.190751445087,0.351145038168,224.0,216.0,205.0,193.0,173.0,131.0,123.0,246.0,164.0,82.0,1016.0,50.0,76.0,1142.0,29.0,0.215411558669,3.28,1.07894736842,10,4,19,40
2016-10-04 16:40:00,9.0,9.0,7.0,8.0,9.0,3.0,31.0,21.0,30.0,28.0,28.0,6.0,3.44444444444,2.33333333333,4.28571428571,3.5,3.11111111111,2.0,5.0,4.0,3.0,2.0,5.0,5.0,187.0,184.0,174.0,160.0,107.0,96.0,20.0,12.0,12.0,5.0,15.0,8.0,20.0,12.0,15.0,5.0,18.0,11.0,1.0,1.0,1.25,1.0,1.2,1.375,51.0,33.0,45.0,33.0,46.0,17.0,0.236111111111,0.160975609756,0.233160621762,0.190751445087,0.351145038168,0.158878504673,216.0,205.0,193.0,173.0,131.0,107.0,109.0,225.0,144.0,81.0,908.0,45.0,72.0,1025.0,24.0,0.219512195122,3.2,1.125,10,4,20,0
2016-10-04 17:00:00,9.0,7.0,8.0,9.0,3.0,1.0,21.0,30.0,28.0,28.0,6.0,3.0,2.33333333333,4.28571428571,3.5,3.11111111111,2.0,3.0,4.0,3.0,2.0,5.0,5.0,4.0,184.0,174.0,160.0,107.0,96.0,100.0,12.0,12.0,5.0,15.0,8.0,10.0,12.0,15.0,5.0,18.0,11.0,10.0,1.0,1.25,1.0,1.2,1.375,1.0,33.0,45.0,33.0,46.0,17.0,13.0,0.160975609756,0.233160621762,0.190751445087,0.351145038168,0.158878504673,0.117117117117,205.0,193.0,173.0,131.0,107.0,111.0,126.0,187.0,116.0,71.0,821.0,37.0,62.0,920.0,23.0,0.203260869565,3.13513513514,1.14516129032,10,4,20,20
2016-10-04 17:20:00,7.0,8.0,9.0,3.0,1.0,9.0,30.0,28.0,28.0,6.0,3.0,27.0,4.28571428571,3.5,3.11111111111,2.0,3.0,3.0,3.0,2.0,5.0,5.0,4.0,1.0,174.0,160.0,107.0,96.0,100.0,111.0,12.0,5.0,15.0,8.0,10.0,10.0,15.0,5.0,18.0,11.0,10.0,10.0,1.25,1.0,1.2,1.375,1.0,1.0,45.0,33.0,46.0,17.0,13.0,37.0,0.233160621762,0.190751445087,0.351145038168,0.158878504673,0.117117117117,0.284615384615,193.0,173.0,131.0,107.0,111.0,130.0,86.0,191.0,122.0,69.0,748.0,37.0,60.0,845.0,20.0,0.226035502959,3.2972972973,1.15,10,4,20,40
2016-10-04 17:40:00,8.0,9.0,3.0,1.0,9.0,8.0,28.0,28.0,6.0,3.0,27.0,24.0,3.5,3.11111111111,2.0,3.0,3.0,3.0,2.0,5.0,5.0,4.0,1.0,2.0,160.0,107.0,96.0,100.0,111.0,100.0,5.0,15.0,8.0,10.0,10.0,7.0,5.0,18.0,11.0,10.0,10.0,10.0,1.0,1.2,1.375,1.0,1.0,1.42857142857,33.0,46.0,17.0,13.0,37.0,34.0,0.190751445087,0.351145038168,0.158878504673,0.117117117117,0.284615384615,0.295652173913,173.0,131.0,107.0,111.0,130.0,115.0,80.0,180.0,116.0,64.0,674.0,38.0,55.0,767.0,19.0,0.234680573664,3.05263157895,1.16363636364,10,4,21,0
2016-10-04 18:00:00,9.0,3.0,1.0,9.0,8.0,8.0,28.0,6.0,3.0,27.0,24.0,30.0,3.11111111111,2.0,3.0,3.0,3.0,3.75,5.0,5.0,4.0,1.0,2.0,0.0,107.0,96.0,100.0,111.0,100.0,113.0,15.0,8.0,10.0,10.0,7.0,2.0,18.0,11.0,10.0,10.0,10.0,2.0,1.2,1.375,1.0,1.0,1.42857142857,1.0,46.0,17.0,13.0,37.0,34.0,32.0,0.351145038168,0.158878504673,0.117117117117,0.284615384615,0.295652173913,0.260162601626,131.0,107.0,111.0,130.0,115.0,123.0,52.0,179.0,118.0,61.0,627.0,38.0,52.0,717.0,17.0,0.249651324965,3.10526315789,1.17307692308,10,4,21,20
2016-10-04 18:20:00,3.0,1.0,9.0,8.0,8.0,10.0,6.0,3.0,27.0,24.0,30.0,32.0,2.0,3.0,3.0,3.0,3.75,3.2,5.0,4.0,1.0,2.0,0.0,1.0,96.0,100.0,111.0,100.0,113.0,94.0,8.0,10.0,10.0,7.0,2.0,5.0,11.0,10.0,10.0,10.0,2.0,5.0,1.375,1.0,1.0,1.42857142857,1.0,1.0,17.0,13.0,37.0,34.0,32.0,37.0,0.158878504673,0.117117117117,0.284615384615,0.295652173913,0.260162601626,0.339449541284,107.0,111.0,130.0,115.0,123.0,109.0,47.0,170.0,122.0,48.0,614.0,39.0,42.0,695.0,13.0,0.244604316547,3.12820512821,1.14285714286,10,4,21,40
2016-10-04 18:40:00,1.0,9.0,8.0,8.0,10.0,7.0,3.0,27.0,24.0,30.0,32.0,16.0,3.0,3.0,3.0,3.75,3.2,2.28571428571,4.0,1.0,2.0,0.0,1.0,1.0,100.0,111.0,100.0,113.0,94.0,113.0,10.0,10.0,7.0,2.0,5.0,6.0,10.0,10.0,10.0,2.0,5.0,6.0,1.0,1.0,1.42857142857,1.0,1.0,1.0,13.0,37.0,34.0,32.0,37.0,22.0,0.117117117117,0.284615384615,0.295652173913,0.260162601626,0.339449541284,0.174603174603,111.0,130.0,115.0,123.0,109.0,126.0,45.0,175.0,132.0,43.0,631.0,43.0,40.0,714.0,9.0,0.245098039216,3.06976744186,1.075,10,4,22,0
2016-10-04 19:00:00,9.0,8.0,8.0,10.0,7.0,6.0,27.0,24.0,30.0,32.0,16.0,19.0,3.0,3.0,3.75,3.2,2.28571428571,3.16666666667,1.0,2.0,0.0,1.0,1.0,1.0,111.0,100.0,113.0,94.0,113.0,73.0,10.0,7.0,2.0,5.0,6.0,7.0,10.0,10.0,2.0,5.0,6.0,7.0,1.0,1.42857142857,1.0,1.0,1.0,1.0,37.0,34.0,32.0,37.0,22.0,26.0,0.284615384615,0.295652173913,0.260162601626,0.339449541284,0.174603174603,0.302325581395,130.0,115.0,123.0,109.0,126.0,86.0,39.0,188.0,148.0,40.0,604.0,48.0,37.0,689.0,6.0,0.272859216255,3.08333333333,1.08108108108,10,4,22,20
2016-10-04 19:20:00,8.0,8.0,10.0,7.0,6.0,9.0,24.0,30.0,32.0,16.0,19.0,30.0,3.0,3.75,3.2,2.28571428571,3.16666666667,3.33333333333,2.0,0.0,1.0,1.0,1.0,1.0,100.0,113.0,94.0,113.0,73.0,62.0,7.0,2.0,5.0,6.0,7.0,9.0,10.0,2.0,5.0,6.0,7.0,12.0,1.42857142857,1.0,1.0,1.0,1.0,1.33333333333,34.0,32.0,37.0,22.0,26.0,42.0,0.295652173913,0.260162601626,0.339449541284,0.174603174603,0.302325581395,0.525,115.0,123.0,109.0,126.0,86.0,80.0,27.0,193.0,151.0,42.0,555.0,48.0,36.0,639.0,6.0,0.302034428795,3.14583333333,1.16666666667,10,4,22,40
2016-10-04 19:40:00,8.0,10.0,7.0,6.0,9.0,4.0,30.0,32.0,16.0,19.0,30.0,9.0,3.75,3.2,2.28571428571,3.16666666667,3.33333333333,2.25,0.0,1.0,1.0,1.0,1.0,4.0,113.0,94.0,113.0,73.0,62.0,44.0,2.0,5.0,6.0,7.0,9.0,4.0,2.0,5.0,6.0,7.0,12.0,4.0,1.0,1.0,1.0,1.0,1.33333333333,1.0,32.0,37.0,22.0,26.0,42.0,13.0,0.260162601626,0.339449541284,0.174603174603,0.302325581395,0.525,0.25,123.0,109.0,126.0,86.0,80.0,52.0,28.0,172.0,136.0,36.0,499.0,44.0,33.0,576.0,8.0,0.298611111111,3.09090909091,1.09090909091,10,4,23,0
2016-10-04 20:00:00,10.0,7.0,6.0,9.0,4.0,3.0,32.0,16.0,19.0,30.0,9.0,7.0,3.2,2.28571428571,3.16666666667,3.33333333333,2.25,2.33333333333,1.0,1.0,1.0,1.0,4.0,2.0,94.0,113.0,73.0,62.0,44.0,39.0,5.0,6.0,7.0,9.0,4.0,5.0,5.0,6.0,7.0,12.0,4.0,5.0,1.0,1.0,1.0,1.33333333333,1.0,1.0,37.0,22.0,26.0,42.0,13.0,12.0,0.339449541284,0.174603174603,0.302325581395,0.525,0.25,0.255319148936,109.0,126.0,86.0,80.0,52.0,47.0,16.0,152.0,113.0,39.0,425.0,39.0,36.0,500.0,10.0,0.304,2.89743589744,1.08333333333,10,4,23,20
2016-10-04 20:20:00,7.0,6.0,9.0,4.0,3.0,1.0,16.0,19.0,30.0,9.0,7.0,5.0,2.28571428571,3.16666666667,3.33333333333,2.25,2.33333333333,5.0,1.0,1.0,1.0,4.0,2.0,4.0,113.0,73.0,62.0,44.0,39.0,37.0,6.0,7.0,9.0,4.0,5.0,7.0,6.0,7.0,12.0,4.0,5.0,7.0,1.0,1.0,1.33333333333,1.0,1.0,1.0,22.0,26.0,42.0,13.0,12.0,12.0,0.174603174603,0.302325581395,0.525,0.25,0.255319148936,0.266666666667,126.0,86.0,80.0,52.0,47.0,45.0,21.0,127.0,86.0,41.0,368.0,30.0,38.0,436.0,13.0,0.29128440367,2.86666666667,1.07894736842,10,4,23,40
2016-10-04 20:40:00,6.0,9.0,4.0,3.0,1.0,2.0,19.0,30.0,9.0,7.0,5.0,4.0,3.16666666667,3.33333333333,2.25,2.33333333333,5.0,2.0,1.0,1.0,4.0,2.0,4.0,0.0,73.0,62.0,44.0,39.0,37.0,33.0,7.0,9.0,4.0,5.0,7.0,4.0,7.0,12.0,4.0,5.0,7.0,7.0,1.0,1.33333333333,1.0,1.0,1.0,1.75,26.0,42.0,13.0,12.0,12.0,11.0,0.302325581395,0.525,0.25,0.255319148936,0.266666666667,0.282051282051,86.0,80.0,52.0,47.0,45.0,39.0,31.0,116.0,74.0,42.0,288.0,25.0,36.0,349.0,12.0,0.332378223496,2.96,1.16666666667,10,5,0,0
2016-10-04 21:00:00,9.0,4.0,3.0,1.0,2.0,8.0,30.0,9.0,7.0,5.0,4.0,29.0,3.33333333333,2.25,2.33333333333,5.0,2.0,3.625,1.0,4.0,2.0,4.0,0.0,1.0,62.0,44.0,39.0,37.0,33.0,19.0,9.0,4.0,5.0,7.0,4.0,0.0,12.0,4.0,5.0,7.0,7.0,0.0,1.33333333333,1.0,1.0,1.0,1.75,0.0,42.0,13.0,12.0,12.0,11.0,29.0,0.525,0.25,0.255319148936,0.266666666667,0.282051282051,1.07407407407,80.0,52.0,47.0,45.0,39.0,27.0,18.0,119.0,84.0,35.0,234.0,27.0,29.0,290.0,12.0,0.410344827586,3.11111111111,1.20689655172,10,5,0,20
2016-10-04 21:20:00,4.0,3.0,1.0,2.0,8.0,1.0,9.0,7.0,5.0,4.0,29.0,5.0,2.25,2.33333333333,5.0,2.0,3.625,5.0,4.0,2.0,4.0,0.0,1.0,3.0,44.0,39.0,37.0,33.0,19.0,24.0,4.0,5.0,7.0,4.0,0.0,3.0,4.0,5.0,7.0,7.0,0.0,6.0,1.0,1.0,1.0,1.75,0.0,2.0,13.0,12.0,12.0,11.0,29.0,11.0,0.25,0.255319148936,0.266666666667,0.282051282051,1.07407407407,0.392857142857,52.0,47.0,45.0,39.0,27.0,28.0,16.0,88.0,59.0,29.0,196.0,19.0,23.0,238.0,14.0,0.36974789916,3.10526315789,1.26086956522,10,5,0,40
2016-10-04 21:40:00,3.0,1.0,2.0,8.0,1.0,1.0,7.0,5.0,4.0,29.0,5.0,3.0,2.33333333333,5.0,2.0,3.625,5.0,3.0,2.0,4.0,0.0,1.0,3.0,0.0,39.0,37.0,33.0,19.0,24.0,15.0,5.0,7.0,4.0,0.0,3.0,0.0,5.0,7.0,7.0,0.0,6.0,0.0,1.0,1.0,1.75,0.0,2.0,0.0,12.0,12.0,11.0,29.0,11.0,3.0,0.255319148936,0.266666666667,0.282051282051,1.07407407407,0.392857142857,0.1875,47.0,45.0,39.0,27.0,28.0,16.0,6.0,78.0,53.0,25.0,167.0,16.0,19.0,202.0,10.0,0.386138613861,3.3125,1.31578947368,10,5,1,0
2016-10-04 22:00:00,1.0,2.0,8.0,1.0,1.0,2.0,5.0,4.0,29.0,5.0,3.0,5.0,5.0,2.0,3.625,5.0,3.0,2.5,4.0,0.0,1.0,3.0,0.0,0.0,37.0,33.0,19.0,24.0,15.0,19.0,7.0,4.0,0.0,3.0,0.0,0.0,7.0,7.0,0.0,6.0,0.0,0.0,1.0,1.75,0.0,2.0,0.0,0.0,12.0,11.0,29.0,11.0,3.0,5.0,0.266666666667,0.282051282051,1.07407407407,0.392857142857,0.1875,0.238095238095,45.0,39.0,27.0,28.0,16.0,21.0,12.0,71.0,51.0,20.0,147.0,15.0,14.0,176.0,8.0,0.403409090909,3.4,1.42857142857,10,5,1,20
2016-10-04 22:20:00,2.0,8.0,1.0,1.0,2.0,2.0,4.0,29.0,5.0,3.0,5.0,7.0,2.0,3.625,5.0,3.0,2.5,3.5,0.0,1.0,3.0,0.0,0.0,0.0,33.0,19.0,24.0,15.0,19.0,27.0,4.0,0.0,3.0,0.0,0.0,2.0,7.0,0.0,6.0,0.0,0.0,2.0,1.75,0.0,2.0,0.0,0.0,1.0,11.0,29.0,11.0,3.0,5.0,9.0,0.282051282051,1.07407407407,0.392857142857,0.1875,0.238095238095,0.290322580645,39.0,27.0,28.0,16.0,21.0,31.0,7.0,68.0,53.0,15.0,137.0,16.0,9.0,162.0,4.0,0.41975308642,3.3125,1.66666666667,10,5,1,40
2016-10-04 22:40:00,8.0,1.0,1.0,2.0,2.0,4.0,29.0,5.0,3.0,5.0,7.0,14.0,3.625,5.0,3.0,2.5,3.5,3.5,1.0,3.0,0.0,0.0,0.0,0.0,19.0,24.0,15.0,19.0,27.0,14.0,0.0,3.0,0.0,0.0,2.0,0.0,0.0,6.0,0.0,0.0,2.0,0.0,0.0,2.0,0.0,0.0,1.0,0.0,29.0,11.0,3.0,5.0,9.0,14.0,1.07407407407,0.392857142857,0.1875,0.238095238095,0.290322580645,0.777777777778,27.0,28.0,16.0,21.0,31.0,18.0,9.0,71.0,63.0,8.0,118.0,18.0,5.0,141.0,4.0,0.503546099291,3.5,1.6,10,5,2,0
2016-10-04 23:00:00,1.0,1.0,2.0,2.0,4.0,0.0,5.0,3.0,5.0,7.0,14.0,0.0,5.0,3.0,2.5,3.5,3.5,0.0,3.0,0.0,0.0,0.0,0.0,1.0,24.0,15.0,19.0,27.0,14.0,15.0,3.0,0.0,0.0,2.0,0.0,1.0,6.0,0.0,0.0,2.0,0.0,1.0,2.0,0.0,0.0,1.0,0.0,1.0,11.0,3.0,5.0,9.0,14.0,1.0,0.392857142857,0.1875,0.238095238095,0.290322580645,0.777777777778,0.0625,28.0,16.0,21.0,31.0,18.0,16.0,13.0,43.0,34.0,9.0,114.0,10.0,6.0,130.0,4.0,0.330769230769,3.4,1.5,10,5,2,20
2016-10-04 23:20:00,1.0,2.0,2.0,4.0,0.0,1.0,3.0,5.0,7.0,14.0,0.0,2.0,3.0,2.5,3.5,3.5,0.0,2.0,0.0,0.0,0.0,0.0,1.0,1.0,15.0,19.0,27.0,14.0,15.0,4.0,0.0,0.0,2.0,0.0,1.0,1.0,0.0,0.0,2.0,0.0,1.0,1.0,0.0,0.0,1.0,0.0,1.0,1.0,3.0,5.0,9.0,14.0,1.0,3.0,0.1875,0.238095238095,0.290322580645,0.777777777778,0.0625,0.5,16.0,21.0,31.0,18.0,16.0,6.0,3.0,35.0,31.0,4.0,94.0,10.0,4.0,108.0,2.0,0.324074074074,3.1,1.0,10,5,2,40
2016-10-04 23:40:00,2.0,2.0,4.0,0.0,1.0,3.0,5.0,7.0,14.0,0.0,2.0,9.0,2.5,3.5,3.5,0.0,2.0,3.0,0.0,0.0,0.0,1.0,1.0,0.0,19.0,27.0,14.0,15.0,4.0,8.0,0.0,2.0,0.0,1.0,1.0,1.0,0.0,2.0,0.0,1.0,1.0,1.0,0.0,1.0,0.0,1.0,1.0,1.0,5.0,9.0,14.0,1.0,3.0,10.0,0.238095238095,0.290322580645,0.777777777778,0.0625,0.5,0.833333333333,21.0,31.0,18.0,16.0,6.0,12.0,11.0,42.0,37.0,5.0,87.0,12.0,5.0,104.0,2.0,0.403846153846,3.08333333333,1.0,10,5,3,0
2016-10-05 00:00:00,2.0,4.0,0.0,1.0,3.0,3.0,7.0,14.0,0.0,2.0,9.0,10.0,3.5,3.5,0.0,2.0,3.0,3.33333333333,0.0,0.0,1.0,1.0,0.0,0.0,27.0,14.0,15.0,4.0,8.0,4.0,2.0,0.0,1.0,1.0,1.0,0.0,2.0,0.0,1.0,1.0,1.0,0.0,1.0,0.0,1.0,1.0,1.0,0.0,9.0,14.0,1.0,3.0,10.0,10.0,0.290322580645,0.777777777778,0.0625,0.5,0.833333333333,1.42857142857,31.0,18.0,16.0,6.0,12.0,7.0,5.0,47.0,42.0,5.0,72.0,13.0,5.0,90.0,2.0,0.522222222222,3.23076923077,1.0,10,5,3,20
2016-10-05 00:20:00,4.0,0.0,1.0,3.0,3.0,2.0,14.0,0.0,2.0,9.0,10.0,5.0,3.5,0.0,2.0,3.0,3.33333333333,2.5,0.0,1.0,1.0,0.0,0.0,0.0,14.0,15.0,4.0,8.0,4.0,6.0,0.0,1.0,1.0,1.0,0.0,1.0,0.0,1.0,1.0,1.0,0.0,4.0,0.0,1.0,1.0,1.0,0.0,4.0,14.0,1.0,3.0,10.0,10.0,9.0,0.777777777778,0.0625,0.5,0.833333333333,1.42857142857,1.0,18.0,16.0,6.0,12.0,7.0,9.0,6.0,47.0,40.0,7.0,51.0,13.0,4.0,68.0,2.0,0.691176470588,3.07692307692,1.75,10,5,3,40
2016-10-05 00:40:00,0.0,1.0,3.0,3.0,2.0,3.0,0.0,2.0,9.0,10.0,5.0,15.0,0.0,2.0,3.0,3.33333333333,2.5,5.0,1.0,1.0,0.0,0.0,0.0,0.0,15.0,4.0,8.0,4.0,6.0,10.0,1.0,1.0,1.0,0.0,1.0,0.0,1.0,1.0,1.0,0.0,4.0,0.0,1.0,1.0,1.0,0.0,4.0,0.0,1.0,3.0,10.0,10.0,9.0,15.0,0.0625,0.5,0.833333333333,1.42857142857,1.0,1.15384615385,16.0,6.0,12.0,7.0,9.0,13.0,10.0,48.0,41.0,7.0,47.0,12.0,4.0,63.0,2.0,0.761904761905,3.41666666667,1.75,10,5,4,0
2016-10-05 01:00:00,1.0,3.0,3.0,2.0,3.0,0.0,2.0,9.0,10.0,5.0,15.0,0.0,2.0,3.0,3.33333333333,2.5,5.0,0.0,1.0,0.0,0.0,0.0,0.0,0.0,4.0,8.0,4.0,6.0,10.0,2.0,1.0,1.0,0.0,1.0,0.0,1.0,1.0,1.0,0.0,4.0,0.0,1.0,1.0,1.0,0.0,4.0,0.0,1.0,3.0,10.0,10.0,9.0,15.0,1.0,0.5,0.833333333333,1.42857142857,1.0,1.15384615385,0.333333333333,6.0,12.0,7.0,9.0,13.0,3.0,11.0,48.0,41.0,7.0,34.0,12.0,4.0,50.0,1.0,0.96,3.41666666667,1.75,10,5,4,20
2016-10-05 01:20:00,3.0,3.0,2.0,3.0,0.0,5.0,9.0,10.0,5.0,15.0,0.0,20.0,3.0,3.33333333333,2.5,5.0,0.0,4.0,0.0,0.0,0.0,0.0,0.0,0.0,8.0,4.0,6.0,10.0,2.0,5.0,1.0,0.0,1.0,0.0,1.0,1.0,1.0,0.0,4.0,0.0,1.0,1.0,1.0,0.0,4.0,0.0,1.0,1.0,10.0,10.0,9.0,15.0,1.0,21.0,0.833333333333,1.42857142857,1.0,1.15384615385,0.333333333333,1.90909090909,12.0,7.0,9.0,13.0,3.0,11.0,22.0,66.0,59.0,7.0,35.0,16.0,4.0,55.0,0.0,1.2,3.6875,1.75,10,5,4,40
2016-10-05 01:40:00,3.0,2.0,3.0,0.0,5.0,0.0,10.0,5.0,15.0,0.0,20.0,0.0,3.33333333333,2.5,5.0,0.0,4.0,0.0,0.0,0.0,0.0,0.0,0.0,0.0,4.0,6.0,10.0,2.0,5.0,4.0,0.0,1.0,0.0,1.0,1.0,1.0,0.0,4.0,0.0,1.0,1.0,1.0,0.0,4.0,0.0,1.0,1.0,1.0,10.0,9.0,15.0,1.0,21.0,1.0,1.42857142857,1.0,1.15384615385,0.333333333333,1.90909090909,0.2,7.0,9.0,13.0,3.0,11.0,5.0,25.0,57.0,50.0,7.0,31.0,13.0,4.0,48.0,0.0,1.1875,3.84615384615,1.75,10,5,5,0
2016-10-05 02:00:00,2.0,3.0,0.0,5.0,0.0,3.0,5.0,15.0,0.0,20.0,0.0,11.0,2.5,5.0,0.0,4.0,0.0,3.66666666667,0.0,0.0,0.0,0.0,0.0,0.0,6.0,10.0,2.0,5.0,4.0,2.0,1.0,0.0,1.0,1.0,1.0,1.0,4.0,0.0,1.0,1.0,1.0,1.0,4.0,0.0,1.0,1.0,1.0,1.0,9.0,15.0,1.0,21.0,1.0,12.0,1.0,1.15384615385,0.333333333333,1.90909090909,0.2,2.0,9.0,13.0,3.0,11.0,5.0,6.0,23.0,59.0,51.0,8.0,29.0,13.0,5.0,47.0,0.0,1.25531914894,3.92307692308,1.6,10,5,5,20
2016-10-05 02:20:00,3.0,0.0,5.0,0.0,3.0,5.0,15.0,0.0,20.0,0.0,11.0,23.0,5.0,0.0,4.0,0.0,3.66666666667,4.6,0.0,0.0,0.0,0.0,0.0,0.0,10.0,2.0,5.0,4.0,2.0,3.0,0.0,1.0,1.0,1.0,1.0,2.0,0.0,1.0,1.0,1.0,1.0,5.0,0.0,1.0,1.0,1.0,1.0,2.5,15.0,1.0,21.0,1.0,12.0,28.0,1.15384615385,0.333333333333,1.90909090909,0.2,2.0,2.8,13.0,3.0,11.0,5.0,6.0,10.0,41.0,78.0,69.0,9.0,26.0,16.0,6.0,48.0,0.0,1.625,4.3125,1.5,10,5,5,40
2016-10-05 02:40:00,0.0,5.0,0.0,3.0,5.0,3.0,0.0,20.0,0.0,11.0,23.0,9.0,0.0,4.0,0.0,3.66666666667,4.6,3.0,0.0,0.0,0.0,0.0,0.0,0.0,2.0,5.0,4.0,2.0,3.0,8.0,1.0,1.0,1.0,1.0,2.0,0.0,1.0,1.0,1.0,1.0,5.0,0.0,1.0,1.0,1.0,1.0,2.5,0.0,1.0,21.0,1.0,12.0,28.0,9.0,0.333333333333,1.90909090909,0.2,2.0,2.8,0.818181818182,3.0,11.0,5.0,6.0,10.0,11.0,43.0,72.0,63.0,9.0,24.0,16.0,6.0,46.0,0.0,1.5652173913,3.9375,1.5,10,5,6,0
2016-10-05 03:00:00,5.0,0.0,3.0,5.0,3.0,7.0,20.0,0.0,11.0,23.0,9.0,21.0,4.0,0.0,3.66666666667,4.6,3.0,3.0,0.0,0.0,0.0,0.0,0.0,0.0,5.0,4.0,2.0,3.0,8.0,13.0,1.0,1.0,1.0,2.0,0.0,2.0,1.0,1.0,1.0,5.0,0.0,2.0,1.0,1.0,1.0,2.5,0.0,1.0,21.0,1.0,12.0,28.0,9.0,23.0,1.90909090909,0.2,2.0,2.8,0.818181818182,1.04545454545,11.0,5.0,6.0,10.0,11.0,22.0,67.0,94.0,84.0,10.0,35.0,23.0,7.0,65.0,0.0,1.44615384615,3.65217391304,1.42857142857,10,5,6,20
2016-10-05 03:20:00,0.0,3.0,5.0,3.0,7.0,8.0,0.0,11.0,23.0,9.0,21.0,28.0,0.0,3.66666666667,4.6,3.0,3.0,3.5,0.0,0.0,0.0,0.0,0.0,0.0,4.0,2.0,3.0,8.0,13.0,16.0,1.0,1.0,2.0,0.0,2.0,1.0,1.0,1.0,5.0,0.0,2.0,1.0,1.0,1.0,2.5,0.0,1.0,1.0,1.0,12.0,28.0,9.0,23.0,29.0,0.2,2.0,2.8,0.818181818182,1.04545454545,1.16,5.0,6.0,10.0,11.0,22.0,25.0,86.0,102.0,92.0,10.0,46.0,26.0,7.0,79.0,0.0,1.29113924051,3.53846153846,1.42857142857,10,5,6,40
2016-10-05 03:40:00,3.0,5.0,3.0,7.0,8.0,6.0,11.0,23.0,9.0,21.0,28.0,18.0,3.66666666667,4.6,3.0,3.0,3.5,3.0,0.0,0.0,0.0,0.0,0.0,1.0,2.0,3.0,8.0,13.0,16.0,11.0,1.0,2.0,0.0,2.0,1.0,6.0,1.0,5.0,0.0,2.0,1.0,9.0,1.0,2.5,0.0,1.0,1.0,1.5,12.0,28.0,9.0,23.0,29.0,27.0,2.0,2.8,0.818181818182,1.04545454545,1.16,1.17391304348,6.0,10.0,11.0,22.0,25.0,23.0,87.0,128.0,110.0,18.0,53.0,32.0,12.0,97.0,1.0,1.31958762887,3.4375,1.5,10,5,7,0
2016-10-05 04:00:00,5.0,3.0,7.0,8.0,6.0,4.0,23.0,9.0,21.0,28.0,18.0,8.0,4.6,3.0,3.0,3.5,3.0,2.0,0.0,0.0,0.0,0.0,1.0,1.0,3.0,8.0,13.0,16.0,11.0,32.0,2.0,0.0,2.0,1.0,6.0,5.0,5.0,0.0,2.0,1.0,9.0,5.0,2.5,0.0,1.0,1.0,1.5,1.0,28.0,9.0,23.0,29.0,27.0,13.0,2.8,0.818181818182,1.04545454545,1.16,1.17391304348,0.317073170732,10.0,11.0,22.0,25.0,23.0,41.0,102.0,129.0,107.0,22.0,83.0,33.0,16.0,132.0,2.0,0.977272727273,3.24242424242,1.375,10,5,7,20
2016-10-05 04:20:00,3.0,7.0,8.0,6.0,4.0,4.0,9.0,21.0,28.0,18.0,8.0,11.0,3.0,3.0,3.5,3.0,2.0,2.75,0.0,0.0,0.0,1.0,1.0,3.0,8.0,13.0,16.0,11.0,32.0,29.0,0.0,2.0,1.0,6.0,5.0,10.0,0.0,2.0,1.0,9.0,5.0,13.0,0.0,1.0,1.0,1.5,1.0,1.3,9.0,23.0,29.0,27.0,13.0,24.0,0.818181818182,1.04545454545,1.16,1.17391304348,0.317073170732,0.558139534884,11.0,22.0,25.0,23.0,41.0,43.0,130.0,125.0,95.0,30.0,109.0,32.0,24.0,165.0,5.0,0.757575757576,2.96875,1.25,10,5,7,40
2016-10-05 04:40:00,7.0,8.0,6.0,4.0,4.0,6.0,21.0,28.0,18.0,8.0,11.0,18.0,3.0,3.5,3.0,2.0,2.75,3.0,0.0,0.0,1.0,1.0,3.0,2.0,13.0,16.0,11.0,32.0,29.0,56.0,2.0,1.0,6.0,5.0,10.0,5.0,2.0,1.0,9.0,5.0,13.0,5.0,1.0,1.0,1.5,1.0,1.3,1.0,23.0,29.0,27.0,13.0,24.0,23.0,1.04545454545,1.16,1.17391304348,0.317073170732,0.558139534884,0.34328358209,22.0,25.0,23.0,41.0,43.0,67.0,130.0,139.0,104.0,35.0,157.0,35.0,29.0,221.0,7.0,0.628959276018,2.97142857143,1.20689655172,10,5,8,0
2016-10-05 05:00:00,8.0,6.0,4.0,4.0,6.0,7.0,28.0,18.0,8.0,11.0,18.0,23.0,3.5,3.0,2.0,2.75,3.0,3.28571428571,0.0,1.0,1.0,3.0,2.0,5.0,16.0,11.0,32.0,29.0,56.0,71.0,1.0,6.0,5.0,10.0,5.0,8.0,1.0,9.0,5.0,13.0,5.0,11.0,1.0,1.5,1.0,1.3,1.0,1.375,29.0,27.0,13.0,24.0,23.0,34.0,1.16,1.17391304348,0.317073170732,0.558139534884,0.34328358209,0.395348837209,25.0,23.0,41.0,43.0,67.0,86.0,192.0,150.0,106.0,44.0,215.0,35.0,35.0,285.0,12.0,0.526315789474,3.02857142857,1.25714285714,10,5,8,20
2016-10-05 05:20:00,6.0,4.0,4.0,6.0,7.0,8.0,18.0,8.0,11.0,18.0,23.0,26.0,3.0,2.0,2.75,3.0,3.28571428571,3.25,1.0,1.0,3.0,2.0,5.0,7.0,11.0,32.0,29.0,56.0,71.0,70.0,6.0,5.0,10.0,5.0,8.0,9.0,9.0,5.0,13.0,5.0,11.0,9.0,1.5,1.0,1.3,1.0,1.375,1.0,27.0,13.0,24.0,23.0,34.0,35.0,1.17391304348,0.317073170732,0.558139534884,0.34328358209,0.395348837209,0.402298850575,23.0,41.0,43.0,67.0,86.0,87.0,182.0,156.0,104.0,52.0,269.0,35.0,43.0,347.0,19.0,0.449567723343,2.97142857143,1.20930232558,10,5,8,40
2016-10-05 05:40:00,4.0,4.0,6.0,7.0,8.0,8.0,8.0,11.0,18.0,23.0,26.0,20.0,2.0,2.75,3.0,3.28571428571,3.25,2.5,1.0,3.0,2.0,5.0,7.0,5.0,32.0,29.0,56.0,71.0,70.0,85.0,5.0,10.0,5.0,8.0,9.0,9.0,5.0,13.0,5.0,11.0,9.0,9.0,1.0,1.3,1.0,1.375,1.0,1.0,13.0,24.0,23.0,34.0,35.0,29.0,0.317073170732,0.558139534884,0.34328358209,0.395348837209,0.402298850575,0.28431372549,41.0,43.0,67.0,86.0,87.0,102.0,165.0,158.0,106.0,52.0,343.0,37.0,46.0,426.0,23.0,0.370892018779,2.86486486486,1.13043478261,10,5,9,0
2016-10-05 06:00:00,4.0,6.0,7.0,8.0,8.0,3.0,11.0,18.0,23.0,26.0,20.0,10.0,2.75,3.0,3.28571428571,3.25,2.5,3.33333333333,3.0,2.0,5.0,7.0,5.0,4.0,29.0,56.0,71.0,70.0,85.0,119.0,10.0,5.0,8.0,9.0,9.0,8.0,13.0,5.0,11.0,9.0,9.0,8.0,1.3,1.0,1.375,1.0,1.0,1.0,24.0,23.0,34.0,35.0,29.0,18.0,0.558139534884,0.34328358209,0.395348837209,0.402298850575,0.28431372549,0.138461538462,43.0,67.0,86.0,87.0,102.0,130.0,188.0,163.0,108.0,55.0,430.0,36.0,49.0,515.0,26.0,0.316504854369,3.0,1.12244897959,10,5,9,20
2016-10-05 06:20:00,6.0,7.0,8.0,8.0,3.0,5.0,18.0,23.0,26.0,20.0,10.0,10.0,3.0,3.28571428571,3.25,2.5,3.33333333333,2.0,2.0,5.0,7.0,5.0,4.0,6.0,56.0,71.0,70.0,85.0,119.0,114.0,5.0,8.0,9.0,9.0,8.0,11.0,5.0,11.0,9.0,9.0,8.0,11.0,1.0,1.375,1.0,1.0,1.0,1.0,23.0,34.0,35.0,29.0,18.0,21.0,0.34328358209,0.395348837209,0.402298850575,0.28431372549,0.138461538462,0.161538461538,67.0,86.0,87.0,102.0,130.0,130.0,166.0,160.0,107.0,53.0,515.0,37.0,50.0,602.0,29.0,0.265780730897,2.89189189189,1.06,10,5,9,40
2016-10-05 06:40:00,7.0,8.0,8.0,3.0,5.0,8.0,23.0,26.0,20.0,10.0,10.0,20.0,3.28571428571,3.25,2.5,3.33333333333,2.0,2.5,5.0,7.0,5.0,4.0,6.0,7.0,71.0,70.0,85.0,119.0,114.0,172.0,8.0,9.0,9.0,8.0,11.0,12.0,11.0,9.0,9.0,8.0,11.0,15.0,1.375,1.0,1.0,1.0,1.0,1.25,34.0,35.0,29.0,18.0,21.0,35.0,0.395348837209,0.402298850575,0.28431372549,0.138461538462,0.161538461538,0.182291666667,86.0,87.0,102.0,130.0,130.0,192.0,179.0,172.0,109.0,63.0,631.0,39.0,57.0,727.0,34.0,0.23658872077,2.79487179487,1.10526315789,10,5,10,0
2016-10-05 07:00:00,8.0,8.0,3.0,5.0,8.0,5.0,26.0,20.0,10.0,10.0,20.0,10.0,3.25,2.5,3.33333333333,2.0,2.5,2.0,7.0,5.0,4.0,6.0,7.0,7.0,70.0,85.0,119.0,114.0,172.0,163.0,9.0,9.0,8.0,11.0,12.0,14.0,9.0,9.0,8.0,11.0,15.0,17.0,1.0,1.0,1.0,1.0,1.25,1.21428571429,35.0,29.0,18.0,21.0,35.0,27.0,0.402298850575,0.28431372549,0.138461538462,0.161538461538,0.182291666667,0.148351648352,87.0,102.0,130.0,130.0,192.0,182.0,212.0,165.0,96.0,69.0,723.0,37.0,63.0,823.0,36.0,0.200486026731,2.59459459459,1.09523809524,10,5,10,20
2016-10-05 07:20:00,8.0,3.0,5.0,8.0,5.0,6.0,20.0,10.0,10.0,20.0,10.0,14.0,2.5,3.33333333333,2.0,2.5,2.0,2.33333333333,5.0,4.0,6.0,7.0,7.0,7.0,85.0,119.0,114.0,172.0,163.0,150.0,9.0,8.0,11.0,12.0,14.0,9.0,9.0,8.0,11.0,15.0,17.0,9.0,1.0,1.0,1.0,1.25,1.21428571429,1.0,29.0,18.0,21.0,35.0,27.0,23.0,0.28431372549,0.138461538462,0.161538461538,0.182291666667,0.148351648352,0.139393939394,102.0,130.0,130.0,192.0,182.0,165.0,223.0,153.0,84.0,69.0,803.0,35.0,63.0,901.0,36.0,0.169811320755,2.4,1.09523809524,10,5,10,40
2016-10-05 07:40:00,3.0,5.0,8.0,5.0,6.0,5.0,10.0,10.0,20.0,10.0,14.0,11.0,3.33333333333,2.0,2.5,2.0,2.33333333333,2.2,4.0,6.0,7.0,7.0,7.0,6.0,119.0,114.0,172.0,163.0,150.0,161.0,8.0,11.0,12.0,14.0,9.0,22.0,8.0,11.0,15.0,17.0,9.0,25.0,1.0,1.0,1.25,1.21428571429,1.0,1.13636363636,18.0,21.0,35.0,27.0,23.0,36.0,0.138461538462,0.161538461538,0.182291666667,0.148351648352,0.139393939394,0.191489361702,130.0,130.0,192.0,182.0,165.0,188.0,181.0,160.0,75.0,85.0,879.0,32.0,76.0,987.0,37.0,0.16210739615,2.34375,1.11842105263,10,5,11,0
2016-10-05 08:00:00,5.0,8.0,5.0,6.0,5.0,6.0,10.0,20.0,10.0,14.0,11.0,24.0,2.0,2.5,2.0,2.33333333333,2.2,4.0,6.0,7.0,7.0,7.0,6.0,4.0,114.0,172.0,163.0,150.0,161.0,147.0,11.0,12.0,14.0,9.0,22.0,13.0,11.0,15.0,17.0,9.0,25.0,13.0,1.0,1.25,1.21428571429,1.0,1.13636363636,1.0,21.0,35.0,27.0,23.0,36.0,37.0,0.161538461538,0.182291666667,0.148351648352,0.139393939394,0.191489361702,0.222891566265,130.0,192.0,182.0,165.0,188.0,166.0,180.0,179.0,89.0,90.0,907.0,35.0,81.0,1023.0,37.0,0.174975562072,2.54285714286,1.11111111111,10,5,11,20
2016-10-05 08:20:00,8.0,5.0,6.0,5.0,6.0,5.0,20.0,10.0,14.0,11.0,24.0,17.0,2.5,2.0,2.33333333333,2.2,4.0,3.4,7.0,7.0,7.0,6.0,4.0,7.0,172.0,163.0,150.0,161.0,147.0,162.0,12.0,14.0,9.0,22.0,13.0,12.0,15.0,17.0,9.0,25.0,13.0,12.0,1.25,1.21428571429,1.0,1.13636363636,1.0,1.0,35.0,27.0,23.0,36.0,37.0,29.0,0.182291666667,0.148351648352,0.139393939394,0.191489361702,0.222891566265,0.162011173184,192.0,182.0,165.0,188.0,166.0,179.0,142.0,187.0,96.0,91.0,955.0,35.0,82.0,1072.0,38.0,0.174440298507,2.74285714286,1.10975609756,10,5,11,40
2016-10-05 08:40:00,5.0,6.0,5.0,6.0,5.0,6.0,10.0,14.0,11.0,24.0,17.0,21.0,2.0,2.33333333333,2.2,4.0,3.4,3.5,7.0,7.0,6.0,4.0,7.0,6.0,163.0,150.0,161.0,147.0,162.0,189.0,14.0,9.0,22.0,13.0,12.0,17.0,17.0,9.0,25.0,13.0,12.0,20.0,1.21428571429,1.0,1.13636363636,1.0,1.0,1.17647058824,27.0,23.0,36.0,37.0,29.0,41.0,0.148351648352,0.139393939394,0.191489361702,0.222891566265,0.162011173184,0.193396226415,182.0,165.0,188.0,166.0,179.0,212.0,173.0,193.0,97.0,96.0,972.0,33.0,87.0,1092.0,37.0,0.17673992674,2.93939393939,1.10344827586,10,5,12,0
2016-10-05 09:00:00,6.0,5.0,6.0,5.0,6.0,10.0,14.0,11.0,24.0,17.0,21.0,31.0,2.33333333333,2.2,4.0,3.4,3.5,3.1,7.0,6.0,4.0,7.0,6.0,7.0,150.0,161.0,147.0,162.0,189.0,194.0,9.0,22.0,13.0,12.0,17.0,19.0,9.0,25.0,13.0,12.0,20.0,19.0,1.0,1.13636363636,1.0,1.0,1.17647058824,1.0,23.0,36.0,37.0,29.0,41.0,50.0,0.139393939394,0.191489361702,0.222891566265,0.162011173184,0.193396226415,0.224215246637,165.0,188.0,166.0,179.0,212.0,223.0,131.0,216.0,118.0,98.0,1003.0,38.0,92.0,1133.0,37.0,0.190644307149,3.10526315789,1.0652173913,10,5,12,20
2016-10-05 09:20:00,5.0,6.0,5.0,6.0,10.0,11.0,11.0,24.0,17.0,21.0,31.0,25.0,2.2,4.0,3.4,3.5,3.1,2.27272727273,6.0,4.0,7.0,6.0,7.0,6.0,161.0,147.0,162.0,189.0,194.0,154.0,22.0,13.0,12.0,17.0,19.0,16.0,25.0,13.0,12.0,20.0,19.0,19.0,1.13636363636,1.0,1.0,1.17647058824,1.0,1.1875,36.0,37.0,29.0,41.0,50.0,44.0,0.191489361702,0.222891566265,0.162011173184,0.193396226415,0.224215246637,0.243093922652,188.0,166.0,179.0,212.0,223.0,181.0,167.0,237.0,129.0,108.0,1007.0,43.0,99.0,1149.0,36.0,0.206266318538,3.0,1.09090909091,10,5,12,40
2016-10-05 09:40:00,6.0,5.0,6.0,10.0,11.0,7.0,24.0,17.0,21.0,31.0,25.0,20.0,4.0,3.4,3.5,3.1,2.27272727273,2.85714285714,4.0,7.0,6.0,7.0,6.0,9.0,147.0,162.0,189.0,194.0,154.0,153.0,13.0,12.0,17.0,19.0,16.0,20.0,13.0,12.0,20.0,19.0,19.0,23.0,1.0,1.0,1.17647058824,1.0,1.1875,1.15,37.0,29.0,41.0,50.0,44.0,43.0,0.222891566265,0.162011173184,0.193396226415,0.224215246637,0.243093922652,0.238888888889,166.0,179.0,212.0,223.0,181.0,180.0,162.0,244.0,138.0,106.0,999.0,45.0,97.0,1141.0,39.0,0.213847502191,3.06666666667,1.09278350515,10,5,13,0
2016-10-05 10:00:00,5.0,6.0,10.0,11.0,7.0,5.0,17.0,21.0,31.0,25.0,20.0,13.0,3.4,3.5,3.1,2.27272727273,2.85714285714,2.6,7.0,6.0,7.0,6.0,9.0,4.0,162.0,189.0,194.0,154.0,153.0,127.0,12.0,17.0,19.0,16.0,20.0,10.0,12.0,20.0,19.0,19.0,23.0,10.0,1.0,1.17647058824,1.0,1.1875,1.15,1.0,29.0,41.0,50.0,44.0,43.0,23.0,0.162011173184,0.193396226415,0.224215246637,0.243093922652,0.238888888889,0.161971830986,179.0,212.0,223.0,181.0,180.0,142.0,177.0,230.0,127.0,103.0,979.0,44.0,94.0,1117.0,39.0,0.205908683975,2.88636363636,1.09574468085,10,5,13,20
2016-10-05 10:20:00,6.0,10.0,11.0,7.0,5.0,13.0,21.0,31.0,25.0,20.0,13.0,48.0,3.5,3.1,2.27272727273,2.85714285714,2.6,3.69230769231,6.0,7.0,6.0,9.0,4.0,11.0,189.0,194.0,154.0,153.0,127.0,139.0,17.0,19.0,16.0,20.0,10.0,21.0,20.0,19.0,19.0,23.0,10.0,21.0,1.17647058824,1.0,1.1875,1.15,1.0,1.0,41.0,50.0,44.0,43.0,23.0,69.0,0.193396226415,0.224215246637,0.243093922652,0.238888888889,0.161971830986,0.398843930636,212.0,223.0,181.0,180.0,142.0,173.0,178.0,270.0,158.0,112.0,956.0,52.0,103.0,1111.0,43.0,0.24302430243,3.03846153846,1.08737864078,10,5,13,40
2016-10-05 10:40:00,10.0,11.0,7.0,5.0,13.0,4.0,31.0,25.0,20.0,13.0,48.0,12.0,3.1,2.27272727273,2.85714285714,2.6,3.69230769231,3.0,7.0,6.0,9.0,4.0,11.0,3.0,194.0,154.0,153.0,127.0,139.0,118.0,19.0,16.0,20.0,10.0,21.0,9.0,19.0,19.0,23.0,10.0,21.0,9.0,1.0,1.1875,1.15,1.0,1.0,1.0,50.0,44.0,43.0,23.0,69.0,21.0,0.224215246637,0.243093922652,0.238888888889,0.161971830986,0.398843930636,0.160305343511,223.0,181.0,180.0,142.0,173.0,131.0,222.0,250.0,149.0,101.0,885.0,50.0,95.0,1030.0,40.0,0.242718446602,2.98,1.06315789474,10,5,14,0
2016-10-05 11:00:00,11.0,7.0,5.0,13.0,4.0,9.0,25.0,20.0,13.0,48.0,12.0,27.0,2.27272727273,2.85714285714,2.6,3.69230769231,3.0,3.0,6.0,9.0,4.0,11.0,3.0,10.0,154.0,153.0,127.0,139.0,118.0,141.0,16.0,20.0,10.0,21.0,9.0,17.0,19.0,23.0,10.0,21.0,9.0,17.0,1.1875,1.15,1.0,1.0,1.0,1.0,44.0,43.0,23.0,69.0,21.0,44.0,0.243093922652,0.238888888889,0.161971830986,0.398843930636,0.160305343511,0.263473053892,181.0,180.0,142.0,173.0,131.0,167.0,184.0,244.0,145.0,99.0,832.0,49.0,93.0,974.0,43.0,0.250513347023,2.95918367347,1.06451612903,10,5,14,20
2016-10-05 11:20:00,7.0,5.0,13.0,4.0,9.0,9.0,20.0,13.0,48.0,12.0,27.0,29.0,2.85714285714,2.6,3.69230769231,3.0,3.0,3.22222222222,9.0,4.0,11.0,3.0,10.0,7.0,153.0,127.0,139.0,118.0,141.0,139.0,20.0,10.0,21.0,9.0,17.0,14.0,23.0,10.0,21.0,9.0,17.0,17.0,1.15,1.0,1.0,1.0,1.0,1.21428571429,43.0,23.0,69.0,21.0,44.0,46.0,0.238888888889,0.161971830986,0.398843930636,0.160305343511,0.263473053892,0.283950617284,180.0,142.0,173.0,131.0,167.0,162.0,198.0,246.0,149.0,97.0,817.0,47.0,91.0,955.0,44.0,0.257591623037,3.17021276596,1.06593406593,10,5,14,40
2016-10-05 11:40:00,5.0,13.0,4.0,9.0,9.0,10.0,13.0,48.0,12.0,27.0,29.0,29.0,2.6,3.69230769231,3.0,3.0,3.22222222222,2.9,4.0,11.0,3.0,10.0,7.0,2.0,127.0,139.0,118.0,141.0,139.0,156.0,10.0,21.0,9.0,17.0,14.0,11.0,10.0,21.0,9.0,17.0,17.0,11.0,1.0,1.0,1.0,1.0,1.21428571429,1.0,23.0,69.0,21.0,44.0,46.0,40.0,0.161971830986,0.398843930636,0.160305343511,0.263473053892,0.283950617284,0.225988700565,142.0,173.0,131.0,167.0,162.0,177.0,239.0,243.0,158.0,85.0,820.0,50.0,82.0,952.0,37.0,0.25525210084,3.16,1.03658536585,10,5,15,0
2016-10-05 12:00:00,13.0,4.0,9.0,9.0,10.0,11.0,48.0,12.0,27.0,29.0,29.0,36.0,3.69230769231,3.0,3.0,3.22222222222,2.9,3.27272727273,11.0,3.0,10.0,7.0,2.0,9.0,139.0,118.0,141.0,139.0,156.0,149.0,21.0,9.0,17.0,14.0,11.0,18.0,21.0,9.0,17.0,17.0,11.0,24.0,1.0,1.0,1.0,1.21428571429,1.0,1.33333333333,69.0,21.0,44.0,46.0,40.0,60.0,0.398843930636,0.160305343511,0.263473053892,0.283950617284,0.225988700565,0.337078651685,173.0,131.0,167.0,162.0,177.0,178.0,217.0,280.0,181.0,99.0,842.0,56.0,90.0,988.0,42.0,0.283400809717,3.23214285714,1.1,10,5,15,20
2016-10-05 12:20:00,4.0,9.0,9.0,10.0,11.0,12.0,12.0,27.0,29.0,29.0,36.0,36.0,3.0,3.0,3.22222222222,2.9,3.27272727273,3.0,3.0,10.0,7.0,2.0,9.0,14.0,118.0,141.0,139.0,156.0,149.0,183.0,9.0,17.0,14.0,11.0,18.0,27.0,9.0,17.0,17.0,11.0,24.0,30.0,1.0,1.0,1.21428571429,1.0,1.33333333333,1.11111111111,21.0,44.0,46.0,40.0,60.0,66.0,0.160305343511,0.263473053892,0.283950617284,0.225988700565,0.337078651685,0.297297297297,131.0,167.0,162.0,177.0,178.0,222.0,191.0,277.0,169.0,108.0,886.0,55.0,96.0,1037.0,45.0,0.267116682739,3.07272727273,1.125,10,5,15,40
2016-10-05 12:40:00,9.0,9.0,10.0,11.0,12.0,13.0,27.0,29.0,29.0,36.0,36.0,44.0,3.0,3.22222222222,2.9,3.27272727273,3.0,3.38461538462,10.0,7.0,2.0,9.0,14.0,9.0,141.0,139.0,156.0,149.0,183.0,148.0,17.0,14.0,11.0,18.0,27.0,23.0,17.0,17.0,11.0,24.0,30.0,23.0,1.0,1.21428571429,1.0,1.33333333333,1.11111111111,1.0,44.0,46.0,40.0,60.0,66.0,67.0,0.263473053892,0.283950617284,0.225988700565,0.337078651685,0.297297297297,0.364130434783,167.0,162.0,177.0,178.0,222.0,184.0,253.0,323.0,201.0,122.0,916.0,64.0,110.0,1090.0,51.0,0.296330275229,3.140625,1.10909090909,10,5,16,0
2016-10-05 13:00:00,9.0,10.0,11.0,12.0,13.0,8.0,29.0,29.0,36.0,36.0,44.0,24.0,3.22222222222,2.9,3.27272727273,3.0,3.38461538462,3.0,7.0,2.0,9.0,14.0,9.0,4.0,139.0,156.0,149.0,183.0,148.0,173.0,14.0,11.0,18.0,27.0,23.0,17.0,17.0,11.0,24.0,30.0,23.0,17.0,1.21428571429,1.0,1.33333333333,1.11111111111,1.0,1.0,46.0,40.0,60.0,66.0,67.0,41.0,0.283950617284,0.225988700565,0.337078651685,0.297297297297,0.364130434783,0.207070707071,162.0,177.0,178.0,222.0,184.0,198.0,246.0,320.0,198.0,122.0,948.0,63.0,110.0,1121.0,45.0,0.28545941124,3.14285714286,1.10909090909,10,5,16,20
2016-10-05 13:20:00,10.0,11.0,12.0,13.0,8.0,8.0,29.0,36.0,36.0,44.0,24.0,26.0,2.9,3.27272727273,3.0,3.38461538462,3.0,3.25,2.0,9.0,14.0,9.0,4.0,8.0,156.0,149.0,183.0,148.0,173.0,211.0,11.0,18.0,27.0,23.0,17.0,20.0,11.0,24.0,30.0,23.0,17.0,20.0,1.0,1.33333333333,1.11111111111,1.0,1.0,1.0,40.0,60.0,66.0,67.0,41.0,46.0,0.225988700565,0.337078651685,0.297297297297,0.364130434783,0.207070707071,0.192468619247,177.0,178.0,222.0,184.0,198.0,239.0,205.0,320.0,195.0,125.0,1020.0,62.0,116.0,1198.0,46.0,0.267111853088,3.14516129032,1.0775862069,10,5,16,40
2016-10-05 13:40:00,11.0,12.0,13.0,8.0,8.0,7.0,36.0,36.0,44.0,24.0,26.0,24.0,3.27272727273,3.0,3.38461538462,3.0,3.25,3.42857142857,9.0,14.0,9.0,4.0,8.0,6.0,149.0,183.0,148.0,173.0,211.0,191.0,18.0,27.0,23.0,17.0,20.0,19.0,24.0,30.0,23.0,17.0,20.0,22.0,1.33333333333,1.11111111111,1.0,1.0,1.0,1.15789473684,60.0,66.0,67.0,41.0,46.0,46.0,0.337078651685,0.297297297297,0.364130434783,0.207070707071,0.192468619247,0.21198156682,178.0,222.0,184.0,198.0,239.0,217.0,163.0,326.0,190.0,136.0,1055.0,59.0,124.0,1238.0,50.0,0.263327948304,3.22033898305,1.09677419355,10,5,17,0
2016-10-05 14:00:00,12.0,13.0,8.0,8.0,7.0,8.0,36.0,44.0,24.0,26.0,24.0,20.0,3.0,3.38461538462,3.0,3.25,3.42857142857,2.5,14.0,9.0,4.0,8.0,6.0,8.0,183.0,148.0,173.0,211.0,191.0,164.0,27.0,23.0,17.0,20.0,19.0,19.0,30.0,23.0,17.0,20.0,22.0,19.0,1.11111111111,1.0,1.0,1.0,1.15789473684,1.0,66.0,67.0,41.0,46.0,46.0,39.0,0.297297297297,0.364130434783,0.207070707071,0.192468619247,0.21198156682,0.204188481675,222.0,184.0,198.0,239.0,217.0,191.0,179.0,305.0,174.0,131.0,1070.0,56.0,125.0,1251.0,49.0,0.243804956035,3.10714285714,1.048,10,5,17,20
2016-10-05 14:20:00,13.0,8.0,8.0,7.0,8.0,11.0,44.0,24.0,26.0,24.0,20.0,34.0,3.38461538462,3.0,3.25,3.42857142857,2.5,3.09090909091,9.0,4.0,8.0,6.0,8.0,4.0,148.0,173.0,211.0,191.0,164.0,227.0,23.0,17.0,20.0,19.0,19.0,15.0,23.0,17.0,20.0,22.0,19.0,18.0,1.0,1.0,1.0,1.15789473684,1.0,1.2,67.0,41.0,46.0,46.0,39.0,52.0,0.364130434783,0.207070707071,0.192468619247,0.21198156682,0.204188481675,0.205533596838,184.0,198.0,239.0,217.0,191.0,253.0,215.0,291.0,172.0,119.0,1114.0,55.0,113.0,1282.0,39.0,0.226989079563,3.12727272727,1.05309734513,10,5,17,40
2016-10-05 14:40:00,8.0,8.0,7.0,8.0,11.0,6.0,24.0,26.0,24.0,20.0,34.0,16.0,3.0,3.25,3.42857142857,2.5,3.09090909091,2.66666666667,4.0,8.0,6.0,8.0,4.0,10.0,173.0,211.0,191.0,164.0,227.0,214.0,17.0,20.0,19.0,19.0,15.0,26.0,17.0,20.0,22.0,19.0,18.0,29.0,1.0,1.0,1.15789473684,1.0,1.2,1.11538461538,41.0,46.0,46.0,39.0,52.0,45.0,0.207070707071,0.192468619247,0.21198156682,0.204188481675,0.205533596838,0.182926829268,198.0,239.0,217.0,191.0,253.0,246.0,189.0,269.0,144.0,125.0,1180.0,48.0,116.0,1344.0,40.0,0.200148809524,3.0,1.0775862069,10,5,18,0
2016-10-05 15:00:00,8.0,7.0,8.0,11.0,6.0,11.0,26.0,24.0,20.0,34.0,16.0,25.0,3.25,3.42857142857,2.5,3.09090909091,2.66666666667,2.27272727273,8.0,6.0,8.0,4.0,10.0,9.0,211.0,191.0,164.0,227.0,214.0,175.0,20.0,19.0,19.0,15.0,26.0,19.0,20.0,22.0,19.0,18.0,29.0,22.0,1.0,1.15789473684,1.0,1.2,1.11538461538,1.15789473684,46.0,46.0,39.0,52.0,45.0,47.0,0.192468619247,0.21198156682,0.204188481675,0.205533596838,0.182926829268,0.229268292683,239.0,217.0,191.0,253.0,246.0,205.0,175.0,275.0,145.0,130.0,1182.0,51.0,118.0,1351.0,45.0,0.20355292376,2.8431372549,1.10169491525,10,5,18,20
2016-10-05 15:20:00,7.0,8.0,11.0,6.0,11.0,11.0,24.0,20.0,34.0,16.0,25.0,31.0,3.42857142857,2.5,3.09090909091,2.66666666667,2.27272727273,2.81818181818,6.0,8.0,4.0,10.0,9.0,1.0,191.0,164.0,227.0,214.0,175.0,133.0,19.0,19.0,15.0,26.0,19.0,19.0,22.0,19.0,18.0,29.0,22.0,19.0,1.15789473684,1.0,1.2,1.11538461538,1.15789473684,1.0,46.0,39.0,52.0,45.0,47.0,50.0,0.21198156682,0.204188481675,0.205533596838,0.182926829268,0.229268292683,0.306748466258,217.0,191.0,253.0,246.0,205.0,163.0,128.0,279.0,150.0,129.0,1104.0,54.0,117.0,1275.0,38.0,0.218823529412,2.77777777778,1.10256410256,10,5,18,40
2016-10-05 15:40:00,8.0,11.0,6.0,11.0,11.0,11.0,20.0,34.0,16.0,25.0,31.0,25.0,2.5,3.09090909091,2.66666666667,2.27272727273,2.81818181818,2.27272727273,8.0,4.0,10.0,9.0,1.0,4.0,164.0,227.0,214.0,175.0,133.0,154.0,19.0,15.0,26.0,19.0,19.0,14.0,19.0,18.0,29.0,22.0,19.0,14.0,1.0,1.2,1.11538461538,1.15789473684,1.0,1.0,39.0,52.0,45.0,47.0,50.0,39.0,0.204188481675,0.205533596838,0.182926829268,0.229268292683,0.306748466258,0.217877094972,191.0,253.0,246.0,205.0,163.0,179.0,107.0,272.0,151.0,121.0,1067.0,58.0,112.0,1237.0,36.0,0.219886822959,2.60344827586,1.08035714286,10,5,19,0
2016-10-05 16:00:00,11.0,6.0,11.0,11.0,11.0,5.0,34.0,16.0,25.0,31.0,25.0,19.0,3.09090909091,2.66666666667,2.27272727273,2.81818181818,2.27272727273,3.8,4.0,10.0,9.0,1.0,4.0,3.0,227.0,214.0,175.0,133.0,154.0,196.0,15.0,26.0,19.0,19.0,14.0,14.0,18.0,29.0,22.0,19.0,14.0,20.0,1.2,1.11538461538,1.15789473684,1.0,1.0,1.42857142857,52.0,45.0,47.0,50.0,39.0,39.0,0.205533596838,0.182926829268,0.229268292683,0.306748466258,0.217877094972,0.181395348837,253.0,246.0,205.0,163.0,179.0,215.0,162.0,272.0,150.0,122.0,1099.0,55.0,107.0,1261.0,31.0,0.215701823949,2.72727272727,1.14018691589,10,5,19,20
2016-10-05 16:20:00,6.0,11.0,11.0,11.0,5.0,13.0,16.0,25.0,31.0,25.0,19.0,44.0,2.66666666667,2.27272727273,2.81818181818,2.27272727273,3.8,3.38461538462,10.0,9.0,1.0,4.0,3.0,3.0,214.0,175.0,133.0,154.0,196.0,162.0,26.0,19.0,19.0,14.0,14.0,14.0,29.0,22.0,19.0,14.0,20.0,14.0,1.11538461538,1.15789473684,1.0,1.0,1.42857142857,1.0,45.0,47.0,50.0,39.0,39.0,58.0,0.182926829268,0.229268292683,0.306748466258,0.217877094972,0.181395348837,0.306878306878,246.0,205.0,163.0,179.0,215.0,189.0,140.0,278.0,160.0,118.0,1034.0,57.0,106.0,1197.0,30.0,0.232247284879,2.80701754386,1.11320754717,10,5,19,40
2016-10-05 16:40:00,11.0,11.0,11.0,5.0,13.0,13.0,25.0,31.0,25.0,19.0,44.0,33.0,2.27272727273,2.81818181818,2.27272727273,3.8,3.38461538462,2.53846153846,9.0,1.0,4.0,3.0,3.0,5.0,175.0,133.0,154.0,196.0,162.0,148.0,19.0,19.0,14.0,14.0,14.0,14.0,22.0,19.0,14.0,20.0,14.0,14.0,1.15789473684,1.0,1.0,1.42857142857,1.0,1.0,47.0,50.0,39.0,39.0,58.0,47.0,0.229268292683,0.306748466258,0.217877094972,0.181395348837,0.306878306878,0.268571428571,205.0,163.0,179.0,215.0,189.0,175.0,152.0,280.0,177.0,103.0,968.0,64.0,94.0,1126.0,25.0,0.248667850799,2.765625,1.09574468085,10,5,20,0
2016-10-05 17:00:00,11.0,11.0,5.0,13.0,13.0,9.0,31.0,25.0,19.0,44.0,33.0,29.0,2.81818181818,2.27272727273,3.8,3.38461538462,2.53846153846,3.22222222222,1.0,4.0,3.0,3.0,5.0,3.0,133.0,154.0,196.0,162.0,148.0,107.0,19.0,14.0,14.0,14.0,14.0,12.0,19.0,14.0,20.0,14.0,14.0,12.0,1.0,1.0,1.42857142857,1.0,1.0,1.0,50.0,39.0,39.0,58.0,47.0,41.0,0.306748466258,0.217877094972,0.181395348837,0.306878306878,0.268571428571,0.3203125,163.0,179.0,215.0,189.0,175.0,128.0,149.0,274.0,181.0,93.0,900.0,62.0,87.0,1049.0,19.0,0.261201143947,2.91935483871,1.06896551724,10,5,20,20
2016-10-05 17:20:00,11.0,5.0,13.0,13.0,9.0,10.0,25.0,19.0,44.0,33.0,29.0,33.0,2.27272727273,3.8,3.38461538462,2.53846153846,3.22222222222,3.3,4.0,3.0,3.0,5.0,3.0,2.0,154.0,196.0,162.0,148.0,107.0,84.0,14.0,14.0,14.0,14.0,12.0,13.0,14.0,20.0,14.0,14.0,12.0,13.0,1.0,1.42857142857,1.0,1.0,1.0,1.0,39.0,39.0,58.0,47.0,41.0,46.0,0.217877094972,0.181395348837,0.306878306878,0.268571428571,0.3203125,0.429906542056,179.0,215.0,189.0,175.0,128.0,107.0,145.0,270.0,183.0,87.0,851.0,61.0,81.0,993.0,20.0,0.271903323263,3.0,1.07407407407,10,5,20,40
2016-10-05 17:40:00,5.0,13.0,13.0,9.0,10.0,15.0,19.0,44.0,33.0,29.0,33.0,42.0,3.8,3.38461538462,2.53846153846,3.22222222222,3.3,2.8,3.0,3.0,5.0,3.0,2.0,7.0,196.0,162.0,148.0,107.0,84.0,132.0,14.0,14.0,14.0,12.0,13.0,15.0,20.0,14.0,14.0,12.0,13.0,18.0,1.42857142857,1.0,1.0,1.0,1.0,1.2,39.0,58.0,47.0,41.0,46.0,60.0,0.181395348837,0.306878306878,0.268571428571,0.3203125,0.429906542056,0.37037037037,215.0,189.0,175.0,128.0,107.0,162.0,125.0,291.0,200.0,91.0,829.0,65.0,82.0,976.0,23.0,0.298155737705,3.07692307692,1.10975609756,10,5,21,0
2016-10-05 18:00:00,13.0,13.0,9.0,10.0,15.0,12.0,44.0,33.0,29.0,33.0,42.0,36.0,3.38461538462,2.53846153846,3.22222222222,3.3,2.8,3.0,3.0,5.0,3.0,2.0,7.0,3.0,162.0,148.0,107.0,84.0,132.0,122.0,14.0,14.0,12.0,13.0,15.0,6.0,14.0,14.0,12.0,13.0,18.0,6.0,1.0,1.0,1.0,1.0,1.2,1.0,58.0,47.0,41.0,46.0,60.0,42.0,0.306878306878,0.268571428571,0.3203125,0.429906542056,0.37037037037,0.3,189.0,175.0,128.0,107.0,162.0,140.0,93.0,294.0,217.0,77.0,755.0,72.0,74.0,901.0,23.0,0.326304106548,3.01388888889,1.04054054054,10,5,21,20
2016-10-05 18:20:00,13.0,9.0,10.0,15.0,12.0,11.0,33.0,29.0,33.0,42.0,36.0,35.0,2.53846153846,3.22222222222,3.3,2.8,3.0,3.18181818182,5.0,3.0,2.0,7.0,3.0,1.0,148.0,107.0,84.0,132.0,122.0,130.0,14.0,12.0,13.0,15.0,6.0,11.0,14.0,12.0,13.0,18.0,6.0,11.0,1.0,1.0,1.0,1.2,1.0,1.0,47.0,41.0,46.0,60.0,42.0,46.0,0.268571428571,0.3203125,0.429906542056,0.37037037037,0.3,0.302631578947,175.0,128.0,107.0,162.0,140.0,152.0,52.0,282.0,208.0,74.0,723.0,70.0,71.0,864.0,21.0,0.326388888889,2.97142857143,1.04225352113,10,5,21,40
2016-10-05 18:40:00,9.0,10.0,15.0,12.0,11.0,7.0,29.0,33.0,42.0,36.0,35.0,18.0,3.22222222222,3.3,2.8,3.0,3.18181818182,2.57142857143,3.0,2.0,7.0,3.0,1.0,2.0,107.0,84.0,132.0,122.0,130.0,134.0,12.0,13.0,15.0,6.0,11.0,8.0,12.0,13.0,18.0,6.0,11.0,11.0,1.0,1.0,1.2,1.0,1.0,1.375,41.0,46.0,60.0,42.0,46.0,29.0,0.3203125,0.429906542056,0.37037037037,0.3,0.302631578947,0.194630872483,128.0,107.0,162.0,140.0,152.0,149.0,43.0,264.0,193.0,71.0,709.0,64.0,65.0,838.0,18.0,0.315035799523,3.015625,1.09230769231,10,5,22,0
2016-10-05 19:00:00,10.0,15.0,12.0,11.0,7.0,12.0,33.0,42.0,36.0,35.0,18.0,31.0,3.3,2.8,3.0,3.18181818182,2.57142857143,2.58333333333,2.0,7.0,3.0,1.0,2.0,3.0,84.0,132.0,122.0,130.0,134.0,116.0,13.0,15.0,6.0,11.0,8.0,17.0,13.0,18.0,6.0,11.0,11.0,20.0,1.0,1.2,1.0,1.0,1.375,1.17647058824,46.0,60.0,42.0,46.0,29.0,51.0,0.429906542056,0.37037037037,0.3,0.302631578947,0.194630872483,0.351724137931,107.0,162.0,140.0,152.0,149.0,145.0,43.0,274.0,195.0,79.0,718.0,67.0,70.0,855.0,18.0,0.320467836257,2.91044776119,1.12857142857,10,5,22,20
2016-10-05 19:20:00,15.0,12.0,11.0,7.0,12.0,8.0,42.0,36.0,35.0,18.0,31.0,26.0,2.8,3.0,3.18181818182,2.57142857143,2.58333333333,3.25,7.0,3.0,1.0,2.0,3.0,4.0,132.0,122.0,130.0,134.0,116.0,108.0,15.0,6.0,11.0,8.0,17.0,9.0,18.0,6.0,11.0,11.0,20.0,9.0,1.2,1.0,1.0,1.375,1.17647058824,1.0,60.0,42.0,46.0,29.0,51.0,35.0,0.37037037037,0.3,0.302631578947,0.194630872483,0.351724137931,0.28,162.0,140.0,152.0,149.0,145.0,125.0,43.0,263.0,188.0,75.0,742.0,65.0,66.0,873.0,20.0,0.30126002291,2.89230769231,1.13636363636,10,5,22,40
2016-10-05 19:40:00,12.0,11.0,7.0,12.0,8.0,9.0,36.0,35.0,18.0,31.0,26.0,22.0,3.0,3.18181818182,2.57142857143,2.58333333333,3.25,2.44444444444,3.0,1.0,2.0,3.0,4.0,1.0,122.0,130.0,134.0,116.0,108.0,77.0,6.0,11.0,8.0,17.0,9.0,7.0,6.0,11.0,11.0,20.0,9.0,7.0,1.0,1.0,1.375,1.17647058824,1.0,1.0,42.0,46.0,29.0,51.0,35.0,29.0,0.3,0.302631578947,0.194630872483,0.351724137931,0.28,0.311827956989,140.0,152.0,149.0,145.0,125.0,93.0,27.0,232.0,168.0,64.0,687.0,59.0,58.0,804.0,14.0,0.28855721393,2.84745762712,1.10344827586,10,5,23,0
2016-10-05 20:00:00,11.0,7.0,12.0,8.0,9.0,1.0,35.0,18.0,31.0,26.0,22.0,2.0,3.18181818182,2.57142857143,2.58333333333,3.25,2.44444444444,2.0,1.0,2.0,3.0,4.0,1.0,7.0,130.0,134.0,116.0,108.0,77.0,40.0,11.0,8.0,17.0,9.0,7.0,11.0,11.0,11.0,20.0,9.0,7.0,11.0,1.0,1.375,1.17647058824,1.0,1.0,1.0,46.0,29.0,51.0,35.0,29.0,13.0,0.302631578947,0.194630872483,0.351724137931,0.28,0.311827956989,0.25,152.0,149.0,145.0,125.0,93.0,52.0,23.0,203.0,134.0,69.0,605.0,48.0,63.0,716.0,18.0,0.283519553073,2.79166666667,1.09523809524,10,5,23,20
2016-10-05 20:20:00,7.0,12.0,8.0,9.0,1.0,4.0,18.0,31.0,26.0,22.0,2.0,14.0,2.57142857143,2.58333333333,3.25,2.44444444444,2.0,3.5,2.0,3.0,4.0,1.0,7.0,3.0,134.0,116.0,108.0,77.0,40.0,36.0,8.0,17.0,9.0,7.0,11.0,3.0,11.0,20.0,9.0,7.0,11.0,3.0,1.375,1.17647058824,1.0,1.0,1.0,1.0,29.0,51.0,35.0,29.0,13.0,17.0,0.194630872483,0.351724137931,0.28,0.311827956989,0.25,0.395348837209,149.0,145.0,125.0,93.0,52.0,43.0,26.0,174.0,113.0,61.0,511.0,41.0,55.0,607.0,20.0,0.28665568369,2.75609756098,1.10909090909,10,5,23,40
2016-10-05 20:40:00,12.0,8.0,9.0,1.0,4.0,4.0,31.0,26.0,22.0,2.0,14.0,11.0,2.58333333333,3.25,2.44444444444,2.0,3.5,2.75,3.0,4.0,1.0,7.0,3.0,1.0,116.0,108.0,77.0,40.0,36.0,36.0,17.0,9.0,7.0,11.0,3.0,3.0,20.0,9.0,7.0,11.0,3.0,3.0,1.17647058824,1.0,1.0,1.0,1.0,1.0,51.0,35.0,29.0,13.0,17.0,14.0,0.351724137931,0.28,0.311827956989,0.25,0.395348837209,0.325581395349,145.0,125.0,93.0,52.0,43.0,43.0,21.0,159.0,106.0,53.0,413.0,38.0,50.0,501.0,19.0,0.317365269461,2.78947368421,1.06,10,6,0,0
2016-10-05 21:00:00,8.0,9.0,1.0,4.0,4.0,4.0,26.0,22.0,2.0,14.0,11.0,15.0,3.25,2.44444444444,2.0,3.5,2.75,3.75,4.0,1.0,7.0,3.0,1.0,3.0,108.0,77.0,40.0,36.0,36.0,33.0,9.0,7.0,11.0,3.0,3.0,6.0,9.0,7.0,11.0,3.0,3.0,6.0,1.0,1.0,1.0,1.0,1.0,1.0,35.0,29.0,13.0,17.0,14.0,21.0,0.28,0.311827956989,0.25,0.395348837209,0.325581395349,0.488372093023,125.0,93.0,52.0,43.0,43.0,43.0,22.0,129.0,90.0,39.0,330.0,30.0,39.0,399.0,19.0,0.323308270677,3.0,1.0,10,6,0,20
2016-10-05 21:20:00,9.0,1.0,4.0,4.0,4.0,2.0,22.0,2.0,14.0,11.0,15.0,10.0,2.44444444444,2.0,3.5,2.75,3.75,5.0,1.0,7.0,3.0,1.0,3.0,0.0,77.0,40.0,36.0,36.0,33.0,24.0,7.0,11.0,3.0,3.0,6.0,1.0,7.0,11.0,3.0,3.0,6.0,1.0,1.0,1.0,1.0,1.0,1.0,1.0,29.0,13.0,17.0,14.0,21.0,11.0,0.311827956989,0.25,0.395348837209,0.325581395349,0.488372093023,0.407407407407,93.0,52.0,43.0,43.0,43.0,27.0,17.0,105.0,74.0,31.0,246.0,24.0,31.0,301.0,15.0,0.348837209302,3.08333333333,1.0,10,6,0,40
2016-10-05 21:40:00,1.0,4.0,4.0,4.0,2.0,0.0,2.0,14.0,11.0,15.0,10.0,0.0,2.0,3.5,2.75,3.75,5.0,0.0,7.0,3.0,1.0,3.0,0.0,0.0,40.0,36.0,36.0,33.0,24.0,23.0,11.0,3.0,3.0,6.0,1.0,0.0,11.0,3.0,3.0,6.0,1.0,0.0,1.0,1.0,1.0,1.0,1.0,0.0,13.0,17.0,14.0,21.0,11.0,0.0,0.25,0.395348837209,0.325581395349,0.488372093023,0.407407407407,0.0,52.0,43.0,43.0,43.0,27.0,23.0,13.0,76.0,52.0,24.0,192.0,15.0,24.0,231.0,14.0,0.329004329004,3.46666666667,1.0,10,6,1,0
2016-10-05 22:00:00,4.0,4.0,4.0,2.0,0.0,1.0,14.0,11.0,15.0,10.0,0.0,2.0,3.5,2.75,3.75,5.0,0.0,2.0,3.0,1.0,3.0,0.0,0.0,0.0,36.0,36.0,33.0,24.0,23.0,24.0,3.0,3.0,6.0,1.0,0.0,1.0,3.0,3.0,6.0,1.0,0.0,1.0,1.0,1.0,1.0,1.0,0.0,1.0,17.0,14.0,21.0,11.0,0.0,3.0,0.395348837209,0.325581395349,0.488372093023,0.407407407407,0.0,0.115384615385,43.0,43.0,43.0,27.0,23.0,26.0,10.0,66.0,52.0,14.0,176.0,15.0,14.0,205.0,7.0,0.321951219512,3.46666666667,1.0,10,6,1,20
2016-10-05 22:20:00,4.0,4.0,2.0,0.0,1.0,2.0,11.0,15.0,10.0,0.0,2.0,5.0,2.75,3.75,5.0,0.0,2.0,2.5,1.0,3.0,0.0,0.0,0.0,1.0,36.0,33.0,24.0,23.0,24.0,18.0,3.0,6.0,1.0,0.0,1.0,1.0,3.0,6.0,1.0,0.0,1.0,1.0,1.0,1.0,1.0,0.0,1.0,1.0,14.0,21.0,11.0,0.0,3.0,6.0,0.325581395349,0.488372093023,0.407407407407,0.0,0.115384615385,0.285714285714,43.0,43.0,27.0,23.0,26.0,21.0,9.0,55.0,43.0,12.0,158.0,13.0,12.0,183.0,5.0,0.300546448087,3.30769230769,1.0,10,6,1,40
2016-10-05 22:40:00,4.0,2.0,0.0,1.0,2.0,1.0,15.0,10.0,0.0,2.0,5.0,7.0,3.75,5.0,0.0,2.0,2.5,7.0,3.0,0.0,0.0,0.0,1.0,0.0,33.0,24.0,23.0,24.0,18.0,21.0,6.0,1.0,0.0,1.0,1.0,0.0,6.0,1.0,0.0,1.0,1.0,0.0,1.0,1.0,0.0,1.0,1.0,0.0,21.0,11.0,0.0,3.0,6.0,7.0,0.488372093023,0.407407407407,0.0,0.115384615385,0.285714285714,0.318181818182,43.0,27.0,23.0,26.0,21.0,22.0,13.0,48.0,39.0,9.0,143.0,10.0,9.0,162.0,4.0,0.296296296296,3.9,1.0,10,6,2,0
2016-10-05 23:00:00,2.0,0.0,1.0,2.0,1.0,2.0,10.0,0.0,2.0,5.0,7.0,10.0,5.0,0.0,2.0,2.5,7.0,5.0,0.0,0.0,0.0,1.0,0.0,0.0,24.0,23.0,24.0,18.0,21.0,15.0,1.0,0.0,1.0,1.0,0.0,0.0,1.0,0.0,1.0,1.0,0.0,0.0,1.0,0.0,1.0,1.0,0.0,0.0,11.0,0.0,3.0,6.0,7.0,10.0,0.407407407407,0.0,0.115384615385,0.285714285714,0.318181818182,0.588235294118,27.0,23.0,26.0,21.0,22.0,17.0,3.0,37.0,34.0,3.0,125.0,8.0,3.0,136.0,1.0,0.272058823529,4.25,1.0,10,6,2,20
2016-10-05 23:20:00,0.0,1.0,2.0,1.0,2.0,2.0,0.0,2.0,5.0,7.0,10.0,10.0,0.0,2.0,2.5,7.0,5.0,5.0,0.0,0.0,1.0,0.0,0.0,2.0,23.0,24.0,18.0,21.0,15.0,9.0,0.0,1.0,1.0,0.0,0.0,2.0,0.0,1.0,1.0,0.0,0.0,2.0,0.0,1.0,1.0,0.0,0.0,1.0,0.0,3.0,6.0,7.0,10.0,12.0,0.0,0.115384615385,0.285714285714,0.318181818182,0.588235294118,0.923076923077,23.0,26.0,21.0,22.0,17.0,13.0,9.0,38.0,34.0,4.0,110.0,8.0,4.0,122.0,3.0,0.311475409836,4.25,1.0,10,6,2,40
2016-10-05 23:40:00,1.0,2.0,1.0,2.0,2.0,2.0,2.0,5.0,7.0,10.0,10.0,7.0,2.0,2.5,7.0,5.0,5.0,3.5,0.0,1.0,0.0,0.0,2.0,0.0,24.0,18.0,21.0,15.0,9.0,8.0,1.0,1.0,0.0,0.0,2.0,0.0,1.0,1.0,0.0,0.0,2.0,0.0,1.0,1.0,0.0,0.0,1.0,0.0,3.0,6.0,7.0,10.0,12.0,7.0,0.115384615385,0.285714285714,0.318181818182,0.588235294118,0.923076923077,0.7,26.0,21.0,22.0,17.0,13.0,10.0,17.0,45.0,41.0,4.0,95.0,10.0,4.0,109.0,3.0,0.412844036697,4.1,1.0,10,6,3,0
2016-10-06 00:00:00,2.0,1.0,2.0,2.0,2.0,3.0,5.0,7.0,10.0,10.0,7.0,12.0,2.5,7.0,5.0,5.0,3.5,4.0,1.0,0.0,0.0,2.0,0.0,0.0,18.0,21.0,15.0,9.0,8.0,6.0,1.0,0.0,0.0,2.0,0.0,0.0,1.0,0.0,0.0,2.0,0.0,0.0,1.0,0.0,0.0,1.0,0.0,0.0,6.0,7.0,10.0,12.0,7.0,12.0,0.285714285714,0.318181818182,0.588235294118,0.923076923077,0.7,1.33333333333,21.0,22.0,17.0,13.0,10.0,9.0,9.0,54.0,51.0,3.0,77.0,12.0,3.0,92.0,3.0,0.586956521739,4.25,1.0,10,6,3,20
2016-10-06 00:20:00,1.0,2.0,2.0,2.0,3.0,4.0,7.0,10.0,10.0,7.0,12.0,14.0,7.0,5.0,5.0,3.5,4.0,3.5,0.0,0.0,2.0,0.0,0.0,0.0,21.0,15.0,9.0,8.0,6.0,8.0,0.0,0.0,2.0,0.0,0.0,1.0,0.0,0.0,2.0,0.0,0.0,1.0,0.0,0.0,1.0,0.0,0.0,1.0,7.0,10.0,12.0,7.0,12.0,15.0,0.318181818182,0.588235294118,0.923076923077,0.7,1.33333333333,1.15384615385,22.0,17.0,13.0,10.0,9.0,13.0,16.0,63.0,60.0,3.0,67.0,14.0,3.0,84.0,2.0,0.75,4.28571428571,1.0,10,6,3,40
2016-10-06 00:40:00,2.0,2.0,2.0,3.0,4.0,2.0,10.0,10.0,7.0,12.0,14.0,7.0,5.0,5.0,3.5,4.0,3.5,3.5,0.0,2.0,0.0,0.0,0.0,0.0,15.0,9.0,8.0,6.0,8.0,1.0,0.0,2.0,0.0,0.0,1.0,0.0,0.0,2.0,0.0,0.0,1.0,0.0,0.0,1.0,0.0,0.0,1.0,0.0,10.0,12.0,7.0,12.0,15.0,7.0,0.588235294118,0.923076923077,0.7,1.33333333333,1.15384615385,2.33333333333,17.0,13.0,10.0,9.0,13.0,3.0,8.0,63.0,60.0,3.0,47.0,15.0,3.0,65.0,2.0,0.969230769231,4.0,1.0,10,6,4,0
2016-10-06 01:00:00,2.0,2.0,3.0,4.0,2.0,1.0,10.0,7.0,12.0,14.0,7.0,3.0,5.0,3.5,4.0,3.5,3.5,3.0,2.0,0.0,0.0,0.0,0.0,0.0,9.0,8.0,6.0,8.0,1.0,8.0,2.0,0.0,0.0,1.0,0.0,0.0,2.0,0.0,0.0,1.0,0.0,0.0,1.0,0.0,0.0,1.0,0.0,0.0,12.0,7.0,12.0,15.0,7.0,3.0,0.923076923077,0.7,1.33333333333,1.15384615385,2.33333333333,0.333333333333,13.0,10.0,9.0,13.0,3.0,9.0,16.0,56.0,53.0,3.0,40.0,14.0,3.0,57.0,2.0,0.982456140351,3.78571428571,1.0,10,6,4,20
2016-10-06 01:20:00,2.0,3.0,4.0,2.0,1.0,4.0,7.0,12.0,14.0,7.0,3.0,10.0,3.5,4.0,3.5,3.5,3.0,2.5,0.0,0.0,0.0,0.0,0.0,2.0,8.0,6.0,8.0,1.0,8.0,9.0,0.0,0.0,1.0,0.0,0.0,4.0,0.0,0.0,1.0,0.0,0.0,4.0,0.0,0.0,1.0,0.0,0.0,1.0,7.0,12.0,15.0,7.0,3.0,14.0,0.7,1.33333333333,1.15384615385,2.33333333333,0.333333333333,0.823529411765,10.0,9.0,13.0,3.0,9.0,17.0,13.0,58.0,53.0,5.0,40.0,16.0,5.0,61.0,2.0,0.950819672131,3.3125,1.0,10,6,4,40
2016-10-06 01:40:00,3.0,4.0,2.0,1.0,4.0,1.0,12.0,14.0,7.0,3.0,10.0,2.0,4.0,3.5,3.5,3.0,2.5,2.0,0.0,0.0,0.0,0.0,2.0,0.0,6.0,8.0,1.0,8.0,9.0,7.0,0.0,1.0,0.0,0.0,4.0,1.0,0.0,1.0,0.0,0.0,4.0,1.0,0.0,1.0,0.0,0.0,1.0,1.0,12.0,15.0,7.0,3.0,14.0,3.0,1.33333333333,1.15384615385,2.33333333333,0.333333333333,0.823529411765,0.333333333333,9.0,13.0,3.0,9.0,17.0,9.0,28.0,54.0,48.0,6.0,39.0,15.0,6.0,60.0,2.0,0.9,3.2,1.0,10,6,5,0
2016-10-06 02:00:00,4.0,2.0,1.0,4.0,1.0,5.0,14.0,7.0,3.0,10.0,2.0,16.0,3.5,3.5,3.0,2.5,2.0,3.2,0.0,0.0,0.0,2.0,0.0,0.0,8.0,1.0,8.0,9.0,7.0,8.0,1.0,0.0,0.0,4.0,1.0,3.0,1.0,0.0,0.0,4.0,1.0,3.0,1.0,0.0,0.0,1.0,1.0,1.0,15.0,7.0,3.0,14.0,3.0,19.0,1.15384615385,2.33333333333,0.333333333333,0.823529411765,0.333333333333,1.1875,13.0,3.0,9.0,17.0,9.0,16.0,26.0,61.0,52.0,9.0,41.0,17.0,9.0,67.0,2.0,0.910447761194,3.05882352941,1.0,10,6,5,20
2016-10-06 02:20:00,2.0,1.0,4.0,1.0,5.0,3.0,7.0,3.0,10.0,2.0,16.0,9.0,3.5,3.0,2.5,2.0,3.2,3.0,0.0,0.0,2.0,0.0,0.0,0.0,1.0,8.0,9.0,7.0,8.0,3.0,0.0,0.0,4.0,1.0,3.0,2.0,0.0,0.0,4.0,1.0,3.0,2.0,0.0,0.0,1.0,1.0,1.0,1.0,7.0,3.0,14.0,3.0,19.0,11.0,2.33333333333,0.333333333333,0.823529411765,0.333333333333,1.1875,1.375,3.0,9.0,17.0,9.0,16.0,8.0,28.0,57.0,47.0,10.0,36.0,16.0,10.0,62.0,2.0,0.91935483871,2.9375,1.0,10,6,5,40
2016-10-06 02:40:00,1.0,4.0,1.0,5.0,3.0,6.0,3.0,10.0,2.0,16.0,9.0,18.0,3.0,2.5,2.0,3.2,3.0,3.0,0.0,2.0,0.0,0.0,0.0,0.0,8.0,9.0,7.0,8.0,3.0,9.0,0.0,4.0,1.0,3.0,2.0,1.0,0.0,4.0,1.0,3.0,2.0,1.0,0.0,1.0,1.0,1.0,1.0,1.0,3.0,14.0,3.0,19.0,11.0,19.0,0.333333333333,0.823529411765,0.333333333333,1.1875,1.375,1.1875,9.0,17.0,9.0,16.0,8.0,16.0,46.0,69.0,58.0,11.0,44.0,20.0,11.0,75.0,2.0,0.92,2.9,1.0,10,6,6,0
2016-10-06 03:00:00,4.0,1.0,5.0,3.0,6.0,2.0,10.0,2.0,16.0,9.0,18.0,7.0,2.5,2.0,3.2,3.0,3.0,3.5,2.0,0.0,0.0,0.0,0.0,1.0,9.0,7.0,8.0,3.0,9.0,8.0,4.0,1.0,3.0,2.0,1.0,3.0,4.0,1.0,3.0,2.0,1.0,3.0,1.0,1.0,1.0,1.0,1.0,1.0,14.0,3.0,19.0,11.0,19.0,10.0,0.823529411765,0.333333333333,1.1875,1.375,1.1875,0.769230769231,17.0,9.0,16.0,8.0,16.0,13.0,53.0,76.0,62.0,14.0,44.0,21.0,14.0,79.0,3.0,0.962025316456,2.95238095238,1.0,10,6,6,20
2016-10-06 03:20:00,1.0,5.0,3.0,6.0,2.0,12.0,2.0,16.0,9.0,18.0,7.0,40.0,2.0,3.2,3.0,3.0,3.5,3.33333333333,0.0,0.0,0.0,0.0,1.0,0.0,7.0,8.0,3.0,9.0,8.0,13.0,1.0,3.0,2.0,1.0,3.0,3.0,1.0,3.0,2.0,1.0,3.0,3.0,1.0,1.0,1.0,1.0,1.0,1.0,3.0,19.0,11.0,19.0,10.0,43.0,0.333333333333,1.1875,1.375,1.1875,0.769230769231,1.53571428571,9.0,16.0,8.0,16.0,13.0,28.0,72.0,105.0,92.0,13.0,48.0,29.0,13.0,90.0,1.0,1.16666666667,3.1724137931,1.0,10,6,6,40
2016-10-06 03:40:00,5.0,3.0,6.0,2.0,12.0,7.0,16.0,9.0,18.0,7.0,40.0,24.0,3.2,3.0,3.0,3.5,3.33333333333,3.42857142857,0.0,0.0,0.0,1.0,0.0,1.0,8.0,3.0,9.0,8.0,13.0,16.0,3.0,2.0,1.0,3.0,3.0,3.0,3.0,2.0,1.0,3.0,3.0,6.0,1.0,1.0,1.0,1.0,1.0,2.0,19.0,11.0,19.0,10.0,43.0,30.0,1.1875,1.375,1.1875,0.769230769231,1.53571428571,1.15384615385,16.0,8.0,16.0,13.0,28.0,26.0,80.0,132.0,114.0,18.0,57.0,35.0,15.0,107.0,2.0,1.23364485981,3.25714285714,1.2,10,6,7,0
2016-10-06 04:00:00,3.0,6.0,2.0,12.0,7.0,1.0,9.0,18.0,7.0,40.0,24.0,3.0,3.0,3.0,3.5,3.33333333333,3.42857142857,3.0,0.0,0.0,1.0,0.0,1.0,0.0,3.0,9.0,8.0,13.0,16.0,24.0,2.0,1.0,3.0,3.0,3.0,3.0,2.0,1.0,3.0,3.0,6.0,3.0,1.0,1.0,1.0,1.0,2.0,1.0,11.0,19.0,10.0,43.0,30.0,6.0,1.375,1.1875,0.769230769231,1.53571428571,1.15384615385,0.214285714286,8.0,16.0,13.0,28.0,26.0,28.0,114.0,119.0,101.0,18.0,73.0,31.0,15.0,119.0,2.0,1.0,3.25806451613,1.2,10,6,7,20
2016-10-06 04:20:00,6.0,2.0,12.0,7.0,1.0,5.0,18.0,7.0,40.0,24.0,3.0,16.0,3.0,3.5,3.33333333333,3.42857142857,3.0,3.2,0.0,1.0,0.0,1.0,0.0,0.0,9.0,8.0,13.0,16.0,24.0,36.0,1.0,3.0,3.0,3.0,3.0,5.0,1.0,3.0,3.0,6.0,3.0,5.0,1.0,1.0,1.0,2.0,1.0,1.0,19.0,10.0,43.0,30.0,6.0,21.0,1.1875,0.769230769231,1.53571428571,1.15384615385,0.214285714286,0.45652173913,16.0,13.0,28.0,26.0,28.0,46.0,135.0,129.0,108.0,21.0,106.0,33.0,18.0,157.0,2.0,0.821656050955,3.27272727273,1.16666666667,10,6,7,40
2016-10-06 04:40:00,2.0,12.0,7.0,1.0,5.0,4.0,7.0,40.0,24.0,3.0,16.0,8.0,3.5,3.33333333333,3.42857142857,3.0,3.2,2.0,1.0,0.0,1.0,0.0,0.0,2.0,8.0,13.0,16.0,24.0,36.0,45.0,3.0,3.0,3.0,3.0,5.0,4.0,3.0,3.0,6.0,3.0,5.0,4.0,1.0,1.0,2.0,1.0,1.0,1.0,10.0,43.0,30.0,6.0,21.0,12.0,0.769230769231,1.53571428571,1.15384615385,0.214285714286,0.45652173913,0.22641509434,13.0,28.0,26.0,28.0,46.0,53.0,122.0,122.0,98.0,24.0,142.0,31.0,21.0,194.0,4.0,0.628865979381,3.16129032258,1.14285714286,10,6,8,0
2016-10-06 05:00:00,12.0,7.0,1.0,5.0,4.0,7.0,40.0,24.0,3.0,16.0,8.0,28.0,3.33333333333,3.42857142857,3.0,3.2,2.0,4.0,0.0,1.0,0.0,0.0,2.0,7.0,13.0,16.0,24.0,36.0,45.0,56.0,3.0,3.0,3.0,5.0,4.0,9.0,3.0,6.0,3.0,5.0,4.0,9.0,1.0,2.0,1.0,1.0,1.0,1.0,43.0,30.0,6.0,21.0,12.0,37.0,1.53571428571,1.15384615385,0.214285714286,0.45652173913,0.22641509434,0.513888888889,28.0,26.0,28.0,46.0,53.0,72.0,150.0,149.0,119.0,30.0,190.0,36.0,27.0,253.0,10.0,0.588932806324,3.30555555556,1.11111111111,10,6,8,20
2016-10-06 05:20:00,7.0,1.0,5.0,4.0,7.0,2.0,24.0,3.0,16.0,8.0,28.0,6.0,3.42857142857,3.0,3.2,2.0,4.0,3.0,1.0,0.0,0.0,2.0,7.0,0.0,16.0,24.0,36.0,45.0,56.0,74.0,3.0,3.0,5.0,4.0,9.0,4.0,6.0,3.0,5.0,4.0,9.0,4.0,2.0,1.0,1.0,1.0,1.0,1.0,30.0,6.0,21.0,12.0,37.0,10.0,1.15384615385,0.214285714286,0.45652173913,0.22641509434,0.513888888889,0.125,26.0,28.0,46.0,53.0,72.0,80.0,170.0,116.0,85.0,31.0,251.0,26.0,28.0,305.0,10.0,0.380327868852,3.26923076923,1.10714285714,10,6,8,40
2016-10-06 05:40:00,1.0,5.0,4.0,7.0,2.0,8.0,3.0,16.0,8.0,28.0,6.0,22.0,3.0,3.2,2.0,4.0,3.0,2.75,0.0,0.0,2.0,7.0,0.0,3.0,24.0,36.0,45.0,56.0,74.0,96.0,3.0,5.0,4.0,9.0,4.0,10.0,3.0,5.0,4.0,9.0,4.0,10.0,1.0,1.0,1.0,1.0,1.0,1.0,6.0,21.0,12.0,37.0,10.0,32.0,0.214285714286,0.45652173913,0.22641509434,0.513888888889,0.125,0.280701754386,28.0,46.0,53.0,72.0,80.0,114.0,160.0,118.0,83.0,35.0,331.0,27.0,35.0,393.0,12.0,0.300254452926,3.07407407407,1.0,10,6,9,0
2016-10-06 06:00:00,5.0,4.0,7.0,2.0,8.0,11.0,16.0,8.0,28.0,6.0,22.0,29.0,3.2,2.0,4.0,3.0,2.75,2.63636363636,0.0,2.0,7.0,0.0,3.0,8.0,36.0,45.0,56.0,74.0,96.0,109.0,5.0,4.0,9.0,4.0,10.0,15.0,5.0,4.0,9.0,4.0,10.0,15.0,1.0,1.0,1.0,1.0,1.0,1.0,21.0,12.0,37.0,10.0,32.0,44.0,0.45652173913,0.22641509434,0.513888888889,0.125,0.280701754386,0.325925925926,46.0,53.0,72.0,80.0,114.0,135.0,189.0,156.0,109.0,47.0,416.0,37.0,47.0,500.0,20.0,0.312,2.94594594595,1.0,10,6,9,20
2016-10-06 06:20:00,4.0,7.0,2.0,8.0,11.0,2.0,8.0,28.0,6.0,22.0,29.0,8.0,2.0,4.0,3.0,2.75,2.63636363636,4.0,2.0,7.0,0.0,3.0,8.0,3.0,45.0,56.0,74.0,96.0,109.0,114.0,4.0,9.0,4.0,10.0,15.0,6.0,4.0,9.0,4.0,10.0,15.0,9.0,1.0,1.0,1.0,1.0,1.0,1.5,12.0,37.0,10.0,32.0,44.0,17.0,0.22641509434,0.513888888889,0.125,0.280701754386,0.325925925926,0.139344262295,53.0,72.0,80.0,114.0,135.0,122.0,173.0,152.0,101.0,51.0,494.0,34.0,48.0,576.0,23.0,0.263888888889,2.97058823529,1.0625,10,6,9,40
2016-10-06 06:40:00,7.0,2.0,8.0,11.0,2.0,6.0,28.0,6.0,22.0,29.0,8.0,13.0,4.0,3.0,2.75,2.63636363636,4.0,2.16666666667,7.0,0.0,3.0,8.0,3.0,9.0,56.0,74.0,96.0,109.0,114.0,132.0,9.0,4.0,10.0,15.0,6.0,12.0,9.0,4.0,10.0,15.0,9.0,12.0,1.0,1.0,1.0,1.0,1.5,1.0,37.0,10.0,32.0,44.0,17.0,25.0,0.513888888889,0.125,0.280701754386,0.325925925926,0.139344262295,0.166666666667,72.0,80.0,114.0,135.0,122.0,150.0,178.0,165.0,106.0,59.0,581.0,36.0,56.0,673.0,30.0,0.245170876672,2.94444444444,1.05357142857,10,6,10,0
2016-10-06 07:00:00,2.0,8.0,11.0,2.0,6.0,7.0,6.0,22.0,29.0,8.0,13.0,15.0,3.0,2.75,2.63636363636,4.0,2.16666666667,2.14285714286,0.0,3.0,8.0,3.0,9.0,5.0,74.0,96.0,109.0,114.0,132.0,148.0,4.0,10.0,15.0,6.0,12.0,15.0,4.0,10.0,15.0,9.0,12.0,18.0,1.0,1.0,1.0,1.5,1.0,1.2,10.0,32.0,44.0,17.0,25.0,33.0,0.125,0.280701754386,0.325925925926,0.139344262295,0.166666666667,0.194117647059,80.0,114.0,135.0,122.0,150.0,170.0,132.0,161.0,93.0,68.0,673.0,36.0,62.0,771.0,28.0,0.208819714656,2.58333333333,1.09677419355,10,6,10,20
2016-10-06 07:20:00,8.0,11.0,2.0,6.0,7.0,6.0,22.0,29.0,8.0,13.0,15.0,17.0,2.75,2.63636363636,4.0,2.16666666667,2.14285714286,2.83333333333,3.0,8.0,3.0,9.0,5.0,6.0,96.0,109.0,114.0,132.0,148.0,137.0,10.0,15.0,6.0,12.0,15.0,17.0,10.0,15.0,9.0,12.0,18.0,17.0,1.0,1.0,1.5,1.0,1.2,1.0,32.0,44.0,17.0,25.0,33.0,34.0,0.280701754386,0.325925925926,0.139344262295,0.166666666667,0.194117647059,0.2125,114.0,135.0,122.0,150.0,170.0,160.0,130.0,185.0,104.0,81.0,736.0,40.0,75.0,851.0,34.0,0.217391304348,2.6,1.08,10,6,10,40
2016-10-06 07:40:00,11.0,2.0,6.0,7.0,6.0,5.0,29.0,8.0,13.0,15.0,17.0,14.0,2.63636363636,4.0,2.16666666667,2.14285714286,2.83333333333,2.8,8.0,3.0,9.0,5.0,6.0,6.0,109.0,114.0,132.0,148.0,137.0,170.0,15.0,6.0,12.0,15.0,17.0,14.0,15.0,9.0,12.0,18.0,17.0,14.0,1.0,1.5,1.0,1.2,1.0,1.0,44.0,17.0,25.0,33.0,34.0,28.0,0.325925925926,0.139344262295,0.166666666667,0.194117647059,0.2125,0.148148148148,135.0,122.0,150.0,170.0,160.0,189.0,147.0,181.0,96.0,85.0,810.0,37.0,79.0,926.0,37.0,0.195464362851,2.59459459459,1.07594936709,10,6,11,0
2016-10-06 08:00:00,2.0,6.0,7.0,6.0,5.0,7.0,8.0,13.0,15.0,17.0,14.0,20.0,4.0,2.16666666667,2.14285714286,2.83333333333,2.8,2.85714285714,3.0,9.0,5.0,6.0,6.0,8.0,114.0,132.0,148.0,137.0,170.0,147.0,6.0,12.0,15.0,17.0,14.0,19.0,9.0,12.0,18.0,17.0,14.0,22.0,1.5,1.0,1.2,1.0,1.0,1.15789473684,17.0,25.0,33.0,34.0,28.0,42.0,0.139344262295,0.166666666667,0.194117647059,0.2125,0.148148148148,0.242774566474,122.0,150.0,170.0,160.0,189.0,173.0,135.0,179.0,87.0,92.0,848.0,33.0,83.0,964.0,37.0,0.185684647303,2.63636363636,1.10843373494,10,6,11,20
2016-10-06 08:20:00,6.0,7.0,6.0,5.0,7.0,7.0,13.0,15.0,17.0,14.0,20.0,23.0,2.16666666667,2.14285714286,2.83333333333,2.8,2.85714285714,3.28571428571,9.0,5.0,6.0,6.0,8.0,5.0,132.0,148.0,137.0,170.0,147.0,158.0,12.0,15.0,17.0,14.0,19.0,13.0,12.0,18.0,17.0,14.0,22.0,13.0,1.0,1.2,1.0,1.0,1.15789473684,1.0,25.0,33.0,34.0,28.0,42.0,36.0,0.166666666667,0.194117647059,0.2125,0.148148148148,0.242774566474,0.202247191011,150.0,170.0,160.0,189.0,173.0,178.0,147.0,198.0,102.0,96.0,892.0,38.0,90.0,1020.0,39.0,0.194117647059,2.68421052632,1.06666666667,10,6,11,40
2016-10-06 08:40:00,7.0,6.0,5.0,7.0,7.0,3.0,15.0,17.0,14.0,20.0,23.0,12.0,2.14285714286,2.83333333333,2.8,2.85714285714,3.28571428571,4.0,5.0,6.0,6.0,8.0,5.0,7.0,148.0,137.0,170.0,147.0,158.0,116.0,15.0,17.0,14.0,19.0,13.0,13.0,18.0,17.0,14.0,22.0,13.0,13.0,1.2,1.0,1.0,1.15789473684,1.0,1.0,33.0,34.0,28.0,42.0,36.0,25.0,0.194117647059,0.2125,0.148148148148,0.242774566474,0.202247191011,0.189393939394,170.0,160.0,189.0,173.0,178.0,132.0,113.0,198.0,101.0,97.0,876.0,35.0,91.0,1002.0,37.0,0.197604790419,2.88571428571,1.06593406593,10,6,12,0
2016-10-06 09:00:00,6.0,5.0,7.0,7.0,3.0,4.0,17.0,14.0,20.0,23.0,12.0,11.0,2.83333333333,2.8,2.85714285714,3.28571428571,4.0,2.75,6.0,6.0,8.0,5.0,7.0,6.0,137.0,170.0,147.0,158.0,116.0,111.0,17.0,14.0,19.0,13.0,13.0,15.0,17.0,14.0,22.0,13.0,13.0,18.0,1.0,1.0,1.15789473684,1.0,1.0,1.2,34.0,28.0,42.0,36.0,25.0,29.0,0.2125,0.148148148148,0.242774566474,0.202247191011,0.189393939394,0.223076923077,160.0,189.0,173.0,178.0,132.0,130.0,139.0,194.0,97.0,97.0,839.0,32.0,91.0,962.0,38.0,0.201663201663,3.03125,1.06593406593,10,6,12,20
2016-10-06 09:20:00,5.0,7.0,7.0,3.0,4.0,7.0,14.0,20.0,23.0,12.0,11.0,20.0,2.8,2.85714285714,3.28571428571,4.0,2.75,2.85714285714,6.0,8.0,5.0,7.0,6.0,2.0,170.0,147.0,158.0,116.0,111.0,130.0,14.0,19.0,13.0,13.0,15.0,10.0,14.0,22.0,13.0,13.0,18.0,16.0,1.0,1.15789473684,1.0,1.0,1.2,1.6,28.0,42.0,36.0,25.0,29.0,36.0,0.148148148148,0.242774566474,0.202247191011,0.189393939394,0.223076923077,0.244897959184,189.0,173.0,178.0,132.0,130.0,147.0,140.0,196.0,100.0,96.0,832.0,33.0,84.0,949.0,34.0,0.206533192835,3.0303030303,1.14285714286,10,6,12,40
2016-10-06 09:40:00,7.0,7.0,3.0,4.0,7.0,8.0,20.0,23.0,12.0,11.0,20.0,22.0,2.85714285714,3.28571428571,4.0,2.75,2.85714285714,2.75,8.0,5.0,7.0,6.0,2.0,5.0,147.0,158.0,116.0,111.0,130.0,116.0,19.0,13.0,13.0,15.0,10.0,11.0,22.0,13.0,13.0,18.0,16.0,11.0,1.15789473684,1.0,1.0,1.2,1.6,1.0,42.0,36.0,25.0,29.0,36.0,33.0,0.242774566474,0.202247191011,0.189393939394,0.223076923077,0.244897959184,0.244444444444,173.0,178.0,132.0,130.0,147.0,135.0,168.0,201.0,108.0,93.0,778.0,36.0,81.0,895.0,33.0,0.224581005587,3.0,1.14814814815,10,6,13,0
2016-10-06 10:00:00,7.0,3.0,4.0,7.0,8.0,10.0,23.0,12.0,11.0,20.0,22.0,33.0,3.28571428571,4.0,2.75,2.85714285714,2.75,3.3,5.0,7.0,6.0,2.0,5.0,2.0,158.0,116.0,111.0,130.0,116.0,120.0,13.0,13.0,15.0,10.0,11.0,17.0,13.0,13.0,18.0,16.0,11.0,23.0,1.0,1.0,1.2,1.6,1.0,1.35294117647,36.0,25.0,29.0,36.0,33.0,56.0,0.202247191011,0.189393939394,0.223076923077,0.244897959184,0.244444444444,0.380952380952,178.0,132.0,130.0,147.0,135.0,147.0,192.0,215.0,121.0,94.0,751.0,39.0,79.0,869.0,27.0,0.247410817031,3.10256410256,1.18987341772,10,6,13,20
2016-10-06 10:20:00,3.0,4.0,7.0,8.0,10.0,9.0,12.0,11.0,20.0,22.0,33.0,18.0,4.0,2.75,2.85714285714,2.75,3.3,2.0,7.0,6.0,2.0,5.0,2.0,2.0,116.0,111.0,130.0,116.0,120.0,94.0,13.0,15.0,10.0,11.0,17.0,10.0,13.0,18.0,16.0,11.0,23.0,13.0,1.0,1.2,1.6,1.0,1.35294117647,1.3,25.0,29.0,36.0,33.0,56.0,31.0,0.189393939394,0.223076923077,0.244897959184,0.244444444444,0.380952380952,0.274336283186,132.0,130.0,147.0,135.0,147.0,113.0,200.0,210.0,116.0,94.0,687.0,41.0,76.0,804.0,24.0,0.261194029851,2.82926829268,1.23684210526,10,6,13,40
2016-10-06 10:40:00,4.0,7.0,8.0,10.0,9.0,8.0,11.0,20.0,22.0,33.0,18.0,22.0,2.75,2.85714285714,2.75,3.3,2.0,2.75,6.0,2.0,5.0,2.0,2.0,3.0,111.0,130.0,116.0,120.0,94.0,127.0,15.0,10.0,11.0,17.0,10.0,4.0,18.0,16.0,11.0,23.0,13.0,4.0,1.2,1.6,1.0,1.35294117647,1.3,1.0,29.0,36.0,33.0,56.0,31.0,26.0,0.223076923077,0.244897959184,0.244444444444,0.380952380952,0.274336283186,0.187050359712,130.0,147.0,135.0,147.0,113.0,139.0,202.0,211.0,126.0,85.0,698.0,46.0,67.0,811.0,20.0,0.260172626387,2.73913043478,1.26865671642,10,6,14,0
2016-10-06 11:00:00,7.0,8.0,10.0,9.0,8.0,6.0,20.0,22.0,33.0,18.0,22.0,22.0,2.85714285714,2.75,3.3,2.0,2.75,3.66666666667,2.0,5.0,2.0,2.0,3.0,6.0,130.0,116.0,120.0,94.0,127.0,115.0,10.0,11.0,17.0,10.0,4.0,19.0,16.0,11.0,23.0,13.0,4.0,22.0,1.6,1.0,1.35294117647,1.3,1.0,1.15789473684,36.0,33.0,56.0,31.0,26.0,44.0,0.244897959184,0.244444444444,0.380952380952,0.274336283186,0.187050359712,0.314285714286,147.0,135.0,147.0,113.0,139.0,140.0,201.0,226.0,137.0,89.0,702.0,48.0,71.0,821.0,20.0,0.275274056029,2.85416666667,1.25352112676,10,6,14,20
2016-10-06 11:20:00,8.0,10.0,9.0,8.0,6.0,7.0,22.0,33.0,18.0,22.0,22.0,23.0,2.75,3.3,2.0,2.75,3.66666666667,3.28571428571,5.0,2.0,2.0,3.0,6.0,5.0,116.0,120.0,94.0,127.0,115.0,146.0,11.0,17.0,10.0,4.0,19.0,15.0,11.0,23.0,13.0,4.0,22.0,21.0,1.0,1.35294117647,1.3,1.0,1.15789473684,1.4,33.0,56.0,31.0,26.0,44.0,44.0,0.244444444444,0.380952380952,0.274336283186,0.187050359712,0.314285714286,0.261904761905,135.0,147.0,113.0,139.0,140.0,168.0,201.0,234.0,140.0,94.0,718.0,48.0,76.0,842.0,23.0,0.277909738717,2.91666666667,1.23684210526,10,6,14,40
2016-10-06 11:40:00,10.0,9.0,8.0,6.0,7.0,8.0,33.0,18.0,22.0,22.0,23.0,24.0,3.3,2.0,2.75,3.66666666667,3.28571428571,3.0,2.0,2.0,3.0,6.0,5.0,7.0,120.0,94.0,127.0,115.0,146.0,163.0,17.0,10.0,4.0,19.0,15.0,21.0,23.0,13.0,4.0,22.0,21.0,24.0,1.35294117647,1.3,1.0,1.15789473684,1.4,1.14285714286,56.0,31.0,26.0,44.0,44.0,48.0,0.380952380952,0.274336283186,0.187050359712,0.314285714286,0.261904761905,0.25,147.0,113.0,139.0,140.0,168.0,192.0,224.0,249.0,142.0,107.0,765.0,48.0,86.0,899.0,25.0,0.276974416018,2.95833333333,1.24418604651,10,6,15,0
2016-10-06 12:00:00,9.0,8.0,6.0,7.0,8.0,4.0,18.0,22.0,22.0,23.0,24.0,9.0,2.0,2.75,3.66666666667,3.28571428571,3.0,2.25,2.0,3.0,6.0,5.0,7.0,7.0,94.0,127.0,115.0,146.0,163.0,178.0,10.0,4.0,19.0,15.0,21.0,18.0,13.0,4.0,22.0,21.0,24.0,18.0,1.3,1.0,1.15789473684,1.4,1.14285714286,1.0,31.0,26.0,44.0,44.0,48.0,27.0,0.274336283186,0.187050359712,0.314285714286,0.261904761905,0.25,0.135,113.0,139.0,140.0,168.0,192.0,200.0,209.0,220.0,118.0,102.0,823.0,42.0,87.0,952.0,30.0,0.231092436975,2.80952380952,1.1724137931,10,6,15,20
2016-10-06 12:20:00,8.0,6.0,7.0,8.0,4.0,12.0,22.0,22.0,23.0,24.0,9.0,34.0,2.75,3.66666666667,3.28571428571,3.0,2.25,2.83333333333,3.0,6.0,5.0,7.0,7.0,11.0,127.0,115.0,146.0,163.0,178.0,163.0,4.0,19.0,15.0,21.0,18.0,27.0,4.0,22.0,21.0,24.0,18.0,27.0,1.0,1.15789473684,1.4,1.14285714286,1.0,1.0,26.0,44.0,44.0,48.0,27.0,61.0,0.187050359712,0.314285714286,0.261904761905,0.25,0.135,0.30198019802,139.0,140.0,168.0,192.0,200.0,202.0,193.0,250.0,134.0,116.0,892.0,45.0,104.0,1041.0,39.0,0.240153698367,2.97777777778,1.11538461538,10,6,15,40
2016-10-06 12:40:00,6.0,7.0,8.0,4.0,12.0,13.0,22.0,23.0,24.0,9.0,34.0,42.0,3.66666666667,3.28571428571,3.0,2.25,2.83333333333,3.23076923077,6.0,5.0,7.0,7.0,11.0,11.0,115.0,146.0,163.0,178.0,163.0,159.0,19.0,15.0,21.0,18.0,27.0,29.0,22.0,21.0,24.0,18.0,27.0,35.0,1.15789473684,1.4,1.14285714286,1.0,1.0,1.20689655172,44.0,44.0,48.0,27.0,61.0,77.0,0.314285714286,0.261904761905,0.25,0.135,0.30198019802,0.383084577114,140.0,168.0,192.0,200.0,202.0,201.0,201.0,301.0,154.0,147.0,924.0,50.0,129.0,1103.0,47.0,0.272892112421,3.08,1.13953488372,10,6,16,0
2016-10-06 13:00:00,7.0,8.0,4.0,12.0,13.0,7.0,23.0,24.0,9.0,34.0,42.0,24.0,3.28571428571,3.0,2.25,2.83333333333,3.23076923077,3.42857142857,5.0,7.0,7.0,11.0,11.0,6.0,146.0,163.0,178.0,163.0,159.0,176.0,15.0,21.0,18.0,27.0,29.0,18.0,21.0,24.0,18.0,27.0,35.0,21.0,1.4,1.14285714286,1.0,1.0,1.20689655172,1.16666666667,44.0,48.0,27.0,61.0,77.0,45.0,0.261904761905,0.25,0.135,0.30198019802,0.383084577114,0.223880597015,168.0,192.0,200.0,202.0,201.0,201.0,211.0,302.0,156.0,146.0,985.0,51.0,128.0,1164.0,47.0,0.259450171821,3.05882352941,1.140625,10,6,16,20
2016-10-06 13:20:00,8.0,4.0,12.0,13.0,7.0,10.0,24.0,9.0,34.0,42.0,24.0,29.0,3.0,2.25,2.83333333333,3.23076923077,3.42857142857,2.9,7.0,7.0,11.0,11.0,6.0,6.0,163.0,178.0,163.0,159.0,176.0,195.0,21.0,18.0,27.0,29.0,18.0,19.0,24.0,18.0,27.0,35.0,21.0,19.0,1.14285714286,1.0,1.0,1.20689655172,1.16666666667,1.0,48.0,27.0,61.0,77.0,45.0,48.0,0.25,0.135,0.30198019802,0.383084577114,0.223880597015,0.214285714286,192.0,200.0,202.0,201.0,201.0,224.0,170.0,306.0,162.0,144.0,1034.0,54.0,132.0,1220.0,48.0,0.250819672131,3.0,1.09090909091,10,6,16,40
2016-10-06 13:40:00,4.0,12.0,13.0,7.0,10.0,16.0,9.0,34.0,42.0,24.0,29.0,48.0,2.25,2.83333333333,3.23076923077,3.42857142857,2.9,3.0,7.0,11.0,11.0,6.0,6.0,4.0,178.0,163.0,159.0,176.0,195.0,178.0,18.0,27.0,29.0,18.0,19.0,15.0,18.0,27.0,35.0,21.0,19.0,15.0,1.0,1.0,1.20689655172,1.16666666667,1.0,1.0,27.0,61.0,77.0,45.0,48.0,63.0,0.135,0.30198019802,0.383084577114,0.223880597015,0.214285714286,0.301435406699,200.0,202.0,201.0,201.0,224.0,209.0,196.0,321.0,186.0,135.0,1049.0,62.0,126.0,1237.0,45.0,0.259498787389,3.0,1.07142857143,10,6,17,0
2016-10-06 14:00:00,12.0,13.0,7.0,10.0,16.0,8.0,34.0,42.0,24.0,29.0,48.0,28.0,2.83333333333,3.23076923077,3.42857142857,2.9,3.0,3.5,11.0,11.0,6.0,6.0,4.0,5.0,163.0,159.0,176.0,195.0,178.0,163.0,27.0,29.0,18.0,19.0,15.0,22.0,27.0,35.0,21.0,19.0,15.0,25.0,1.0,1.20689655172,1.16666666667,1.0,1.0,1.13636363636,61.0,77.0,45.0,48.0,63.0,53.0,0.30198019802,0.383084577114,0.223880597015,0.214285714286,0.301435406699,0.274611398964,202.0,201.0,201.0,224.0,209.0,193.0,163.0,347.0,205.0,142.0,1034.0,66.0,130.0,1230.0,43.0,0.282113821138,3.10606060606,1.09230769231,10,6,17,20
2016-10-06 14:20:00,13.0,7.0,10.0,16.0,8.0,9.0,42.0,24.0,29.0,48.0,28.0,29.0,3.23076923077,3.42857142857,2.9,3.0,3.5,3.22222222222,11.0,6.0,6.0,4.0,5.0,5.0,159.0,176.0,195.0,178.0,163.0,177.0,29.0,18.0,19.0,15.0,22.0,15.0,35.0,21.0,19.0,15.0,25.0,18.0,1.20689655172,1.16666666667,1.0,1.0,1.13636363636,1.2,77.0,45.0,48.0,63.0,53.0,47.0,0.383084577114,0.223880597015,0.214285714286,0.301435406699,0.274611398964,0.233830845771,201.0,201.0,224.0,209.0,193.0,201.0,154.0,333.0,200.0,133.0,1048.0,63.0,118.0,1229.0,37.0,0.270951993491,3.1746031746,1.12711864407,10,6,17,40
2016-10-06 14:40:00,7.0,10.0,16.0,8.0,9.0,10.0,24.0,29.0,48.0,28.0,29.0,36.0,3.42857142857,2.9,3.0,3.5,3.22222222222,3.6,6.0,6.0,4.0,5.0,5.0,5.0,176.0,195.0,178.0,163.0,177.0,181.0,18.0,19.0,15.0,22.0,15.0,20.0,21.0,19.0,15.0,25.0,18.0,29.0,1.16666666667,1.0,1.0,1.13636363636,1.2,1.45,45.0,48.0,63.0,53.0,47.0,65.0,0.223880597015,0.214285714286,0.301435406699,0.274611398964,0.233830845771,0.308056872038,201.0,224.0,209.0,193.0,201.0,211.0,157.0,321.0,194.0,127.0,1070.0,60.0,109.0,1239.0,31.0,0.259079903148,3.23333333333,1.16513761468,10,6,18,0
2016-10-06 15:00:00,10.0,16.0,8.0,9.0,10.0,5.0,29.0,48.0,28.0,29.0,36.0,20.0,2.9,3.0,3.5,3.22222222222,3.6,4.0,6.0,4.0,5.0,5.0,5.0,3.0,195.0,178.0,163.0,177.0,181.0,152.0,19.0,15.0,22.0,15.0,20.0,13.0,19.0,15.0,25.0,18.0,29.0,16.0,1.0,1.0,1.13636363636,1.2,1.45,1.23076923077,48.0,63.0,53.0,47.0,65.0,36.0,0.214285714286,0.301435406699,0.274611398964,0.233830845771,0.308056872038,0.211764705882,224.0,209.0,193.0,201.0,211.0,170.0,130.0,312.0,190.0,122.0,1046.0,58.0,104.0,1208.0,28.0,0.258278145695,3.27586206897,1.17307692308,10,6,18,20
2016-10-06 15:20:00,16.0,8.0,9.0,10.0,5.0,8.0,48.0,28.0,29.0,36.0,20.0,27.0,3.0,3.5,3.22222222222,3.6,4.0,3.375,4.0,5.0,5.0,5.0,3.0,5.0,178.0,163.0,177.0,181.0,152.0,177.0,15.0,22.0,15.0,20.0,13.0,11.0,15.0,25.0,18.0,29.0,16.0,14.0,1.0,1.13636363636,1.2,1.45,1.23076923077,1.27272727273,63.0,53.0,47.0,65.0,36.0,41.0,0.301435406699,0.274611398964,0.233830845771,0.308056872038,0.211764705882,0.209183673469,209.0,193.0,201.0,211.0,170.0,196.0,140.0,305.0,188.0,117.0,1028.0,56.0,96.0,1180.0,27.0,0.258474576271,3.35714285714,1.21875,10,6,18,40
2016-10-06 15:40:00,8.0,9.0,10.0,5.0,8.0,8.0,28.0,29.0,36.0,20.0,27.0,27.0,3.5,3.22222222222,3.6,4.0,3.375,3.375,5.0,5.0,5.0,3.0,5.0,6.0,163.0,177.0,181.0,152.0,177.0,137.0,22.0,15.0,20.0,13.0,11.0,18.0,25.0,18.0,29.0,16.0,14.0,21.0,1.13636363636,1.2,1.45,1.23076923077,1.27272727273,1.16666666667,53.0,47.0,65.0,36.0,41.0,48.0,0.274611398964,0.233830845771,0.308056872038,0.211764705882,0.209183673469,0.294478527607,193.0,201.0,211.0,170.0,196.0,163.0,156.0,290.0,167.0,123.0,987.0,48.0,99.0,1134.0,29.0,0.255731922399,3.47916666667,1.24242424242,10,6,19,0
2016-10-06 16:00:00,9.0,10.0,5.0,8.0,8.0,10.0,29.0,36.0,20.0,27.0,27.0,42.0,3.22222222222,3.6,4.0,3.375,3.375,4.2,5.0,5.0,3.0,5.0,6.0,1.0,177.0,181.0,152.0,177.0,137.0,131.0,15.0,20.0,13.0,11.0,18.0,13.0,18.0,29.0,16.0,14.0,21.0,13.0,1.2,1.45,1.23076923077,1.27272727273,1.16666666667,1.0,47.0,65.0,36.0,41.0,48.0,55.0,0.233830845771,0.308056872038,0.211764705882,0.209183673469,0.294478527607,0.357142857143,201.0,211.0,170.0,196.0,163.0,154.0,140.0,292.0,181.0,111.0,955.0,50.0,90.0,1095.0,25.0,0.266666666667,3.62,1.23333333333,10,6,19,20
2016-10-06 16:20:00,10.0,5.0,8.0,8.0,10.0,5.0,36.0,20.0,27.0,27.0,42.0,20.0,3.6,4.0,3.375,3.375,4.2,4.0,5.0,3.0,5.0,6.0,1.0,4.0,181.0,152.0,177.0,137.0,131.0,139.0,20.0,13.0,11.0,18.0,13.0,13.0,29.0,16.0,14.0,21.0,13.0,16.0,1.45,1.23076923077,1.27272727273,1.16666666667,1.0,1.23076923077,65.0,36.0,41.0,48.0,55.0,36.0,0.308056872038,0.211764705882,0.209183673469,0.294478527607,0.357142857143,0.229299363057,211.0,170.0,196.0,163.0,154.0,157.0,133.0,281.0,172.0,109.0,917.0,46.0,88.0,1051.0,24.0,0.267364414843,3.73913043478,1.23863636364,10,6,19,40
2016-10-06 16:40:00,5.0,8.0,8.0,10.0,5.0,9.0,20.0,27.0,27.0,42.0,20.0,39.0,4.0,3.375,3.375,4.2,4.0,4.33333333333,3.0,5.0,6.0,1.0,4.0,4.0,152.0,177.0,137.0,131.0,139.0,112.0,13.0,11.0,18.0,13.0,13.0,9.0,16.0,14.0,21.0,13.0,16.0,12.0,1.23076923077,1.27272727273,1.16666666667,1.0,1.23076923077,1.33333333333,36.0,41.0,48.0,55.0,36.0,51.0,0.211764705882,0.209183673469,0.294478527607,0.357142857143,0.229299363057,0.392307692308,170.0,196.0,163.0,154.0,157.0,130.0,145.0,267.0,175.0,92.0,848.0,45.0,77.0,970.0,23.0,0.275257731959,3.88888888889,1.19480519481,10,6,20,0
2016-10-06 17:00:00,8.0,8.0,10.0,5.0,9.0,2.0,27.0,27.0,42.0,20.0,39.0,5.0,3.375,3.375,4.2,4.0,4.33333333333,2.5,5.0,6.0,1.0,4.0,4.0,2.0,177.0,137.0,131.0,139.0,112.0,130.0,11.0,18.0,13.0,13.0,9.0,8.0,14.0,21.0,13.0,16.0,12.0,8.0,1.27272727273,1.16666666667,1.0,1.23076923077,1.33333333333,1.0,41.0,48.0,55.0,36.0,51.0,13.0,0.209183673469,0.294478527607,0.357142857143,0.229299363057,0.392307692308,0.0928571428571,196.0,163.0,154.0,157.0,130.0,140.0,126.0,244.0,160.0,84.0,826.0,42.0,72.0,940.0,22.0,0.259574468085,3.80952380952,1.16666666667,10,6,20,20
2016-10-06 17:20:00,8.0,10.0,5.0,9.0,2.0,9.0,27.0,42.0,20.0,39.0,5.0,27.0,3.375,4.2,4.0,4.33333333333,2.5,3.0,6.0,1.0,4.0,4.0,2.0,1.0,137.0,131.0,139.0,112.0,130.0,130.0,18.0,13.0,13.0,9.0,8.0,17.0,21.0,13.0,16.0,12.0,8.0,26.0,1.16666666667,1.0,1.23076923077,1.33333333333,1.0,1.52941176471,48.0,55.0,36.0,51.0,13.0,53.0,0.294478527607,0.357142857143,0.229299363057,0.392307692308,0.0928571428571,0.339743589744,163.0,154.0,157.0,130.0,140.0,156.0,85.0,256.0,160.0,96.0,779.0,43.0,78.0,900.0,18.0,0.284444444444,3.72093023256,1.23076923077,10,6,20,40
2016-10-06 17:40:00,10.0,5.0,9.0,2.0,9.0,9.0,42.0,20.0,39.0,5.0,27.0,26.0,4.2,4.0,4.33333333333,2.5,3.0,2.88888888889,1.0,4.0,4.0,2.0,1.0,2.0,131.0,139.0,112.0,130.0,130.0,123.0,13.0,13.0,9.0,8.0,17.0,8.0,13.0,16.0,12.0,8.0,26.0,11.0,1.0,1.23076923077,1.33333333333,1.0,1.52941176471,1.375,55.0,36.0,51.0,13.0,53.0,37.0,0.357142857143,0.229299363057,0.392307692308,0.0928571428571,0.339743589744,0.264285714286,154.0,157.0,130.0,140.0,156.0,140.0,53.0,245.0,159.0,86.0,765.0,44.0,68.0,877.0,14.0,0.279361459521,3.61363636364,1.26470588235,10,6,21,0
2016-10-06 18:00:00,5.0,9.0,2.0,9.0,9.0,14.0,20.0,39.0,5.0,27.0,26.0,30.0,4.0,4.33333333333,2.5,3.0,2.88888888889,2.14285714286,4.0,4.0,2.0,1.0,2.0,5.0,139.0,112.0,130.0,130.0,123.0,110.0,13.0,9.0,8.0,17.0,8.0,9.0,16.0,12.0,8.0,26.0,11.0,9.0,1.23076923077,1.33333333333,1.0,1.52941176471,1.375,1.0,36.0,51.0,13.0,53.0,37.0,39.0,0.229299363057,0.392307692308,0.0928571428571,0.339743589744,0.264285714286,0.293233082707,157.0,130.0,140.0,156.0,140.0,133.0,66.0,229.0,147.0,82.0,744.0,48.0,64.0,856.0,18.0,0.267523364486,3.0625,1.28125,10,6,21,20
2016-10-06 18:20:00,9.0,2.0,9.0,9.0,14.0,11.0,39.0,5.0,27.0,26.0,30.0,40.0,4.33333333333,2.5,3.0,2.88888888889,2.14285714286,3.63636363636,4.0,2.0,1.0,2.0,5.0,5.0,112.0,130.0,130.0,123.0,110.0,119.0,9.0,8.0,17.0,8.0,9.0,15.0,12.0,8.0,26.0,11.0,9.0,15.0,1.33333333333,1.0,1.52941176471,1.375,1.0,1.0,51.0,13.0,53.0,37.0,39.0,55.0,0.392307692308,0.0928571428571,0.339743589744,0.264285714286,0.293233082707,0.379310344828,130.0,140.0,156.0,140.0,133.0,145.0,63.0,248.0,167.0,81.0,724.0,54.0,66.0,844.0,19.0,0.293838862559,3.09259259259,1.22727272727,10,6,21,40
2016-10-06 18:40:00,2.0,9.0,9.0,14.0,11.0,9.0,5.0,27.0,26.0,30.0,40.0,27.0,2.5,3.0,2.88888888889,2.14285714286,3.63636363636,3.0,2.0,1.0,2.0,5.0,5.0,4.0,130.0,130.0,123.0,110.0,119.0,104.0,8.0,17.0,8.0,9.0,15.0,13.0,8.0,26.0,11.0,9.0,15.0,13.0,1.0,1.52941176471,1.375,1.0,1.0,1.0,13.0,53.0,37.0,39.0,55.0,40.0,0.0928571428571,0.339743589744,0.264285714286,0.293233082707,0.379310344828,0.31746031746,140.0,156.0,140.0,133.0,145.0,126.0,36.0,237.0,155.0,82.0,716.0,54.0,70.0,840.0,19.0,0.282142857143,2.87037037037,1.17142857143,10,6,22,0
2016-10-06 19:00:00,9.0,9.0,14.0,11.0,9.0,7.0,27.0,26.0,30.0,40.0,27.0,29.0,3.0,2.88888888889,2.14285714286,3.63636363636,3.0,4.14285714286,1.0,2.0,5.0,5.0,4.0,4.0,130.0,123.0,110.0,119.0,104.0,72.0,17.0,8.0,9.0,15.0,13.0,6.0,26.0,11.0,9.0,15.0,13.0,6.0,1.52941176471,1.375,1.0,1.0,1.0,1.0,53.0,37.0,39.0,55.0,40.0,35.0,0.339743589744,0.264285714286,0.293233082707,0.379310344828,0.31746031746,0.411764705882,156.0,140.0,133.0,145.0,126.0,85.0,33.0,259.0,179.0,80.0,658.0,59.0,68.0,785.0,21.0,0.329936305732,3.03389830508,1.17647058824,10,6,22,20
2016-10-06 19:20:00,9.0,14.0,11.0,9.0,7.0,3.0,26.0,30.0,40.0,27.0,29.0,8.0,2.88888888889,2.14285714286,3.63636363636,3.0,4.14285714286,2.66666666667,2.0,5.0,5.0,4.0,4.0,5.0,123.0,110.0,119.0,104.0,72.0,44.0,8.0,9.0,15.0,13.0,6.0,6.0,11.0,9.0,15.0,13.0,6.0,6.0,1.375,1.0,1.0,1.0,1.0,1.0,37.0,39.0,55.0,40.0,35.0,14.0,0.264285714286,0.293233082707,0.379310344828,0.31746031746,0.411764705882,0.264150943396,140.0,133.0,145.0,126.0,85.0,53.0,22.0,220.0,160.0,60.0,572.0,53.0,57.0,682.0,25.0,0.322580645161,3.01886792453,1.05263157895,10,6,22,40
2016-10-06 19:40:00,14.0,11.0,9.0,7.0,3.0,4.0,30.0,40.0,27.0,29.0,8.0,10.0,2.14285714286,3.63636363636,3.0,4.14285714286,2.66666666667,2.5,5.0,5.0,4.0,4.0,5.0,3.0,110.0,119.0,104.0,72.0,44.0,57.0,9.0,15.0,13.0,6.0,6.0,5.0,9.0,15.0,13.0,6.0,6.0,8.0,1.0,1.0,1.0,1.0,1.0,1.6,39.0,55.0,40.0,35.0,14.0,18.0,0.293233082707,0.379310344828,0.31746031746,0.411764705882,0.264150943396,0.272727272727,133.0,145.0,126.0,85.0,53.0,66.0,9.0,201.0,144.0,57.0,506.0,48.0,54.0,608.0,26.0,0.330592105263,3.0,1.05555555556,10,6,23,0
2016-10-06 20:00:00,11.0,9.0,7.0,3.0,4.0,6.0,40.0,27.0,29.0,8.0,10.0,17.0,3.63636363636,3.0,4.14285714286,2.66666666667,2.5,2.83333333333,5.0,4.0,4.0,5.0,3.0,4.0,119.0,104.0,72.0,44.0,57.0,49.0,15.0,13.0,6.0,6.0,5.0,8.0,15.0,13.0,6.0,6.0,8.0,8.0,1.0,1.0,1.0,1.0,1.6,1.0,55.0,40.0,35.0,14.0,18.0,25.0,0.379310344828,0.31746031746,0.411764705882,0.264150943396,0.272727272727,0.396825396825,145.0,126.0,85.0,53.0,66.0,63.0,26.0,187.0,131.0,56.0,445.0,40.0,53.0,538.0,25.0,0.347583643123,3.275,1.05660377358,10,6,23,20
2016-10-06 20:20:00,9.0,7.0,3.0,4.0,6.0,2.0,27.0,29.0,8.0,10.0,17.0,6.0,3.0,4.14285714286,2.66666666667,2.5,2.83333333333,3.0,4.0,4.0,5.0,3.0,4.0,1.0,104.0,72.0,44.0,57.0,49.0,32.0,13.0,6.0,6.0,5.0,8.0,2.0,13.0,6.0,6.0,8.0,8.0,2.0,1.0,1.0,1.0,1.6,1.0,1.0,40.0,35.0,14.0,18.0,25.0,8.0,0.31746031746,0.411764705882,0.264150943396,0.272727272727,0.396825396825,0.222222222222,126.0,85.0,53.0,66.0,63.0,36.0,25.0,140.0,97.0,43.0,358.0,31.0,40.0,429.0,21.0,0.32634032634,3.12903225806,1.075,10,6,23,40
2016-10-06 20:40:00,7.0,3.0,4.0,6.0,2.0,1.0,29.0,8.0,10.0,17.0,6.0,3.0,4.14285714286,2.66666666667,2.5,2.83333333333,3.0,3.0,4.0,5.0,3.0,4.0,1.0,1.0,72.0,44.0,57.0,49.0,32.0,31.0,6.0,6.0,5.0,8.0,2.0,1.0,6.0,6.0,8.0,8.0,2.0,1.0,1.0,1.0,1.6,1.0,1.0,1.0,35.0,14.0,18.0,25.0,8.0,4.0,0.411764705882,0.264150943396,0.272727272727,0.396825396825,0.222222222222,0.121212121212,85.0,53.0,66.0,63.0,36.0,33.0,17.0,104.0,73.0,31.0,285.0,23.0,28.0,336.0,18.0,0.309523809524,3.17391304348,1.10714285714,10,7,0,0
2016-10-06 21:00:00,3.0,4.0,6.0,2.0,1.0,2.0,8.0,10.0,17.0,6.0,3.0,8.0,2.66666666667,2.5,2.83333333333,3.0,3.0,4.0,5.0,3.0,4.0,1.0,1.0,0.0,44.0,57.0,49.0,32.0,31.0,19.0,6.0,5.0,8.0,2.0,1.0,1.0,6.0,8.0,8.0,2.0,1.0,1.0,1.0,1.6,1.0,1.0,1.0,1.0,14.0,18.0,25.0,8.0,4.0,9.0,0.264150943396,0.272727272727,0.396825396825,0.222222222222,0.121212121212,0.409090909091,53.0,66.0,63.0,36.0,33.0,22.0,15.0,78.0,52.0,26.0,232.0,18.0,23.0,273.0,14.0,0.285714285714,2.88888888889,1.13043478261,10,7,0,20
2016-10-06 21:20:00,4.0,6.0,2.0,1.0,2.0,0.0,10.0,17.0,6.0,3.0,8.0,0.0,2.5,2.83333333333,3.0,3.0,4.0,0.0,3.0,4.0,1.0,1.0,0.0,0.0,57.0,49.0,32.0,31.0,19.0,9.0,5.0,8.0,2.0,1.0,1.0,0.0,8.0,8.0,2.0,1.0,1.0,0.0,1.6,1.0,1.0,1.0,1.0,0.0,18.0,25.0,8.0,4.0,9.0,0.0,0.272727272727,0.396825396825,0.222222222222,0.121212121212,0.409090909091,0.0,66.0,63.0,36.0,33.0,22.0,9.0,9.0,64.0,44.0,20.0,197.0,15.0,17.0,229.0,9.0,0.279475982533,2.93333333333,1.17647058824,10,7,0,40
2016-10-06 21:40:00,6.0,2.0,1.0,2.0,0.0,3.0,17.0,6.0,3.0,8.0,0.0,7.0,2.83333333333,3.0,3.0,4.0,0.0,2.33333333333,4.0,1.0,1.0,0.0,0.0,1.0,49.0,32.0,31.0,19.0,9.0,22.0,8.0,2.0,1.0,1.0,0.0,1.0,8.0,2.0,1.0,1.0,0.0,1.0,1.0,1.0,1.0,1.0,0.0,1.0,25.0,8.0,4.0,9.0,0.0,8.0,0.396825396825,0.222222222222,0.121212121212,0.409090909091,0.0,0.307692307692,63.0,36.0,33.0,22.0,9.0,26.0,15.0,54.0,41.0,13.0,162.0,14.0,13.0,189.0,7.0,0.285714285714,2.92857142857,1.0,10,7,1,0
2016-10-06 22:00:00,2.0,1.0,2.0,0.0,3.0,1.0,6.0,3.0,8.0,0.0,7.0,5.0,3.0,3.0,4.0,0.0,2.33333333333,5.0,1.0,1.0,0.0,0.0,1.0,1.0,32.0,31.0,19.0,9.0,22.0,23.0,2.0,1.0,1.0,0.0,1.0,1.0,2.0,1.0,1.0,0.0,1.0,1.0,1.0,1.0,1.0,0.0,1.0,1.0,8.0,4.0,9.0,0.0,8.0,6.0,0.222222222222,0.121212121212,0.409090909091,0.0,0.307692307692,0.24,36.0,33.0,22.0,9.0,26.0,25.0,10.0,35.0,29.0,6.0,136.0,9.0,6.0,151.0,4.0,0.23178807947,3.22222222222,1.0,10,7,1,20
2016-10-06 22:20:00,1.0,2.0,0.0,3.0,1.0,2.0,3.0,8.0,0.0,7.0,5.0,5.0,3.0,4.0,0.0,2.33333333333,5.0,2.5,1.0,0.0,0.0,1.0,1.0,0.0,31.0,19.0,9.0,22.0,23.0,14.0,1.0,1.0,0.0,1.0,1.0,1.0,1.0,1.0,0.0,1.0,1.0,1.0,1.0,1.0,0.0,1.0,1.0,1.0,4.0,9.0,0.0,8.0,6.0,6.0,0.121212121212,0.409090909091,0.0,0.307692307692,0.24,0.352941176471,33.0,22.0,9.0,26.0,25.0,17.0,10.0,33.0,28.0,5.0,118.0,9.0,5.0,132.0,3.0,0.25,3.11111111111,1.0,10,7,1,40
2016-10-06 22:40:00,2.0,0.0,3.0,1.0,2.0,1.0,8.0,0.0,7.0,5.0,5.0,3.0,4.0,0.0,2.33333333333,5.0,2.5,3.0,0.0,0.0,1.0,1.0,0.0,1.0,19.0,9.0,22.0,23.0,14.0,13.0,1.0,0.0,1.0,1.0,1.0,1.0,1.0,0.0,1.0,1.0,1.0,1.0,1.0,0.0,1.0,1.0,1.0,1.0,9.0,0.0,8.0,6.0,6.0,4.0,0.409090909091,0.0,0.307692307692,0.24,0.352941176471,0.266666666667,22.0,9.0,26.0,25.0,17.0,15.0,13.0,33.0,28.0,5.0,100.0,9.0,5.0,114.0,3.0,0.289473684211,3.11111111111,1.0,10,7,2,0
2016-10-06 23:00:00,0.0,3.0,1.0,2.0,1.0,3.0,0.0,7.0,5.0,5.0,3.0,9.0,0.0,2.33333333333,5.0,2.5,3.0,3.0,0.0,1.0,1.0,0.0,1.0,2.0,9.0,22.0,23.0,14.0,13.0,4.0,0.0,1.0,1.0,1.0,1.0,2.0,0.0,1.0,1.0,1.0,1.0,5.0,0.0,1.0,1.0,1.0,1.0,2.5,0.0,8.0,6.0,6.0,4.0,14.0,0.0,0.307692307692,0.24,0.352941176471,0.266666666667,1.55555555556,9.0,26.0,25.0,17.0,15.0,9.0,9.0,38.0,29.0,9.0,85.0,10.0,6.0,101.0,5.0,0.376237623762,2.9,1.5,10,7,2,20
2016-10-06 23:20:00,3.0,1.0,2.0,1.0,3.0,3.0,7.0,5.0,5.0,3.0,9.0,10.0,2.33333333333,5.0,2.5,3.0,3.0,3.33333333333,1.0,1.0,0.0,1.0,2.0,2.0,22.0,23.0,14.0,13.0,4.0,10.0,1.0,1.0,1.0,1.0,2.0,2.0,1.0,1.0,1.0,1.0,5.0,2.0,1.0,1.0,1.0,1.0,2.5,1.0,8.0,6.0,6.0,4.0,14.0,12.0,0.307692307692,0.24,0.352941176471,0.266666666667,1.55555555556,0.8,26.0,25.0,17.0,15.0,9.0,15.0,8.0,50.0,39.0,11.0,86.0,13.0,8.0,107.0,7.0,0.467289719626,3.0,1.375,10,7,2,40
2016-10-06 23:40:00,1.0,2.0,1.0,3.0,3.0,1.0,5.0,5.0,3.0,9.0,10.0,2.0,5.0,2.5,3.0,3.0,3.33333333333,2.0,1.0,0.0,1.0,2.0,2.0,0.0,23.0,14.0,13.0,4.0,10.0,8.0,1.0,1.0,1.0,2.0,2.0,1.0,1.0,1.0,1.0,5.0,2.0,1.0,1.0,1.0,1.0,2.5,1.0,1.0,6.0,6.0,4.0,14.0,12.0,3.0,0.24,0.352941176471,0.266666666667,1.55555555556,0.8,0.3,25.0,17.0,15.0,9.0,15.0,10.0,9.0,45.0,34.0,11.0,72.0,11.0,8.0,91.0,6.0,0.494505494505,3.09090909091,1.375,10,7,3,0
2016-10-07 00:00:00,2.0,1.0,3.0,3.0,1.0,3.0,5.0,3.0,9.0,10.0,2.0,8.0,2.5,3.0,3.0,3.33333333333,2.0,2.66666666667,0.0,1.0,2.0,2.0,0.0,0.0,14.0,13.0,4.0,10.0,8.0,7.0,1.0,1.0,2.0,2.0,1.0,0.0,1.0,1.0,5.0,2.0,1.0,0.0,1.0,1.0,2.5,1.0,1.0,0.0,6.0,4.0,14.0,12.0,3.0,8.0,0.352941176471,0.266666666667,1.55555555556,0.8,0.3,0.8,17.0,15.0,9.0,15.0,10.0,10.0,9.0,47.0,37.0,10.0,56.0,13.0,7.0,76.0,5.0,0.618421052632,2.84615384615,1.42857142857,10,7,3,20
2016-10-07 00:20:00,1.0,3.0,3.0,1.0,3.0,2.0,3.0,9.0,10.0,2.0,8.0,7.0,3.0,3.0,3.33333333333,2.0,2.66666666667,3.5,1.0,2.0,2.0,0.0,0.0,0.0,13.0,4.0,10.0,8.0,7.0,11.0,1.0,2.0,2.0,1.0,0.0,0.0,1.0,5.0,2.0,1.0,0.0,0.0,1.0,2.5,1.0,1.0,0.0,0.0,4.0,14.0,12.0,3.0,8.0,7.0,0.266666666667,1.55555555556,0.8,0.3,0.8,0.538461538462,15.0,9.0,15.0,10.0,10.0,13.0,10.0,48.0,39.0,9.0,53.0,13.0,6.0,72.0,5.0,0.666666666667,3.0,1.5,10,7,3,40
2016-10-07 00:40:00,3.0,3.0,1.0,3.0,2.0,2.0,9.0,10.0,2.0,8.0,7.0,10.0,3.0,3.33333333333,2.0,2.66666666667,3.5,5.0,2.0,2.0,0.0,0.0,0.0,0.0,4.0,10.0,8.0,7.0,11.0,7.0,2.0,2.0,1.0,0.0,0.0,0.0,5.0,2.0,1.0,0.0,0.0,0.0,2.5,1.0,1.0,0.0,0.0,0.0,14.0,12.0,3.0,8.0,7.0,10.0,1.55555555556,0.8,0.3,0.8,0.538461538462,1.11111111111,9.0,15.0,10.0,10.0,13.0,9.0,17.0,54.0,46.0,8.0,47.0,14.0,5.0,66.0,4.0,0.818181818182,3.28571428571,1.6,10,7,4,0
2016-10-07 01:00:00,3.0,1.0,3.0,2.0,2.0,2.0,10.0,2.0,8.0,7.0,10.0,5.0,3.33333333333,2.0,2.66666666667,3.5,5.0,2.5,2.0,0.0,0.0,0.0,0.0,0.0,10.0,8.0,7.0,11.0,7.0,5.0,2.0,1.0,0.0,0.0,0.0,1.0,2.0,1.0,0.0,0.0,0.0,1.0,1.0,1.0,0.0,0.0,0.0,1.0,12.0,3.0,8.0,7.0,10.0,6.0,0.8,0.3,0.8,0.538461538462,1.11111111111,0.75,15.0,10.0,10.0,13.0,9.0,8.0,10.0,46.0,42.0,4.0,48.0,13.0,4.0,65.0,2.0,0.707692307692,3.23076923077,1.0,10,7,4,20
2016-10-07 01:20:00,1.0,3.0,2.0,2.0,2.0,3.0,2.0,8.0,7.0,10.0,5.0,13.0,2.0,2.66666666667,3.5,5.0,2.5,4.33333333333,0.0,0.0,0.0,0.0,0.0,0.0,8.0,7.0,11.0,7.0,5.0,6.0,1.0,0.0,0.0,0.0,1.0,0.0,1.0,0.0,0.0,0.0,1.0,0.0,1.0,0.0,0.0,0.0,1.0,0.0,3.0,8.0,7.0,10.0,6.0,13.0,0.3,0.8,0.538461538462,1.11111111111,0.75,1.44444444444,10.0,10.0,13.0,9.0,8.0,9.0,17.0,47.0,45.0,2.0,44.0,13.0,2.0,59.0,0.0,0.796610169492,3.46153846154,1.0,10,7,4,40
2016-10-07 01:40:00,3.0,2.0,2.0,2.0,3.0,3.0,8.0,7.0,10.0,5.0,13.0,9.0,2.66666666667,3.5,5.0,2.5,4.33333333333,3.0,0.0,0.0,0.0,0.0,0.0,0.0,7.0,11.0,7.0,5.0,6.0,5.0,0.0,0.0,0.0,1.0,0.0,1.0,0.0,0.0,0.0,1.0,0.0,1.0,0.0,0.0,0.0,1.0,0.0,1.0,8.0,7.0,10.0,6.0,13.0,10.0,0.8,0.538461538462,1.11111111111,0.75,1.44444444444,1.11111111111,10.0,13.0,9.0,8.0,9.0,9.0,11.0,54.0,52.0,2.0,41.0,15.0,2.0,58.0,0.0,0.931034482759,3.46666666667,1.0,10,7,5,0
2016-10-07 02:00:00,2.0,2.0,2.0,3.0,3.0,4.0,7.0,10.0,5.0,13.0,9.0,17.0,3.5,5.0,2.5,4.33333333333,3.0,4.25,0.0,0.0,0.0,0.0,0.0,0.0,11.0,7.0,5.0,6.0,5.0,6.0,0.0,0.0,1.0,0.0,1.0,0.0,0.0,0.0,1.0,0.0,1.0,0.0,0.0,0.0,1.0,0.0,1.0,0.0,7.0,10.0,6.0,13.0,10.0,17.0,0.538461538462,1.11111111111,0.75,1.44444444444,1.11111111111,1.7,13.0,9.0,8.0,9.0,9.0,10.0,20.0,63.0,61.0,2.0,40.0,16.0,2.0,58.0,0.0,1.08620689655,3.8125,1.0,10,7,5,20
2016-10-07 02:20:00,2.0,2.0,3.0,3.0,4.0,6.0,10.0,5.0,13.0,9.0,17.0,30.0,5.0,2.5,4.33333333333,3.0,4.25,5.0,0.0,0.0,0.0,0.0,0.0,0.0,7.0,5.0,6.0,5.0,6.0,9.0,0.0,1.0,0.0,1.0,0.0,2.0,0.0,1.0,0.0,1.0,0.0,2.0,0.0,1.0,0.0,1.0,0.0,1.0,10.0,6.0,13.0,10.0,17.0,32.0,1.11111111111,0.75,1.44444444444,1.11111111111,1.7,1.88235294118,9.0,8.0,9.0,9.0,10.0,17.0,27.0,88.0,84.0,4.0,38.0,20.0,4.0,62.0,0.0,1.41935483871,4.2,1.0,10,7,5,40
2016-10-07 02:40:00,2.0,3.0,3.0,4.0,6.0,2.0,5.0,13.0,9.0,17.0,30.0,10.0,2.5,4.33333333333,3.0,4.25,5.0,5.0,0.0,0.0,0.0,0.0,0.0,2.0,5.0,6.0,5.0,6.0,9.0,4.0,1.0,0.0,1.0,0.0,2.0,4.0,1.0,0.0,1.0,0.0,2.0,4.0,1.0,0.0,1.0,0.0,1.0,1.0,6.0,13.0,10.0,17.0,32.0,14.0,0.75,1.44444444444,1.11111111111,1.7,1.88235294118,1.4,8.0,9.0,9.0,10.0,17.0,10.0,40.0,92.0,84.0,8.0,35.0,20.0,8.0,63.0,2.0,1.46031746032,4.2,1.0,10,7,6,0
2016-10-07 03:00:00,3.0,3.0,4.0,6.0,2.0,6.0,13.0,9.0,17.0,30.0,10.0,16.0,4.33333333333,3.0,4.25,5.0,5.0,2.66666666667,0.0,0.0,0.0,0.0,2.0,0.0,6.0,5.0,6.0,9.0,4.0,10.0,0.0,1.0,0.0,2.0,4.0,1.0,0.0,1.0,0.0,2.0,4.0,1.0,0.0,1.0,0.0,1.0,1.0,1.0,13.0,10.0,17.0,32.0,14.0,17.0,1.44444444444,1.11111111111,1.7,1.88235294118,1.4,1.0,9.0,9.0,10.0,17.0,10.0,17.0,53.0,103.0,95.0,8.0,40.0,24.0,8.0,72.0,2.0,1.43055555556,3.95833333333,1.0,10,7,6,20
2016-10-07 03:20:00,3.0,4.0,6.0,2.0,6.0,2.0,9.0,17.0,30.0,10.0,16.0,5.0,3.0,4.25,5.0,5.0,2.66666666667,2.5,0.0,0.0,0.0,2.0,0.0,1.0,5.0,6.0,9.0,4.0,10.0,8.0,1.0,0.0,2.0,4.0,1.0,1.0,1.0,0.0,2.0,4.0,1.0,1.0,1.0,0.0,1.0,1.0,1.0,1.0,10.0,17.0,32.0,14.0,17.0,6.0,1.11111111111,1.7,1.88235294118,1.4,1.0,0.545454545455,9.0,10.0,17.0,10.0,17.0,11.0,79.0,96.0,87.0,9.0,42.0,23.0,9.0,74.0,3.0,1.2972972973,3.78260869565,1.0,10,7,6,40
2016-10-07 03:40:00,4.0,6.0,2.0,6.0,2.0,5.0,17.0,30.0,10.0,16.0,5.0,13.0,4.25,5.0,5.0,2.66666666667,2.5,2.6,0.0,0.0,2.0,0.0,1.0,0.0,6.0,9.0,4.0,10.0,8.0,11.0,0.0,2.0,4.0,1.0,1.0,4.0,0.0,2.0,4.0,1.0,1.0,4.0,0.0,1.0,1.0,1.0,1.0,1.0,17.0,32.0,14.0,17.0,6.0,17.0,1.7,1.88235294118,1.4,1.0,0.545454545455,0.85,10.0,17.0,10.0,17.0,11.0,20.0,94.0,103.0,91.0,12.0,48.0,25.0,12.0,85.0,3.0,1.21176470588,3.64,1.0,10,7,7,0
2016-10-07 04:00:00,6.0,2.0,6.0,2.0,5.0,4.0,30.0,10.0,16.0,5.0,13.0,12.0,5.0,5.0,2.66666666667,2.5,2.6,3.0,0.0,2.0,0.0,1.0,0.0,0.0,9.0,4.0,10.0,8.0,11.0,22.0,2.0,4.0,1.0,1.0,4.0,1.0,2.0,4.0,1.0,1.0,4.0,4.0,1.0,1.0,1.0,1.0,1.0,4.0,32.0,14.0,17.0,6.0,17.0,16.0,1.88235294118,1.4,1.0,0.545454545455,0.85,0.592592592593,17.0,10.0,17.0,11.0,20.0,27.0,112.0,102.0,86.0,16.0,64.0,25.0,13.0,102.0,3.0,1.0,3.44,1.23076923077,10,7,7,20
2016-10-07 04:20:00,2.0,6.0,2.0,5.0,4.0,9.0,10.0,16.0,5.0,13.0,12.0,28.0,5.0,2.66666666667,2.5,2.6,3.0,3.11111111111,2.0,0.0,1.0,0.0,0.0,2.0,4.0,10.0,8.0,11.0,22.0,23.0,4.0,1.0,1.0,4.0,1.0,8.0,4.0,1.0,1.0,4.0,4.0,8.0,1.0,1.0,1.0,1.0,4.0,1.0,14.0,17.0,6.0,17.0,16.0,36.0,1.4,1.0,0.545454545455,0.85,0.592592592593,0.9,10.0,17.0,11.0,20.0,27.0,40.0,92.0,106.0,84.0,22.0,78.0,28.0,19.0,125.0,5.0,0.848,3.0,1.15789473684,10,7,7,40
2016-10-07 04:40:00,6.0,2.0,5.0,4.0,9.0,7.0,16.0,5.0,13.0,12.0,28.0,17.0,2.66666666667,2.5,2.6,3.0,3.11111111111,2.42857142857,0.0,1.0,0.0,0.0,2.0,2.0,10.0,8.0,11.0,22.0,23.0,37.0,1.0,1.0,4.0,1.0,8.0,9.0,1.0,1.0,4.0,4.0,8.0,9.0,1.0,1.0,1.0,4.0,1.0,1.0,17.0,6.0,17.0,16.0,36.0,26.0,1.0,0.545454545455,0.85,0.592592592593,0.9,0.490566037736,17.0,11.0,20.0,27.0,40.0,53.0,110.0,118.0,91.0,27.0,111.0,33.0,24.0,168.0,5.0,0.702380952381,2.75757575758,1.125,10,7,8,0
2016-10-07 05:00:00,2.0,5.0,4.0,9.0,7.0,5.0,5.0,13.0,12.0,28.0,17.0,16.0,2.5,2.6,3.0,3.11111111111,2.42857142857,3.2,1.0,0.0,0.0,2.0,2.0,4.0,8.0,11.0,22.0,23.0,37.0,71.0,1.0,4.0,1.0,8.0,9.0,3.0,1.0,4.0,4.0,8.0,9.0,3.0,1.0,1.0,4.0,1.0,1.0,1.0,6.0,17.0,16.0,36.0,26.0,19.0,0.545454545455,0.85,0.592592592593,0.9,0.490566037736,0.240506329114,11.0,20.0,27.0,40.0,53.0,79.0,122.0,120.0,91.0,29.0,172.0,32.0,26.0,230.0,9.0,0.521739130435,2.84375,1.11538461538,10,7,8,20
2016-10-07 05:20:00,5.0,4.0,9.0,7.0,5.0,3.0,13.0,12.0,28.0,17.0,16.0,11.0,2.6,3.0,3.11111111111,2.42857142857,3.2,3.66666666667,0.0,0.0,2.0,2.0,4.0,4.0,11.0,22.0,23.0,37.0,71.0,83.0,4.0,1.0,8.0,9.0,3.0,8.0,4.0,4.0,8.0,9.0,3.0,8.0,1.0,4.0,1.0,1.0,1.0,1.0,17.0,16.0,36.0,26.0,19.0,19.0,0.85,0.592592592593,0.9,0.490566037736,0.240506329114,0.202127659574,20.0,27.0,40.0,53.0,79.0,94.0,113.0,133.0,97.0,36.0,247.0,33.0,33.0,313.0,12.0,0.424920127796,2.93939393939,1.09090909091,10,7,8,40
2016-10-07 05:40:00,4.0,9.0,7.0,5.0,3.0,8.0,12.0,28.0,17.0,16.0,11.0,22.0,3.0,3.11111111111,2.42857142857,3.2,3.66666666667,2.75,0.0,2.0,2.0,4.0,4.0,6.0,22.0,23.0,37.0,71.0,83.0,96.0,1.0,8.0,9.0,3.0,8.0,8.0,4.0,8.0,9.0,3.0,8.0,8.0,4.0,1.0,1.0,1.0,1.0,1.0,16.0,36.0,26.0,19.0,19.0,30.0,0.592592592593,0.9,0.490566037736,0.240506329114,0.202127659574,0.267857142857,27.0,40.0,53.0,79.0,94.0,112.0,147.0,146.0,106.0,40.0,332.0,36.0,37.0,405.0,18.0,0.36049382716,2.94444444444,1.08108108108,10,7,9,0
2016-10-07 06:00:00,9.0,7.0,5.0,3.0,8.0,3.0,28.0,17.0,16.0,11.0,22.0,11.0,3.11111111111,2.42857142857,3.2,3.66666666667,2.75,3.66666666667,2.0,2.0,4.0,4.0,6.0,2.0,23.0,37.0,71.0,83.0,96.0,79.0,8.0,9.0,3.0,8.0,8.0,10.0,8.0,9.0,3.0,8.0,8.0,10.0,1.0,1.0,1.0,1.0,1.0,1.0,36.0,26.0,19.0,19.0,30.0,21.0,0.9,0.490566037736,0.240506329114,0.202127659574,0.267857142857,0.228260869565,40.0,53.0,79.0,94.0,112.0,92.0,155.0,151.0,105.0,46.0,389.0,35.0,46.0,470.0,20.0,0.321276595745,3.0,1.0,10,7,9,20
2016-10-07 06:20:00,7.0,5.0,3.0,8.0,3.0,4.0,17.0,16.0,11.0,22.0,11.0,8.0,2.42857142857,3.2,3.66666666667,2.75,3.66666666667,2.0,2.0,4.0,4.0,6.0,2.0,5.0,37.0,71.0,83.0,96.0,79.0,94.0,9.0,3.0,8.0,8.0,10.0,12.0,9.0,3.0,8.0,8.0,10.0,12.0,1.0,1.0,1.0,1.0,1.0,1.0,26.0,19.0,19.0,30.0,21.0,20.0,0.490566037736,0.240506329114,0.202127659574,0.267857142857,0.228260869565,0.181818181818,53.0,79.0,94.0,112.0,92.0,110.0,148.0,135.0,85.0,50.0,460.0,30.0,50.0,540.0,23.0,0.25,2.83333333333,1.0,10,7,9,40
2016-10-07 06:40:00,5.0,3.0,8.0,3.0,4.0,13.0,16.0,11.0,22.0,11.0,8.0,38.0,3.2,3.66666666667,2.75,3.66666666667,2.0,2.92307692308,4.0,4.0,6.0,2.0,5.0,6.0,71.0,83.0,96.0,79.0,94.0,99.0,3.0,8.0,8.0,10.0,12.0,10.0,3.0,8.0,8.0,10.0,12.0,10.0,1.0,1.0,1.0,1.0,1.0,1.0,19.0,19.0,30.0,21.0,20.0,48.0,0.240506329114,0.202127659574,0.267857142857,0.228260869565,0.181818181818,0.393442622951,79.0,94.0,112.0,92.0,110.0,122.0,151.0,157.0,106.0,51.0,522.0,36.0,51.0,609.0,27.0,0.257799671593,2.94444444444,1.0,10,7,10,0
2016-10-07 07:00:00,3.0,8.0,3.0,4.0,13.0,3.0,11.0,22.0,11.0,8.0,38.0,9.0,3.66666666667,2.75,3.66666666667,2.0,2.92307692308,3.0,4.0,6.0,2.0,5.0,6.0,2.0,83.0,96.0,79.0,94.0,99.0,103.0,8.0,8.0,10.0,12.0,10.0,7.0,8.0,8.0,10.0,12.0,10.0,7.0,1.0,1.0,1.0,1.0,1.0,1.0,19.0,30.0,21.0,20.0,48.0,16.0,0.202127659574,0.267857142857,0.228260869565,0.181818181818,0.393442622951,0.141592920354,94.0,112.0,92.0,110.0,122.0,113.0,119.0,154.0,99.0,55.0,554.0,34.0,55.0,643.0,25.0,0.239502332815,2.91176470588,1.0,10,7,10,20
2016-10-07 07:20:00,8.0,3.0,4.0,13.0,3.0,9.0,22.0,11.0,8.0,38.0,9.0,26.0,2.75,3.66666666667,2.0,2.92307692308,3.0,2.88888888889,6.0,2.0,5.0,6.0,2.0,5.0,96.0,79.0,94.0,99.0,103.0,129.0,8.0,10.0,12.0,10.0,7.0,9.0,8.0,10.0,12.0,10.0,7.0,12.0,1.0,1.0,1.0,1.0,1.0,1.33333333333,30.0,21.0,20.0,48.0,16.0,38.0,0.267857142857,0.228260869565,0.181818181818,0.393442622951,0.141592920354,0.258503401361,112.0,92.0,110.0,122.0,113.0,147.0,153.0,173.0,114.0,59.0,600.0,40.0,56.0,696.0,26.0,0.248563218391,2.85,1.05357142857,10,7,10,40
2016-10-07 07:40:00,3.0,4.0,13.0,3.0,9.0,3.0,11.0,8.0,38.0,9.0,26.0,9.0,3.66666666667,2.0,2.92307692308,3.0,2.88888888889,3.0,2.0,5.0,6.0,2.0,5.0,3.0,79.0,94.0,99.0,103.0,129.0,139.0,10.0,12.0,10.0,7.0,9.0,13.0,10.0,12.0,10.0,7.0,12.0,13.0,1.0,1.0,1.0,1.0,1.33333333333,1.0,21.0,20.0,48.0,16.0,38.0,22.0,0.228260869565,0.181818181818,0.393442622951,0.141592920354,0.258503401361,0.141935483871,92.0,110.0,122.0,113.0,147.0,155.0,130.0,165.0,101.0,64.0,643.0,35.0,61.0,739.0,23.0,0.223274695535,2.88571428571,1.04918032787,10,7,11,0
2016-10-07 08:00:00,4.0,13.0,3.0,9.0,3.0,10.0,8.0,38.0,9.0,26.0,9.0,31.0,2.0,2.92307692308,3.0,2.88888888889,3.0,3.1,5.0,6.0,2.0,5.0,3.0,5.0,94.0,99.0,103.0,129.0,139.0,128.0,12.0,10.0,7.0,9.0,13.0,10.0,12.0,10.0,7.0,12.0,13.0,10.0,1.0,1.0,1.0,1.33333333333,1.0,1.0,20.0,48.0,16.0,38.0,22.0,41.0,0.181818181818,0.393442622951,0.141592920354,0.258503401361,0.141935483871,0.277027027027,110.0,122.0,113.0,147.0,155.0,148.0,122.0,185.0,121.0,64.0,692.0,42.0,61.0,795.0,26.0,0.232704402516,2.88095238095,1.04918032787,10,7,11,20
2016-10-07 08:20:00,13.0,3.0,9.0,3.0,10.0,5.0,38.0,9.0,26.0,9.0,31.0,13.0,2.92307692308,3.0,2.88888888889,3.0,3.1,2.6,6.0,2.0,5.0,3.0,5.0,9.0,99.0,103.0,129.0,139.0,128.0,129.0,10.0,7.0,9.0,13.0,10.0,17.0,10.0,7.0,12.0,13.0,10.0,17.0,1.0,1.0,1.33333333333,1.0,1.0,1.0,48.0,16.0,38.0,22.0,41.0,30.0,0.393442622951,0.141592920354,0.258503401361,0.141935483871,0.277027027027,0.198675496689,122.0,113.0,147.0,155.0,148.0,151.0,115.0,195.0,126.0,69.0,727.0,43.0,66.0,836.0,30.0,0.233253588517,2.93023255814,1.04545454545,10,7,11,40
2016-10-07 08:40:00,3.0,9.0,3.0,10.0,5.0,7.0,9.0,26.0,9.0,31.0,13.0,17.0,3.0,2.88888888889,3.0,3.1,2.6,2.42857142857,2.0,5.0,3.0,5.0,9.0,13.0,103.0,129.0,139.0,128.0,129.0,87.0,7.0,9.0,13.0,10.0,17.0,25.0,7.0,12.0,13.0,10.0,17.0,25.0,1.0,1.33333333333,1.0,1.0,1.0,1.0,16.0,38.0,22.0,41.0,30.0,42.0,0.141592920354,0.258503401361,0.141935483871,0.277027027027,0.198675496689,0.352941176471,113.0,147.0,155.0,148.0,151.0,119.0,150.0,189.0,105.0,84.0,715.0,37.0,81.0,833.0,37.0,0.226890756303,2.83783783784,1.03703703704,10,7,12,0
2016-10-07 09:00:00,9.0,3.0,10.0,5.0,7.0,7.0,26.0,9.0,31.0,13.0,17.0,24.0,2.88888888889,3.0,3.1,2.6,2.42857142857,3.42857142857,5.0,3.0,5.0,9.0,13.0,2.0,129.0,139.0,128.0,129.0,87.0,136.0,9.0,13.0,10.0,17.0,25.0,10.0,12.0,13.0,10.0,17.0,25.0,10.0,1.33333333333,1.0,1.0,1.0,1.0,1.0,38.0,22.0,41.0,30.0,42.0,34.0,0.258503401361,0.141935483871,0.277027027027,0.198675496689,0.352941176471,0.222222222222,147.0,155.0,148.0,151.0,119.0,153.0,101.0,207.0,120.0,87.0,748.0,41.0,84.0,873.0,37.0,0.237113402062,2.92682926829,1.03571428571,10,7,12,20
2016-10-07 09:20:00,3.0,10.0,5.0,7.0,7.0,11.0,9.0,31.0,13.0,17.0,24.0,32.0,3.0,3.1,2.6,2.42857142857,3.42857142857,2.90909090909,3.0,5.0,9.0,13.0,2.0,7.0,139.0,128.0,129.0,87.0,136.0,108.0,13.0,10.0,17.0,25.0,10.0,11.0,13.0,10.0,17.0,25.0,10.0,11.0,1.0,1.0,1.0,1.0,1.0,1.0,22.0,41.0,30.0,42.0,34.0,43.0,0.141935483871,0.277027027027,0.198675496689,0.352941176471,0.222222222222,0.330769230769,155.0,148.0,151.0,119.0,153.0,130.0,154.0,212.0,126.0,86.0,727.0,43.0,86.0,856.0,39.0,0.247663551402,2.93023255814,1.0,10,7,12,40
2016-10-07 09:40:00,10.0,5.0,7.0,7.0,11.0,12.0,31.0,13.0,17.0,24.0,32.0,43.0,3.1,2.6,2.42857142857,3.42857142857,2.90909090909,3.58333333333,5.0,9.0,13.0,2.0,7.0,3.0,128.0,129.0,87.0,136.0,108.0,99.0,10.0,17.0,25.0,10.0,11.0,11.0,10.0,17.0,25.0,10.0,11.0,11.0,1.0,1.0,1.0,1.0,1.0,1.0,41.0,30.0,42.0,34.0,43.0,54.0,0.277027027027,0.198675496689,0.352941176471,0.222222222222,0.330769230769,0.44262295082,148.0,151.0,119.0,153.0,130.0,122.0,153.0,244.0,160.0,84.0,687.0,52.0,84.0,823.0,39.0,0.296476306197,3.07692307692,1.0,10,7,13,0
2016-10-07 10:00:00,5.0,7.0,7.0,11.0,12.0,7.0,13.0,17.0,24.0,32.0,43.0,23.0,2.6,2.42857142857,3.42857142857,2.90909090909,3.58333333333,3.28571428571,9.0,13.0,2.0,7.0,3.0,6.0,129.0,87.0,136.0,108.0,99.0,91.0,17.0,25.0,10.0,11.0,11.0,17.0,17.0,25.0,10.0,11.0,11.0,20.0,1.0,1.0,1.0,1.0,1.0,1.17647058824,30.0,42.0,34.0,43.0,54.0,43.0,0.198675496689,0.352941176471,0.222222222222,0.330769230769,0.44262295082,0.373913043478,151.0,119.0,153.0,130.0,122.0,115.0,153.0,246.0,152.0,94.0,650.0,49.0,91.0,790.0,40.0,0.311392405063,3.10204081633,1.03296703297,10,7,13,20
2016-10-07 10:20:00,7.0,7.0,11.0,12.0,7.0,6.0,17.0,24.0,32.0,43.0,23.0,13.0,2.42857142857,3.42857142857,2.90909090909,3.58333333333,3.28571428571,2.16666666667,13.0,2.0,7.0,3.0,6.0,7.0,87.0,136.0,108.0,99.0,91.0,128.0,25.0,10.0,11.0,11.0,17.0,16.0,25.0,10.0,11.0,11.0,20.0,19.0,1.0,1.0,1.0,1.0,1.17647058824,1.1875,42.0,34.0,43.0,54.0,43.0,32.0,0.352941176471,0.222222222222,0.330769230769,0.44262295082,0.373913043478,0.213333333333,119.0,153.0,130.0,122.0,115.0,150.0,197.0,248.0,152.0,96.0,649.0,50.0,90.0,789.0,38.0,0.314321926489,3.04,1.06666666667,10,7,13,40
2016-10-07 10:40:00,7.0,11.0,12.0,7.0,6.0,12.0,24.0,32.0,43.0,23.0,13.0,35.0,3.42857142857,2.90909090909,3.58333333333,3.28571428571,2.16666666667,2.91666666667,2.0,7.0,3.0,6.0,7.0,6.0,136.0,108.0,99.0,91.0,128.0,79.0,10.0,11.0,11.0,17.0,16.0,10.0,10.0,11.0,11.0,20.0,19.0,10.0,1.0,1.0,1.0,1.17647058824,1.1875,1.0,34.0,43.0,54.0,43.0,32.0,45.0,0.222222222222,0.330769230769,0.44262295082,0.373913043478,0.213333333333,0.445544554455,153.0,130.0,122.0,115.0,150.0,101.0,175.0,251.0,170.0,81.0,641.0,55.0,75.0,771.0,31.0,0.325551232166,3.09090909091,1.08,10,7,14,0
2016-10-07 11:00:00,11.0,12.0,7.0,6.0,12.0,8.0,32.0,43.0,23.0,13.0,35.0,24.0,2.90909090909,3.58333333333,3.28571428571,2.16666666667,2.91666666667,3.0,7.0,3.0,6.0,7.0,6.0,11.0,108.0,99.0,91.0,128.0,79.0,129.0,11.0,11.0,17.0,16.0,10.0,17.0,11.0,11.0,20.0,19.0,10.0,20.0,1.0,1.0,1.17647058824,1.1875,1.0,1.17647058824,43.0,54.0,43.0,32.0,45.0,44.0,0.330769230769,0.44262295082,0.373913043478,0.213333333333,0.445544554455,0.285714285714,130.0,122.0,115.0,150.0,101.0,154.0,184.0,261.0,170.0,91.0,634.0,56.0,82.0,772.0,40.0,0.338082901554,3.03571428571,1.10975609756,10,7,14,20
2016-10-07 11:20:00,12.0,7.0,6.0,12.0,8.0,4.0,43.0,23.0,13.0,35.0,24.0,13.0,3.58333333333,3.28571428571,2.16666666667,2.91666666667,3.0,3.25,3.0,6.0,7.0,6.0,11.0,5.0,99.0,91.0,128.0,79.0,129.0,136.0,11.0,17.0,16.0,10.0,17.0,13.0,11.0,20.0,19.0,10.0,20.0,13.0,1.0,1.17647058824,1.1875,1.0,1.17647058824,1.0,54.0,43.0,32.0,45.0,44.0,26.0,0.44262295082,0.373913043478,0.213333333333,0.445544554455,0.285714285714,0.169934640523,122.0,115.0,150.0,101.0,154.0,153.0,234.0,244.0,151.0,93.0,662.0,49.0,84.0,795.0,38.0,0.306918238994,3.08163265306,1.10714285714,10,7,14,40
2016-10-07 11:40:00,7.0,6.0,12.0,8.0,4.0,2.0,23.0,13.0,35.0,24.0,13.0,7.0,3.28571428571,2.16666666667,2.91666666667,3.0,3.25,3.5,6.0,7.0,6.0,11.0,5.0,9.0,91.0,128.0,79.0,129.0,136.0,134.0,17.0,16.0,10.0,17.0,13.0,17.0,20.0,19.0,10.0,20.0,13.0,17.0,1.17647058824,1.1875,1.0,1.17647058824,1.0,1.0,43.0,32.0,45.0,44.0,26.0,24.0,0.373913043478,0.213333333333,0.445544554455,0.285714285714,0.169934640523,0.156862745098,115.0,150.0,101.0,154.0,153.0,153.0,188.0,214.0,115.0,99.0,697.0,39.0,90.0,826.0,44.0,0.259079903148,2.94871794872,1.1,10,7,15,0
2016-10-07 12:00:00,6.0,12.0,8.0,4.0,2.0,13.0,13.0,35.0,24.0,13.0,7.0,45.0,2.16666666667,2.91666666667,3.0,3.25,3.5,3.46153846154,7.0,6.0,11.0,5.0,9.0,9.0,128.0,79.0,129.0,136.0,134.0,164.0,16.0,10.0,17.0,13.0,17.0,20.0,19.0,10.0,20.0,13.0,17.0,23.0,1.1875,1.0,1.17647058824,1.0,1.0,1.15,32.0,45.0,44.0,26.0,24.0,68.0,0.213333333333,0.445544554455,0.285714285714,0.169934640523,0.156862745098,0.345177664975,150.0,101.0,154.0,153.0,153.0,197.0,190.0,239.0,137.0,102.0,770.0,45.0,93.0,908.0,47.0,0.263215859031,3.04444444444,1.09677419355,10,7,15,20
2016-10-07 12:20:00,12.0,8.0,4.0,2.0,13.0,1.0,35.0,24.0,13.0,7.0,45.0,3.0,2.91666666667,3.0,3.25,3.5,3.46153846154,3.0,6.0,11.0,5.0,9.0,9.0,9.0,79.0,129.0,136.0,134.0,164.0,160.0,10.0,17.0,13.0,17.0,20.0,14.0,10.0,20.0,13.0,17.0,23.0,14.0,1.0,1.17647058824,1.0,1.0,1.15,1.0,45.0,44.0,26.0,24.0,68.0,17.0,0.445544554455,0.285714285714,0.169934640523,0.156862745098,0.345177664975,0.0971428571429,101.0,154.0,153.0,153.0,197.0,175.0,202.0,224.0,127.0,97.0,802.0,40.0,91.0,933.0,49.0,0.240085744909,3.175,1.06593406593,10,7,15,40
2016-10-07 12:40:00,8.0,4.0,2.0,13.0,1.0,7.0,24.0,13.0,7.0,45.0,3.0,18.0,3.0,3.25,3.5,3.46153846154,3.0,2.57142857143,11.0,5.0,9.0,9.0,9.0,12.0,129.0,136.0,134.0,164.0,160.0,157.0,17.0,13.0,17.0,20.0,14.0,20.0,20.0,13.0,17.0,23.0,14.0,20.0,1.17647058824,1.0,1.0,1.15,1.0,1.0,44.0,26.0,24.0,68.0,17.0,38.0,0.285714285714,0.169934640523,0.156862745098,0.345177664975,0.0971428571429,0.20652173913,154.0,153.0,153.0,197.0,175.0,184.0,182.0,217.0,110.0,107.0,880.0,35.0,101.0,1016.0,55.0,0.213582677165,3.14285714286,1.05940594059,10,7,16,0
2016-10-07 13:00:00,4.0,2.0,13.0,1.0,7.0,10.0,13.0,7.0,45.0,3.0,18.0,27.0,3.25,3.5,3.46153846154,3.0,2.57142857143,2.7,5.0,9.0,9.0,9.0,12.0,4.0,136.0,134.0,164.0,160.0,157.0,210.0,13.0,17.0,20.0,14.0,20.0,14.0,13.0,17.0,23.0,14.0,20.0,14.0,1.0,1.0,1.15,1.0,1.0,1.0,26.0,24.0,68.0,17.0,38.0,41.0,0.169934640523,0.156862745098,0.345177664975,0.0971428571429,0.20652173913,0.175213675214,153.0,153.0,197.0,175.0,184.0,234.0,159.0,214.0,113.0,101.0,961.0,37.0,98.0,1096.0,48.0,0.195255474453,3.05405405405,1.0306122449,10,7,16,20
2016-10-07 13:20:00,2.0,13.0,1.0,7.0,10.0,8.0,7.0,45.0,3.0,18.0,27.0,29.0,3.5,3.46153846154,3.0,2.57142857143,2.7,3.625,9.0,9.0,9.0,12.0,4.0,8.0,134.0,164.0,160.0,157.0,210.0,169.0,17.0,20.0,14.0,20.0,14.0,11.0,17.0,23.0,14.0,20.0,14.0,14.0,1.0,1.15,1.0,1.0,1.0,1.27272727273,24.0,68.0,17.0,38.0,41.0,43.0,0.156862745098,0.345177664975,0.0971428571429,0.20652173913,0.175213675214,0.228723404255,153.0,197.0,175.0,184.0,234.0,188.0,179.0,231.0,129.0,102.0,994.0,41.0,96.0,1131.0,51.0,0.20424403183,3.14634146341,1.0625,10,7,16,40
2016-10-07 13:40:00,13.0,1.0,7.0,10.0,8.0,11.0,45.0,3.0,18.0,27.0,29.0,43.0,3.46153846154,3.0,2.57142857143,2.7,3.625,3.90909090909,9.0,9.0,12.0,4.0,8.0,11.0,164.0,160.0,157.0,210.0,169.0,160.0,20.0,14.0,20.0,14.0,11.0,19.0,23.0,14.0,20.0,14.0,14.0,19.0,1.15,1.0,1.0,1.0,1.27272727273,1.0,68.0,17.0,38.0,41.0,43.0,62.0,0.345177664975,0.0971428571429,0.20652173913,0.175213675214,0.228723404255,0.326315789474,197.0,175.0,184.0,234.0,188.0,190.0,172.0,269.0,165.0,104.0,1020.0,50.0,98.0,1168.0,53.0,0.230308219178,3.3,1.0612244898,10,7,17,0
2016-10-07 14:00:00,1.0,7.0,10.0,8.0,11.0,11.0,3.0,18.0,27.0,29.0,43.0,40.0,3.0,2.57142857143,2.7,3.625,3.90909090909,3.63636363636,9.0,12.0,4.0,8.0,11.0,6.0,160.0,157.0,210.0,169.0,160.0,184.0,14.0,20.0,14.0,11.0,19.0,7.0,14.0,20.0,14.0,14.0,19.0,7.0,1.0,1.0,1.0,1.27272727273,1.0,1.0,17.0,38.0,41.0,43.0,62.0,47.0,0.0971428571429,0.20652173913,0.175213675214,0.228723404255,0.326315789474,0.232673267327,175.0,184.0,234.0,188.0,190.0,202.0,118.0,248.0,160.0,88.0,1040.0,48.0,85.0,1173.0,50.0,0.211423699915,3.33333333333,1.03529411765,10,7,17,20
2016-10-07 14:20:00,7.0,10.0,8.0,11.0,11.0,6.0,18.0,27.0,29.0,43.0,40.0,18.0,2.57142857143,2.7,3.625,3.90909090909,3.63636363636,3.0,12.0,4.0,8.0,11.0,6.0,11.0,157.0,210.0,169.0,160.0,184.0,158.0,20.0,14.0,11.0,19.0,7.0,18.0,20.0,14.0,14.0,19.0,7.0,24.0,1.0,1.0,1.27272727273,1.0,1.0,1.33333333333,38.0,41.0,43.0,62.0,47.0,42.0,0.20652173913,0.175213675214,0.228723404255,0.326315789474,0.232673267327,0.230769230769,184.0,234.0,188.0,190.0,202.0,182.0,130.0,273.0,175.0,98.0,1038.0,53.0,89.0,1180.0,52.0,0.231355932203,3.30188679245,1.10112359551,10,7,17,40
2016-10-07 14:40:00,10.0,8.0,11.0,11.0,6.0,6.0,27.0,29.0,43.0,40.0,18.0,18.0,2.7,3.625,3.90909090909,3.63636363636,3.0,3.0,4.0,8.0,11.0,6.0,11.0,1.0,210.0,169.0,160.0,184.0,158.0,142.0,14.0,11.0,19.0,7.0,18.0,11.0,14.0,14.0,19.0,7.0,24.0,17.0,1.0,1.27272727273,1.0,1.0,1.33333333333,1.54545454545,41.0,43.0,62.0,47.0,42.0,35.0,0.175213675214,0.228723404255,0.326315789474,0.232673267327,0.230769230769,0.220125786164,234.0,188.0,190.0,202.0,182.0,159.0,95.0,270.0,175.0,95.0,1023.0,52.0,80.0,1155.0,41.0,0.233766233766,3.36538461538,1.1875,10,7,18,0
2016-10-07 15:00:00,8.0,11.0,11.0,6.0,6.0,6.0,29.0,43.0,40.0,18.0,18.0,18.0,3.625,3.90909090909,3.63636363636,3.0,3.0,3.0,8.0,11.0,6.0,11.0,1.0,11.0,169.0,160.0,184.0,158.0,142.0,153.0,11.0,19.0,7.0,18.0,11.0,20.0,14.0,19.0,7.0,24.0,17.0,23.0,1.27272727273,1.0,1.0,1.33333333333,1.54545454545,1.15,43.0,62.0,47.0,42.0,35.0,41.0,0.228723404255,0.326315789474,0.232673267327,0.230769230769,0.220125786164,0.22905027933,188.0,190.0,202.0,182.0,159.0,179.0,98.0,270.0,166.0,104.0,966.0,48.0,86.0,1100.0,48.0,0.245454545455,3.45833333333,1.20930232558,10,7,18,20
2016-10-07 15:20:00,11.0,11.0,6.0,6.0,6.0,5.0,43.0,40.0,18.0,18.0,18.0,11.0,3.90909090909,3.63636363636,3.0,3.0,3.0,2.2,11.0,6.0,11.0,1.0,11.0,9.0,160.0,184.0,158.0,142.0,153.0,151.0,19.0,7.0,18.0,11.0,20.0,16.0,19.0,7.0,24.0,17.0,23.0,22.0,1.0,1.0,1.33333333333,1.54545454545,1.15,1.375,62.0,47.0,42.0,35.0,41.0,33.0,0.326315789474,0.232673267327,0.230769230769,0.220125786164,0.22905027933,0.191860465116,190.0,202.0,182.0,159.0,179.0,172.0,64.0,260.0,148.0,112.0,948.0,45.0,91.0,1084.0,49.0,0.239852398524,3.28888888889,1.23076923077,10,7,18,40
2016-10-07 15:40:00,11.0,6.0,6.0,6.0,5.0,1.0,40.0,18.0,18.0,18.0,11.0,5.0,3.63636363636,3.0,3.0,3.0,2.2,5.0,6.0,11.0,1.0,11.0,9.0,9.0,184.0,158.0,142.0,153.0,151.0,100.0,7.0,18.0,11.0,20.0,16.0,17.0,7.0,24.0,17.0,23.0,22.0,23.0,1.0,1.33333333333,1.54545454545,1.15,1.375,1.35294117647,47.0,42.0,35.0,41.0,33.0,28.0,0.232673267327,0.230769230769,0.220125786164,0.22905027933,0.191860465116,0.237288135593,202.0,182.0,159.0,179.0,172.0,118.0,85.0,226.0,110.0,116.0,888.0,35.0,89.0,1012.0,47.0,0.223320158103,3.14285714286,1.30337078652,10,7,19,0
2016-10-07 16:00:00,6.0,6.0,6.0,5.0,1.0,3.0,18.0,18.0,18.0,11.0,5.0,9.0,3.0,3.0,3.0,2.2,5.0,3.0,11.0,1.0,11.0,9.0,9.0,5.0,158.0,142.0,153.0,151.0,100.0,113.0,18.0,11.0,20.0,16.0,17.0,14.0,24.0,17.0,23.0,22.0,23.0,14.0,1.33333333333,1.54545454545,1.15,1.375,1.35294117647,1.0,42.0,35.0,41.0,33.0,28.0,23.0,0.230769230769,0.220125786164,0.22905027933,0.191860465116,0.237288135593,0.176923076923,182.0,159.0,179.0,172.0,118.0,130.0,105.0,202.0,79.0,123.0,817.0,27.0,96.0,940.0,46.0,0.214893617021,2.92592592593,1.28125,10,7,19,20
2016-10-07 16:20:00,6.0,6.0,5.0,1.0,3.0,7.0,18.0,18.0,11.0,5.0,9.0,20.0,3.0,3.0,2.2,5.0,3.0,2.85714285714,1.0,11.0,9.0,9.0,5.0,5.0,142.0,153.0,151.0,100.0,113.0,80.0,11.0,20.0,16.0,17.0,14.0,8.0,17.0,23.0,22.0,23.0,14.0,8.0,1.54545454545,1.15,1.375,1.35294117647,1.0,1.0,35.0,41.0,33.0,28.0,23.0,28.0,0.220125786164,0.22905027933,0.191860465116,0.237288135593,0.176923076923,0.294736842105,159.0,179.0,172.0,118.0,130.0,95.0,91.0,188.0,81.0,107.0,739.0,28.0,86.0,853.0,40.0,0.2203985932,2.89285714286,1.24418604651,10,7,19,40
2016-10-07 16:40:00,6.0,5.0,1.0,3.0,7.0,5.0,18.0,11.0,5.0,9.0,20.0,14.0,3.0,2.2,5.0,3.0,2.85714285714,2.8,11.0,9.0,9.0,5.0,5.0,4.0,153.0,151.0,100.0,113.0,80.0,84.0,20.0,16.0,17.0,14.0,8.0,9.0,23.0,22.0,23.0,14.0,8.0,9.0,1.15,1.375,1.35294117647,1.0,1.0,1.0,41.0,33.0,28.0,23.0,28.0,23.0,0.22905027933,0.191860465116,0.237288135593,0.176923076923,0.294736842105,0.234693877551,179.0,172.0,118.0,130.0,95.0,98.0,91.0,176.0,77.0,99.0,681.0,27.0,84.0,792.0,43.0,0.222222222222,2.85185185185,1.17857142857,10,7,20,0
2016-10-07 17:00:00,5.0,1.0,3.0,7.0,5.0,5.0,11.0,5.0,9.0,20.0,14.0,18.0,2.2,5.0,3.0,2.85714285714,2.8,3.6,9.0,9.0,5.0,5.0,4.0,8.0,151.0,100.0,113.0,80.0,84.0,48.0,16.0,17.0,14.0,8.0,9.0,11.0,22.0,23.0,14.0,8.0,9.0,11.0,1.375,1.35294117647,1.0,1.0,1.0,1.0,33.0,28.0,23.0,28.0,23.0,29.0,0.191860465116,0.237288135593,0.176923076923,0.294736842105,0.234693877551,0.453125,172.0,118.0,130.0,95.0,98.0,64.0,70.0,164.0,77.0,87.0,576.0,26.0,75.0,677.0,40.0,0.242245199409,2.96153846154,1.16,10,7,20,20
2016-10-07 17:20:00,1.0,3.0,7.0,5.0,5.0,10.0,5.0,9.0,20.0,14.0,18.0,38.0,5.0,3.0,2.85714285714,2.8,3.6,3.8,9.0,5.0,5.0,4.0,8.0,8.0,100.0,113.0,80.0,84.0,48.0,68.0,17.0,14.0,8.0,9.0,11.0,7.0,23.0,14.0,8.0,9.0,11.0,7.0,1.35294117647,1.0,1.0,1.0,1.0,1.0,28.0,23.0,28.0,23.0,29.0,45.0,0.237288135593,0.176923076923,0.294736842105,0.234693877551,0.453125,0.529411764706,118.0,130.0,95.0,98.0,64.0,85.0,62.0,176.0,104.0,72.0,493.0,31.0,66.0,590.0,39.0,0.298305084746,3.35483870968,1.09090909091,10,7,20,40
2016-10-07 17:40:00,3.0,7.0,5.0,5.0,10.0,3.0,9.0,20.0,14.0,18.0,38.0,6.0,3.0,2.85714285714,2.8,3.6,3.8,2.0,5.0,5.0,4.0,8.0,8.0,8.0,113.0,80.0,84.0,48.0,68.0,87.0,14.0,8.0,9.0,11.0,7.0,15.0,14.0,8.0,9.0,11.0,7.0,15.0,1.0,1.0,1.0,1.0,1.0,1.0,23.0,28.0,23.0,29.0,45.0,21.0,0.176923076923,0.294736842105,0.234693877551,0.453125,0.529411764706,0.2,130.0,95.0,98.0,64.0,85.0,105.0,47.0,169.0,105.0,64.0,480.0,33.0,64.0,577.0,38.0,0.292894280763,3.18181818182,1.0,10,7,21,0
2016-10-07 18:00:00,7.0,5.0,5.0,10.0,3.0,6.0,20.0,14.0,18.0,38.0,6.0,14.0,2.85714285714,2.8,3.6,3.8,2.0,2.33333333333,5.0,4.0,8.0,8.0,8.0,1.0,80.0,84.0,48.0,68.0,87.0,79.0,8.0,9.0,11.0,7.0,15.0,6.0,8.0,9.0,11.0,7.0,15.0,6.0,1.0,1.0,1.0,1.0,1.0,1.0,28.0,23.0,29.0,45.0,21.0,20.0,0.294736842105,0.234693877551,0.453125,0.529411764706,0.2,0.21978021978,95.0,98.0,64.0,85.0,105.0,91.0,34.0,166.0,110.0,56.0,446.0,36.0,56.0,538.0,34.0,0.308550185874,3.05555555556,1.0,10,7,21,20
2016-10-07 18:20:00,5.0,5.0,10.0,3.0,6.0,10.0,14.0,18.0,38.0,6.0,14.0,29.0,2.8,3.6,3.8,2.0,2.33333333333,2.9,4.0,8.0,8.0,8.0,1.0,5.0,84.0,48.0,68.0,87.0,79.0,0.0,9.0,11.0,7.0,15.0,6.0,81.0,9.0,11.0,7.0,15.0,6.0,81.0,1.0,1.0,1.0,1.0,1.0,1.0,23.0,29.0,45.0,21.0,20.0,110.0,0.234693877551,0.453125,0.529411764706,0.2,0.21978021978,1.20879120879,98.0,64.0,85.0,105.0,91.0,91.0,39.0,248.0,119.0,129.0,366.0,39.0,129.0,534.0,34.0,0.464419475655,3.05128205128,1.0,10,7,21,40
2016-10-07 18:40:00,5.0,10.0,3.0,6.0,10.0,5.0,18.0,38.0,6.0,14.0,29.0,15.0,3.6,3.8,2.0,2.33333333333,2.9,3.0,8.0,8.0,8.0,1.0,5.0,4.0,48.0,68.0,87.0,79.0,0.0,0.0,11.0,7.0,15.0,6.0,81.0,65.0,11.0,7.0,15.0,6.0,81.0,65.0,1.0,1.0,1.0,1.0,1.0,1.0,29.0,45.0,21.0,20.0,110.0,80.0,0.453125,0.529411764706,0.2,0.21978021978,1.20879120879,1.14285714286,64.0,85.0,105.0,91.0,91.0,70.0,40.0,305.0,120.0,185.0,282.0,39.0,185.0,506.0,34.0,0.602766798419,3.07692307692,1.0,10,7,22,0
2016-10-07 19:00:00,10.0,3.0,6.0,10.0,5.0,3.0,38.0,6.0,14.0,29.0,15.0,7.0,3.8,2.0,2.33333333333,2.9,3.0,2.33333333333,8.0,8.0,1.0,5.0,4.0,3.0,68.0,87.0,79.0,0.0,0.0,0.0,7.0,15.0,6.0,81.0,65.0,59.0,7.0,15.0,6.0,81.0,65.0,59.0,1.0,1.0,1.0,1.0,1.0,1.0,45.0,21.0,20.0,110.0,80.0,66.0,0.529411764706,0.2,0.21978021978,1.20879120879,1.14285714286,1.06451612903,85.0,105.0,91.0,91.0,70.0,62.0,24.0,342.0,109.0,233.0,234.0,37.0,233.0,504.0,29.0,0.678571428571,2.94594594595,1.0,10,7,22,20
2016-10-07 19:20:00,3.0,6.0,10.0,5.0,3.0,3.0,6.0,14.0,29.0,15.0,7.0,7.0,2.0,2.33333333333,2.9,3.0,2.33333333333,2.33333333333,8.0,1.0,5.0,4.0,3.0,0.0,87.0,79.0,0.0,0.0,0.0,0.0,15.0,6.0,81.0,65.0,59.0,44.0,15.0,6.0,81.0,65.0,59.0,50.0,1.0,1.0,1.0,1.0,1.0,1.13636363636,21.0,20.0,110.0,80.0,66.0,57.0,0.2,0.21978021978,1.20879120879,1.14285714286,1.06451612903,1.21276595745,105.0,91.0,91.0,70.0,62.0,47.0,28.0,354.0,78.0,276.0,166.0,30.0,270.0,466.0,21.0,0.759656652361,2.6,1.02222222222,10,7,22,40
2016-10-07 19:40:00,6.0,10.0,5.0,3.0,3.0,5.0,14.0,29.0,15.0,7.0,7.0,15.0,2.33333333333,2.9,3.0,2.33333333333,2.33333333333,3.0,1.0,5.0,4.0,3.0,0.0,4.0,79.0,0.0,0.0,0.0,0.0,0.0,6.0,81.0,65.0,59.0,44.0,29.0,6.0,81.0,65.0,59.0,50.0,35.0,1.0,1.0,1.0,1.0,1.13636363636,1.20689655172,20.0,110.0,80.0,66.0,57.0,50.0,0.21978021978,1.20879120879,1.14285714286,1.06451612903,1.21276595745,1.47058823529,91.0,91.0,70.0,62.0,47.0,34.0,44.0,383.0,87.0,296.0,79.0,32.0,284.0,395.0,17.0,0.969620253165,2.71875,1.04225352113,10,7,23,0
2016-10-07 20:00:00,10.0,5.0,3.0,3.0,5.0,4.0,29.0,15.0,7.0,7.0,15.0,11.0,2.9,3.0,2.33333333333,2.33333333333,3.0,2.75,5.0,4.0,3.0,0.0,4.0,0.0,0.0,0.0,0.0,0.0,0.0,0.0,81.0,65.0,59.0,44.0,29.0,35.0,81.0,65.0,59.0,50.0,35.0,35.0,1.0,1.0,1.0,1.13636363636,1.20689655172,1.0,110.0,80.0,66.0,57.0,50.0,46.0,1.20879120879,1.14285714286,1.06451612903,1.21276595745,1.47058823529,1.17948717949,91.0,70.0,62.0,47.0,34.0,39.0,58.0,409.0,84.0,325.0,0.0,30.0,313.0,343.0,16.0,1.19241982507,2.8,1.03833865815,10,7,23,20
2016-10-07 20:20:00,5.0,3.0,3.0,5.0,4.0,3.0,15.0,7.0,7.0,15.0,11.0,12.0,3.0,2.33333333333,2.33333333333,3.0,2.75,4.0,4.0,3.0,0.0,4.0,0.0,1.0,0.0,0.0,0.0,0.0,0.0,0.0,65.0,59.0,44.0,29.0,35.0,37.0,65.0,59.0,50.0,35.0,35.0,37.0,1.0,1.0,1.13636363636,1.20689655172,1.0,1.0,80.0,66.0,57.0,50.0,46.0,49.0,1.14285714286,1.06451612903,1.21276595745,1.47058823529,1.17948717949,1.225,70.0,62.0,47.0,34.0,39.0,40.0,50.0,348.0,67.0,281.0,0.0,23.0,269.0,292.0,12.0,1.19178082192,2.91304347826,1.04460966543,10,7,23,40
2016-10-07 20:40:00,3.0,3.0,5.0,4.0,3.0,2.0,7.0,7.0,15.0,11.0,12.0,4.0,2.33333333333,2.33333333333,3.0,2.75,4.0,2.0,3.0,0.0,4.0,0.0,1.0,0.0,0.0,0.0,0.0,0.0,0.0,0.0,59.0,44.0,29.0,35.0,37.0,22.0,59.0,50.0,35.0,35.0,37.0,22.0,1.0,1.13636363636,1.20689655172,1.0,1.0,1.0,66.0,57.0,50.0,46.0,49.0,26.0,1.06451612903,1.21276595745,1.47058823529,1.17948717949,1.225,1.08333333333,62.0,47.0,34.0,39.0,40.0,24.0,15.0,294.0,56.0,238.0,0.0,20.0,226.0,246.0,8.0,1.19512195122,2.8,1.05309734513,10,8,0,0
2016-10-07 21:00:00,3.0,5.0,4.0,3.0,2.0,2.0,7.0,15.0,11.0,12.0,4.0,10.0,2.33333333333,3.0,2.75,4.0,2.0,5.0,0.0,4.0,0.0,1.0,0.0,2.0,0.0,0.0,0.0,0.0,0.0,0.0,44.0,29.0,35.0,37.0,22.0,26.0,50.0,35.0,35.0,37.0,22.0,26.0,1.13636363636,1.20689655172,1.0,1.0,1.0,1.0,57.0,50.0,46.0,49.0,26.0,36.0,1.21276595745,1.47058823529,1.17948717949,1.225,1.08333333333,1.28571428571,47.0,34.0,39.0,40.0,24.0,28.0,10.0,264.0,59.0,205.0,0.0,19.0,193.0,212.0,7.0,1.24528301887,3.10526315789,1.0621761658,10,8,0,20
2016-10-07 21:20:00,5.0,4.0,3.0,2.0,2.0,6.0,15.0,11.0,12.0,4.0,10.0,28.0,3.0,2.75,4.0,2.0,5.0,4.66666666667,4.0,0.0,1.0,0.0,2.0,1.0,0.0,0.0,0.0,0.0,0.0,19.0,29.0,35.0,37.0,22.0,26.0,19.0,35.0,35.0,37.0,22.0,26.0,22.0,1.20689655172,1.0,1.0,1.0,1.0,1.15789473684,50.0,46.0,49.0,26.0,36.0,50.0,1.47058823529,1.17948717949,1.225,1.08333333333,1.28571428571,1.13636363636,34.0,39.0,40.0,24.0,28.0,44.0,6.0,257.0,80.0,177.0,19.0,22.0,168.0,209.0,8.0,1.22966507177,3.63636363636,1.05357142857,10,8,0,40
2016-10-07 21:40:00,4.0,3.0,2.0,2.0,6.0,3.0,11.0,12.0,4.0,10.0,28.0,12.0,2.75,4.0,2.0,5.0,4.66666666667,4.0,0.0,1.0,0.0,2.0,1.0,1.0,0.0,0.0,0.0,0.0,19.0,26.0,35.0,37.0,22.0,26.0,19.0,29.0,35.0,37.0,22.0,26.0,22.0,29.0,1.0,1.0,1.0,1.0,1.15789473684,1.0,46.0,49.0,26.0,36.0,50.0,41.0,1.17948717949,1.225,1.08333333333,1.28571428571,1.13636363636,0.706896551724,39.0,40.0,24.0,28.0,44.0,58.0,4.0,248.0,77.0,171.0,45.0,20.0,168.0,233.0,5.0,1.0643776824,3.85,1.01785714286,10,8,1,0
2016-10-07 22:00:00,3.0,2.0,2.0,6.0,3.0,3.0,12.0,4.0,10.0,28.0,12.0,11.0,4.0,2.0,5.0,4.66666666667,4.0,3.66666666667,1.0,0.0,2.0,1.0,1.0,5.0,0.0,0.0,0.0,19.0,26.0,22.0,37.0,22.0,26.0,19.0,29.0,25.0,37.0,22.0,26.0,22.0,29.0,28.0,1.0,1.0,1.0,1.15789473684,1.0,1.12,49.0,26.0,36.0,50.0,41.0,39.0,1.225,1.08333333333,1.28571428571,1.13636363636,0.706896551724,0.78,40.0,24.0,28.0,44.0,58.0,50.0,9.0,241.0,77.0,164.0,67.0,19.0,158.0,244.0,10.0,0.987704918033,4.05263157895,1.03797468354,10,8,1,20
2016-10-07 22:20:00,2.0,2.0,6.0,3.0,3.0,2.0,4.0,10.0,28.0,12.0,11.0,5.0,2.0,5.0,4.66666666667,4.0,3.66666666667,2.5,0.0,2.0,1.0,1.0,5.0,2.0,0.0,0.0,19.0,26.0,22.0,0.0,22.0,26.0,19.0,29.0,25.0,13.0,22.0,26.0,22.0,29.0,28.0,16.0,1.0,1.0,1.15789473684,1.0,1.12,1.23076923077,26.0,36.0,50.0,41.0,39.0,21.0,1.08333333333,1.28571428571,1.13636363636,0.706896551724,0.78,1.4,24.0,28.0,44.0,58.0,50.0,15.0,3.0,213.0,70.0,143.0,67.0,18.0,134.0,219.0,11.0,0.972602739726,3.88888888889,1.0671641791,10,8,1,40
2016-10-07 22:40:00,2.0,6.0,3.0,3.0,2.0,2.0,10.0,28.0,12.0,11.0,5.0,10.0,5.0,4.66666666667,4.0,3.66666666667,2.5,5.0,2.0,1.0,1.0,5.0,2.0,3.0,0.0,19.0,26.0,22.0,0.0,0.0,26.0,19.0,29.0,25.0,13.0,8.0,26.0,22.0,29.0,28.0,16.0,8.0,1.0,1.15789473684,1.0,1.12,1.23076923077,1.0,36.0,50.0,41.0,39.0,21.0,18.0,1.28571428571,1.13636363636,0.706896551724,0.78,1.4,1.8,28.0,44.0,58.0,50.0,15.0,10.0,7.0,205.0,76.0,129.0,67.0,18.0,120.0,205.0,14.0,1.0,4.22222222222,1.075,10,8,2,0
2016-10-07 23:00:00,6.0,3.0,3.0,2.0,2.0,0.0,28.0,12.0,11.0,5.0,10.0,0.0,4.66666666667,4.0,3.66666666667,2.5,5.0,0.0,1.0,1.0,5.0,2.0,3.0,2.0,19.0,26.0,22.0,0.0,0.0,1.0,19.0,29.0,25.0,13.0,8.0,5.0,22.0,29.0,28.0,16.0,8.0,5.0,1.15789473684,1.0,1.12,1.23076923077,1.0,1.0,50.0,41.0,39.0,21.0,18.0,5.0,1.13636363636,0.706896551724,0.78,1.4,1.8,0.833333333333,44.0,58.0,50.0,15.0,10.0,6.0,7.0,174.0,66.0,108.0,68.0,16.0,99.0,183.0,14.0,0.950819672131,4.125,1.09090909091,10,8,2,20
2016-10-07 23:20:00,3.0,3.0,2.0,2.0,0.0,0.0,12.0,11.0,5.0,10.0,0.0,0.0,4.0,3.66666666667,2.5,5.0,0.0,0.0,1.0,5.0,2.0,3.0,2.0,1.0,26.0,22.0,0.0,0.0,1.0,0.0,29.0,25.0,13.0,8.0,5.0,4.0,29.0,28.0,16.0,8.0,5.0,4.0,1.0,1.12,1.23076923077,1.0,1.0,1.0,41.0,39.0,21.0,18.0,5.0,4.0,0.706896551724,0.78,1.4,1.8,0.833333333333,1.0,58.0,50.0,15.0,10.0,6.0,4.0,6.0,128.0,38.0,90.0,49.0,10.0,84.0,143.0,14.0,0.895104895105,3.8,1.07142857143,10,8,2,40
2016-10-07 23:40:00,3.0,2.0,2.0,0.0,0.0,1.0,11.0,5.0,10.0,0.0,0.0,5.0,3.66666666667,2.5,5.0,0.0,0.0,5.0,5.0,2.0,3.0,2.0,1.0,0.0,22.0,0.0,0.0,1.0,0.0,0.0,25.0,13.0,8.0,5.0,4.0,8.0,28.0,16.0,8.0,5.0,4.0,8.0,1.12,1.23076923077,1.0,1.0,1.0,1.0,39.0,21.0,18.0,5.0,4.0,13.0,0.78,1.4,1.8,0.833333333333,1.0,1.44444444444,50.0,15.0,10.0,6.0,4.0,9.0,5.0,100.0,31.0,69.0,23.0,8.0,63.0,94.0,13.0,1.06382978723,3.875,1.09523809524,10,8,3,0
2016-10-08 00:00:00,2.0,2.0,0.0,0.0,1.0,1.0,5.0,10.0,0.0,0.0,5.0,5.0,2.5,5.0,0.0,0.0,5.0,5.0,2.0,3.0,2.0,1.0,0.0,1.0,0.0,0.0,1.0,0.0,0.0,0.0,13.0,8.0,5.0,4.0,8.0,2.0,16.0,8.0,5.0,4.0,8.0,5.0,1.23076923077,1.0,1.0,1.0,1.0,2.5,21.0,18.0,5.0,4.0,13.0,10.0,1.4,1.8,0.833333333333,1.0,1.44444444444,3.33333333333,15.0,10.0,6.0,4.0,9.0,3.0,3.0,71.0,25.0,46.0,1.0,6.0,40.0,47.0,9.0,1.51063829787,4.16666666667,1.15,10,8,3,20
2016-10-08 00:20:00,2.0,0.0,0.0,1.0,1.0,4.0,10.0,0.0,0.0,5.0,5.0,17.0,5.0,0.0,0.0,5.0,5.0,4.25,3.0,2.0,1.0,0.0,1.0,0.0,0.0,1.0,0.0,0.0,0.0,0.0,8.0,5.0,4.0,8.0,2.0,3.0,8.0,5.0,4.0,8.0,5.0,3.0,1.0,1.0,1.0,1.0,2.5,1.0,18.0,5.0,4.0,13.0,10.0,20.0,1.8,0.833333333333,1.0,1.44444444444,3.33333333333,2.85714285714,10.0,6.0,4.0,9.0,3.0,7.0,5.0,70.0,37.0,33.0,1.0,8.0,30.0,39.0,7.0,1.79487179487,4.625,1.1,10,8,3,40
2016-10-08 00:40:00,0.0,0.0,1.0,1.0,4.0,2.0,0.0,0.0,5.0,5.0,17.0,5.0,0.0,0.0,5.0,5.0,4.25,2.5,2.0,1.0,0.0,1.0,0.0,1.0,1.0,0.0,0.0,0.0,0.0,0.0,5.0,4.0,8.0,2.0,3.0,5.0,5.0,4.0,8.0,5.0,3.0,5.0,1.0,1.0,1.0,2.5,1.0,1.0,5.0,4.0,13.0,10.0,20.0,10.0,0.833333333333,1.0,1.44444444444,3.33333333333,2.85714285714,1.42857142857,6.0,4.0,9.0,3.0,7.0,7.0,5.0,62.0,32.0,30.0,1.0,8.0,27.0,36.0,5.0,1.72222222222,4.0,1.11111111111,10,8,4,0
2016-10-08 01:00:00,0.0,1.0,1.0,4.0,2.0,3.0,0.0,5.0,5.0,17.0,5.0,12.0,0.0,5.0,5.0,4.25,2.5,4.0,1.0,0.0,1.0,0.0,1.0,0.0,0.0,0.0,0.0,0.0,0.0,0.0,4.0,8.0,2.0,3.0,5.0,3.0,4.0,8.0,5.0,3.0,5.0,3.0,1.0,1.0,2.5,1.0,1.0,1.0,4.0,13.0,10.0,20.0,10.0,15.0,1.0,1.44444444444,3.33333333333,2.85714285714,1.42857142857,2.5,4.0,9.0,3.0,7.0,7.0,6.0,13.0,72.0,44.0,28.0,0.0,11.0,25.0,36.0,3.0,2.0,4.0,1.12,10,8,4,20
2016-10-08 01:20:00,1.0,1.0,4.0,2.0,3.0,4.0,5.0,5.0,17.0,5.0,12.0,20.0,5.0,5.0,4.25,2.5,4.0,5.0,0.0,1.0,0.0,1.0,0.0,0.0,0.0,0.0,0.0,0.0,0.0,0.0,8.0,2.0,3.0,5.0,3.0,1.0,8.0,5.0,3.0,5.0,3.0,1.0,1.0,2.5,1.0,1.0,1.0,1.0,13.0,10.0,20.0,10.0,15.0,21.0,1.44444444444,3.33333333333,2.85714285714,1.42857142857,2.5,4.2,9.0,3.0,7.0,7.0,6.0,5.0,9.0,89.0,64.0,25.0,0.0,15.0,22.0,37.0,2.0,2.40540540541,4.26666666667,1.13636363636,10,8,4,40
2016-10-08 01:40:00,1.0,4.0,2.0,3.0,4.0,2.0,5.0,17.0,5.0,12.0,20.0,4.0,5.0,4.25,2.5,4.0,5.0,2.0,1.0,0.0,1.0,0.0,0.0,0.0,0.0,0.0,0.0,0.0,0.0,0.0,2.0,3.0,5.0,3.0,1.0,1.0,5.0,3.0,5.0,3.0,1.0,1.0,2.5,1.0,1.0,1.0,1.0,1.0,10.0,20.0,10.0,15.0,21.0,5.0,3.33333333333,2.85714285714,1.42857142857,2.5,4.2,1.66666666667,3.0,7.0,7.0,6.0,5.0,3.0,2.0,81.0,63.0,18.0,0.0,16.0,15.0,31.0,2.0,2.61290322581,3.9375,1.2,10,8,5,0
2016-10-08 02:00:00,4.0,2.0,3.0,4.0,2.0,3.0,17.0,5.0,12.0,20.0,4.0,9.0,4.25,2.5,4.0,5.0,2.0,3.0,0.0,1.0,0.0,0.0,0.0,0.0,0.0,0.0,0.0,0.0,0.0,0.0,3.0,5.0,3.0,1.0,1.0,2.0,3.0,5.0,3.0,1.0,1.0,2.0,1.0,1.0,1.0,1.0,1.0,1.0,20.0,10.0,15.0,21.0,5.0,11.0,2.85714285714,1.42857142857,2.5,4.2,1.66666666667,2.2,7.0,7.0,6.0,5.0,3.0,5.0,2.0,82.0,67.0,15.0,0.0,18.0,15.0,33.0,1.0,2.48484848485,3.72222222222,1.0,10,8,5,20
2016-10-08 02:20:00,2.0,3.0,4.0,2.0,3.0,3.0,5.0,12.0,20.0,4.0,9.0,13.0,2.5,4.0,5.0,2.0,3.0,4.33333333333,1.0,0.0,0.0,0.0,0.0,0.0,0.0,0.0,0.0,0.0,0.0,0.0,5.0,3.0,1.0,1.0,2.0,2.0,5.0,3.0,1.0,1.0,2.0,2.0,1.0,1.0,1.0,1.0,1.0,1.0,10.0,15.0,21.0,5.0,11.0,15.0,1.42857142857,2.5,4.2,1.66666666667,2.2,3.0,7.0,6.0,5.0,3.0,5.0,5.0,7.0,77.0,63.0,14.0,0.0,17.0,14.0,31.0,1.0,2.48387096774,3.70588235294,1.0,10,8,5,40
2016-10-08 02:40:00,3.0,4.0,2.0,3.0,3.0,7.0,12.0,20.0,4.0,9.0,13.0,21.0,4.0,5.0,2.0,3.0,4.33333333333,3.0,0.0,0.0,0.0,0.0,0.0,0.0,0.0,0.0,0.0,0.0,0.0,0.0,3.0,1.0,1.0,2.0,2.0,6.0,3.0,1.0,1.0,2.0,2.0,6.0,1.0,1.0,1.0,1.0,1.0,1.0,15.0,21.0,5.0,11.0,15.0,27.0,2.5,4.2,1.66666666667,2.2,3.0,2.07692307692,6.0,5.0,3.0,5.0,5.0,13.0,9.0,94.0,79.0,15.0,0.0,22.0,15.0,37.0,0.0,2.54054054054,3.59090909091,1.0,10,8,6,0
2016-10-08 03:00:00,4.0,2.0,3.0,3.0,7.0,5.0,20.0,4.0,9.0,13.0,21.0,19.0,5.0,2.0,3.0,4.33333333333,3.0,3.8,0.0,0.0,0.0,0.0,0.0,0.0,0.0,0.0,0.0,0.0,0.0,0.0,1.0,1.0,2.0,2.0,6.0,4.0,1.0,1.0,2.0,2.0,6.0,4.0,1.0,1.0,1.0,1.0,1.0,1.0,21.0,5.0,11.0,15.0,27.0,23.0,4.2,1.66666666667,2.2,3.0,2.07692307692,2.55555555556,5.0,3.0,5.0,5.0,13.0,9.0,12.0,102.0,86.0,16.0,0.0,24.0,16.0,40.0,0.0,2.55,3.58333333333,1.0,10,8,6,20
2016-10-08 03:20:00,2.0,3.0,3.0,7.0,5.0,0.0,4.0,9.0,13.0,21.0,19.0,0.0,2.0,3.0,4.33333333333,3.0,3.8,0.0,0.0,0.0,0.0,0.0,0.0,0.0,0.0,0.0,0.0,0.0,0.0,0.0,1.0,2.0,2.0,6.0,4.0,2.0,1.0,2.0,2.0,6.0,4.0,2.0,1.0,1.0,1.0,1.0,1.0,1.0,5.0,11.0,15.0,27.0,23.0,2.0,1.66666666667,2.2,3.0,2.07692307692,2.55555555556,1.0,3.0,5.0,5.0,13.0,9.0,2.0,19.0,83.0,66.0,17.0,0.0,20.0,17.0,37.0,0.0,2.24324324324,3.3,1.0,10,8,6,40
2016-10-08 03:40:00,3.0,3.0,7.0,5.0,0.0,0.0,9.0,13.0,21.0,19.0,0.0,0.0,3.0,4.33333333333,3.0,3.8,0.0,0.0,0.0,0.0,0.0,0.0,0.0,0.0,0.0,0.0,0.0,0.0,0.0,0.0,2.0,2.0,6.0,4.0,2.0,2.0,2.0,2.0,6.0,4.0,2.0,2.0,1.0,1.0,1.0,1.0,1.0,1.0,11.0,15.0,27.0,23.0,2.0,2.0,2.2,3.0,2.07692307692,2.55555555556,1.0,1.0,5.0,5.0,13.0,9.0,2.0,2.0,21.0,80.0,62.0,18.0,0.0,18.0,18.0,36.0,0.0,2.22222222222,3.44444444444,1.0,10,8,7,0
2016-10-08 04:00:00,3.0,7.0,5.0,0.0,0.0,1.0,13.0,21.0,19.0,0.0,0.0,2.0,4.33333333333,3.0,3.8,0.0,0.0,2.0,0.0,0.0,0.0,0.0,0.0,1.0,0.0,0.0,0.0,0.0,0.0,0.0,2.0,6.0,4.0,2.0,2.0,6.0,2.0,6.0,4.0,2.0,2.0,6.0,1.0,1.0,1.0,1.0,1.0,1.0,15.0,27.0,23.0,2.0,2.0,8.0,3.0,2.07692307692,2.55555555556,1.0,1.0,1.14285714286,5.0,13.0,9.0,2.0,2.0,7.0,36.0,77.0,55.0,22.0,0.0,16.0,22.0,38.0,1.0,2.02631578947,3.4375,1.0,10,8,7,20
2016-10-08 04:20:00,7.0,5.0,0.0,0.0,1.0,1.0,21.0,19.0,0.0,0.0,2.0,2.0,3.0,3.8,0.0,0.0,2.0,2.0,0.0,0.0,0.0,0.0,1.0,2.0,0.0,0.0,0.0,0.0,0.0,0.0,6.0,4.0,2.0,2.0,6.0,8.0,6.0,4.0,2.0,2.0,6.0,8.0,1.0,1.0,1.0,1.0,1.0,1.0,27.0,23.0,2.0,2.0,8.0,10.0,2.07692307692,2.55555555556,1.0,1.0,1.14285714286,1.11111111111,13.0,9.0,2.0,2.0,7.0,9.0,27.0,72.0,44.0,28.0,0.0,14.0,28.0,42.0,3.0,1.71428571429,3.14285714286,1.0,10,8,7,40
2016-10-08 04:40:00,5.0,0.0,0.0,1.0,1.0,1.0,19.0,0.0,0.0,2.0,2.0,2.0,3.8,0.0,0.0,2.0,2.0,2.0,0.0,0.0,0.0,1.0,2.0,4.0,0.0,0.0,0.0,0.0,0.0,0.0,4.0,2.0,2.0,6.0,8.0,11.0,4.0,2.0,2.0,6.0,8.0,11.0,1.0,1.0,1.0,1.0,1.0,1.0,23.0,2.0,2.0,8.0,10.0,13.0,2.55555555556,1.0,1.0,1.14285714286,1.11111111111,1.08333333333,9.0,2.0,2.0,7.0,9.0,12.0,31.0,58.0,25.0,33.0,0.0,8.0,33.0,41.0,7.0,1.41463414634,3.125,1.0,10,8,8,0
2016-10-08 05:00:00,0.0,0.0,1.0,1.0,1.0,7.0,0.0,0.0,2.0,2.0,2.0,16.0,0.0,0.0,2.0,2.0,2.0,2.28571428571,0.0,0.0,1.0,2.0,4.0,6.0,0.0,0.0,0.0,0.0,0.0,0.0,2.0,2.0,6.0,8.0,11.0,12.0,2.0,2.0,6.0,8.0,11.0,15.0,1.0,1.0,1.0,1.0,1.0,1.25,2.0,2.0,8.0,10.0,13.0,31.0,1.0,1.0,1.14285714286,1.11111111111,1.08333333333,1.63157894737,2.0,2.0,7.0,9.0,12.0,19.0,39.0,66.0,22.0,44.0,0.0,10.0,41.0,51.0,13.0,1.29411764706,2.2,1.07317073171,10,8,8,20
2016-10-08 05:20:00,0.0,1.0,1.0,1.0,7.0,4.0,0.0,2.0,2.0,2.0,16.0,8.0,0.0,2.0,2.0,2.0,2.28571428571,2.0,0.0,1.0,2.0,4.0,6.0,10.0,0.0,0.0,0.0,0.0,0.0,0.0,2.0,6.0,8.0,11.0,12.0,17.0,2.0,6.0,8.0,11.0,15.0,20.0,1.0,1.0,1.0,1.0,1.25,1.17647058824,2.0,8.0,10.0,13.0,31.0,28.0,1.0,1.14285714286,1.11111111111,1.08333333333,1.63157894737,1.33333333333,2.0,7.0,9.0,12.0,19.0,21.0,38.0,92.0,30.0,62.0,0.0,14.0,56.0,70.0,23.0,1.31428571429,2.14285714286,1.10714285714,10,8,8,40
2016-10-08 05:40:00,1.0,1.0,1.0,7.0,4.0,5.0,2.0,2.0,2.0,16.0,8.0,11.0,2.0,2.0,2.0,2.28571428571,2.0,2.2,1.0,2.0,4.0,6.0,10.0,11.0,0.0,0.0,0.0,0.0,0.0,0.0,6.0,8.0,11.0,12.0,17.0,31.0,6.0,8.0,11.0,15.0,20.0,31.0,1.0,1.0,1.0,1.25,1.17647058824,1.0,8.0,10.0,13.0,31.0,28.0,42.0,1.14285714286,1.11111111111,1.08333333333,1.63157894737,1.33333333333,1.16666666667,7.0,9.0,12.0,19.0,21.0,36.0,35.0,132.0,41.0,91.0,0.0,19.0,85.0,104.0,34.0,1.26923076923,2.15789473684,1.07058823529,10,8,9,0
2016-10-08 06:00:00,1.0,1.0,7.0,4.0,5.0,2.0,2.0,2.0,16.0,8.0,11.0,5.0,2.0,2.0,2.28571428571,2.0,2.2,2.5,2.0,4.0,6.0,10.0,11.0,10.0,0.0,0.0,0.0,0.0,0.0,0.0,8.0,11.0,12.0,17.0,31.0,25.0,8.0,11.0,15.0,20.0,31.0,25.0,1.0,1.0,1.25,1.17647058824,1.0,1.0,10.0,13.0,31.0,28.0,42.0,30.0,1.11111111111,1.08333333333,1.63157894737,1.33333333333,1.16666666667,1.11111111111,9.0,12.0,19.0,21.0,36.0,27.0,31.0,154.0,44.0,110.0,0.0,20.0,104.0,124.0,43.0,1.24193548387,2.2,1.05769230769,10,8,9,20
2016-10-08 06:20:00,1.0,7.0,4.0,5.0,2.0,4.0,2.0,16.0,8.0,11.0,5.0,8.0,2.0,2.28571428571,2.0,2.2,2.5,2.0,4.0,6.0,10.0,11.0,10.0,13.0,0.0,0.0,0.0,0.0,0.0,0.0,11.0,12.0,17.0,31.0,25.0,27.0,11.0,15.0,20.0,31.0,25.0,27.0,1.0,1.25,1.17647058824,1.0,1.0,1.0,13.0,31.0,28.0,42.0,30.0,35.0,1.08333333333,1.63157894737,1.33333333333,1.16666666667,1.11111111111,1.12903225806,12.0,19.0,21.0,36.0,27.0,31.0,38.0,179.0,50.0,129.0,0.0,23.0,123.0,146.0,54.0,1.22602739726,2.17391304348,1.0487804878,10,8,9,40
2016-10-08 06:40:00,7.0,4.0,5.0,2.0,4.0,2.0,16.0,8.0,11.0,5.0,8.0,5.0,2.28571428571,2.0,2.2,2.5,2.0,2.5,6.0,10.0,11.0,10.0,13.0,9.0,0.0,0.0,0.0,0.0,0.0,0.0,12.0,17.0,31.0,25.0,27.0,37.0,15.0,20.0,31.0,25.0,27.0,37.0,1.25,1.17647058824,1.0,1.0,1.0,1.0,31.0,28.0,42.0,30.0,35.0,42.0,1.63157894737,1.33333333333,1.16666666667,1.11111111111,1.12903225806,1.07692307692,19.0,21.0,36.0,27.0,31.0,39.0,37.0,208.0,53.0,155.0,0.0,24.0,149.0,173.0,59.0,1.20231213873,2.20833333333,1.04026845638,10,8,10,0
2016-10-08 07:00:00,4.0,5.0,2.0,4.0,2.0,1.0,8.0,11.0,5.0,8.0,5.0,3.0,2.0,2.2,2.5,2.0,2.5,3.0,10.0,11.0,10.0,13.0,9.0,14.0,0.0,0.0,0.0,0.0,0.0,0.0,17.0,31.0,25.0,27.0,37.0,37.0,20.0,31.0,25.0,27.0,37.0,37.0,1.17647058824,1.0,1.0,1.0,1.0,1.0,28.0,42.0,30.0,35.0,42.0,40.0,1.33333333333,1.16666666667,1.11111111111,1.12903225806,1.07692307692,1.05263157895,21.0,36.0,27.0,31.0,39.0,38.0,41.0,217.0,40.0,177.0,0.0,18.0,174.0,192.0,67.0,1.13020833333,2.22222222222,1.01724137931,10,8,10,20
2016-10-08 07:20:00,5.0,2.0,4.0,2.0,1.0,6.0,11.0,5.0,8.0,5.0,3.0,13.0,2.2,2.5,2.0,2.5,3.0,2.16666666667,11.0,10.0,13.0,9.0,14.0,5.0,0.0,0.0,0.0,0.0,0.0,0.0,31.0,25.0,27.0,37.0,37.0,29.0,31.0,25.0,27.0,37.0,37.0,29.0,1.0,1.0,1.0,1.0,1.0,1.0,42.0,30.0,35.0,42.0,40.0,42.0,1.16666666667,1.11111111111,1.12903225806,1.07692307692,1.05263157895,1.2,36.0,27.0,31.0,39.0,38.0,35.0,34.0,231.0,45.0,186.0,0.0,20.0,186.0,206.0,62.0,1.1213592233,2.25,1.0,10,8,10,40
2016-10-08 07:40:00,2.0,4.0,2.0,1.0,6.0,4.0,5.0,8.0,5.0,3.0,13.0,8.0,2.5,2.0,2.5,3.0,2.16666666667,2.0,10.0,13.0,9.0,14.0,5.0,10.0,0.0,0.0,0.0,0.0,0.0,0.0,25.0,27.0,37.0,37.0,29.0,27.0,25.0,27.0,37.0,37.0,29.0,27.0,1.0,1.0,1.0,1.0,1.0,1.0,30.0,35.0,42.0,40.0,42.0,35.0,1.11111111111,1.12903225806,1.07692307692,1.05263157895,1.2,1.12903225806,27.0,31.0,39.0,38.0,35.0,31.0,25.0,224.0,42.0,182.0,0.0,19.0,182.0,201.0,61.0,1.1144278607,2.21052631579,1.0,10,8,11,0
2016-10-08 08:00:00,4.0,2.0,1.0,6.0,4.0,3.0,8.0,5.0,3.0,13.0,8.0,6.0,2.0,2.5,3.0,2.16666666667,2.0,2.0,13.0,9.0,14.0,5.0,10.0,8.0,0.0,0.0,0.0,0.0,0.0,0.0,27.0,37.0,37.0,29.0,27.0,35.0,27.0,37.0,37.0,29.0,27.0,35.0,1.0,1.0,1.0,1.0,1.0,1.0,35.0,42.0,40.0,42.0,35.0,41.0,1.12903225806,1.07692307692,1.05263157895,1.2,1.12903225806,1.07894736842,31.0,39.0,38.0,35.0,31.0,38.0,28.0,235.0,43.0,192.0,0.0,20.0,192.0,212.0,59.0,1.10849056604,2.15,1.0,10,8,11,20
2016-10-08 08:20:00,2.0,1.0,6.0,4.0,3.0,4.0,5.0,3.0,13.0,8.0,6.0,8.0,2.5,3.0,2.16666666667,2.0,2.0,2.0,9.0,14.0,5.0,10.0,8.0,12.0,0.0,0.0,0.0,0.0,0.0,1.0,37.0,37.0,29.0,27.0,35.0,32.0,37.0,37.0,29.0,27.0,35.0,32.0,1.0,1.0,1.0,1.0,1.0,1.0,42.0,40.0,42.0,35.0,41.0,40.0,1.07692307692,1.05263157895,1.2,1.12903225806,1.07894736842,1.08108108108,39.0,38.0,35.0,31.0,38.0,37.0,24.0,240.0,43.0,197.0,1.0,20.0,197.0,218.0,58.0,1.10091743119,2.15,1.0,10,8,11,40
2016-10-08 08:40:00,1.0,6.0,4.0,3.0,4.0,3.0,3.0,13.0,8.0,6.0,8.0,6.0,3.0,2.16666666667,2.0,2.0,2.0,2.0,14.0,5.0,10.0,8.0,12.0,11.0,0.0,0.0,0.0,0.0,1.0,0.0,37.0,29.0,27.0,35.0,32.0,38.0,37.0,29.0,27.0,35.0,32.0,38.0,1.0,1.0,1.0,1.0,1.0,1.0,40.0,42.0,35.0,41.0,40.0,44.0,1.05263157895,1.2,1.12903225806,1.07894736842,1.08108108108,1.07317073171,38.0,35.0,31.0,38.0,37.0,41.0,42.0,242.0,44.0,198.0,1.0,21.0,198.0,220.0,60.0,1.1,2.09523809524,1.0,10,8,12,0
2016-10-08 09:00:00,6.0,4.0,3.0,4.0,3.0,2.0,13.0,8.0,6.0,8.0,6.0,4.0,2.16666666667,2.0,2.0,2.0,2.0,2.0,5.0,10.0,8.0,12.0,11.0,9.0,0.0,0.0,0.0,1.0,0.0,0.0,29.0,27.0,35.0,32.0,38.0,32.0,29.0,27.0,35.0,32.0,38.0,35.0,1.0,1.0,1.0,1.0,1.0,1.09375,42.0,35.0,41.0,40.0,44.0,39.0,1.2,1.12903225806,1.07894736842,1.08108108108,1.07317073171,1.14705882353,35.0,31.0,38.0,37.0,41.0,34.0,36.0,241.0,45.0,196.0,1.0,22.0,193.0,216.0,55.0,1.11574074074,2.04545454545,1.01554404145,10,8,12,20
2016-10-08 09:20:00,4.0,3.0,4.0,3.0,2.0,2.0,8.0,6.0,8.0,6.0,4.0,4.0,2.0,2.0,2.0,2.0,2.0,2.0,10.0,8.0,12.0,11.0,9.0,5.0,0.0,0.0,1.0,0.0,0.0,0.0,27.0,35.0,32.0,38.0,32.0,23.0,27.0,35.0,32.0,38.0,35.0,23.0,1.0,1.0,1.0,1.0,1.09375,1.0,35.0,41.0,40.0,44.0,39.0,27.0,1.12903225806,1.07894736842,1.08108108108,1.07317073171,1.14705882353,1.08,31.0,38.0,37.0,41.0,34.0,25.0,41.0,226.0,36.0,190.0,1.0,18.0,187.0,206.0,55.0,1.09708737864,2.0,1.01604278075,10,8,12,40
2016-10-08 09:40:00,3.0,4.0,3.0,2.0,2.0,4.0,6.0,8.0,6.0,4.0,4.0,8.0,2.0,2.0,2.0,2.0,2.0,2.0,8.0,12.0,11.0,9.0,5.0,7.0,0.0,1.0,0.0,0.0,0.0,0.0,35.0,32.0,38.0,32.0,23.0,24.0,35.0,32.0,38.0,35.0,23.0,24.0,1.0,1.0,1.0,1.09375,1.0,1.0,41.0,40.0,44.0,39.0,27.0,32.0,1.07894736842,1.08108108108,1.07317073171,1.14705882353,1.08,1.14285714286,38.0,37.0,41.0,34.0,25.0,28.0,46.0,223.0,36.0,187.0,1.0,18.0,184.0,203.0,52.0,1.09852216749,2.0,1.01630434783,10,8,13,0
2016-10-08 10:00:00,4.0,3.0,2.0,2.0,4.0,3.0,8.0,6.0,4.0,4.0,8.0,6.0,2.0,2.0,2.0,2.0,2.0,2.0,12.0,11.0,9.0,5.0,7.0,3.0,1.0,0.0,0.0,0.0,0.0,0.0,32.0,38.0,32.0,23.0,24.0,21.0,32.0,38.0,35.0,23.0,24.0,21.0,1.0,1.0,1.09375,1.0,1.0,1.0,40.0,44.0,39.0,27.0,32.0,27.0,1.08108108108,1.07317073171,1.14705882353,1.08,1.14285714286,1.125,37.0,41.0,34.0,25.0,28.0,24.0,43.0,209.0,36.0,173.0,1.0,18.0,170.0,189.0,47.0,1.10582010582,2.0,1.01764705882,10,8,13,20
2016-10-08 10:20:00,3.0,2.0,2.0,4.0,3.0,4.0,6.0,4.0,4.0,8.0,6.0,9.0,2.0,2.0,2.0,2.0,2.0,2.25,11.0,9.0,5.0,7.0,3.0,6.0,0.0,0.0,0.0,0.0,0.0,0.0,38.0,32.0,23.0,24.0,21.0,38.0,38.0,35.0,23.0,24.0,21.0,38.0,1.0,1.09375,1.0,1.0,1.0,1.0,44.0,39.0,27.0,32.0,27.0,47.0,1.07317073171,1.14705882353,1.08,1.14285714286,1.125,1.11904761905,41.0,34.0,25.0,28.0,24.0,42.0,35.0,216.0,37.0,179.0,0.0,18.0,176.0,194.0,41.0,1.11340206186,2.05555555556,1.01704545455,10,8,13,40
2016-10-08 10:40:00,2.0,2.0,4.0,3.0,4.0,2.0,4.0,4.0,8.0,6.0,9.0,5.0,2.0,2.0,2.0,2.0,2.25,2.5,9.0,5.0,7.0,3.0,6.0,8.0,0.0,0.0,0.0,0.0,0.0,0.0,32.0,23.0,24.0,21.0,38.0,34.0,35.0,23.0,24.0,21.0,38.0,34.0,1.09375,1.0,1.0,1.0,1.0,1.0,39.0,27.0,32.0,27.0,47.0,39.0,1.14705882353,1.08,1.14285714286,1.125,1.11904761905,1.08333333333,34.0,25.0,28.0,24.0,42.0,36.0,37.0,211.0,36.0,175.0,0.0,17.0,172.0,189.0,38.0,1.1164021164,2.11764705882,1.01744186047,10,8,14,0
2016-10-08 11:00:00,2.0,4.0,3.0,4.0,2.0,4.0,4.0,8.0,6.0,9.0,5.0,8.0,2.0,2.0,2.0,2.25,2.5,2.0,5.0,7.0,3.0,6.0,8.0,9.0,0.0,0.0,0.0,0.0,0.0,0.0,23.0,24.0,21.0,38.0,34.0,37.0,23.0,24.0,21.0,38.0,34.0,40.0,1.0,1.0,1.0,1.0,1.0,1.08108108108,27.0,32.0,27.0,47.0,39.0,48.0,1.08,1.14285714286,1.125,1.11904761905,1.08333333333,1.17073170732,25.0,28.0,24.0,42.0,36.0,41.0,45.0,220.0,40.0,180.0,0.0,19.0,177.0,196.0,38.0,1.12244897959,2.10526315789,1.01694915254,10,8,14,20
2016-10-08 11:20:00,4.0,3.0,4.0,2.0,4.0,2.0,8.0,6.0,9.0,5.0,8.0,6.0,2.0,2.0,2.25,2.5,2.0,3.0,7.0,3.0,6.0,8.0,9.0,14.0,0.0,0.0,0.0,0.0,0.0,0.0,24.0,21.0,38.0,34.0,37.0,44.0,24.0,21.0,38.0,34.0,40.0,44.0,1.0,1.0,1.0,1.0,1.08108108108,1.0,32.0,27.0,47.0,39.0,48.0,50.0,1.14285714286,1.125,1.11904761905,1.08333333333,1.17073170732,1.08695652174,28.0,24.0,42.0,36.0,41.0,46.0,33.0,243.0,42.0,201.0,0.0,19.0,198.0,217.0,47.0,1.1198156682,2.21052631579,1.01515151515,10,8,14,40
2016-10-08 11:40:00,3.0,4.0,2.0,4.0,2.0,4.0,6.0,9.0,5.0,8.0,6.0,9.0,2.0,2.25,2.5,2.0,3.0,2.25,3.0,6.0,8.0,9.0,14.0,10.0,0.0,0.0,0.0,0.0,0.0,0.0,21.0,38.0,34.0,37.0,44.0,39.0,21.0,38.0,34.0,40.0,44.0,39.0,1.0,1.0,1.0,1.08108108108,1.0,1.0,27.0,47.0,39.0,48.0,50.0,48.0,1.125,1.11904761905,1.08333333333,1.17073170732,1.08695652174,1.11627906977,24.0,42.0,36.0,41.0,46.0,43.0,44.0,259.0,43.0,216.0,0.0,19.0,213.0,232.0,50.0,1.11637931034,2.26315789474,1.01408450704,10,8,15,0
2016-10-08 12:00:00,4.0,2.0,4.0,2.0,4.0,5.0,9.0,5.0,8.0,6.0,9.0,10.0,2.25,2.5,2.0,3.0,2.25,2.0,6.0,8.0,9.0,14.0,10.0,9.0,0.0,0.0,0.0,0.0,0.0,0.0,38.0,34.0,37.0,44.0,39.0,30.0,38.0,34.0,40.0,44.0,39.0,30.0,1.0,1.0,1.08108108108,1.0,1.0,1.0,47.0,39.0,48.0,50.0,48.0,40.0,1.11904761905,1.08333333333,1.17073170732,1.08695652174,1.11627906977,1.14285714286,42.0,36.0,41.0,46.0,43.0,35.0,42.0,272.0,47.0,225.0,0.0,21.0,222.0,243.0,56.0,1.11934156379,2.2380952381,1.01351351351,10,8,15,20
2016-10-08 12:20:00,2.0,4.0,2.0,4.0,5.0,5.0,5.0,8.0,6.0,9.0,10.0,12.0,2.5,2.0,3.0,2.25,2.0,2.4,8.0,9.0,14.0,10.0,9.0,9.0,0.0,0.0,0.0,0.0,0.0,0.0,34.0,37.0,44.0,39.0,30.0,32.0,34.0,40.0,44.0,39.0,30.0,35.0,1.0,1.08108108108,1.0,1.0,1.0,1.09375,39.0,48.0,50.0,48.0,40.0,47.0,1.08333333333,1.17073170732,1.08695652174,1.11627906977,1.14285714286,1.27027027027,36.0,41.0,46.0,43.0,35.0,37.0,40.0,272.0,50.0,222.0,0.0,22.0,216.0,238.0,59.0,1.14285714286,2.27272727273,1.02777777778,10,8,15,40
2016-10-08 12:40:00,4.0,2.0,4.0,5.0,5.0,3.0,8.0,6.0,9.0,10.0,12.0,6.0,2.0,3.0,2.25,2.0,2.4,2.0,9.0,14.0,10.0,9.0,9.0,16.0,0.0,0.0,0.0,0.0,0.0,0.0,37.0,44.0,39.0,30.0,32.0,42.0,40.0,44.0,39.0,30.0,35.0,42.0,1.08108108108,1.0,1.0,1.0,1.09375,1.0,48.0,50.0,48.0,40.0,47.0,48.0,1.17073170732,1.08695652174,1.11627906977,1.14285714286,1.27027027027,1.06666666667,41.0,46.0,43.0,35.0,37.0,45.0,49.0,281.0,51.0,230.0,0.0,23.0,224.0,247.0,67.0,1.13765182186,2.21739130435,1.02678571429,10,8,16,0
2016-10-08 13:00:00,2.0,4.0,5.0,5.0,3.0,5.0,6.0,9.0,10.0,12.0,6.0,11.0,3.0,2.25,2.0,2.4,2.0,2.2,14.0,10.0,9.0,9.0,16.0,13.0,0.0,0.0,0.0,0.0,0.0,0.0,44.0,39.0,30.0,32.0,42.0,28.0,44.0,39.0,30.0,35.0,42.0,28.0,1.0,1.0,1.0,1.09375,1.0,1.0,50.0,48.0,40.0,47.0,48.0,39.0,1.08695652174,1.11627906977,1.14285714286,1.27027027027,1.06666666667,1.18181818182,46.0,43.0,35.0,37.0,45.0,33.0,44.0,272.0,54.0,218.0,0.0,24.0,215.0,239.0,71.0,1.13807531381,2.25,1.01395348837,10,8,16,20
2016-10-08 13:20:00,4.0,5.0,5.0,3.0,5.0,1.0,9.0,10.0,12.0,6.0,11.0,2.0,2.25,2.0,2.4,2.0,2.2,2.0,10.0,9.0,9.0,16.0,13.0,11.0,0.0,0.0,0.0,0.0,0.0,0.0,39.0,30.0,32.0,42.0,28.0,43.0,39.0,30.0,35.0,42.0,28.0,43.0,1.0,1.0,1.09375,1.0,1.0,1.0,48.0,40.0,47.0,48.0,39.0,45.0,1.11627906977,1.14285714286,1.27027027027,1.06666666667,1.18181818182,1.02272727273,43.0,35.0,37.0,45.0,33.0,44.0,36.0,267.0,50.0,217.0,0.0,23.0,214.0,237.0,68.0,1.12658227848,2.17391304348,1.01401869159,10,8,16,40
2016-10-08 13:40:00,5.0,5.0,3.0,5.0,1.0,3.0,10.0,12.0,6.0,11.0,2.0,8.0,2.0,2.4,2.0,2.2,2.0,2.66666666667,9.0,9.0,16.0,13.0,11.0,11.0,0.0,0.0,0.0,0.0,0.0,0.0,30.0,32.0,42.0,28.0,43.0,39.0,30.0,35.0,42.0,28.0,43.0,39.0,1.0,1.09375,1.0,1.0,1.0,1.0,40.0,47.0,48.0,39.0,45.0,47.0,1.14285714286,1.27027027027,1.06666666667,1.18181818182,1.02272727273,1.11904761905,35.0,37.0,45.0,33.0,44.0,42.0,37.0,266.0,49.0,217.0,0.0,22.0,214.0,236.0,69.0,1.12711864407,2.22727272727,1.01401869159,10,8,17,0
2016-10-08 14:00:00,5.0,3.0,5.0,1.0,3.0,0.0,12.0,6.0,11.0,2.0,8.0,0.0,2.4,2.0,2.2,2.0,2.66666666667,0.0,9.0,16.0,13.0,11.0,11.0,11.0,0.0,0.0,0.0,0.0,0.0,1.0,32.0,42.0,28.0,43.0,39.0,39.0,35.0,42.0,28.0,43.0,39.0,42.0,1.09375,1.0,1.0,1.0,1.0,1.07692307692,47.0,48.0,39.0,45.0,47.0,42.0,1.27027027027,1.06666666667,1.18181818182,1.02272727273,1.11904761905,1.05,37.0,45.0,33.0,44.0,42.0,40.0,23.0,268.0,39.0,229.0,1.0,17.0,223.0,241.0,71.0,1.11203319502,2.29411764706,1.0269058296,10,8,17,20
2016-10-08 14:20:00,3.0,5.0,1.0,3.0,0.0,3.0,6.0,11.0,2.0,8.0,0.0,6.0,2.0,2.2,2.0,2.66666666667,0.0,2.0,16.0,13.0,11.0,11.0,11.0,12.0,0.0,0.0,0.0,0.0,1.0,0.0,42.0,28.0,43.0,39.0,39.0,46.0,42.0,28.0,43.0,39.0,42.0,46.0,1.0,1.0,1.0,1.0,1.07692307692,1.0,48.0,39.0,45.0,47.0,42.0,52.0,1.06666666667,1.18181818182,1.02272727273,1.11904761905,1.05,1.0612244898,45.0,33.0,44.0,42.0,40.0,49.0,26.0,273.0,33.0,240.0,1.0,15.0,237.0,253.0,74.0,1.0790513834,2.2,1.01265822785,10,8,17,40
2016-10-08 14:40:00,5.0,1.0,3.0,0.0,3.0,3.0,11.0,2.0,8.0,0.0,6.0,6.0,2.2,2.0,2.66666666667,0.0,2.0,2.0,13.0,11.0,11.0,11.0,12.0,6.0,0.0,0.0,0.0,1.0,0.0,0.0,28.0,43.0,39.0,39.0,46.0,41.0,28.0,43.0,39.0,42.0,46.0,41.0,1.0,1.0,1.0,1.07692307692,1.0,1.0,39.0,45.0,47.0,42.0,52.0,47.0,1.18181818182,1.02272727273,1.11904761905,1.05,1.0612244898,1.06818181818,33.0,44.0,42.0,40.0,49.0,44.0,20.0,272.0,33.0,239.0,1.0,15.0,236.0,252.0,64.0,1.07936507937,2.2,1.01271186441,10,8,18,0
2016-10-08 15:00:00,1.0,3.0,0.0,3.0,3.0,3.0,2.0,8.0,0.0,6.0,6.0,7.0,2.0,2.66666666667,0.0,2.0,2.0,2.33333333333,11.0,11.0,11.0,12.0,6.0,11.0,0.0,0.0,1.0,0.0,0.0,0.0,43.0,39.0,39.0,46.0,41.0,33.0,43.0,39.0,42.0,46.0,41.0,33.0,1.0,1.0,1.07692307692,1.0,1.0,1.0,45.0,47.0,42.0,52.0,47.0,40.0,1.02272727273,1.11904761905,1.05,1.0612244898,1.06818181818,1.11111111111,44.0,42.0,40.0,49.0,44.0,36.0,28.0,273.0,29.0,244.0,1.0,13.0,241.0,255.0,62.0,1.07058823529,2.23076923077,1.01244813278,10,8,18,20
2016-10-08 15:20:00,3.0,0.0,3.0,3.0,3.0,1.0,8.0,0.0,6.0,6.0,7.0,2.0,2.66666666667,0.0,2.0,2.0,2.33333333333,2.0,11.0,11.0,12.0,6.0,11.0,14.0,0.0,1.0,0.0,0.0,0.0,0.0,39.0,39.0,46.0,41.0,33.0,36.0,39.0,42.0,46.0,41.0,33.0,39.0,1.0,1.07692307692,1.0,1.0,1.0,1.08333333333,47.0,42.0,52.0,47.0,40.0,41.0,1.11904761905,1.05,1.0612244898,1.06818181818,1.11111111111,1.10810810811,42.0,40.0,49.0,44.0,36.0,37.0,20.0,269.0,29.0,240.0,1.0,13.0,234.0,248.0,65.0,1.08467741935,2.23076923077,1.02564102564,10,8,18,40
2016-10-08 15:40:00,0.0,3.0,3.0,3.0,1.0,1.0,0.0,6.0,6.0,7.0,2.0,3.0,0.0,2.0,2.0,2.33333333333,2.0,3.0,11.0,12.0,6.0,11.0,14.0,6.0,1.0,0.0,0.0,0.0,0.0,0.0,39.0,46.0,41.0,33.0,36.0,22.0,42.0,46.0,41.0,33.0,39.0,25.0,1.07692307692,1.0,1.0,1.0,1.08333333333,1.13636363636,42.0,52.0,47.0,40.0,41.0,28.0,1.05,1.0612244898,1.06818181818,1.11111111111,1.10810810811,1.21739130435,40.0,49.0,44.0,36.0,37.0,23.0,25.0,250.0,24.0,226.0,1.0,11.0,217.0,229.0,60.0,1.09170305677,2.18181818182,1.04147465438,10,8,19,0
2016-10-08 16:00:00,3.0,3.0,3.0,1.0,1.0,2.0,6.0,6.0,7.0,2.0,3.0,4.0,2.0,2.0,2.33333333333,2.0,3.0,2.0,12.0,6.0,11.0,14.0,6.0,7.0,0.0,0.0,0.0,0.0,0.0,0.0,46.0,41.0,33.0,36.0,22.0,24.0,46.0,41.0,33.0,39.0,25.0,24.0,1.0,1.0,1.0,1.08333333333,1.13636363636,1.0,52.0,47.0,40.0,41.0,28.0,28.0,1.0612244898,1.06818181818,1.11111111111,1.10810810811,1.21739130435,1.07692307692,49.0,44.0,36.0,37.0,23.0,26.0,22.0,236.0,28.0,208.0,0.0,13.0,202.0,215.0,56.0,1.0976744186,2.15384615385,1.0297029703,10,8,19,20
2016-10-08 16:20:00,3.0,3.0,1.0,1.0,2.0,2.0,6.0,7.0,2.0,3.0,4.0,4.0,2.0,2.33333333333,2.0,3.0,2.0,2.0,6.0,11.0,14.0,6.0,7.0,5.0,0.0,0.0,0.0,0.0,0.0,0.0,41.0,33.0,36.0,22.0,24.0,18.0,41.0,33.0,39.0,25.0,24.0,18.0,1.0,1.0,1.08333333333,1.13636363636,1.0,1.0,47.0,40.0,41.0,28.0,28.0,22.0,1.06818181818,1.11111111111,1.10810810811,1.21739130435,1.07692307692,1.1,44.0,36.0,37.0,23.0,26.0,20.0,15.0,206.0,26.0,180.0,0.0,12.0,174.0,186.0,49.0,1.10752688172,2.16666666667,1.03448275862,10,8,19,40
2016-10-08 16:40:00,3.0,1.0,1.0,2.0,2.0,1.0,7.0,2.0,3.0,4.0,4.0,2.0,2.33333333333,2.0,3.0,2.0,2.0,2.0,11.0,14.0,6.0,7.0,5.0,12.0,0.0,0.0,0.0,0.0,0.0,0.0,33.0,36.0,22.0,24.0,18.0,27.0,33.0,39.0,25.0,24.0,18.0,27.0,1.0,1.08333333333,1.13636363636,1.0,1.0,1.0,40.0,41.0,28.0,28.0,22.0,29.0,1.11111111111,1.10810810811,1.21739130435,1.07692307692,1.1,1.03571428571,36.0,37.0,23.0,26.0,20.0,28.0,17.0,188.0,22.0,166.0,0.0,10.0,160.0,170.0,55.0,1.10588235294,2.2,1.0375,10,8,20,0
2016-10-08 17:00:00,1.0,1.0,2.0,2.0,1.0,1.0,2.0,3.0,4.0,4.0,2.0,2.0,2.0,3.0,2.0,2.0,2.0,2.0,14.0,6.0,7.0,5.0,12.0,8.0,0.0,0.0,0.0,0.0,0.0,0.0,36.0,22.0,24.0,18.0,27.0,19.0,39.0,25.0,24.0,18.0,27.0,19.0,1.08333333333,1.13636363636,1.0,1.0,1.0,1.0,41.0,28.0,28.0,22.0,29.0,21.0,1.10810810811,1.21739130435,1.07692307692,1.1,1.03571428571,1.05,37.0,23.0,26.0,20.0,28.0,20.0,12.0,169.0,17.0,152.0,0.0,8.0,146.0,154.0,52.0,1.0974025974,2.125,1.04109589041,10,8,20,20
2016-10-08 17:20:00,1.0,2.0,2.0,1.0,1.0,2.0,3.0,4.0,4.0,2.0,2.0,4.0,3.0,2.0,2.0,2.0,2.0,2.0,6.0,7.0,5.0,12.0,8.0,11.0,0.0,0.0,0.0,0.0,0.0,0.0,22.0,24.0,18.0,27.0,19.0,23.0,25.0,24.0,18.0,27.0,19.0,23.0,1.13636363636,1.0,1.0,1.0,1.0,1.0,28.0,28.0,22.0,29.0,21.0,27.0,1.21739130435,1.07692307692,1.1,1.03571428571,1.05,1.08,23.0,26.0,20.0,28.0,20.0,25.0,15.0,155.0,19.0,136.0,0.0,9.0,133.0,142.0,49.0,1.09154929577,2.11111111111,1.02255639098,10,8,20,40
2016-10-08 17:40:00,2.0,2.0,1.0,1.0,2.0,3.0,4.0,4.0,2.0,2.0,4.0,7.0,2.0,2.0,2.0,2.0,2.0,2.33333333333,7.0,5.0,12.0,8.0,11.0,5.0,0.0,0.0,0.0,0.0,0.0,0.0,24.0,18.0,27.0,19.0,23.0,19.0,24.0,18.0,27.0,19.0,23.0,19.0,1.0,1.0,1.0,1.0,1.0,1.0,28.0,22.0,29.0,21.0,27.0,26.0,1.07692307692,1.1,1.03571428571,1.05,1.08,1.18181818182,26.0,20.0,28.0,20.0,25.0,22.0,14.0,153.0,23.0,130.0,0.0,11.0,130.0,141.0,48.0,1.08510638298,2.09090909091,1.0,10,8,21,0
2016-10-08 18:00:00,2.0,1.0,1.0,2.0,3.0,0.0,4.0,2.0,2.0,4.0,7.0,0.0,2.0,2.0,2.0,2.0,2.33333333333,0.0,5.0,12.0,8.0,11.0,5.0,4.0,0.0,0.0,0.0,0.0,0.0,0.0,18.0,27.0,19.0,23.0,19.0,15.0,18.0,27.0,19.0,23.0,19.0,15.0,1.0,1.0,1.0,1.0,1.0,1.0,22.0,29.0,21.0,27.0,26.0,15.0,1.1,1.03571428571,1.05,1.08,1.18181818182,1.0,20.0,28.0,20.0,25.0,22.0,15.0,7.0,140.0,19.0,121.0,0.0,9.0,121.0,130.0,45.0,1.07692307692,2.11111111111,1.0,10,8,21,20
2016-10-08 18:20:00,1.0,1.0,2.0,3.0,0.0,0.0,2.0,2.0,4.0,7.0,0.0,0.0,2.0,2.0,2.0,2.33333333333,0.0,0.0,12.0,8.0,11.0,5.0,4.0,5.0,0.0,0.0,0.0,0.0,0.0,0.0,27.0,19.0,23.0,19.0,15.0,17.0,27.0,19.0,23.0,19.0,15.0,17.0,1.0,1.0,1.0,1.0,1.0,1.0,29.0,21.0,27.0,26.0,15.0,17.0,1.03571428571,1.05,1.08,1.18181818182,1.0,1.0,28.0,20.0,25.0,22.0,15.0,17.0,16.0,135.0,15.0,120.0,0.0,7.0,120.0,127.0,45.0,1.06299212598,2.14285714286,1.0,10,8,21,40
2016-10-08 18:40:00,1.0,2.0,3.0,0.0,0.0,1.0,2.0,4.0,7.0,0.0,0.0,2.0,2.0,2.0,2.33333333333,0.0,0.0,2.0,8.0,11.0,5.0,4.0,5.0,3.0,0.0,0.0,0.0,0.0,0.0,0.0,19.0,23.0,19.0,15.0,17.0,11.0,19.0,23.0,19.0,15.0,17.0,11.0,1.0,1.0,1.0,1.0,1.0,1.0,21.0,27.0,26.0,15.0,17.0,13.0,1.05,1.08,1.18181818182,1.0,1.0,1.08333333333,20.0,25.0,22.0,15.0,17.0,12.0,11.0,119.0,15.0,104.0,0.0,7.0,104.0,111.0,36.0,1.07207207207,2.14285714286,1.0,10,8,22,0
2016-10-08 19:00:00,2.0,3.0,0.0,0.0,1.0,2.0,4.0,7.0,0.0,0.0,2.0,5.0,2.0,2.33333333333,0.0,0.0,2.0,2.5,11.0,5.0,4.0,5.0,3.0,4.0,0.0,0.0,0.0,0.0,0.0,0.0,23.0,19.0,15.0,17.0,11.0,13.0,23.0,19.0,15.0,17.0,11.0,13.0,1.0,1.0,1.0,1.0,1.0,1.0,27.0,26.0,15.0,17.0,13.0,18.0,1.08,1.18181818182,1.0,1.0,1.08333333333,1.2,25.0,22.0,15.0,17.0,12.0,15.0,10.0,116.0,18.0,98.0,0.0,8.0,98.0,106.0,32.0,1.09433962264,2.25,1.0,10,8,22,20
2016-10-08 19:20:00,3.0,0.0,0.0,1.0,2.0,1.0,7.0,0.0,0.0,2.0,5.0,2.0,2.33333333333,0.0,0.0,2.0,2.5,2.0,5.0,4.0,5.0,3.0,4.0,4.0,0.0,0.0,0.0,0.0,0.0,0.0,19.0,15.0,17.0,11.0,13.0,13.0,19.0,15.0,17.0,11.0,13.0,13.0,1.0,1.0,1.0,1.0,1.0,1.0,26.0,15.0,17.0,13.0,18.0,15.0,1.18181818182,1.0,1.0,1.08333333333,1.2,1.07142857143,22.0,15.0,17.0,12.0,15.0,14.0,10.0,104.0,16.0,88.0,0.0,7.0,88.0,95.0,25.0,1.09473684211,2.28571428571,1.0,10,8,22,40
2016-10-08 19:40:00,0.0,0.0,1.0,2.0,1.0,1.0,0.0,0.0,2.0,5.0,2.0,2.0,0.0,0.0,2.0,2.5,2.0,2.0,4.0,5.0,3.0,4.0,4.0,0.0,0.0,0.0,0.0,0.0,0.0,0.0,15.0,17.0,11.0,13.0,13.0,6.0,15.0,17.0,11.0,13.0,13.0,6.0,1.0,1.0,1.0,1.0,1.0,1.0,15.0,17.0,13.0,18.0,15.0,8.0,1.0,1.0,1.08333333333,1.2,1.07142857143,1.14285714286,15.0,17.0,12.0,15.0,14.0,7.0,8.0,86.0,11.0,75.0,0.0,5.0,75.0,80.0,20.0,1.075,2.2,1.0,10,8,23,0
2016-10-08 20:00:00,0.0,1.0,2.0,1.0,1.0,1.0,0.0,2.0,5.0,2.0,2.0,2.0,0.0,2.0,2.5,2.0,2.0,2.0,5.0,3.0,4.0,4.0,0.0,5.0,0.0,0.0,0.0,0.0,0.0,0.0,17.0,11.0,13.0,13.0,6.0,15.0,17.0,11.0,13.0,13.0,6.0,15.0,1.0,1.0,1.0,1.0,1.0,1.0,17.0,13.0,18.0,15.0,8.0,17.0,1.0,1.08333333333,1.2,1.07142857143,1.14285714286,1.0625,17.0,12.0,15.0,14.0,7.0,16.0,1.0,88.0,13.0,75.0,0.0,6.0,75.0,81.0,21.0,1.08641975309,2.16666666667,1.0,10,8,23,20
2016-10-08 20:20:00,1.0,2.0,1.0,1.0,1.0,1.0,2.0,5.0,2.0,2.0,2.0,2.0,2.0,2.5,2.0,2.0,2.0,2.0,3.0,4.0,4.0,0.0,5.0,1.0,0.0,0.0,0.0,0.0,0.0,0.0,11.0,13.0,13.0,6.0,15.0,10.0,11.0,13.0,13.0,6.0,15.0,10.0,1.0,1.0,1.0,1.0,1.0,1.0,13.0,18.0,15.0,8.0,17.0,12.0,1.08333333333,1.2,1.07142857143,1.14285714286,1.0625,1.09090909091,12.0,15.0,14.0,7.0,16.0,11.0,7.0,83.0,15.0,68.0,0.0,7.0,68.0,75.0,17.0,1.10666666667,2.14285714286,1.0,10,8,23,40
2016-10-08 20:40:00,2.0,1.0,1.0,1.0,1.0,1.0,5.0,2.0,2.0,2.0,2.0,2.0,2.5,2.0,2.0,2.0,2.0,2.0,4.0,4.0,0.0,5.0,1.0,0.0,0.0,0.0,0.0,0.0,0.0,0.0,13.0,13.0,6.0,15.0,10.0,9.0,13.0,13.0,6.0,15.0,10.0,9.0,1.0,1.0,1.0,1.0,1.0,1.0,18.0,15.0,8.0,17.0,12.0,11.0,1.2,1.07142857143,1.14285714286,1.0625,1.09090909091,1.1,15.0,14.0,7.0,16.0,11.0,10.0,7.0,81.0,15.0,66.0,0.0,7.0,66.0,73.0,14.0,1.1095890411,2.14285714286,1.0,10,9,0,0
2016-10-08 21:00:00,1.0,1.0,1.0,1.0,1.0,0.0,2.0,2.0,2.0,2.0,2.0,0.0,2.0,2.0,2.0,2.0,2.0,0.0,4.0,0.0,5.0,1.0,0.0,2.0,0.0,0.0,0.0,0.0,0.0,0.0,13.0,6.0,15.0,10.0,9.0,10.0,13.0,6.0,15.0,10.0,9.0,10.0,1.0,1.0,1.0,1.0,1.0,1.0,15.0,8.0,17.0,12.0,11.0,10.0,1.07142857143,1.14285714286,1.0625,1.09090909091,1.1,1.0,14.0,7.0,16.0,11.0,10.0,10.0,8.0,73.0,10.0,63.0,0.0,5.0,63.0,68.0,12.0,1.07352941176,2.0,1.0,10,9,0,20
2016-10-08 21:20:00,1.0,1.0,1.0,1.0,0.0,0.0,2.0,2.0,2.0,2.0,0.0,0.0,2.0,2.0,2.0,2.0,0.0,0.0,0.0,5.0,1.0,0.0,2.0,2.0,0.0,0.0,0.0,0.0,0.0,0.0,6.0,15.0,10.0,9.0,10.0,8.0,6.0,15.0,10.0,9.0,10.0,11.0,1.0,1.0,1.0,1.0,1.0,1.375,8.0,17.0,12.0,11.0,10.0,11.0,1.14285714286,1.0625,1.09090909091,1.1,1.0,1.375,7.0,16.0,11.0,10.0,10.0,8.0,6.0,69.0,8.0,61.0,0.0,4.0,58.0,62.0,10.0,1.11290322581,2.0,1.05172413793,10,9,0,40
2016-10-08 21:40:00,1.0,1.0,1.0,0.0,0.0,1.0,2.0,2.0,2.0,0.0,0.0,2.0,2.0,2.0,2.0,0.0,0.0,2.0,5.0,1.0,0.0,2.0,2.0,0.0,0.0,0.0,0.0,0.0,0.0,0.0,15.0,10.0,9.0,10.0,8.0,0.0,15.0,10.0,9.0,10.0,11.0,0.0,1.0,1.0,1.0,1.0,1.375,0.0,17.0,12.0,11.0,10.0,11.0,2.0,1.0625,1.09090909091,1.1,1.0,1.375,2.0,16.0,11.0,10.0,10.0,8.0,1.0,9.0,63.0,8.0,55.0,0.0,4.0,52.0,56.0,10.0,1.125,2.0,1.05769230769,10,9,1,0
2016-10-08 22:00:00,1.0,1.0,0.0,0.0,1.0,3.0,2.0,2.0,0.0,0.0,2.0,13.0,2.0,2.0,0.0,0.0,2.0,4.33333333333,1.0,0.0,2.0,2.0,0.0,0.0,0.0,0.0,0.0,0.0,0.0,0.0,10.0,9.0,10.0,8.0,0.0,4.0,10.0,9.0,10.0,11.0,0.0,4.0,1.0,1.0,1.0,1.375,0.0,1.0,12.0,11.0,10.0,11.0,2.0,17.0,1.09090909091,1.1,1.0,1.375,2.0,2.42857142857,11.0,10.0,10.0,8.0,1.0,7.0,3.0,63.0,19.0,44.0,0.0,6.0,41.0,47.0,5.0,1.34042553191,3.16666666667,1.07317073171,10,9,1,20
2016-10-08 22:20:00,1.0,0.0,0.0,1.0,3.0,2.0,2.0,0.0,0.0,2.0,13.0,7.0,2.0,0.0,0.0,2.0,4.33333333333,3.5,0.0,2.0,2.0,0.0,0.0,0.0,0.0,0.0,0.0,0.0,0.0,0.0,9.0,10.0,8.0,0.0,4.0,5.0,9.0,10.0,11.0,0.0,4.0,5.0,1.0,1.0,1.375,0.0,1.0,1.0,11.0,10.0,11.0,2.0,17.0,12.0,1.1,1.0,1.375,2.0,2.42857142857,1.71428571429,10.0,10.0,8.0,1.0,7.0,7.0,1.0,63.0,24.0,39.0,0.0,7.0,36.0,43.0,4.0,1.46511627907,3.42857142857,1.08333333333,10,9,1,40
2016-10-08 22:40:00,0.0,0.0,1.0,3.0,2.0,3.0,0.0,0.0,2.0,13.0,7.0,9.0,0.0,0.0,2.0,4.33333333333,3.5,3.0,2.0,2.0,0.0,0.0,0.0,0.0,0.0,0.0,0.0,0.0,0.0,0.0,10.0,8.0,0.0,4.0,5.0,5.0,10.0,11.0,0.0,4.0,5.0,5.0,1.0,1.375,0.0,1.0,1.0,1.0,10.0,11.0,2.0,17.0,12.0,14.0,1.0,1.375,2.0,2.42857142857,1.71428571429,1.75,10.0,8.0,1.0,7.0,7.0,8.0,9.0,66.0,31.0,35.0,0.0,9.0,32.0,41.0,4.0,1.60975609756,3.44444444444,1.09375,10,9,2,0
2016-10-08 23:00:00,0.0,1.0,3.0,2.0,3.0,2.0,0.0,2.0,13.0,7.0,9.0,8.0,0.0,2.0,4.33333333333,3.5,3.0,4.0,2.0,0.0,0.0,0.0,0.0,1.0,0.0,0.0,0.0,0.0,0.0,0.0,8.0,0.0,4.0,5.0,5.0,4.0,11.0,0.0,4.0,5.0,5.0,4.0,1.375,0.0,1.0,1.0,1.0,1.0,11.0,2.0,17.0,12.0,14.0,12.0,1.375,2.0,2.42857142857,1.71428571429,1.75,2.0,8.0,1.0,7.0,7.0,8.0,6.0,7.0,68.0,39.0,29.0,0.0,11.0,26.0,37.0,3.0,1.83783783784,3.54545454545,1.11538461538,10,9,2,20
2016-10-08 23:20:00,1.0,3.0,2.0,3.0,2.0,3.0,2.0,13.0,7.0,9.0,8.0,7.0,2.0,4.33333333333,3.5,3.0,4.0,2.33333333333,0.0,0.0,0.0,0.0,1.0,0.0,0.0,0.0,0.0,0.0,0.0,0.0,0.0,4.0,5.0,5.0,4.0,6.0,0.0,4.0,5.0,5.0,4.0,6.0,0.0,1.0,1.0,1.0,1.0,1.0,2.0,17.0,12.0,14.0,12.0,13.0,2.0,2.42857142857,1.71428571429,1.75,2.0,1.44444444444,1.0,7.0,7.0,8.0,6.0,9.0,4.0,70.0,46.0,24.0,0.0,14.0,24.0,38.0,1.0,1.84210526316,3.28571428571,1.0,10,9,2,40
2016-10-09 00:00:00,3.0,2.0,3.0,2.0,3.0,0.0,13.0,7.0,9.0,8.0,7.0,0.0,4.33333333333,3.5,3.0,4.0,2.33333333333,0.0,0.0,0.0,0.0,1.0,0.0,0.0,0.0,0.0,0.0,0.0,0.0,0.0,4.0,5.0,5.0,4.0,6.0,3.0,4.0,5.0,5.0,4.0,6.0,3.0,1.0,1.0,1.0,1.0,1.0,1.0,17.0,12.0,14.0,12.0,13.0,3.0,2.42857142857,1.71428571429,1.75,2.0,1.44444444444,1.0,7.0,7.0,8.0,6.0,9.0,3.0,6.0,71.0,44.0,27.0,0.0,13.0,27.0,40.0,1.0,1.775,3.38461538462,1.0,10,9,3,20
2016-10-09 00:20:00,2.0,3.0,2.0,3.0,0.0,0.0,7.0,9.0,8.0,7.0,0.0,0.0,3.5,3.0,4.0,2.33333333333,0.0,0.0,0.0,0.0,1.0,0.0,0.0,0.0,0.0,0.0,0.0,0.0,0.0,0.0,5.0,5.0,4.0,6.0,3.0,1.0,5.0,5.0,4.0,6.0,3.0,1.0,1.0,1.0,1.0,1.0,1.0,1.0,12.0,14.0,12.0,13.0,3.0,1.0,1.71428571429,1.75,2.0,1.44444444444,1.0,1.0,7.0,8.0,6.0,9.0,3.0,1.0,5.0,55.0,31.0,24.0,0.0,10.0,24.0,34.0,1.0,1.61764705882,3.1,1.0,10,9,3,40
2016-10-09 00:40:00,3.0,2.0,3.0,0.0,0.0,6.0,9.0,8.0,7.0,0.0,0.0,23.0,3.0,4.0,2.33333333333,0.0,0.0,3.83333333333,0.0,1.0,0.0,0.0,0.0,0.0,0.0,0.0,0.0,0.0,0.0,0.0,5.0,4.0,6.0,3.0,1.0,3.0,5.0,4.0,6.0,3.0,1.0,3.0,1.0,1.0,1.0,1.0,1.0,1.0,14.0,12.0,13.0,3.0,1.0,26.0,1.75,2.0,1.44444444444,1.0,1.0,2.88888888889,8.0,6.0,9.0,3.0,1.0,9.0,13.0,69.0,47.0,22.0,0.0,14.0,22.0,36.0,1.0,1.91666666667,3.35714285714,1.0,10,9,4,0
2016-10-09 01:00:00,2.0,3.0,0.0,0.0,6.0,5.0,8.0,7.0,0.0,0.0,23.0,14.0,4.0,2.33333333333,0.0,0.0,3.83333333333,2.8,1.0,0.0,0.0,0.0,0.0,0.0,0.0,0.0,0.0,0.0,0.0,0.0,4.0,6.0,3.0,1.0,3.0,2.0,4.0,6.0,3.0,1.0,3.0,2.0,1.0,1.0,1.0,1.0,1.0,1.0,12.0,13.0,3.0,1.0,26.0,16.0,2.0,1.44444444444,1.0,1.0,2.88888888889,2.28571428571,6.0,9.0,3.0,1.0,9.0,7.0,8.0,71.0,52.0,19.0,0.0,16.0,19.0,35.0,1.0,2.02857142857,3.25,1.0,10,9,4,20
2016-10-09 01:20:00,3.0,0.0,0.0,6.0,5.0,4.0,7.0,0.0,0.0,23.0,14.0,14.0,2.33333333333,0.0,0.0,3.83333333333,2.8,3.5,0.0,0.0,0.0,0.0,0.0,0.0,0.0,0.0,0.0,0.0,0.0,0.0,6.0,3.0,1.0,3.0,2.0,0.0,6.0,3.0,1.0,3.0,2.0,0.0,1.0,1.0,1.0,1.0,1.0,0.0,13.0,3.0,1.0,26.0,16.0,14.0,1.44444444444,1.0,1.0,2.88888888889,2.28571428571,3.5,9.0,3.0,1.0,9.0,7.0,4.0,10.0,73.0,58.0,15.0,0.0,18.0,15.0,33.0,0.0,2.21212121212,3.22222222222,1.0,10,9,4,40
2016-10-09 01:40:00,0.0,0.0,6.0,5.0,4.0,4.0,0.0,0.0,23.0,14.0,14.0,9.0,0.0,0.0,3.83333333333,2.8,3.5,2.25,0.0,0.0,0.0,0.0,0.0,0.0,0.0,0.0,0.0,0.0,0.0,0.0,3.0,1.0,3.0,2.0,0.0,2.0,3.0,1.0,3.0,2.0,0.0,2.0,1.0,1.0,1.0,1.0,0.0,1.0,3.0,1.0,26.0,16.0,14.0,11.0,1.0,1.0,2.88888888889,2.28571428571,3.5,1.83333333333,3.0,1.0,9.0,7.0,4.0,6.0,4.0,71.0,60.0,11.0,0.0,19.0,11.0,30.0,0.0,2.36666666667,3.15789473684,1.0,10,9,5,0
2016-10-09 02:00:00,0.0,6.0,5.0,4.0,4.0,3.0,0.0,23.0,14.0,14.0,9.0,12.0,0.0,3.83333333333,2.8,3.5,2.25,4.0,0.0,0.0,0.0,0.0,0.0,1.0,0.0,0.0,0.0,0.0,0.0,0.0,1.0,3.0,2.0,0.0,2.0,2.0,1.0,3.0,2.0,0.0,2.0,2.0,1.0,1.0,1.0,0.0,1.0,1.0,1.0,26.0,16.0,14.0,11.0,14.0,1.0,2.88888888889,2.28571428571,3.5,1.83333333333,2.8,1.0,9.0,7.0,4.0,6.0,5.0,7.0,82.0,72.0,10.0,0.0,22.0,10.0,32.0,1.0,2.5625,3.27272727273,1.0,10,9,5,20
2016-10-09 02:20:00,6.0,5.0,4.0,4.0,3.0,7.0,23.0,14.0,14.0,9.0,12.0,26.0,3.83333333333,2.8,3.5,2.25,4.0,3.71428571429,0.0,0.0,0.0,0.0,1.0,0.0,0.0,0.0,0.0,0.0,0.0,0.0,3.0,2.0,0.0,2.0,2.0,6.0,3.0,2.0,0.0,2.0,2.0,6.0,1.0,1.0,0.0,1.0,1.0,1.0,26.0,16.0,14.0,11.0,14.0,32.0,2.88888888889,2.28571428571,3.5,1.83333333333,2.8,2.46153846154,9.0,7.0,4.0,6.0,5.0,13.0,10.0,113.0,98.0,15.0,0.0,29.0,15.0,44.0,1.0,2.56818181818,3.37931034483,1.0,10,9,5,40
2016-10-09 02:40:00,5.0,4.0,4.0,3.0,7.0,4.0,14.0,14.0,9.0,12.0,26.0,14.0,2.8,3.5,2.25,4.0,3.71428571429,3.5,0.0,0.0,0.0,1.0,0.0,0.0,0.0,0.0,0.0,0.0,0.0,0.0,2.0,0.0,2.0,2.0,6.0,4.0,2.0,0.0,2.0,2.0,6.0,4.0,1.0,0.0,1.0,1.0,1.0,1.0,16.0,14.0,11.0,14.0,32.0,18.0,2.28571428571,3.5,1.83333333333,2.8,2.46153846154,2.25,7.0,4.0,6.0,5.0,13.0,8.0,8.0,105.0,89.0,16.0,0.0,27.0,16.0,43.0,1.0,2.44186046512,3.2962962963,1.0,10,9,6,0
2016-10-09 03:00:00,4.0,4.0,3.0,7.0,4.0,5.0,14.0,9.0,12.0,26.0,14.0,20.0,3.5,2.25,4.0,3.71428571429,3.5,4.0,0.0,0.0,1.0,0.0,0.0,0.0,0.0,0.0,0.0,0.0,0.0,0.0,0.0,2.0,2.0,6.0,4.0,5.0,0.0,2.0,2.0,6.0,4.0,5.0,0.0,1.0,1.0,1.0,1.0,1.0,14.0,11.0,14.0,32.0,18.0,25.0,3.5,1.83333333333,2.8,2.46153846154,2.25,2.5,4.0,6.0,5.0,13.0,8.0,10.0,9.0,114.0,95.0,19.0,0.0,27.0,19.0,46.0,1.0,2.47826086957,3.51851851852,1.0,10,9,6,20
2016-10-09 03:20:00,4.0,3.0,7.0,4.0,5.0,3.0,9.0,12.0,26.0,14.0,20.0,6.0,2.25,4.0,3.71428571429,3.5,4.0,2.0,0.0,1.0,0.0,0.0,0.0,0.0,0.0,0.0,0.0,0.0,0.0,0.0,2.0,2.0,6.0,4.0,5.0,1.0,2.0,2.0,6.0,4.0,5.0,1.0,1.0,1.0,1.0,1.0,1.0,1.0,11.0,14.0,32.0,18.0,25.0,7.0,1.83333333333,2.8,2.46153846154,2.25,2.5,1.75,6.0,5.0,13.0,8.0,10.0,4.0,17.0,107.0,87.0,20.0,0.0,26.0,20.0,46.0,1.0,2.32608695652,3.34615384615,1.0,10,9,6,40
2016-10-09 03:40:00,3.0,7.0,4.0,5.0,3.0,1.0,12.0,26.0,14.0,20.0,6.0,2.0,4.0,3.71428571429,3.5,4.0,2.0,2.0,1.0,0.0,0.0,0.0,0.0,1.0,0.0,0.0,0.0,0.0,0.0,0.0,2.0,6.0,4.0,5.0,1.0,6.0,2.0,6.0,4.0,5.0,1.0,6.0,1.0,1.0,1.0,1.0,1.0,1.0,14.0,32.0,18.0,25.0,7.0,8.0,2.8,2.46153846154,2.25,2.5,1.75,1.14285714286,5.0,13.0,8.0,10.0,4.0,7.0,26.0,104.0,80.0,24.0,0.0,23.0,24.0,47.0,2.0,2.21276595745,3.47826086957,1.0,10,9,7,0
2016-10-09 04:00:00,7.0,4.0,5.0,3.0,1.0,1.0,26.0,14.0,20.0,6.0,2.0,2.0,3.71428571429,3.5,4.0,2.0,2.0,2.0,0.0,0.0,0.0,0.0,1.0,4.0,0.0,0.0,0.0,0.0,0.0,0.0,6.0,4.0,5.0,1.0,6.0,9.0,6.0,4.0,5.0,1.0,6.0,9.0,1.0,1.0,1.0,1.0,1.0,1.0,32.0,18.0,25.0,7.0,8.0,11.0,2.46153846154,2.25,2.5,1.75,1.14285714286,1.1,13.0,8.0,10.0,4.0,7.0,10.0,25.0,101.0,70.0,31.0,0.0,21.0,31.0,52.0,5.0,1.94230769231,3.33333333333,1.0,10,9,7,20
2016-10-09 04:20:00,4.0,5.0,3.0,1.0,1.0,3.0,14.0,20.0,6.0,2.0,2.0,6.0,3.5,4.0,2.0,2.0,2.0,2.0,0.0,0.0,0.0,1.0,4.0,2.0,0.0,0.0,0.0,0.0,0.0,0.0,4.0,5.0,1.0,6.0,9.0,5.0,4.0,5.0,1.0,6.0,9.0,5.0,1.0,1.0,1.0,1.0,1.0,1.0,18.0,25.0,7.0,8.0,11.0,11.0,2.25,2.5,1.75,1.14285714286,1.1,1.375,8.0,10.0,4.0,7.0,10.0,8.0,33.0,80.0,50.0,30.0,0.0,17.0,30.0,47.0,7.0,1.70212765957,2.94117647059,1.0,10,9,7,40
2016-10-09 04:40:00,5.0,3.0,1.0,1.0,3.0,3.0,20.0,6.0,2.0,2.0,6.0,6.0,4.0,2.0,2.0,2.0,2.0,2.0,0.0,0.0,1.0,4.0,2.0,1.0,0.0,0.0,0.0,0.0,0.0,0.0,5.0,1.0,6.0,9.0,5.0,6.0,5.0,1.0,6.0,9.0,5.0,6.0,1.0,1.0,1.0,1.0,1.0,1.0,25.0,7.0,8.0,11.0,11.0,12.0,2.5,1.75,1.14285714286,1.1,1.375,1.33333333333,10.0,4.0,7.0,10.0,8.0,9.0,46.0,74.0,42.0,32.0,0.0,16.0,32.0,48.0,8.0,1.54166666667,2.625,1.0,10,9,8,0
2016-10-09 05:00:00,3.0,1.0,1.0,3.0,3.0,6.0,6.0,2.0,2.0,6.0,6.0,14.0,2.0,2.0,2.0,2.0,2.0,2.33333333333,0.0,1.0,4.0,2.0,1.0,4.0,0.0,0.0,0.0,0.0,0.0,0.0,1.0,6.0,9.0,5.0,6.0,11.0,1.0,6.0,9.0,5.0,6.0,14.0,1.0,1.0,1.0,1.0,1.0,1.27272727273,7.0,8.0,11.0,11.0,12.0,28.0,1.75,1.14285714286,1.1,1.375,1.33333333333,1.64705882353,4.0,7.0,10.0,8.0,9.0,17.0,39.0,77.0,36.0,41.0,0.0,17.0,38.0,55.0,12.0,1.4,2.11764705882,1.07894736842,10,9,8,20
2016-10-09 05:20:00,1.0,1.0,3.0,3.0,6.0,5.0,2.0,2.0,6.0,6.0,14.0,10.0,2.0,2.0,2.0,2.0,2.33333333333,2.0,1.0,4.0,2.0,1.0,4.0,10.0,0.0,0.0,0.0,0.0,0.0,0.0,6.0,9.0,5.0,6.0,11.0,21.0,6.0,9.0,5.0,6.0,14.0,24.0,1.0,1.0,1.0,1.0,1.27272727273,1.14285714286,8.0,11.0,11.0,12.0,28.0,34.0,1.14285714286,1.1,1.375,1.33333333333,1.64705882353,1.30769230769,7.0,10.0,8.0,9.0,17.0,26.0,35.0,104.0,40.0,64.0,0.0,19.0,58.0,77.0,22.0,1.35064935065,2.10526315789,1.10344827586,10,9,8,40
2016-10-09 05:40:00,1.0,3.0,3.0,6.0,5.0,1.0,2.0,6.0,6.0,14.0,10.0,2.0,2.0,2.0,2.0,2.33333333333,2.0,2.0,4.0,2.0,1.0,4.0,10.0,13.0,0.0,0.0,0.0,0.0,0.0,0.0,9.0,5.0,6.0,11.0,21.0,24.0,9.0,5.0,6.0,14.0,24.0,24.0,1.0,1.0,1.0,1.27272727273,1.14285714286,1.0,11.0,11.0,12.0,28.0,34.0,26.0,1.1,1.375,1.33333333333,1.64705882353,1.30769230769,1.04,10.0,8.0,9.0,17.0,26.0,25.0,45.0,122.0,40.0,82.0,0.0,19.0,76.0,95.0,34.0,1.28421052632,2.10526315789,1.07894736842,10,9,9,0
2016-10-09 06:00:00,3.0,3.0,6.0,5.0,1.0,1.0,6.0,6.0,14.0,10.0,2.0,2.0,2.0,2.0,2.33333333333,2.0,2.0,2.0,2.0,1.0,4.0,10.0,13.0,12.0,0.0,0.0,0.0,0.0,0.0,0.0,5.0,6.0,11.0,21.0,24.0,32.0,5.0,6.0,14.0,24.0,24.0,32.0,1.0,1.0,1.27272727273,1.14285714286,1.0,1.0,11.0,12.0,28.0,34.0,26.0,34.0,1.375,1.33333333333,1.64705882353,1.30769230769,1.04,1.0303030303,8.0,9.0,17.0,26.0,25.0,33.0,41.0,145.0,40.0,105.0,0.0,19.0,99.0,118.0,42.0,1.22881355932,2.10526315789,1.06060606061,10,9,9,20
2016-10-09 06:20:00,3.0,6.0,5.0,1.0,1.0,4.0,6.0,14.0,10.0,2.0,2.0,9.0,2.0,2.33333333333,2.0,2.0,2.0,2.25,1.0,4.0,10.0,13.0,12.0,16.0,0.0,0.0,0.0,0.0,0.0,0.0,6.0,11.0,21.0,24.0,32.0,42.0,6.0,14.0,24.0,24.0,32.0,42.0,1.0,1.27272727273,1.14285714286,1.0,1.0,1.0,12.0,28.0,34.0,26.0,34.0,51.0,1.33333333333,1.64705882353,1.30769230769,1.04,1.0303030303,1.10869565217,9.0,17.0,26.0,25.0,33.0,46.0,41.0,185.0,43.0,142.0,0.0,20.0,136.0,156.0,56.0,1.1858974359,2.15,1.04411764706,10,9,9,40
2016-10-09 06:40:00,6.0,5.0,1.0,1.0,4.0,2.0,14.0,10.0,2.0,2.0,9.0,4.0,2.33333333333,2.0,2.0,2.0,2.25,2.0,4.0,10.0,13.0,12.0,16.0,11.0,0.0,0.0,0.0,0.0,0.0,0.0,11.0,21.0,24.0,32.0,42.0,37.0,14.0,24.0,24.0,32.0,42.0,37.0,1.27272727273,1.14285714286,1.0,1.0,1.0,1.0,28.0,34.0,26.0,34.0,51.0,41.0,1.64705882353,1.30769230769,1.04,1.0303030303,1.10869565217,1.05128205128,17.0,26.0,25.0,33.0,46.0,39.0,28.0,214.0,41.0,173.0,0.0,19.0,167.0,186.0,66.0,1.15053763441,2.15789473684,1.03592814371,10,9,10,0
2016-10-09 07:00:00,5.0,1.0,1.0,4.0,2.0,1.0,10.0,2.0,2.0,9.0,4.0,2.0,2.0,2.0,2.0,2.25,2.0,2.0,10.0,13.0,12.0,16.0,11.0,13.0,0.0,0.0,0.0,0.0,0.0,0.0,21.0,24.0,32.0,42.0,37.0,34.0,24.0,24.0,32.0,42.0,37.0,34.0,1.14285714286,1.0,1.0,1.0,1.0,1.0,34.0,26.0,34.0,51.0,41.0,36.0,1.30769230769,1.04,1.0303030303,1.10869565217,1.05128205128,1.02857142857,26.0,25.0,33.0,46.0,39.0,35.0,40.0,222.0,29.0,193.0,0.0,14.0,190.0,204.0,75.0,1.08823529412,2.07142857143,1.01578947368,10,9,10,20
2016-10-09 07:20:00,1.0,1.0,4.0,2.0,1.0,7.0,2.0,2.0,9.0,4.0,2.0,14.0,2.0,2.0,2.25,2.0,2.0,2.0,13.0,12.0,16.0,11.0,13.0,10.0,0.0,0.0,0.0,0.0,0.0,0.0,24.0,32.0,42.0,37.0,34.0,38.0,24.0,32.0,42.0,37.0,34.0,38.0,1.0,1.0,1.0,1.0,1.0,1.0,26.0,34.0,51.0,41.0,36.0,52.0,1.04,1.0303030303,1.10869565217,1.05128205128,1.02857142857,1.15555555556,25.0,33.0,46.0,39.0,35.0,45.0,39.0,240.0,33.0,207.0,0.0,16.0,207.0,223.0,75.0,1.07623318386,2.0625,1.0,10,9,10,40
2016-10-09 07:40:00,1.0,4.0,2.0,1.0,7.0,1.0,2.0,9.0,4.0,2.0,14.0,2.0,2.0,2.25,2.0,2.0,2.0,2.0,12.0,16.0,11.0,13.0,10.0,7.0,0.0,0.0,0.0,0.0,0.0,0.0,32.0,42.0,37.0,34.0,38.0,40.0,32.0,42.0,37.0,34.0,38.0,40.0,1.0,1.0,1.0,1.0,1.0,1.0,34.0,51.0,41.0,36.0,52.0,42.0,1.0303030303,1.10869565217,1.05128205128,1.02857142857,1.15555555556,1.0243902439,33.0,46.0,39.0,35.0,45.0,41.0,38.0,256.0,33.0,223.0,0.0,16.0,223.0,239.0,69.0,1.07112970711,2.0625,1.0,10,9,11,0
2016-10-09 08:00:00,4.0,2.0,1.0,7.0,1.0,2.0,9.0,4.0,2.0,14.0,2.0,4.0,2.25,2.0,2.0,2.0,2.0,2.0,16.0,11.0,13.0,10.0,7.0,7.0,0.0,0.0,0.0,0.0,0.0,0.0,42.0,37.0,34.0,38.0,40.0,39.0,42.0,37.0,34.0,38.0,40.0,39.0,1.0,1.0,1.0,1.0,1.0,1.0,51.0,41.0,36.0,52.0,42.0,43.0,1.10869565217,1.05128205128,1.02857142857,1.15555555556,1.0243902439,1.0487804878,46.0,39.0,35.0,45.0,41.0,41.0,28.0,265.0,35.0,230.0,0.0,17.0,230.0,247.0,64.0,1.07287449393,2.05882352941,1.0,10,9,11,20
2016-10-09 08:20:00,2.0,1.0,7.0,1.0,2.0,0.0,4.0,2.0,14.0,2.0,4.0,0.0,2.0,2.0,2.0,2.0,2.0,0.0,11.0,13.0,10.0,7.0,7.0,4.0,0.0,0.0,0.0,0.0,0.0,0.0,37.0,34.0,38.0,40.0,39.0,28.0,37.0,34.0,38.0,40.0,39.0,28.0,1.0,1.0,1.0,1.0,1.0,1.0,41.0,36.0,52.0,42.0,43.0,28.0,1.05128205128,1.02857142857,1.15555555556,1.0243902439,1.0487804878,1.0,39.0,35.0,45.0,41.0,41.0,28.0,26.0,242.0,26.0,216.0,0.0,13.0,216.0,229.0,52.0,1.05676855895,2.0,1.0,10,9,11,40
2016-10-09 08:40:00,1.0,7.0,1.0,2.0,0.0,2.0,2.0,14.0,2.0,4.0,0.0,4.0,2.0,2.0,2.0,2.0,0.0,2.0,13.0,10.0,7.0,7.0,4.0,7.0,0.0,0.0,0.0,0.0,0.0,0.0,34.0,38.0,40.0,39.0,28.0,38.0,34.0,38.0,40.0,39.0,28.0,38.0,1.0,1.0,1.0,1.0,1.0,1.0,36.0,52.0,42.0,43.0,28.0,42.0,1.02857142857,1.15555555556,1.0243902439,1.0487804878,1.0,1.05,35.0,45.0,41.0,41.0,28.0,40.0,39.0,243.0,26.0,217.0,0.0,13.0,217.0,230.0,48.0,1.05652173913,2.0,1.0,10,9,12,0
2016-10-09 09:00:00,7.0,1.0,2.0,0.0,2.0,3.0,14.0,2.0,4.0,0.0,4.0,6.0,2.0,2.0,2.0,0.0,2.0,2.0,10.0,7.0,7.0,4.0,7.0,7.0,0.0,0.0,0.0,0.0,0.0,0.0,38.0,40.0,39.0,28.0,38.0,36.0,38.0,40.0,39.0,28.0,38.0,36.0,1.0,1.0,1.0,1.0,1.0,1.0,52.0,42.0,43.0,28.0,42.0,42.0,1.15555555556,1.0243902439,1.0487804878,1.0,1.05,1.07692307692,45.0,41.0,41.0,28.0,40.0,39.0,33.0,249.0,30.0,219.0,0.0,15.0,219.0,234.0,42.0,1.0641025641,2.0,1.0,10,9,12,20
2016-10-09 09:20:00,1.0,2.0,0.0,2.0,3.0,9.0,2.0,4.0,0.0,4.0,6.0,19.0,2.0,2.0,0.0,2.0,2.0,2.11111111111,7.0,7.0,4.0,7.0,7.0,7.0,0.0,0.0,0.0,0.0,0.0,0.0,40.0,39.0,28.0,38.0,36.0,29.0,40.0,39.0,28.0,38.0,36.0,29.0,1.0,1.0,1.0,1.0,1.0,1.0,42.0,43.0,28.0,42.0,42.0,48.0,1.0243902439,1.0487804878,1.0,1.05,1.07692307692,1.26315789474,41.0,41.0,28.0,40.0,39.0,38.0,43.0,245.0,35.0,210.0,0.0,17.0,210.0,227.0,39.0,1.07929515419,2.05882352941,1.0,10,9,12,40
2016-10-09 09:40:00,2.0,0.0,2.0,3.0,9.0,6.0,4.0,0.0,4.0,6.0,19.0,12.0,2.0,0.0,2.0,2.0,2.11111111111,2.0,7.0,4.0,7.0,7.0,7.0,4.0,0.0,0.0,0.0,0.0,0.0,0.0,39.0,28.0,38.0,36.0,29.0,22.0,39.0,28.0,38.0,36.0,29.0,22.0,1.0,1.0,1.0,1.0,1.0,1.0,43.0,28.0,42.0,42.0,48.0,34.0,1.0487804878,1.0,1.05,1.07692307692,1.26315789474,1.21428571429,41.0,28.0,40.0,39.0,38.0,28.0,39.0,237.0,45.0,192.0,0.0,22.0,192.0,214.0,36.0,1.10747663551,2.04545454545,1.0,10,9,13,0
2016-10-09 10:00:00,0.0,2.0,3.0,9.0,6.0,3.0,0.0,4.0,6.0,19.0,12.0,6.0,0.0,2.0,2.0,2.11111111111,2.0,2.0,4.0,7.0,7.0,7.0,4.0,7.0,0.0,0.0,0.0,0.0,0.0,0.0,28.0,38.0,36.0,29.0,22.0,23.0,28.0,38.0,36.0,29.0,22.0,23.0,1.0,1.0,1.0,1.0,1.0,1.0,28.0,42.0,42.0,48.0,34.0,29.0,1.0,1.05,1.07692307692,1.26315789474,1.21428571429,1.11538461538,28.0,40.0,39.0,38.0,28.0,26.0,46.0,223.0,47.0,176.0,0.0,23.0,176.0,199.0,36.0,1.12060301508,2.04347826087,1.0,10,9,13,20
2016-10-09 10:20:00,2.0,3.0,9.0,6.0,3.0,3.0,4.0,6.0,19.0,12.0,6.0,6.0,2.0,2.0,2.11111111111,2.0,2.0,2.0,7.0,7.0,7.0,4.0,7.0,8.0,0.0,0.0,0.0,0.0,0.0,0.0,38.0,36.0,29.0,22.0,23.0,36.0,38.0,36.0,29.0,22.0,23.0,36.0,1.0,1.0,1.0,1.0,1.0,1.0,42.0,42.0,48.0,34.0,29.0,42.0,1.05,1.07692307692,1.26315789474,1.21428571429,1.11538461538,1.07692307692,40.0,39.0,38.0,28.0,26.0,39.0,32.0,237.0,53.0,184.0,0.0,26.0,184.0,210.0,40.0,1.12857142857,2.03846153846,1.0,10,9,13,40
2016-10-09 10:40:00,3.0,9.0,6.0,3.0,3.0,2.0,6.0,19.0,12.0,6.0,6.0,5.0,2.0,2.11111111111,2.0,2.0,2.0,2.5,7.0,7.0,4.0,7.0,8.0,9.0,0.0,0.0,0.0,0.0,0.0,0.0,36.0,29.0,22.0,23.0,36.0,31.0,36.0,29.0,22.0,23.0,36.0,34.0,1.0,1.0,1.0,1.0,1.0,1.09677419355,42.0,48.0,34.0,29.0,42.0,39.0,1.07692307692,1.26315789474,1.21428571429,1.11538461538,1.07692307692,1.18181818182,39.0,38.0,28.0,26.0,39.0,33.0,48.0,234.0,54.0,180.0,0.0,26.0,177.0,203.0,42.0,1.15270935961,2.07692307692,1.01694915254,10,9,14,0
2016-10-09 11:00:00,9.0,6.0,3.0,3.0,2.0,0.0,19.0,12.0,6.0,6.0,5.0,0.0,2.11111111111,2.0,2.0,2.0,2.5,0.0,7.0,4.0,7.0,8.0,9.0,9.0,0.0,0.0,0.0,0.0,0.0,0.0,29.0,22.0,23.0,36.0,31.0,43.0,29.0,22.0,23.0,36.0,34.0,43.0,1.0,1.0,1.0,1.0,1.09677419355,1.0,48.0,34.0,29.0,42.0,39.0,43.0,1.26315789474,1.21428571429,1.11538461538,1.07692307692,1.18181818182,1.0,38.0,28.0,26.0,39.0,33.0,43.0,36.0,235.0,48.0,187.0,0.0,23.0,184.0,207.0,44.0,1.13526570048,2.08695652174,1.01630434783,10,9,14,20
2016-10-09 11:20:00,6.0,3.0,3.0,2.0,0.0,1.0,12.0,6.0,6.0,5.0,0.0,3.0,2.0,2.0,2.0,2.5,0.0,3.0,4.0,7.0,8.0,9.0,9.0,18.0,0.0,0.0,0.0,0.0,0.0,0.0,22.0,23.0,36.0,31.0,43.0,38.0,22.0,23.0,36.0,34.0,43.0,38.0,1.0,1.0,1.0,1.09677419355,1.0,1.0,34.0,29.0,42.0,39.0,43.0,41.0,1.21428571429,1.11538461538,1.07692307692,1.18181818182,1.0,1.05128205128,28.0,26.0,39.0,33.0,43.0,39.0,54.0,228.0,32.0,196.0,0.0,15.0,193.0,208.0,55.0,1.09615384615,2.13333333333,1.01554404145,10,9,14,40
2016-10-09 11:40:00,3.0,3.0,2.0,0.0,1.0,2.0,6.0,6.0,5.0,0.0,3.0,4.0,2.0,2.0,2.5,0.0,3.0,2.0,7.0,8.0,9.0,9.0,18.0,9.0,0.0,0.0,0.0,0.0,0.0,0.0,23.0,36.0,31.0,43.0,38.0,44.0,23.0,36.0,34.0,43.0,38.0,44.0,1.0,1.0,1.09677419355,1.0,1.0,1.0,29.0,42.0,39.0,43.0,41.0,48.0,1.11538461538,1.07692307692,1.18181818182,1.0,1.05128205128,1.04347826087,26.0,39.0,33.0,43.0,39.0,46.0,49.0,242.0,24.0,218.0,0.0,11.0,215.0,226.0,60.0,1.07079646018,2.18181818182,1.01395348837,10,9,15,0
2016-10-09 12:00:00,3.0,2.0,0.0,1.0,2.0,3.0,6.0,5.0,0.0,3.0,4.0,8.0,2.0,2.5,0.0,3.0,2.0,2.66666666667,8.0,9.0,9.0,18.0,9.0,5.0,0.0,0.0,0.0,0.0,0.0,0.0,36.0,31.0,43.0,38.0,44.0,29.0,36.0,34.0,43.0,38.0,44.0,32.0,1.0,1.09677419355,1.0,1.0,1.0,1.10344827586,42.0,39.0,43.0,41.0,48.0,40.0,1.07692307692,1.18181818182,1.0,1.05128205128,1.04347826087,1.25,39.0,33.0,43.0,39.0,46.0,32.0,40.0,253.0,26.0,227.0,0.0,11.0,221.0,232.0,58.0,1.09051724138,2.36363636364,1.02714932127,10,9,15,20
2016-10-09 12:20:00,2.0,0.0,1.0,2.0,3.0,3.0,5.0,0.0,3.0,4.0,8.0,7.0,2.5,0.0,3.0,2.0,2.66666666667,2.33333333333,9.0,9.0,18.0,9.0,5.0,12.0,0.0,0.0,0.0,0.0,0.0,0.0,31.0,43.0,38.0,44.0,29.0,45.0,34.0,43.0,38.0,44.0,32.0,45.0,1.09677419355,1.0,1.0,1.0,1.10344827586,1.0,39.0,43.0,41.0,48.0,40.0,52.0,1.18181818182,1.0,1.05128205128,1.04347826087,1.25,1.08333333333,33.0,43.0,39.0,46.0,32.0,48.0,48.0,263.0,27.0,236.0,0.0,11.0,230.0,241.0,62.0,1.09128630705,2.45454545455,1.02608695652,10,9,15,40
2016-10-09 12:40:00,0.0,1.0,2.0,3.0,3.0,4.0,0.0,3.0,4.0,8.0,7.0,8.0,0.0,3.0,2.0,2.66666666667,2.33333333333,2.0,9.0,18.0,9.0,5.0,12.0,8.0,0.0,0.0,0.0,0.0,0.0,0.0,43.0,38.0,44.0,29.0,45.0,32.0,43.0,38.0,44.0,32.0,45.0,32.0,1.0,1.0,1.0,1.10344827586,1.0,1.0,43.0,41.0,48.0,40.0,52.0,40.0,1.0,1.05128205128,1.04347826087,1.25,1.08333333333,1.11111111111,43.0,39.0,46.0,32.0,48.0,36.0,35.0,264.0,30.0,234.0,0.0,13.0,231.0,244.0,61.0,1.08196721311,2.30769230769,1.01298701299,10,9,16,0
2016-10-09 13:00:00,1.0,2.0,3.0,3.0,4.0,5.0,3.0,4.0,8.0,7.0,8.0,10.0,3.0,2.0,2.66666666667,2.33333333333,2.0,2.0,18.0,9.0,5.0,12.0,8.0,18.0,0.0,0.0,0.0,0.0,0.0,0.0,38.0,44.0,29.0,45.0,32.0,49.0,38.0,44.0,32.0,45.0,32.0,49.0,1.0,1.0,1.10344827586,1.0,1.0,1.0,41.0,48.0,40.0,52.0,40.0,59.0,1.05128205128,1.04347826087,1.25,1.08333333333,1.11111111111,1.09259259259,39.0,46.0,32.0,48.0,36.0,54.0,42.0,280.0,40.0,240.0,0.0,18.0,237.0,255.0,70.0,1.09803921569,2.22222222222,1.01265822785,10,9,16,20
2016-10-09 13:20:00,2.0,3.0,3.0,4.0,5.0,6.0,4.0,8.0,7.0,8.0,10.0,12.0,2.0,2.66666666667,2.33333333333,2.0,2.0,2.0,9.0,5.0,12.0,8.0,18.0,9.0,0.0,0.0,0.0,0.0,0.0,0.0,44.0,29.0,45.0,32.0,49.0,43.0,44.0,32.0,45.0,32.0,49.0,43.0,1.0,1.10344827586,1.0,1.0,1.0,1.0,48.0,40.0,52.0,40.0,59.0,55.0,1.04347826087,1.25,1.08333333333,1.11111111111,1.09259259259,1.12244897959,46.0,32.0,48.0,36.0,54.0,49.0,38.0,294.0,49.0,245.0,0.0,23.0,242.0,265.0,61.0,1.10943396226,2.13043478261,1.01239669421,10,9,16,40
2016-10-09 13:40:00,3.0,3.0,4.0,5.0,6.0,2.0,8.0,7.0,8.0,10.0,12.0,5.0,2.66666666667,2.33333333333,2.0,2.0,2.0,2.5,5.0,12.0,8.0,18.0,9.0,10.0,0.0,0.0,0.0,0.0,0.0,0.0,29.0,45.0,32.0,49.0,43.0,38.0,32.0,45.0,32.0,49.0,43.0,38.0,1.10344827586,1.0,1.0,1.0,1.0,1.0,40.0,52.0,40.0,59.0,55.0,43.0,1.25,1.08333333333,1.11111111111,1.09259259259,1.12244897959,1.075,32.0,48.0,36.0,54.0,49.0,40.0,33.0,289.0,50.0,239.0,0.0,23.0,236.0,259.0,62.0,1.11583011583,2.17391304348,1.01271186441,10,9,17,0
2016-10-09 14:00:00,3.0,4.0,5.0,6.0,2.0,4.0,7.0,8.0,10.0,12.0,5.0,8.0,2.33333333333,2.0,2.0,2.0,2.5,2.0,12.0,8.0,18.0,9.0,10.0,15.0,0.0,0.0,0.0,0.0,0.0,0.0,45.0,32.0,49.0,43.0,38.0,44.0,45.0,32.0,49.0,43.0,38.0,44.0,1.0,1.0,1.0,1.0,1.0,1.0,52.0,40.0,59.0,55.0,43.0,52.0,1.08333333333,1.11111111111,1.09259259259,1.12244897959,1.075,1.08333333333,48.0,36.0,54.0,49.0,40.0,48.0,28.0,301.0,50.0,251.0,0.0,24.0,251.0,275.0,72.0,1.09454545455,2.08333333333,1.0,10,9,17,20
2016-10-09 14:20:00,4.0,5.0,6.0,2.0,4.0,6.0,8.0,10.0,12.0,5.0,8.0,12.0,2.0,2.0,2.0,2.5,2.0,2.0,8.0,18.0,9.0,10.0,15.0,6.0,0.0,0.0,0.0,0.0,0.0,0.0,32.0,49.0,43.0,38.0,44.0,29.0,32.0,49.0,43.0,38.0,44.0,29.0,1.0,1.0,1.0,1.0,1.0,1.0,40.0,59.0,55.0,43.0,52.0,41.0,1.11111111111,1.09259259259,1.12244897959,1.075,1.08333333333,1.17142857143,36.0,54.0,49.0,40.0,48.0,35.0,32.0,290.0,55.0,235.0,0.0,27.0,235.0,262.0,66.0,1.10687022901,2.03703703704,1.0,10,9,17,40
2016-10-09 14:40:00,5.0,6.0,2.0,4.0,6.0,4.0,10.0,12.0,5.0,8.0,12.0,8.0,2.0,2.0,2.5,2.0,2.0,2.0,18.0,9.0,10.0,15.0,6.0,8.0,0.0,0.0,0.0,0.0,0.0,0.0,49.0,43.0,38.0,44.0,29.0,38.0,49.0,43.0,38.0,44.0,29.0,38.0,1.0,1.0,1.0,1.0,1.0,1.0,59.0,55.0,43.0,52.0,41.0,46.0,1.09259259259,1.12244897959,1.075,1.08333333333,1.17142857143,1.09523809524,54.0,49.0,40.0,48.0,35.0,42.0,20.0,296.0,55.0,241.0,0.0,27.0,241.0,268.0,66.0,1.10447761194,2.03703703704,1.0,10,9,18,0
2016-10-09 15:00:00,6.0,2.0,4.0,6.0,4.0,2.0,12.0,5.0,8.0,12.0,8.0,4.0,2.0,2.5,2.0,2.0,2.0,2.0,9.0,10.0,15.0,6.0,8.0,13.0,0.0,0.0,0.0,0.0,0.0,0.0,43.0,38.0,44.0,29.0,38.0,36.0,43.0,38.0,44.0,29.0,38.0,39.0,1.0,1.0,1.0,1.0,1.0,1.08333333333,55.0,43.0,52.0,41.0,46.0,43.0,1.12244897959,1.075,1.08333333333,1.17142857143,1.09523809524,1.13157894737,49.0,40.0,48.0,35.0,42.0,38.0,29.0,280.0,49.0,231.0,0.0,24.0,228.0,252.0,61.0,1.11111111111,2.04166666667,1.01315789474,10,9,18,20
2016-10-09 15:20:00,2.0,4.0,6.0,4.0,2.0,1.0,5.0,8.0,12.0,8.0,4.0,2.0,2.5,2.0,2.0,2.0,2.0,2.0,10.0,15.0,6.0,8.0,13.0,8.0,0.0,0.0,0.0,0.0,0.0,0.0,38.0,44.0,29.0,38.0,36.0,32.0,38.0,44.0,29.0,38.0,39.0,35.0,1.0,1.0,1.0,1.0,1.08333333333,1.09375,43.0,52.0,41.0,46.0,43.0,37.0,1.075,1.08333333333,1.17142857143,1.09523809524,1.13157894737,1.12121212121,40.0,48.0,35.0,42.0,38.0,33.0,23.0,262.0,39.0,223.0,0.0,19.0,217.0,236.0,60.0,1.11016949153,2.05263157895,1.02764976959,10,9,18,40
2016-10-09 15:40:00,4.0,6.0,4.0,2.0,1.0,0.0,8.0,12.0,8.0,4.0,2.0,0.0,2.0,2.0,2.0,2.0,2.0,0.0,15.0,6.0,8.0,13.0,8.0,11.0,0.0,0.0,0.0,0.0,0.0,0.0,44.0,29.0,38.0,36.0,32.0,28.0,44.0,29.0,38.0,39.0,35.0,28.0,1.0,1.0,1.0,1.08333333333,1.09375,1.0,52.0,41.0,46.0,43.0,37.0,28.0,1.08333333333,1.17142857143,1.09523809524,1.13157894737,1.12121212121,1.0,48.0,35.0,42.0,38.0,33.0,28.0,33.0,247.0,34.0,213.0,0.0,17.0,207.0,224.0,61.0,1.10267857143,2.0,1.02898550725,10,9,19,0
2016-10-09 16:00:00,6.0,4.0,2.0,1.0,0.0,5.0,12.0,8.0,4.0,2.0,0.0,11.0,2.0,2.0,2.0,2.0,0.0,2.2,6.0,8.0,13.0,8.0,11.0,14.0,0.0,0.0,0.0,0.0,0.0,0.0,29.0,38.0,36.0,32.0,28.0,27.0,29.0,38.0,39.0,35.0,28.0,27.0,1.0,1.0,1.08333333333,1.09375,1.0,1.0,41.0,46.0,43.0,37.0,28.0,38.0,1.17142857143,1.09523809524,1.13157894737,1.12121212121,1.0,1.1875,35.0,42.0,38.0,33.0,28.0,32.0,21.0,233.0,37.0,196.0,0.0,18.0,190.0,208.0,60.0,1.12019230769,2.05555555556,1.03157894737,10,9,19,20
2016-10-09 16:20:00,4.0,2.0,1.0,0.0,5.0,0.0,8.0,4.0,2.0,0.0,11.0,0.0,2.0,2.0,2.0,0.0,2.2,0.0,8.0,13.0,8.0,11.0,14.0,2.0,0.0,0.0,0.0,0.0,0.0,0.0,38.0,36.0,32.0,28.0,27.0,20.0,38.0,39.0,35.0,28.0,27.0,20.0,1.0,1.08333333333,1.09375,1.0,1.0,1.0,46.0,43.0,37.0,28.0,38.0,20.0,1.09523809524,1.13157894737,1.12121212121,1.0,1.1875,1.0,42.0,38.0,33.0,28.0,32.0,20.0,20.0,212.0,25.0,187.0,0.0,12.0,181.0,193.0,56.0,1.09844559585,2.08333333333,1.03314917127,10,9,19,40
2016-10-09 16:40:00,2.0,1.0,0.0,5.0,0.0,1.0,4.0,2.0,0.0,11.0,0.0,2.0,2.0,2.0,0.0,2.2,0.0,2.0,13.0,8.0,11.0,14.0,2.0,8.0,0.0,0.0,0.0,0.0,0.0,0.0,36.0,32.0,28.0,27.0,20.0,28.0,39.0,35.0,28.0,27.0,20.0,28.0,1.08333333333,1.09375,1.0,1.0,1.0,1.0,43.0,37.0,28.0,38.0,20.0,30.0,1.13157894737,1.12121212121,1.0,1.1875,1.0,1.03448275862,38.0,33.0,28.0,32.0,20.0,29.0,15.0,196.0,19.0,177.0,0.0,9.0,171.0,180.0,56.0,1.08888888889,2.11111111111,1.0350877193,10,9,20,0
2016-10-09 17:00:00,1.0,0.0,5.0,0.0,1.0,3.0,2.0,0.0,11.0,0.0,2.0,6.0,2.0,0.0,2.2,0.0,2.0,2.0,8.0,11.0,14.0,2.0,8.0,4.0,0.0,0.0,0.0,0.0,0.0,0.0,32.0,28.0,27.0,20.0,28.0,20.0,35.0,28.0,27.0,20.0,28.0,20.0,1.09375,1.0,1.0,1.0,1.0,1.0,37.0,28.0,38.0,20.0,30.0,26.0,1.12121212121,1.0,1.1875,1.0,1.03448275862,1.13043478261,33.0,28.0,32.0,20.0,29.0,23.0,26.0,179.0,21.0,158.0,0.0,10.0,155.0,165.0,47.0,1.08484848485,2.1,1.01935483871,10,9,20,20
2016-10-09 17:20:00,0.0,5.0,0.0,1.0,3.0,1.0,0.0,11.0,0.0,2.0,6.0,2.0,0.0,2.2,0.0,2.0,2.0,2.0,11.0,14.0,2.0,8.0,4.0,11.0,0.0,0.0,0.0,0.0,0.0,0.0,28.0,27.0,20.0,28.0,20.0,32.0,28.0,27.0,20.0,28.0,20.0,32.0,1.0,1.0,1.0,1.0,1.0,1.0,28.0,38.0,20.0,30.0,26.0,34.0,1.0,1.1875,1.0,1.03448275862,1.13043478261,1.0303030303,28.0,32.0,20.0,29.0,23.0,33.0,19.0,176.0,21.0,155.0,0.0,10.0,155.0,165.0,50.0,1.06666666667,2.1,1.0,10,9,20,40
2016-10-09 17:40:00,5.0,0.0,1.0,3.0,1.0,0.0,11.0,0.0,2.0,6.0,2.0,0.0,2.2,0.0,2.0,2.0,2.0,0.0,14.0,2.0,8.0,4.0,11.0,6.0,0.0,0.0,0.0,0.0,0.0,0.0,27.0,20.0,28.0,20.0,32.0,21.0,27.0,20.0,28.0,20.0,32.0,21.0,1.0,1.0,1.0,1.0,1.0,1.0,38.0,20.0,30.0,26.0,34.0,21.0,1.1875,1.0,1.03448275862,1.13043478261,1.0303030303,1.0,32.0,20.0,29.0,23.0,33.0,21.0,22.0,169.0,21.0,148.0,0.0,10.0,148.0,158.0,45.0,1.06962025316,2.1,1.0,10,9,21,0
2016-10-09 18:00:00,0.0,1.0,3.0,1.0,0.0,1.0,0.0,2.0,6.0,2.0,0.0,2.0,0.0,2.0,2.0,2.0,0.0,2.0,2.0,8.0,4.0,11.0,6.0,5.0,0.0,0.0,0.0,0.0,0.0,0.0,20.0,28.0,20.0,32.0,21.0,19.0,20.0,28.0,20.0,32.0,21.0,19.0,1.0,1.0,1.0,1.0,1.0,1.0,20.0,30.0,26.0,34.0,21.0,21.0,1.0,1.03448275862,1.13043478261,1.0303030303,1.0,1.05,20.0,29.0,23.0,33.0,21.0,20.0,16.0,152.0,12.0,140.0,0.0,6.0,140.0,146.0,36.0,1.04109589041,2.0,1.0,10,9,21,20
2016-10-09 18:20:00,1.0,3.0,1.0,0.0,1.0,0.0,2.0,6.0,2.0,0.0,2.0,0.0,2.0,2.0,2.0,0.0,2.0,0.0,8.0,4.0,11.0,6.0,5.0,5.0,0.0,0.0,0.0,0.0,0.0,0.0,28.0,20.0,32.0,21.0,19.0,15.0,28.0,20.0,32.0,21.0,19.0,15.0,1.0,1.0,1.0,1.0,1.0,1.0,30.0,26.0,34.0,21.0,21.0,15.0,1.03448275862,1.13043478261,1.0303030303,1.0,1.05,1.0,29.0,23.0,33.0,21.0,20.0,15.0,17.0,147.0,12.0,135.0,0.0,6.0,135.0,141.0,39.0,1.04255319149,2.0,1.0,10,9,21,40
2016-10-09 18:40:00,3.0,1.0,0.0,1.0,0.0,2.0,6.0,2.0,0.0,2.0,0.0,4.0,2.0,2.0,0.0,2.0,0.0,2.0,4.0,11.0,6.0,5.0,5.0,5.0,0.0,0.0,0.0,0.0,0.0,0.0,20.0,32.0,21.0,19.0,15.0,24.0,20.0,32.0,21.0,19.0,15.0,24.0,1.0,1.0,1.0,1.0,1.0,1.0,26.0,34.0,21.0,21.0,15.0,28.0,1.13043478261,1.0303030303,1.0,1.05,1.0,1.07692307692,23.0,33.0,21.0,20.0,15.0,26.0,4.0,145.0,14.0,131.0,0.0,7.0,131.0,138.0,36.0,1.05072463768,2.0,1.0,10,9,22,0
2016-10-09 19:00:00,1.0,0.0,1.0,0.0,2.0,4.0,2.0,0.0,2.0,0.0,4.0,8.0,2.0,0.0,2.0,0.0,2.0,2.0,11.0,6.0,5.0,5.0,5.0,6.0,0.0,0.0,0.0,0.0,0.0,0.0,32.0,21.0,19.0,15.0,24.0,15.0,32.0,21.0,19.0,15.0,24.0,15.0,1.0,1.0,1.0,1.0,1.0,1.0,34.0,21.0,21.0,15.0,28.0,23.0,1.0303030303,1.0,1.05,1.0,1.07692307692,1.21052631579,33.0,21.0,20.0,15.0,26.0,19.0,6.0,142.0,16.0,126.0,0.0,8.0,126.0,134.0,38.0,1.05970149254,2.0,1.0,10,9,22,20
2016-10-09 19:20:00,0.0,1.0,0.0,2.0,4.0,2.0,0.0,2.0,0.0,4.0,8.0,4.0,0.0,2.0,0.0,2.0,2.0,2.0,6.0,5.0,5.0,5.0,6.0,6.0,0.0,0.0,0.0,0.0,0.0,0.0,21.0,19.0,15.0,24.0,15.0,20.0,21.0,19.0,15.0,24.0,15.0,20.0,1.0,1.0,1.0,1.0,1.0,1.0,21.0,21.0,15.0,28.0,23.0,24.0,1.0,1.05,1.0,1.07692307692,1.21052631579,1.09090909091,21.0,20.0,15.0,26.0,19.0,22.0,10.0,132.0,18.0,114.0,0.0,9.0,114.0,123.0,33.0,1.07317073171,2.0,1.0,10,9,22,40
2016-10-09 19:40:00,1.0,0.0,2.0,4.0,2.0,1.0,2.0,0.0,4.0,8.0,4.0,2.0,2.0,0.0,2.0,2.0,2.0,2.0,5.0,5.0,5.0,6.0,6.0,3.0,0.0,0.0,0.0,0.0,0.0,0.0,19.0,15.0,24.0,15.0,20.0,15.0,19.0,15.0,24.0,15.0,20.0,15.0,1.0,1.0,1.0,1.0,1.0,1.0,21.0,15.0,28.0,23.0,24.0,17.0,1.05,1.0,1.07692307692,1.21052631579,1.09090909091,1.0625,20.0,15.0,26.0,19.0,22.0,16.0,3.0,128.0,20.0,108.0,0.0,10.0,108.0,118.0,30.0,1.08474576271,2.0,1.0,10,9,23,0
2016-10-09 20:00:00,0.0,2.0,4.0,2.0,1.0,1.0,0.0,4.0,8.0,4.0,2.0,2.0,0.0,2.0,2.0,2.0,2.0,2.0,5.0,5.0,6.0,6.0,3.0,7.0,0.0,0.0,0.0,0.0,0.0,0.0,15.0,24.0,15.0,20.0,15.0,16.0,15.0,24.0,15.0,20.0,15.0,16.0,1.0,1.0,1.0,1.0,1.0,1.0,15.0,28.0,23.0,24.0,17.0,18.0,1.0,1.07692307692,1.21052631579,1.09090909091,1.0625,1.05882352941,15.0,26.0,19.0,22.0,16.0,17.0,6.0,125.0,20.0,105.0,0.0,10.0,105.0,115.0,32.0,1.08695652174,2.0,1.0,10,9,23,20
2016-10-09 20:20:00,2.0,4.0,2.0,1.0,1.0,1.0,4.0,8.0,4.0,2.0,2.0,2.0,2.0,2.0,2.0,2.0,2.0,2.0,5.0,6.0,6.0,3.0,7.0,1.0,0.0,0.0,0.0,0.0,0.0,0.0,24.0,15.0,20.0,15.0,16.0,3.0,24.0,15.0,20.0,15.0,16.0,3.0,1.0,1.0,1.0,1.0,1.0,1.0,28.0,23.0,24.0,17.0,18.0,5.0,1.07692307692,1.21052631579,1.09090909091,1.0625,1.05882352941,1.25,26.0,19.0,22.0,16.0,17.0,4.0,13.0,115.0,22.0,93.0,0.0,11.0,93.0,104.0,28.0,1.10576923077,2.0,1.0,10,9,23,40
2016-10-09 20:40:00,4.0,2.0,1.0,1.0,1.0,1.0,8.0,4.0,2.0,2.0,2.0,2.0,2.0,2.0,2.0,2.0,2.0,2.0,6.0,6.0,3.0,7.0,1.0,1.0,0.0,0.0,0.0,0.0,0.0,0.0,15.0,20.0,15.0,16.0,3.0,5.0,15.0,20.0,15.0,16.0,3.0,5.0,1.0,1.0,1.0,1.0,1.0,1.0,23.0,24.0,17.0,18.0,5.0,7.0,1.21052631579,1.09090909091,1.0625,1.05882352941,1.25,1.16666666667,19.0,22.0,16.0,17.0,4.0,6.0,16.0,94.0,20.0,74.0,0.0,10.0,74.0,84.0,24.0,1.11904761905,2.0,1.0,10,10,0,0
2016-10-09 21:00:00,2.0,1.0,1.0,1.0,1.0,1.0,4.0,2.0,2.0,2.0,2.0,2.0,2.0,2.0,2.0,2.0,2.0,2.0,6.0,3.0,7.0,1.0,1.0,2.0,0.0,0.0,0.0,0.0,0.0,0.0,20.0,15.0,16.0,3.0,5.0,9.0,20.0,15.0,16.0,3.0,5.0,9.0,1.0,1.0,1.0,1.0,1.0,1.0,24.0,17.0,18.0,5.0,7.0,11.0,1.09090909091,1.0625,1.05882352941,1.25,1.16666666667,1.1,22.0,16.0,17.0,4.0,6.0,10.0,11.0,82.0,14.0,68.0,0.0,7.0,68.0,75.0,20.0,1.09333333333,2.0,1.0,10,10,0,20
2016-10-09 21:20:00,1.0,1.0,1.0,1.0,1.0,0.0,2.0,2.0,2.0,2.0,2.0,0.0,2.0,2.0,2.0,2.0,2.0,0.0,3.0,7.0,1.0,1.0,2.0,2.0,0.0,0.0,0.0,0.0,0.0,0.0,15.0,16.0,3.0,5.0,9.0,3.0,15.0,16.0,3.0,5.0,9.0,3.0,1.0,1.0,1.0,1.0,1.0,1.0,17.0,18.0,5.0,7.0,11.0,3.0,1.0625,1.05882352941,1.25,1.16666666667,1.1,1.0,16.0,17.0,4.0,6.0,10.0,3.0,7.0,61.0,10.0,51.0,0.0,5.0,51.0,56.0,16.0,1.08928571429,2.0,1.0,10,10,0,40
2016-10-09 21:40:00,1.0,1.0,1.0,1.0,0.0,1.0,2.0,2.0,2.0,2.0,0.0,2.0,2.0,2.0,2.0,2.0,0.0,2.0,7.0,1.0,1.0,2.0,2.0,0.0,0.0,0.0,0.0,0.0,0.0,0.0,16.0,3.0,5.0,9.0,3.0,5.0,16.0,3.0,5.0,9.0,3.0,5.0,1.0,1.0,1.0,1.0,1.0,1.0,18.0,5.0,7.0,11.0,3.0,7.0,1.05882352941,1.25,1.16666666667,1.1,1.0,1.16666666667,17.0,4.0,6.0,10.0,3.0,6.0,4.0,51.0,10.0,41.0,0.0,5.0,41.0,46.0,13.0,1.10869565217,2.0,1.0,10,10,1,0
2016-10-09 22:00:00,1.0,1.0,1.0,0.0,1.0,4.0,2.0,2.0,2.0,0.0,2.0,12.0,2.0,2.0,2.0,0.0,2.0,3.0,1.0,1.0,2.0,2.0,0.0,1.0,0.0,0.0,0.0,0.0,0.0,0.0,3.0,5.0,9.0,3.0,5.0,9.0,3.0,5.0,9.0,3.0,5.0,9.0,1.0,1.0,1.0,1.0,1.0,1.0,5.0,7.0,11.0,3.0,7.0,21.0,1.25,1.16666666667,1.1,1.0,1.16666666667,1.61538461538,4.0,6.0,10.0,3.0,6.0,13.0,7.0,54.0,20.0,34.0,0.0,8.0,34.0,42.0,7.0,1.28571428571,2.5,1.0,10,10,1,20
2016-10-09 22:20:00,1.0,1.0,0.0,1.0,4.0,11.0,2.0,2.0,0.0,2.0,12.0,36.0,2.0,2.0,0.0,2.0,3.0,3.27272727273,1.0,2.0,2.0,0.0,1.0,1.0,0.0,0.0,0.0,0.0,0.0,0.0,5.0,9.0,3.0,5.0,9.0,5.0,5.0,9.0,3.0,5.0,9.0,5.0,1.0,1.0,1.0,1.0,1.0,1.0,7.0,11.0,3.0,7.0,21.0,41.0,1.16666666667,1.1,1.0,1.16666666667,1.61538461538,2.5625,6.0,10.0,3.0,6.0,13.0,16.0,6.0,90.0,54.0,36.0,0.0,18.0,36.0,54.0,7.0,1.66666666667,3.0,1.0,10,10,1,40
2016-10-09 22:40:00,1.0,0.0,1.0,4.0,11.0,2.0,2.0,0.0,2.0,12.0,36.0,7.0,2.0,0.0,2.0,3.0,3.27272727273,3.5,2.0,2.0,0.0,1.0,1.0,2.0,0.0,0.0,0.0,0.0,0.0,0.0,9.0,3.0,5.0,9.0,5.0,9.0,9.0,3.0,5.0,9.0,5.0,9.0,1.0,1.0,1.0,1.0,1.0,1.0,11.0,3.0,7.0,21.0,41.0,16.0,1.1,1.0,1.16666666667,1.61538461538,2.5625,1.45454545455,10.0,3.0,6.0,13.0,16.0,11.0,9.0,99.0,59.0,40.0,0.0,19.0,40.0,59.0,8.0,1.67796610169,3.10526315789,1.0,10,10,2,0
2016-10-09 23:20:00,0.0,1.0,4.0,11.0,2.0,2.0,0.0,2.0,12.0,36.0,7.0,6.0,0.0,2.0,3.0,3.27272727273,3.5,3.0,2.0,0.0,1.0,1.0,2.0,0.0,0.0,0.0,0.0,0.0,0.0,0.0,3.0,5.0,9.0,5.0,9.0,5.0,3.0,5.0,9.0,5.0,9.0,5.0,1.0,1.0,1.0,1.0,1.0,1.0,3.0,7.0,21.0,41.0,16.0,11.0,1.0,1.16666666667,1.61538461538,2.5625,1.45454545455,1.57142857143,3.0,6.0,13.0,16.0,11.0,7.0,12.0,99.0,63.0,36.0,0.0,20.0,36.0,56.0,6.0,1.76785714286,3.15,1.0,10,10,2,40
2016-10-09 23:40:00,1.0,4.0,11.0,2.0,2.0,1.0,2.0,12.0,36.0,7.0,6.0,2.0,2.0,3.0,3.27272727273,3.5,3.0,2.0,0.0,1.0,1.0,2.0,0.0,0.0,0.0,0.0,0.0,0.0,0.0,0.0,5.0,9.0,5.0,9.0,5.0,3.0,5.0,9.0,5.0,9.0,5.0,3.0,1.0,1.0,1.0,1.0,1.0,1.0,7.0,21.0,41.0,16.0,11.0,5.0,1.16666666667,1.61538461538,2.5625,1.45454545455,1.57142857143,1.25,6.0,13.0,16.0,11.0,7.0,4.0,7.0,101.0,65.0,36.0,0.0,21.0,36.0,57.0,4.0,1.77192982456,3.09523809524,1.0,10,10,3,0
2016-10-10 00:00:00,4.0,11.0,2.0,2.0,1.0,2.0,12.0,36.0,7.0,6.0,2.0,6.0,3.0,3.27272727273,3.5,3.0,2.0,3.0,1.0,1.0,2.0,0.0,0.0,2.0,0.0,0.0,0.0,0.0,0.0,0.0,9.0,5.0,9.0,5.0,3.0,5.0,9.0,5.0,9.0,5.0,3.0,5.0,1.0,1.0,1.0,1.0,1.0,1.0,21.0,41.0,16.0,11.0,5.0,11.0,1.61538461538,2.5625,1.45454545455,1.57142857143,1.25,1.57142857143,13.0,16.0,11.0,7.0,4.0,7.0,6.0,105.0,69.0,36.0,0.0,22.0,36.0,58.0,6.0,1.81034482759,3.13636363636,1.0,10,10,3,20
2016-10-10 00:20:00,11.0,2.0,2.0,1.0,2.0,3.0,36.0,7.0,6.0,2.0,6.0,9.0,3.27272727273,3.5,3.0,2.0,3.0,3.0,1.0,2.0,0.0,0.0,2.0,1.0,0.0,0.0,0.0,0.0,0.0,0.0,5.0,9.0,5.0,3.0,5.0,3.0,5.0,9.0,5.0,3.0,5.0,3.0,1.0,1.0,1.0,1.0,1.0,1.0,41.0,16.0,11.0,5.0,11.0,12.0,2.5625,1.45454545455,1.57142857143,1.25,1.57142857143,2.0,16.0,11.0,7.0,4.0,7.0,6.0,8.0,96.0,66.0,30.0,0.0,21.0,30.0,51.0,6.0,1.88235294118,3.14285714286,1.0,10,10,3,40
2016-10-10 00:40:00,2.0,2.0,1.0,2.0,3.0,4.0,7.0,6.0,2.0,6.0,9.0,15.0,3.5,3.0,2.0,3.0,3.0,3.75,2.0,0.0,0.0,2.0,1.0,1.0,0.0,0.0,0.0,0.0,0.0,0.0,9.0,5.0,3.0,5.0,3.0,5.0,9.0,5.0,3.0,5.0,3.0,5.0,1.0,1.0,1.0,1.0,1.0,1.0,16.0,11.0,5.0,11.0,12.0,20.0,1.45454545455,1.57142857143,1.25,1.57142857143,2.0,2.22222222222,11.0,7.0,4.0,7.0,6.0,9.0,2.0,75.0,45.0,30.0,0.0,14.0,30.0,44.0,6.0,1.70454545455,3.21428571429,1.0,10,10,4,0
2016-10-10 01:00:00,2.0,1.0,2.0,3.0,4.0,6.0,6.0,2.0,6.0,9.0,15.0,28.0,3.0,2.0,3.0,3.0,3.75,4.66666666667,0.0,0.0,2.0,1.0,1.0,1.0,0.0,0.0,0.0,0.0,0.0,0.0,5.0,3.0,5.0,3.0,5.0,6.0,5.0,3.0,5.0,3.0,5.0,9.0,1.0,1.0,1.0,1.0,1.0,1.5,11.0,5.0,11.0,12.0,20.0,37.0,1.57142857143,1.25,1.57142857143,2.0,2.22222222222,3.08333333333,7.0,4.0,7.0,6.0,9.0,12.0,16.0,96.0,66.0,30.0,0.0,18.0,27.0,45.0,5.0,2.13333333333,3.66666666667,1.11111111111,10,10,4,20
2016-10-10 01:20:00,1.0,2.0,3.0,4.0,6.0,4.0,2.0,6.0,9.0,15.0,28.0,14.0,2.0,3.0,3.0,3.75,4.66666666667,3.5,0.0,2.0,1.0,1.0,1.0,1.0,0.0,0.0,0.0,0.0,0.0,0.0,3.0,5.0,3.0,5.0,6.0,3.0,3.0,5.0,3.0,5.0,9.0,3.0,1.0,1.0,1.0,1.0,1.5,1.0,5.0,11.0,12.0,20.0,37.0,17.0,1.25,1.57142857143,2.0,2.22222222222,3.08333333333,2.42857142857,4.0,7.0,6.0,9.0,12.0,7.0,7.0,102.0,74.0,28.0,0.0,20.0,25.0,45.0,6.0,2.26666666667,3.7,1.12,10,10,4,40
2016-10-10 01:40:00,2.0,3.0,4.0,6.0,4.0,3.0,6.0,9.0,15.0,28.0,14.0,7.0,3.0,3.0,3.75,4.66666666667,3.5,2.33333333333,2.0,1.0,1.0,1.0,1.0,0.0,0.0,0.0,0.0,0.0,0.0,0.0,5.0,3.0,5.0,6.0,3.0,3.0,5.0,3.0,5.0,9.0,3.0,3.0,1.0,1.0,1.0,1.5,1.0,1.0,11.0,12.0,20.0,37.0,17.0,10.0,1.57142857143,2.0,2.22222222222,3.08333333333,2.42857142857,1.66666666667,7.0,6.0,9.0,12.0,7.0,6.0,2.0,107.0,79.0,28.0,0.0,22.0,25.0,47.0,6.0,2.27659574468,3.59090909091,1.12,10,10,5,0
2016-10-10 02:00:00,3.0,4.0,6.0,4.0,3.0,3.0,9.0,15.0,28.0,14.0,7.0,13.0,3.0,3.75,4.66666666667,3.5,2.33333333333,4.33333333333,1.0,1.0,1.0,1.0,0.0,2.0,0.0,0.0,0.0,0.0,0.0,0.0,3.0,5.0,6.0,3.0,3.0,5.0,3.0,5.0,9.0,3.0,3.0,5.0,1.0,1.0,1.5,1.0,1.0,1.0,12.0,20.0,37.0,17.0,10.0,18.0,2.0,2.22222222222,3.08333333333,2.42857142857,1.66666666667,2.25,6.0,9.0,12.0,7.0,6.0,8.0,3.0,114.0,86.0,28.0,0.0,23.0,25.0,48.0,6.0,2.375,3.73913043478,1.12,10,10,5,20
2016-10-10 02:20:00,4.0,6.0,4.0,3.0,3.0,1.0,15.0,28.0,14.0,7.0,13.0,5.0,3.75,4.66666666667,3.5,2.33333333333,4.33333333333,5.0,1.0,1.0,1.0,0.0,2.0,0.0,0.0,0.0,0.0,0.0,0.0,0.0,5.0,6.0,3.0,3.0,5.0,1.0,5.0,9.0,3.0,3.0,5.0,1.0,1.0,1.5,1.0,1.0,1.0,1.0,20.0,37.0,17.0,10.0,18.0,6.0,2.22222222222,3.08333333333,2.42857142857,1.66666666667,2.25,3.0,9.0,12.0,7.0,6.0,8.0,2.0,9.0,108.0,82.0,26.0,0.0,21.0,23.0,44.0,5.0,2.45454545455,3.90476190476,1.13043478261,10,10,5,40
2016-10-10 02:40:00,6.0,4.0,3.0,3.0,1.0,8.0,28.0,14.0,7.0,13.0,5.0,31.0,4.66666666667,3.5,2.33333333333,4.33333333333,5.0,3.875,1.0,1.0,0.0,2.0,0.0,1.0,0.0,0.0,0.0,0.0,0.0,0.0,6.0,3.0,3.0,5.0,1.0,8.0,9.0,3.0,3.0,5.0,1.0,8.0,1.5,1.0,1.0,1.0,1.0,1.0,37.0,17.0,10.0,18.0,6.0,39.0,3.08333333333,2.42857142857,1.66666666667,2.25,3.0,2.4375,12.0,7.0,6.0,8.0,2.0,16.0,13.0,127.0,98.0,29.0,0.0,25.0,26.0,51.0,5.0,2.49019607843,3.92,1.11538461538,10,10,6,0
2016-10-10 03:00:00,4.0,3.0,3.0,1.0,8.0,4.0,14.0,7.0,13.0,5.0,31.0,14.0,3.5,2.33333333333,4.33333333333,5.0,3.875,3.5,1.0,0.0,2.0,0.0,1.0,0.0,0.0,0.0,0.0,0.0,0.0,0.0,3.0,3.0,5.0,1.0,8.0,3.0,3.0,3.0,5.0,1.0,8.0,3.0,1.0,1.0,1.0,1.0,1.0,1.0,17.0,10.0,18.0,6.0,39.0,17.0,2.42857142857,1.66666666667,2.25,3.0,2.4375,2.42857142857,7.0,6.0,8.0,2.0,16.0,7.0,13.0,107.0,84.0,23.0,0.0,23.0,23.0,46.0,4.0,2.32608695652,3.65217391304,1.0,10,10,6,20
2016-10-10 03:20:00,3.0,3.0,1.0,8.0,4.0,0.0,7.0,13.0,5.0,31.0,14.0,0.0,2.33333333333,4.33333333333,5.0,3.875,3.5,0.0,0.0,2.0,0.0,1.0,0.0,0.0,0.0,0.0,0.0,0.0,0.0,0.0,3.0,5.0,1.0,8.0,3.0,2.0,3.0,5.0,1.0,8.0,3.0,2.0,1.0,1.0,1.0,1.0,1.0,1.0,10.0,18.0,6.0,39.0,17.0,2.0,1.66666666667,2.25,3.0,2.4375,2.42857142857,1.0,6.0,8.0,2.0,16.0,7.0,2.0,18.0,92.0,70.0,22.0,0.0,19.0,22.0,41.0,3.0,2.24390243902,3.68421052632,1.0,10,10,6,40
2016-10-10 03:40:00,3.0,1.0,8.0,4.0,0.0,3.0,13.0,5.0,31.0,14.0,0.0,9.0,4.33333333333,5.0,3.875,3.5,0.0,3.0,2.0,0.0,1.0,0.0,0.0,0.0,0.0,0.0,0.0,0.0,0.0,0.0,5.0,1.0,8.0,3.0,2.0,0.0,5.0,1.0,8.0,3.0,2.0,0.0,1.0,1.0,1.0,1.0,1.0,0.0,18.0,6.0,39.0,17.0,2.0,9.0,2.25,3.0,2.4375,2.42857142857,1.0,3.0,8.0,2.0,16.0,7.0,2.0,3.0,34.0,91.0,72.0,19.0,0.0,19.0,19.0,38.0,3.0,2.39473684211,3.78947368421,1.0,10,10,7,0
2016-10-10 04:00:00,1.0,8.0,4.0,0.0,3.0,3.0,5.0,31.0,14.0,0.0,9.0,6.0,5.0,3.875,3.5,0.0,3.0,2.0,0.0,1.0,0.0,0.0,0.0,1.0,0.0,0.0,0.0,0.0,0.0,0.0,1.0,8.0,3.0,2.0,0.0,6.0,1.0,8.0,3.0,2.0,0.0,6.0,1.0,1.0,1.0,1.0,0.0,1.0,6.0,39.0,17.0,2.0,9.0,12.0,3.0,2.4375,2.42857142857,1.0,3.0,1.33333333333,2.0,16.0,7.0,2.0,3.0,9.0,40.0,85.0,65.0,20.0,0.0,19.0,20.0,39.0,2.0,2.17948717949,3.42105263158,1.0,10,10,7,20
2016-10-10 04:20:00,8.0,4.0,0.0,3.0,3.0,2.0,31.0,14.0,0.0,9.0,6.0,4.0,3.875,3.5,0.0,3.0,2.0,2.0,1.0,0.0,0.0,0.0,1.0,2.0,0.0,0.0,0.0,0.0,0.0,0.0,8.0,3.0,2.0,0.0,6.0,11.0,8.0,3.0,2.0,0.0,6.0,11.0,1.0,1.0,1.0,0.0,1.0,1.0,39.0,17.0,2.0,9.0,12.0,15.0,2.4375,2.42857142857,1.0,3.0,1.33333333333,1.15384615385,16.0,7.0,2.0,3.0,9.0,13.0,37.0,94.0,64.0,30.0,0.0,20.0,30.0,50.0,4.0,1.88,3.2,1.0,10,10,7,40
2016-10-10 04:40:00,4.0,0.0,3.0,3.0,2.0,2.0,14.0,0.0,9.0,6.0,4.0,4.0,3.5,0.0,3.0,2.0,2.0,2.0,0.0,0.0,0.0,1.0,2.0,5.0,0.0,0.0,0.0,0.0,0.0,0.0,3.0,2.0,0.0,6.0,11.0,11.0,3.0,2.0,0.0,6.0,11.0,11.0,1.0,1.0,0.0,1.0,1.0,1.0,17.0,2.0,9.0,12.0,15.0,15.0,2.42857142857,1.0,3.0,1.33333333333,1.15384615385,1.15384615385,7.0,2.0,3.0,9.0,13.0,13.0,47.0,70.0,37.0,33.0,0.0,14.0,33.0,47.0,8.0,1.48936170213,2.64285714286,1.0,10,10,8,0
2016-10-10 05:00:00,0.0,3.0,3.0,2.0,2.0,5.0,0.0,9.0,6.0,4.0,4.0,12.0,0.0,3.0,2.0,2.0,2.0,2.4,0.0,0.0,1.0,2.0,5.0,7.0,0.0,0.0,0.0,0.0,0.0,0.0,2.0,0.0,6.0,11.0,11.0,13.0,2.0,0.0,6.0,11.0,11.0,16.0,1.0,0.0,1.0,1.0,1.0,1.23076923077,2.0,9.0,12.0,15.0,15.0,28.0,1.0,3.0,1.33333333333,1.15384615385,1.15384615385,1.55555555556,2.0,3.0,9.0,13.0,13.0,18.0,44.0,81.0,35.0,46.0,0.0,15.0,43.0,58.0,15.0,1.39655172414,2.33333333333,1.06976744186,10,10,8,20
2016-10-10 05:20:00,3.0,3.0,2.0,2.0,5.0,6.0,9.0,6.0,4.0,4.0,12.0,12.0,3.0,2.0,2.0,2.0,2.4,2.0,0.0,1.0,2.0,5.0,7.0,7.0,0.0,0.0,0.0,0.0,0.0,0.0,0.0,6.0,11.0,11.0,13.0,28.0,0.0,6.0,11.0,11.0,16.0,31.0,0.0,1.0,1.0,1.0,1.23076923077,1.10714285714,9.0,12.0,15.0,15.0,28.0,43.0,3.0,1.33333333333,1.15384615385,1.15384615385,1.55555555556,1.26470588235,3.0,9.0,13.0,13.0,18.0,34.0,57.0,122.0,47.0,75.0,0.0,21.0,69.0,90.0,22.0,1.35555555556,2.2380952381,1.08695652174,10,10,8,40
2016-10-10 05:40:00,3.0,2.0,2.0,5.0,6.0,2.0,6.0,4.0,4.0,12.0,12.0,4.0,2.0,2.0,2.0,2.4,2.0,2.0,1.0,2.0,5.0,7.0,7.0,14.0,0.0,0.0,0.0,0.0,0.0,0.0,6.0,11.0,11.0,13.0,28.0,38.0,6.0,11.0,11.0,16.0,31.0,38.0,1.0,1.0,1.0,1.23076923077,1.10714285714,1.0,12.0,15.0,15.0,28.0,43.0,42.0,1.33333333333,1.15384615385,1.15384615385,1.55555555556,1.26470588235,1.05,9.0,13.0,13.0,18.0,34.0,40.0,51.0,155.0,42.0,113.0,0.0,20.0,107.0,127.0,36.0,1.22047244094,2.1,1.05607476636,10,10,9,0
2016-10-10 06:00:00,2.0,2.0,5.0,6.0,2.0,2.0,4.0,4.0,12.0,12.0,4.0,4.0,2.0,2.0,2.4,2.0,2.0,2.0,2.0,5.0,7.0,7.0,14.0,10.0,0.0,0.0,0.0,0.0,0.0,0.0,11.0,11.0,13.0,28.0,38.0,35.0,11.0,11.0,16.0,31.0,38.0,35.0,1.0,1.0,1.23076923077,1.10714285714,1.0,1.0,15.0,15.0,28.0,43.0,42.0,39.0,1.15384615385,1.15384615385,1.55555555556,1.26470588235,1.05,1.05405405405,13.0,13.0,18.0,34.0,40.0,37.0,44.0,182.0,40.0,142.0,0.0,19.0,136.0,155.0,45.0,1.17419354839,2.10526315789,1.04411764706,10,10,9,20
2016-10-10 06:20:00,2.0,5.0,6.0,2.0,2.0,4.0,4.0,12.0,12.0,4.0,4.0,9.0,2.0,2.4,2.0,2.0,2.0,2.25,5.0,7.0,7.0,14.0,10.0,19.0,0.0,0.0,0.0,0.0,0.0,0.0,11.0,13.0,28.0,38.0,35.0,43.0,11.0,16.0,31.0,38.0,35.0,43.0,1.0,1.23076923077,1.10714285714,1.0,1.0,1.0,15.0,28.0,43.0,42.0,39.0,52.0,1.15384615385,1.55555555556,1.26470588235,1.05,1.05405405405,1.10638297872,13.0,18.0,34.0,40.0,37.0,47.0,53.0,219.0,45.0,174.0,0.0,21.0,168.0,189.0,62.0,1.15873015873,2.14285714286,1.03571428571,10,10,9,40
2016-10-10 06:40:00,5.0,6.0,2.0,2.0,4.0,3.0,12.0,12.0,4.0,4.0,9.0,7.0,2.4,2.0,2.0,2.0,2.25,2.33333333333,7.0,7.0,14.0,10.0,19.0,9.0,0.0,0.0,0.0,0.0,0.0,0.0,13.0,28.0,38.0,35.0,43.0,41.0,16.0,31.0,38.0,35.0,43.0,44.0,1.23076923077,1.10714285714,1.0,1.0,1.0,1.07317073171,28.0,43.0,42.0,39.0,52.0,51.0,1.55555555556,1.26470588235,1.05,1.05405405405,1.10638297872,1.15909090909,18.0,34.0,40.0,37.0,47.0,44.0,35.0,255.0,48.0,207.0,0.0,22.0,198.0,220.0,66.0,1.15909090909,2.18181818182,1.04545454545,10,10,10,0
2016-10-10 07:00:00,6.0,2.0,2.0,4.0,3.0,5.0,12.0,4.0,4.0,9.0,7.0,11.0,2.0,2.0,2.0,2.25,2.33333333333,2.2,7.0,14.0,10.0,19.0,9.0,18.0,0.0,0.0,0.0,0.0,0.0,0.0,28.0,38.0,35.0,43.0,41.0,52.0,31.0,38.0,35.0,43.0,44.0,52.0,1.10714285714,1.0,1.0,1.0,1.07317073171,1.0,43.0,42.0,39.0,52.0,51.0,63.0,1.26470588235,1.05,1.05405405405,1.10638297872,1.15909090909,1.10526315789,34.0,40.0,37.0,47.0,44.0,57.0,42.0,290.0,47.0,243.0,0.0,22.0,237.0,259.0,77.0,1.11969111969,2.13636363636,1.0253164557,10,10,10,20
2016-10-10 07:20:00,2.0,2.0,4.0,3.0,5.0,5.0,4.0,4.0,9.0,7.0,11.0,10.0,2.0,2.0,2.25,2.33333333333,2.2,2.0,14.0,10.0,19.0,9.0,18.0,10.0,0.0,0.0,0.0,0.0,0.0,0.0,38.0,35.0,43.0,41.0,52.0,46.0,38.0,35.0,43.0,44.0,52.0,46.0,1.0,1.0,1.0,1.07317073171,1.0,1.0,42.0,39.0,52.0,51.0,63.0,56.0,1.05,1.05405405405,1.10638297872,1.15909090909,1.10526315789,1.09803921569,40.0,37.0,47.0,44.0,57.0,51.0,40.0,303.0,45.0,258.0,0.0,21.0,255.0,276.0,80.0,1.09782608696,2.14285714286,1.01176470588,10,10,10,40
2016-10-10 07:40:00,2.0,4.0,3.0,5.0,5.0,4.0,4.0,9.0,7.0,11.0,10.0,8.0,2.0,2.25,2.33333333333,2.2,2.0,2.0,10.0,19.0,9.0,18.0,10.0,11.0,0.0,0.0,0.0,0.0,0.0,0.0,35.0,43.0,41.0,52.0,46.0,40.0,35.0,43.0,44.0,52.0,46.0,40.0,1.0,1.0,1.07317073171,1.0,1.0,1.0,39.0,52.0,51.0,63.0,56.0,48.0,1.05405405405,1.10638297872,1.15909090909,1.10526315789,1.09803921569,1.09090909091,37.0,47.0,44.0,57.0,51.0,44.0,37.0,309.0,49.0,260.0,0.0,23.0,257.0,280.0,77.0,1.10357142857,2.13043478261,1.01167315175,10,10,11,0
2016-10-10 08:00:00,4.0,3.0,5.0,5.0,4.0,2.0,9.0,7.0,11.0,10.0,8.0,4.0,2.25,2.33333333333,2.2,2.0,2.0,2.0,19.0,9.0,18.0,10.0,11.0,13.0,0.0,0.0,0.0,0.0,0.0,0.0,43.0,41.0,52.0,46.0,40.0,51.0,43.0,44.0,52.0,46.0,40.0,51.0,1.0,1.07317073171,1.0,1.0,1.0,1.0,52.0,51.0,63.0,56.0,48.0,55.0,1.10638297872,1.15909090909,1.10526315789,1.09803921569,1.09090909091,1.03773584906,47.0,44.0,57.0,51.0,44.0,53.0,26.0,325.0,49.0,276.0,0.0,23.0,273.0,296.0,80.0,1.09797297297,2.13043478261,1.01098901099,10,10,11,20
2016-10-10 08:20:00,3.0,5.0,5.0,4.0,2.0,5.0,7.0,11.0,10.0,8.0,4.0,10.0,2.33333333333,2.2,2.0,2.0,2.0,2.0,9.0,18.0,10.0,11.0,13.0,5.0,0.0,0.0,0.0,0.0,0.0,0.0,41.0,52.0,46.0,40.0,51.0,30.0,44.0,52.0,46.0,40.0,51.0,30.0,1.07317073171,1.0,1.0,1.0,1.0,1.0,51.0,63.0,56.0,48.0,55.0,40.0,1.15909090909,1.10526315789,1.09803921569,1.09090909091,1.03773584906,1.14285714286,44.0,57.0,51.0,44.0,53.0,35.0,19.0,313.0,50.0,263.0,0.0,24.0,260.0,284.0,66.0,1.10211267606,2.08333333333,1.01153846154,10,10,11,40
2016-10-10 08:40:00,5.0,5.0,4.0,2.0,5.0,4.0,11.0,10.0,8.0,4.0,10.0,8.0,2.2,2.0,2.0,2.0,2.0,2.0,18.0,10.0,11.0,13.0,5.0,6.0,0.0,0.0,0.0,0.0,0.0,0.0,52.0,46.0,40.0,51.0,30.0,38.0,52.0,46.0,40.0,51.0,30.0,38.0,1.0,1.0,1.0,1.0,1.0,1.0,63.0,56.0,48.0,55.0,40.0,46.0,1.10526315789,1.09803921569,1.09090909091,1.03773584906,1.14285714286,1.09523809524,57.0,51.0,44.0,53.0,35.0,42.0,41.0,308.0,51.0,257.0,0.0,25.0,257.0,282.0,63.0,1.09219858156,2.04,1.0,10,10,12,0
2016-10-10 09:00:00,5.0,4.0,2.0,5.0,4.0,1.0,10.0,8.0,4.0,10.0,8.0,2.0,2.0,2.0,2.0,2.0,2.0,2.0,10.0,11.0,13.0,5.0,6.0,7.0,0.0,0.0,0.0,0.0,0.0,0.0,46.0,40.0,51.0,30.0,38.0,39.0,46.0,40.0,51.0,30.0,38.0,39.0,1.0,1.0,1.0,1.0,1.0,1.0,56.0,48.0,55.0,40.0,46.0,41.0,1.09803921569,1.09090909091,1.03773584906,1.14285714286,1.09523809524,1.025,51.0,44.0,53.0,35.0,42.0,40.0,28.0,286.0,42.0,244.0,0.0,21.0,244.0,265.0,52.0,1.07924528302,2.0,1.0,10,10,12,20
2016-10-10 09:20:00,4.0,2.0,5.0,4.0,1.0,5.0,8.0,4.0,10.0,8.0,2.0,10.0,2.0,2.0,2.0,2.0,2.0,2.0,11.0,13.0,5.0,6.0,7.0,9.0,0.0,0.0,0.0,0.0,0.0,0.0,40.0,51.0,30.0,38.0,39.0,32.0,40.0,51.0,30.0,38.0,39.0,35.0,1.0,1.0,1.0,1.0,1.0,1.09375,48.0,55.0,40.0,46.0,41.0,45.0,1.09090909091,1.03773584906,1.14285714286,1.09523809524,1.025,1.21621621622,44.0,53.0,35.0,42.0,40.0,37.0,36.0,275.0,42.0,233.0,0.0,21.0,230.0,251.0,51.0,1.09561752988,2.0,1.01304347826,10,10,12,40
2016-10-10 09:40:00,2.0,5.0,4.0,1.0,5.0,2.0,4.0,10.0,8.0,2.0,10.0,5.0,2.0,2.0,2.0,2.0,2.0,2.5,13.0,5.0,6.0,7.0,9.0,5.0,0.0,0.0,0.0,0.0,0.0,0.0,51.0,30.0,38.0,39.0,32.0,24.0,51.0,30.0,38.0,39.0,35.0,24.0,1.0,1.0,1.0,1.0,1.09375,1.0,55.0,40.0,46.0,41.0,45.0,29.0,1.03773584906,1.14285714286,1.09523809524,1.025,1.21621621622,1.11538461538,53.0,35.0,42.0,40.0,37.0,26.0,51.0,256.0,39.0,217.0,0.0,19.0,214.0,233.0,45.0,1.09871244635,2.05263157895,1.01401869159,10,10,13,0
2016-10-10 10:00:00,5.0,4.0,1.0,5.0,2.0,3.0,10.0,8.0,2.0,10.0,5.0,6.0,2.0,2.0,2.0,2.0,2.5,2.0,5.0,6.0,7.0,9.0,5.0,3.0,0.0,0.0,0.0,0.0,0.0,0.0,30.0,38.0,39.0,32.0,24.0,16.0,30.0,38.0,39.0,35.0,24.0,16.0,1.0,1.0,1.0,1.09375,1.0,1.0,40.0,46.0,41.0,45.0,29.0,22.0,1.14285714286,1.09523809524,1.025,1.21621621622,1.11538461538,1.15789473684,35.0,42.0,40.0,37.0,26.0,19.0,42.0,223.0,41.0,182.0,0.0,20.0,179.0,199.0,35.0,1.12060301508,2.05,1.01675977654,10,10,13,20
2016-10-10 10:20:00,4.0,1.0,5.0,2.0,3.0,7.0,8.0,2.0,10.0,5.0,6.0,14.0,2.0,2.0,2.0,2.5,2.0,2.0,6.0,7.0,9.0,5.0,3.0,6.0,0.0,0.0,0.0,0.0,0.0,0.0,38.0,39.0,32.0,24.0,16.0,34.0,38.0,39.0,35.0,24.0,16.0,34.0,1.0,1.0,1.09375,1.0,1.0,1.0,46.0,41.0,45.0,29.0,22.0,48.0,1.09523809524,1.025,1.21621621622,1.11538461538,1.15789473684,1.17073170732,42.0,40.0,37.0,26.0,19.0,41.0,44.0,231.0,45.0,186.0,0.0,22.0,183.0,205.0,36.0,1.12682926829,2.04545454545,1.01639344262,10,10,13,40
2016-10-10 10:40:00,1.0,5.0,2.0,3.0,7.0,4.0,2.0,10.0,5.0,6.0,14.0,9.0,2.0,2.0,2.5,2.0,2.0,2.25,7.0,9.0,5.0,3.0,6.0,10.0,0.0,0.0,0.0,0.0,0.0,0.0,39.0,32.0,24.0,16.0,34.0,24.0,39.0,35.0,24.0,16.0,34.0,24.0,1.0,1.09375,1.0,1.0,1.0,1.0,41.0,45.0,29.0,22.0,48.0,33.0,1.025,1.21621621622,1.11538461538,1.15789473684,1.17073170732,1.17857142857,40.0,37.0,26.0,19.0,41.0,28.0,33.0,218.0,46.0,172.0,0.0,22.0,169.0,191.0,40.0,1.14136125654,2.09090909091,1.01775147929,10,10,14,0
2016-10-10 11:00:00,5.0,2.0,3.0,7.0,4.0,2.0,10.0,5.0,6.0,14.0,9.0,5.0,2.0,2.5,2.0,2.0,2.25,2.5,9.0,5.0,3.0,6.0,10.0,10.0,0.0,0.0,0.0,0.0,0.0,0.0,32.0,24.0,16.0,34.0,24.0,34.0,35.0,24.0,16.0,34.0,24.0,34.0,1.09375,1.0,1.0,1.0,1.0,1.0,45.0,29.0,22.0,48.0,33.0,39.0,1.21621621622,1.11538461538,1.15789473684,1.17073170732,1.17857142857,1.08333333333,37.0,26.0,19.0,41.0,28.0,36.0,45.0,216.0,49.0,167.0,0.0,23.0,164.0,187.0,43.0,1.1550802139,2.13043478261,1.01829268293,10,10,14,20
2016-10-10 11:20:00,2.0,3.0,7.0,4.0,2.0,5.0,5.0,6.0,14.0,9.0,5.0,10.0,2.5,2.0,2.0,2.25,2.5,2.0,5.0,3.0,6.0,10.0,10.0,9.0,0.0,0.0,0.0,0.0,0.0,0.0,24.0,16.0,34.0,24.0,34.0,46.0,24.0,16.0,34.0,24.0,34.0,46.0,1.0,1.0,1.0,1.0,1.0,1.0,29.0,22.0,48.0,33.0,39.0,56.0,1.11538461538,1.15789473684,1.17073170732,1.17857142857,1.08333333333,1.09803921569,26.0,19.0,41.0,28.0,36.0,51.0,51.0,227.0,49.0,178.0,0.0,23.0,178.0,201.0,43.0,1.12935323383,2.13043478261,1.0,10,10,14,40
2016-10-10 11:40:00,3.0,7.0,4.0,2.0,5.0,2.0,6.0,14.0,9.0,5.0,10.0,4.0,2.0,2.0,2.25,2.5,2.0,2.0,3.0,6.0,10.0,10.0,9.0,7.0,0.0,0.0,0.0,0.0,0.0,0.0,16.0,34.0,24.0,34.0,46.0,40.0,16.0,34.0,24.0,34.0,46.0,40.0,1.0,1.0,1.0,1.0,1.0,1.0,22.0,48.0,33.0,39.0,56.0,44.0,1.15789473684,1.17073170732,1.17857142857,1.08333333333,1.09803921569,1.04761904762,19.0,41.0,28.0,36.0,51.0,42.0,46.0,242.0,48.0,194.0,0.0,23.0,194.0,217.0,45.0,1.11520737327,2.08695652174,1.0,10,10,15,0
2016-10-10 12:00:00,7.0,4.0,2.0,5.0,2.0,2.0,14.0,9.0,5.0,10.0,4.0,4.0,2.0,2.25,2.5,2.0,2.0,2.0,6.0,10.0,10.0,9.0,7.0,12.0,0.0,0.0,0.0,0.0,0.0,0.0,34.0,24.0,34.0,46.0,40.0,42.0,34.0,24.0,34.0,46.0,40.0,45.0,1.0,1.0,1.0,1.0,1.0,1.07142857143,48.0,33.0,39.0,56.0,44.0,49.0,1.17073170732,1.17857142857,1.08333333333,1.09803921569,1.04761904762,1.11363636364,41.0,28.0,36.0,51.0,42.0,44.0,36.0,269.0,46.0,223.0,0.0,22.0,220.0,242.0,54.0,1.11157024793,2.09090909091,1.01363636364,10,10,15,20
2016-10-10 12:20:00,4.0,2.0,5.0,2.0,2.0,6.0,9.0,5.0,10.0,4.0,4.0,14.0,2.25,2.5,2.0,2.0,2.0,2.33333333333,10.0,10.0,9.0,7.0,12.0,7.0,0.0,0.0,0.0,0.0,0.0,0.0,24.0,34.0,46.0,40.0,42.0,27.0,24.0,34.0,46.0,40.0,45.0,27.0,1.0,1.0,1.0,1.0,1.07142857143,1.0,33.0,39.0,56.0,44.0,49.0,41.0,1.17857142857,1.08333333333,1.09803921569,1.04761904762,1.11363636364,1.24242424242,28.0,36.0,51.0,42.0,44.0,33.0,56.0,262.0,46.0,216.0,0.0,21.0,213.0,234.0,55.0,1.11965811966,2.19047619048,1.01408450704,10,10,15,40
2016-10-10 12:40:00,2.0,5.0,2.0,2.0,6.0,3.0,5.0,10.0,4.0,4.0,14.0,6.0,2.5,2.0,2.0,2.0,2.33333333333,2.0,10.0,9.0,7.0,12.0,7.0,10.0,0.0,0.0,0.0,0.0,0.0,0.0,34.0,46.0,40.0,42.0,27.0,42.0,34.0,46.0,40.0,45.0,27.0,42.0,1.0,1.0,1.0,1.07142857143,1.0,1.0,39.0,56.0,44.0,49.0,41.0,48.0,1.08333333333,1.09803921569,1.04761904762,1.11363636364,1.24242424242,1.06666666667,36.0,51.0,42.0,44.0,33.0,45.0,42.0,277.0,43.0,234.0,0.0,20.0,231.0,251.0,55.0,1.10358565737,2.15,1.01298701299,10,10,16,0
2016-10-10 13:00:00,5.0,2.0,2.0,6.0,3.0,5.0,10.0,4.0,4.0,14.0,6.0,10.0,2.0,2.0,2.0,2.33333333333,2.0,2.0,9.0,7.0,12.0,7.0,10.0,18.0,0.0,0.0,0.0,0.0,0.0,0.0,46.0,40.0,42.0,27.0,42.0,46.0,46.0,40.0,45.0,27.0,42.0,49.0,1.0,1.0,1.07142857143,1.0,1.0,1.0652173913,56.0,44.0,49.0,41.0,48.0,59.0,1.09803921569,1.04761904762,1.11363636364,1.24242424242,1.06666666667,1.1568627451,51.0,42.0,44.0,33.0,45.0,51.0,45.0,297.0,48.0,249.0,0.0,23.0,243.0,266.0,63.0,1.11654135338,2.08695652174,1.02469135802,10,10,16,20
2016-10-10 13:20:00,2.0,2.0,6.0,3.0,5.0,3.0,4.0,4.0,14.0,6.0,10.0,6.0,2.0,2.0,2.33333333333,2.0,2.0,2.0,7.0,12.0,7.0,10.0,18.0,17.0,0.0,0.0,0.0,0.0,0.0,0.0,40.0,42.0,27.0,42.0,46.0,43.0,40.0,45.0,27.0,42.0,49.0,43.0,1.0,1.07142857143,1.0,1.0,1.0652173913,1.0,44.0,49.0,41.0,48.0,59.0,49.0,1.04761904762,1.11363636364,1.24242424242,1.06666666667,1.1568627451,1.0652173913,42.0,44.0,33.0,45.0,51.0,46.0,28.0,290.0,44.0,246.0,0.0,21.0,240.0,261.0,71.0,1.11111111111,2.09523809524,1.025,10,10,16,40
2016-10-10 13:40:00,2.0,6.0,3.0,5.0,3.0,2.0,4.0,14.0,6.0,10.0,6.0,5.0,2.0,2.33333333333,2.0,2.0,2.0,2.5,12.0,7.0,10.0,18.0,17.0,10.0,0.0,0.0,0.0,0.0,0.0,0.0,42.0,27.0,42.0,46.0,43.0,34.0,45.0,27.0,42.0,49.0,43.0,34.0,1.07142857143,1.0,1.0,1.0652173913,1.0,1.0,49.0,41.0,48.0,59.0,49.0,39.0,1.11363636364,1.24242424242,1.06666666667,1.1568627451,1.0652173913,1.08333333333,44.0,33.0,45.0,51.0,46.0,36.0,41.0,285.0,45.0,240.0,0.0,21.0,234.0,255.0,74.0,1.11764705882,2.14285714286,1.02564102564,10,10,17,0
2016-10-10 14:00:00,6.0,3.0,5.0,3.0,2.0,2.0,14.0,6.0,10.0,6.0,5.0,4.0,2.33333333333,2.0,2.0,2.0,2.5,2.0,7.0,10.0,18.0,17.0,10.0,8.0,0.0,0.0,0.0,0.0,0.0,0.0,27.0,42.0,46.0,43.0,34.0,54.0,27.0,42.0,49.0,43.0,34.0,57.0,1.0,1.0,1.0652173913,1.0,1.0,1.05555555556,41.0,48.0,59.0,49.0,39.0,61.0,1.24242424242,1.06666666667,1.1568627451,1.0652173913,1.08333333333,1.08928571429,33.0,45.0,51.0,46.0,36.0,56.0,22.0,297.0,45.0,252.0,0.0,21.0,246.0,267.0,70.0,1.11235955056,2.14285714286,1.0243902439,10,10,17,20
2016-10-10 14:20:00,3.0,5.0,3.0,2.0,2.0,1.0,6.0,10.0,6.0,5.0,4.0,2.0,2.0,2.0,2.0,2.5,2.0,2.0,10.0,18.0,17.0,10.0,8.0,6.0,0.0,0.0,0.0,0.0,0.0,0.0,42.0,46.0,43.0,34.0,54.0,41.0,42.0,49.0,43.0,34.0,57.0,41.0,1.0,1.0652173913,1.0,1.0,1.05555555556,1.0,48.0,59.0,49.0,39.0,61.0,43.0,1.06666666667,1.1568627451,1.0652173913,1.08333333333,1.08928571429,1.02380952381,45.0,51.0,46.0,36.0,56.0,42.0,16.0,299.0,33.0,266.0,0.0,16.0,260.0,276.0,69.0,1.08333333333,2.0625,1.02307692308,10,10,17,40
2016-10-10 14:40:00,5.0,3.0,2.0,2.0,1.0,6.0,10.0,6.0,5.0,4.0,2.0,12.0,2.0,2.0,2.5,2.0,2.0,2.0,18.0,17.0,10.0,8.0,6.0,8.0,0.0,0.0,0.0,0.0,0.0,0.0,46.0,43.0,34.0,54.0,41.0,39.0,49.0,43.0,34.0,57.0,41.0,39.0,1.0652173913,1.0,1.0,1.05555555556,1.0,1.0,59.0,49.0,39.0,61.0,43.0,51.0,1.1568627451,1.0652173913,1.08333333333,1.08928571429,1.02380952381,1.13333333333,51.0,46.0,36.0,56.0,42.0,45.0,20.0,302.0,39.0,263.0,0.0,19.0,257.0,276.0,67.0,1.09420289855,2.05263157895,1.0233463035,10,10,18,0
2016-10-10 15:00:00,3.0,2.0,2.0,1.0,6.0,4.0,6.0,5.0,4.0,2.0,12.0,8.0,2.0,2.5,2.0,2.0,2.0,2.0,17.0,10.0,8.0,6.0,8.0,7.0,0.0,0.0,0.0,0.0,0.0,0.0,43.0,34.0,54.0,41.0,39.0,24.0,43.0,34.0,57.0,41.0,39.0,24.0,1.0,1.0,1.05555555556,1.0,1.0,1.0,49.0,39.0,61.0,43.0,51.0,32.0,1.0652173913,1.08333333333,1.08928571429,1.02380952381,1.13333333333,1.14285714286,46.0,36.0,56.0,42.0,45.0,28.0,28.0,275.0,37.0,238.0,0.0,18.0,235.0,253.0,56.0,1.08695652174,2.05555555556,1.01276595745,10,10,18,20
2016-10-10 15:20:00,2.0,2.0,1.0,6.0,4.0,1.0,5.0,4.0,2.0,12.0,8.0,2.0,2.5,2.0,2.0,2.0,2.0,2.0,10.0,8.0,6.0,8.0,7.0,9.0,0.0,0.0,0.0,0.0,0.0,0.0,34.0,54.0,41.0,39.0,24.0,40.0,34.0,57.0,41.0,39.0,24.0,43.0,1.0,1.05555555556,1.0,1.0,1.0,1.075,39.0,61.0,43.0,51.0,32.0,45.0,1.08333333333,1.08928571429,1.02380952381,1.13333333333,1.14285714286,1.09756097561,36.0,56.0,42.0,45.0,28.0,41.0,23.0,271.0,33.0,238.0,0.0,16.0,232.0,248.0,48.0,1.09274193548,2.0625,1.02586206897,10,10,18,40
2016-10-10 15:40:00,2.0,1.0,6.0,4.0,1.0,0.0,4.0,2.0,12.0,8.0,2.0,0.0,2.0,2.0,2.0,2.0,2.0,0.0,8.0,6.0,8.0,7.0,9.0,6.0,0.0,0.0,0.0,0.0,0.0,0.0,54.0,41.0,39.0,24.0,40.0,22.0,57.0,41.0,39.0,24.0,43.0,22.0,1.05555555556,1.0,1.0,1.0,1.075,1.0,61.0,43.0,51.0,32.0,45.0,22.0,1.08928571429,1.02380952381,1.13333333333,1.14285714286,1.09756097561,1.0,56.0,42.0,45.0,28.0,41.0,22.0,14.0,254.0,28.0,226.0,0.0,14.0,220.0,234.0,44.0,1.08547008547,2.0,1.02727272727,10,10,19,0
2016-10-10 16:00:00,1.0,6.0,4.0,1.0,0.0,1.0,2.0,12.0,8.0,2.0,0.0,2.0,2.0,2.0,2.0,2.0,0.0,2.0,6.0,8.0,7.0,9.0,6.0,7.0,0.0,0.0,0.0,0.0,0.0,0.0,41.0,39.0,24.0,40.0,22.0,15.0,41.0,39.0,24.0,43.0,22.0,15.0,1.0,1.0,1.0,1.075,1.0,1.0,43.0,51.0,32.0,45.0,22.0,17.0,1.02380952381,1.13333333333,1.14285714286,1.09756097561,1.0,1.0625,42.0,45.0,28.0,41.0,22.0,16.0,21.0,210.0,26.0,184.0,0.0,13.0,181.0,194.0,43.0,1.0824742268,2.0,1.01657458564,10,10,19,20
2016-10-10 16:20:00,6.0,4.0,1.0,0.0,1.0,3.0,12.0,8.0,2.0,0.0,2.0,6.0,2.0,2.0,2.0,0.0,2.0,2.0,8.0,7.0,9.0,6.0,7.0,2.0,0.0,0.0,0.0,0.0,0.0,0.0,39.0,24.0,40.0,22.0,15.0,17.0,39.0,24.0,43.0,22.0,15.0,17.0,1.0,1.0,1.075,1.0,1.0,1.0,51.0,32.0,45.0,22.0,17.0,23.0,1.13333333333,1.14285714286,1.09756097561,1.0,1.0625,1.15,45.0,28.0,41.0,22.0,16.0,20.0,19.0,190.0,30.0,160.0,0.0,15.0,157.0,172.0,39.0,1.10465116279,2.0,1.01910828025,10,10,19,40
2016-10-10 16:40:00,4.0,1.0,0.0,1.0,3.0,1.0,8.0,2.0,0.0,2.0,6.0,2.0,2.0,2.0,0.0,2.0,2.0,2.0,7.0,9.0,6.0,7.0,2.0,9.0,0.0,0.0,0.0,0.0,0.0,0.0,24.0,40.0,22.0,15.0,17.0,27.0,24.0,43.0,22.0,15.0,17.0,27.0,1.0,1.075,1.0,1.0,1.0,1.0,32.0,45.0,22.0,17.0,23.0,29.0,1.14285714286,1.09756097561,1.0,1.0625,1.15,1.03571428571,28.0,41.0,22.0,16.0,20.0,28.0,15.0,168.0,20.0,148.0,0.0,10.0,145.0,155.0,40.0,1.08387096774,2.0,1.02068965517,10,10,20,0
2016-10-10 17:00:00,1.0,0.0,1.0,3.0,1.0,2.0,2.0,0.0,2.0,6.0,2.0,4.0,2.0,0.0,2.0,2.0,2.0,2.0,9.0,6.0,7.0,2.0,9.0,4.0,0.0,0.0,0.0,0.0,0.0,0.0,40.0,22.0,15.0,17.0,27.0,21.0,43.0,22.0,15.0,17.0,27.0,21.0,1.075,1.0,1.0,1.0,1.0,1.0,45.0,22.0,17.0,23.0,29.0,25.0,1.09756097561,1.0,1.0625,1.15,1.03571428571,1.08695652174,41.0,22.0,16.0,20.0,28.0,23.0,20.0,161.0,16.0,145.0,0.0,8.0,142.0,150.0,37.0,1.07333333333,2.0,1.02112676056,10,10,20,20
2016-10-10 17:20:00,0.0,1.0,3.0,1.0,2.0,0.0,0.0,2.0,6.0,2.0,4.0,0.0,0.0,2.0,2.0,2.0,2.0,0.0,6.0,7.0,2.0,9.0,4.0,4.0,0.0,0.0,0.0,0.0,0.0,0.0,22.0,15.0,17.0,27.0,21.0,14.0,22.0,15.0,17.0,27.0,21.0,14.0,1.0,1.0,1.0,1.0,1.0,1.0,22.0,17.0,23.0,29.0,25.0,14.0,1.0,1.0625,1.15,1.03571428571,1.08695652174,1.0,22.0,16.0,20.0,28.0,23.0,14.0,17.0,130.0,14.0,116.0,0.0,7.0,116.0,123.0,32.0,1.05691056911,2.0,1.0,10,10,20,40
2016-10-10 17:40:00,1.0,3.0,1.0,2.0,0.0,2.0,2.0,6.0,2.0,4.0,0.0,5.0,2.0,2.0,2.0,2.0,0.0,2.5,7.0,2.0,9.0,4.0,4.0,4.0,0.0,0.0,0.0,0.0,0.0,0.0,15.0,17.0,27.0,21.0,14.0,19.0,15.0,17.0,27.0,21.0,14.0,19.0,1.0,1.0,1.0,1.0,1.0,1.0,17.0,23.0,29.0,25.0,14.0,24.0,1.0625,1.15,1.03571428571,1.08695652174,1.0,1.14285714286,16.0,20.0,28.0,23.0,14.0,21.0,22.0,132.0,19.0,113.0,0.0,9.0,113.0,122.0,30.0,1.08196721311,2.11111111111,1.0,10,10,21,0
2016-10-10 18:00:00,3.0,1.0,2.0,0.0,2.0,2.0,6.0,2.0,4.0,0.0,5.0,4.0,2.0,2.0,2.0,0.0,2.5,2.0,2.0,9.0,4.0,4.0,4.0,1.0,0.0,0.0,0.0,0.0,0.0,0.0,17.0,27.0,21.0,14.0,19.0,17.0,17.0,27.0,21.0,14.0,19.0,17.0,1.0,1.0,1.0,1.0,1.0,1.0,23.0,29.0,25.0,14.0,24.0,21.0,1.15,1.03571428571,1.08695652174,1.0,1.14285714286,1.10526315789,20.0,28.0,23.0,14.0,21.0,19.0,8.0,136.0,21.0,115.0,0.0,10.0,115.0,125.0,24.0,1.088,2.1,1.0,10,10,21,20
2016-10-10 18:20:00,1.0,2.0,0.0,2.0,2.0,0.0,2.0,4.0,0.0,5.0,4.0,0.0,2.0,2.0,0.0,2.5,2.0,0.0,9.0,4.0,4.0,4.0,1.0,1.0,0.0,0.0,0.0,0.0,0.0,0.0,27.0,21.0,14.0,19.0,17.0,15.0,27.0,21.0,14.0,19.0,17.0,15.0,1.0,1.0,1.0,1.0,1.0,1.0,29.0,25.0,14.0,24.0,21.0,15.0,1.03571428571,1.08695652174,1.0,1.14285714286,1.10526315789,1.0,28.0,23.0,14.0,21.0,19.0,15.0,16.0,128.0,15.0,113.0,0.0,7.0,113.0,120.0,23.0,1.06666666667,2.14285714286,1.0,10,10,21,40
2016-10-10 18:40:00,2.0,0.0,2.0,2.0,0.0,2.0,4.0,0.0,5.0,4.0,0.0,4.0,2.0,0.0,2.5,2.0,0.0,2.0,4.0,4.0,4.0,1.0,1.0,6.0,0.0,0.0,0.0,0.0,0.0,0.0,21.0,14.0,19.0,17.0,15.0,18.0,21.0,14.0,19.0,17.0,15.0,18.0,1.0,1.0,1.0,1.0,1.0,1.0,25.0,14.0,24.0,21.0,15.0,22.0,1.08695652174,1.0,1.14285714286,1.10526315789,1.0,1.1,23.0,14.0,21.0,19.0,15.0,20.0,5.0,121.0,17.0,104.0,0.0,8.0,104.0,112.0,20.0,1.08035714286,2.125,1.0,10,10,22,0
2016-10-10 19:00:00,0.0,2.0,2.0,0.0,2.0,3.0,0.0,5.0,4.0,0.0,4.0,6.0,0.0,2.5,2.0,0.0,2.0,2.0,4.0,4.0,1.0,1.0,6.0,4.0,0.0,0.0,0.0,0.0,0.0,0.0,14.0,19.0,17.0,15.0,18.0,14.0,14.0,19.0,17.0,15.0,18.0,14.0,1.0,1.0,1.0,1.0,1.0,1.0,14.0,24.0,21.0,15.0,22.0,20.0,1.0,1.14285714286,1.10526315789,1.0,1.1,1.17647058824,14.0,21.0,19.0,15.0,20.0,17.0,11.0,116.0,19.0,97.0,0.0,9.0,97.0,106.0,20.0,1.09433962264,2.11111111111,1.0,10,10,22,20
2016-10-10 19:20:00,2.0,2.0,0.0,2.0,3.0,4.0,5.0,4.0,0.0,4.0,6.0,8.0,2.5,2.0,0.0,2.0,2.0,2.0,4.0,1.0,1.0,6.0,4.0,5.0,0.0,0.0,0.0,0.0,0.0,0.0,19.0,17.0,15.0,18.0,14.0,18.0,19.0,17.0,15.0,18.0,14.0,18.0,1.0,1.0,1.0,1.0,1.0,1.0,24.0,21.0,15.0,22.0,20.0,26.0,1.14285714286,1.10526315789,1.0,1.1,1.17647058824,1.18181818182,21.0,19.0,15.0,20.0,17.0,22.0,5.0,128.0,27.0,101.0,0.0,13.0,101.0,114.0,21.0,1.12280701754,2.07692307692,1.0,10,10,22,40
2016-10-10 19:40:00,2.0,0.0,2.0,3.0,4.0,1.0,4.0,0.0,4.0,6.0,8.0,2.0,2.0,0.0,2.0,2.0,2.0,2.0,1.0,1.0,6.0,4.0,5.0,1.0,0.0,0.0,0.0,0.0,0.0,0.0,17.0,15.0,18.0,14.0,18.0,7.0,17.0,15.0,18.0,14.0,18.0,7.0,1.0,1.0,1.0,1.0,1.0,1.0,21.0,15.0,22.0,20.0,26.0,9.0,1.10526315789,1.0,1.1,1.17647058824,1.18181818182,1.125,19.0,15.0,20.0,17.0,22.0,8.0,9.0,113.0,24.0,89.0,0.0,12.0,89.0,101.0,18.0,1.11881188119,2.0,1.0,10,10,23,0
2016-10-10 20:00:00,0.0,2.0,3.0,4.0,1.0,2.0,0.0,4.0,6.0,8.0,2.0,4.0,0.0,2.0,2.0,2.0,2.0,2.0,1.0,6.0,4.0,5.0,1.0,5.0,0.0,0.0,0.0,0.0,0.0,0.0,15.0,18.0,14.0,18.0,7.0,14.0,15.0,18.0,14.0,18.0,7.0,14.0,1.0,1.0,1.0,1.0,1.0,1.0,15.0,22.0,20.0,26.0,9.0,18.0,1.0,1.1,1.17647058824,1.18181818182,1.125,1.125,15.0,20.0,17.0,22.0,8.0,16.0,5.0,110.0,24.0,86.0,0.0,12.0,86.0,98.0,22.0,1.12244897959,2.0,1.0,10,10,23,20
2016-10-10 20:20:00,2.0,3.0,4.0,1.0,2.0,1.0,4.0,6.0,8.0,2.0,4.0,2.0,2.0,2.0,2.0,2.0,2.0,2.0,6.0,4.0,5.0,1.0,5.0,1.0,0.0,0.0,0.0,0.0,0.0,0.0,18.0,14.0,18.0,7.0,14.0,4.0,18.0,14.0,18.0,7.0,14.0,4.0,1.0,1.0,1.0,1.0,1.0,1.0,22.0,20.0,26.0,9.0,18.0,6.0,1.1,1.17647058824,1.18181818182,1.125,1.125,1.2,20.0,17.0,22.0,8.0,16.0,5.0,4.0,101.0,26.0,75.0,0.0,13.0,75.0,88.0,22.0,1.14772727273,2.0,1.0,10,10,23,40
2016-10-10 20:40:00,3.0,4.0,1.0,2.0,1.0,1.0,6.0,8.0,2.0,4.0,2.0,2.0,2.0,2.0,2.0,2.0,2.0,2.0,4.0,5.0,1.0,5.0,1.0,3.0,0.0,0.0,0.0,0.0,0.0,0.0,14.0,18.0,7.0,14.0,4.0,10.0,14.0,18.0,7.0,14.0,4.0,10.0,1.0,1.0,1.0,1.0,1.0,1.0,20.0,26.0,9.0,18.0,6.0,12.0,1.17647058824,1.18181818182,1.125,1.125,1.2,1.09090909091,17.0,22.0,8.0,16.0,5.0,11.0,12.0,91.0,24.0,67.0,0.0,12.0,67.0,79.0,19.0,1.15189873418,2.0,1.0,10,11,0,0
2016-10-10 21:00:00,4.0,1.0,2.0,1.0,1.0,1.0,8.0,2.0,4.0,2.0,2.0,2.0,2.0,2.0,2.0,2.0,2.0,2.0,5.0,1.0,5.0,1.0,3.0,0.0,0.0,0.0,0.0,0.0,0.0,0.0,18.0,7.0,14.0,4.0,10.0,4.0,18.0,7.0,14.0,4.0,10.0,4.0,1.0,1.0,1.0,1.0,1.0,1.0,26.0,9.0,18.0,6.0,12.0,6.0,1.18181818182,1.125,1.125,1.2,1.09090909091,1.2,22.0,8.0,16.0,5.0,11.0,5.0,14.0,77.0,20.0,57.0,0.0,10.0,57.0,67.0,15.0,1.14925373134,2.0,1.0,10,11,0,20
2016-10-10 21:20:00,1.0,2.0,1.0,1.0,1.0,2.0,2.0,4.0,2.0,2.0,2.0,4.0,2.0,2.0,2.0,2.0,2.0,2.0,1.0,5.0,1.0,3.0,0.0,4.0,0.0,0.0,0.0,0.0,0.0,0.0,7.0,14.0,4.0,10.0,4.0,7.0,7.0,14.0,4.0,10.0,4.0,7.0,1.0,1.0,1.0,1.0,1.0,1.0,9.0,18.0,6.0,12.0,6.0,11.0,1.125,1.125,1.2,1.09090909091,1.2,1.22222222222,8.0,16.0,5.0,11.0,5.0,9.0,10.0,62.0,16.0,46.0,0.0,8.0,46.0,54.0,14.0,1.14814814815,2.0,1.0,10,11,0,40
2016-10-10 21:40:00,2.0,1.0,1.0,1.0,2.0,0.0,4.0,2.0,2.0,2.0,4.0,0.0,2.0,2.0,2.0,2.0,2.0,0.0,5.0,1.0,3.0,0.0,4.0,4.0,0.0,0.0,0.0,0.0,0.0,0.0,14.0,4.0,10.0,4.0,7.0,5.0,14.0,4.0,10.0,4.0,7.0,5.0,1.0,1.0,1.0,1.0,1.0,1.0,18.0,6.0,12.0,6.0,11.0,5.0,1.125,1.2,1.09090909091,1.2,1.22222222222,1.0,16.0,5.0,11.0,5.0,9.0,5.0,6.0,58.0,14.0,44.0,0.0,7.0,44.0,51.0,17.0,1.13725490196,2.0,1.0,10,11,1,0
2016-10-10 22:00:00,1.0,1.0,1.0,2.0,0.0,2.0,2.0,2.0,2.0,4.0,0.0,5.0,2.0,2.0,2.0,2.0,0.0,2.5,1.0,3.0,0.0,4.0,4.0,0.0,0.0,0.0,0.0,0.0,0.0,0.0,4.0,10.0,4.0,7.0,5.0,2.0,4.0,10.0,4.0,7.0,5.0,2.0,1.0,1.0,1.0,1.0,1.0,1.0,6.0,12.0,6.0,11.0,5.0,7.0,1.2,1.09090909091,1.2,1.22222222222,1.0,1.75,5.0,11.0,5.0,9.0,5.0,4.0,11.0,47.0,15.0,32.0,0.0,7.0,32.0,39.0,12.0,1.20512820513,2.14285714286,1.0,10,11,1,20
2016-10-10 22:20:00,1.0,1.0,2.0,0.0,2.0,1.0,2.0,2.0,4.0,0.0,5.0,2.0,2.0,2.0,2.0,0.0,2.5,2.0,3.0,0.0,4.0,4.0,0.0,1.0,0.0,0.0,0.0,0.0,0.0,0.0,10.0,4.0,7.0,5.0,2.0,11.0,10.0,4.0,7.0,5.0,2.0,11.0,1.0,1.0,1.0,1.0,1.0,1.0,12.0,6.0,11.0,5.0,7.0,13.0,1.09090909091,1.2,1.22222222222,1.0,1.75,1.08333333333,11.0,5.0,9.0,5.0,4.0,12.0,4.0,54.0,15.0,39.0,0.0,7.0,39.0,46.0,12.0,1.17391304348,2.14285714286,1.0,10,11,1,40
2016-10-10 22:40:00,1.0,2.0,0.0,2.0,1.0,6.0,2.0,4.0,0.0,5.0,2.0,20.0,2.0,2.0,0.0,2.5,2.0,3.33333333333,0.0,4.0,4.0,0.0,1.0,1.0,0.0,0.0,0.0,0.0,0.0,0.0,4.0,7.0,5.0,2.0,11.0,8.0,4.0,7.0,5.0,2.0,11.0,8.0,1.0,1.0,1.0,1.0,1.0,1.0,6.0,11.0,5.0,7.0,13.0,28.0,1.2,1.22222222222,1.0,1.75,1.08333333333,2.0,5.0,9.0,5.0,4.0,12.0,14.0,3.0,70.0,33.0,37.0,0.0,12.0,37.0,49.0,10.0,1.42857142857,2.75,1.0,10,11,2,0
2016-10-10 23:00:00,2.0,0.0,2.0,1.0,6.0,3.0,4.0,0.0,5.0,2.0,20.0,10.0,2.0,0.0,2.5,2.0,3.33333333333,3.33333333333,4.0,4.0,0.0,1.0,1.0,1.0,0.0,0.0,0.0,0.0,0.0,0.0,7.0,5.0,2.0,11.0,8.0,7.0,7.0,5.0,2.0,11.0,8.0,7.0,1.0,1.0,1.0,1.0,1.0,1.0,11.0,5.0,7.0,13.0,28.0,17.0,1.22222222222,1.0,1.75,1.08333333333,2.0,1.7,9.0,5.0,4.0,12.0,14.0,10.0,12.0,81.0,41.0,40.0,0.0,14.0,40.0,54.0,11.0,1.5,2.92857142857,1.0,10,11,2,20
2016-10-10 23:20:00,0.0,2.0,1.0,6.0,3.0,3.0,0.0,5.0,2.0,20.0,10.0,7.0,0.0,2.5,2.0,3.33333333333,3.33333333333,2.33333333333,4.0,0.0,1.0,1.0,1.0,0.0,0.0,0.0,0.0,0.0,0.0,0.0,5.0,2.0,11.0,8.0,7.0,3.0,5.0,2.0,11.0,8.0,7.0,3.0,1.0,1.0,1.0,1.0,1.0,1.0,5.0,7.0,13.0,28.0,17.0,10.0,1.0,1.75,1.08333333333,2.0,1.7,1.66666666667,5.0,4.0,12.0,14.0,10.0,6.0,6.0,80.0,44.0,36.0,0.0,15.0,36.0,51.0,7.0,1.56862745098,2.93333333333,1.0,10,11,2,40
2016-10-10 23:40:00,2.0,1.0,6.0,3.0,3.0,8.0,5.0,2.0,20.0,10.0,7.0,33.0,2.5,2.0,3.33333333333,3.33333333333,2.33333333333,4.125,0.0,1.0,1.0,1.0,0.0,0.0,0.0,0.0,0.0,0.0,0.0,0.0,2.0,11.0,8.0,7.0,3.0,3.0,2.0,11.0,8.0,7.0,3.0,6.0,1.0,1.0,1.0,1.0,1.0,2.0,7.0,13.0,28.0,17.0,10.0,39.0,1.75,1.08333333333,2.0,1.7,1.66666666667,3.54545454545,4.0,12.0,14.0,10.0,6.0,11.0,6.0,114.0,77.0,37.0,0.0,23.0,34.0,57.0,3.0,2.0,3.34782608696,1.08823529412,10,11,3,0
2016-10-11 00:00:00,1.0,6.0,3.0,3.0,8.0,1.0,2.0,20.0,10.0,7.0,33.0,5.0,2.0,3.33333333333,3.33333333333,2.33333333333,4.125,5.0,1.0,1.0,1.0,0.0,0.0,0.0,0.0,0.0,0.0,0.0,0.0,0.0,11.0,8.0,7.0,3.0,3.0,3.0,11.0,8.0,7.0,3.0,6.0,3.0,1.0,1.0,1.0,1.0,2.0,1.0,13.0,28.0,17.0,10.0,39.0,8.0,1.08333333333,2.0,1.7,1.66666666667,3.54545454545,2.0,12.0,14.0,10.0,6.0,11.0,4.0,5.0,115.0,77.0,38.0,0.0,22.0,35.0,57.0,3.0,2.01754385965,3.5,1.08571428571,10,11,3,20
2016-10-11 00:20:00,6.0,3.0,3.0,8.0,1.0,2.0,20.0,10.0,7.0,33.0,5.0,8.0,3.33333333333,3.33333333333,2.33333333333,4.125,5.0,4.0,1.0,1.0,0.0,0.0,0.0,1.0,0.0,0.0,0.0,0.0,0.0,0.0,8.0,7.0,3.0,3.0,3.0,1.0,8.0,7.0,3.0,6.0,3.0,1.0,1.0,1.0,1.0,2.0,1.0,1.0,28.0,17.0,10.0,39.0,8.0,9.0,2.0,1.7,1.66666666667,3.54545454545,2.0,3.0,14.0,10.0,6.0,11.0,4.0,3.0,3.0,111.0,83.0,28.0,0.0,23.0,25.0,48.0,3.0,2.3125,3.60869565217,1.12,10,11,3,40
2016-10-11 00:40:00,3.0,3.0,8.0,1.0,2.0,7.0,10.0,7.0,33.0,5.0,8.0,29.0,3.33333333333,2.33333333333,4.125,5.0,4.0,4.14285714286,1.0,0.0,0.0,0.0,1.0,1.0,0.0,0.0,0.0,0.0,0.0,1.0,7.0,3.0,3.0,3.0,1.0,4.0,7.0,3.0,6.0,3.0,1.0,4.0,1.0,1.0,2.0,1.0,1.0,1.0,17.0,10.0,39.0,8.0,9.0,33.0,1.7,1.66666666667,3.54545454545,2.0,3.0,2.75,10.0,6.0,11.0,4.0,3.0,12.0,12.0,116.0,92.0,24.0,1.0,24.0,21.0,46.0,3.0,2.52173913043,3.83333333333,1.14285714286,10,11,4,0
2016-10-11 01:00:00,3.0,8.0,1.0,2.0,7.0,2.0,7.0,33.0,5.0,8.0,29.0,5.0,2.33333333333,4.125,5.0,4.0,4.14285714286,2.5,0.0,0.0,0.0,1.0,1.0,0.0,0.0,0.0,0.0,0.0,1.0,1.0,3.0,3.0,3.0,1.0,4.0,3.0,3.0,6.0,3.0,1.0,4.0,3.0,1.0,2.0,1.0,1.0,1.0,1.0,10.0,39.0,8.0,9.0,33.0,8.0,1.66666666667,3.54545454545,2.0,3.0,2.75,1.33333333333,6.0,11.0,4.0,3.0,12.0,6.0,15.0,107.0,87.0,20.0,2.0,23.0,17.0,42.0,2.0,2.54761904762,3.78260869565,1.17647058824,10,11,4,20
2016-10-11 01:20:00,8.0,1.0,2.0,7.0,2.0,3.0,33.0,5.0,8.0,29.0,5.0,12.0,4.125,5.0,4.0,4.14285714286,2.5,4.0,0.0,0.0,1.0,1.0,0.0,0.0,0.0,0.0,0.0,1.0,1.0,0.0,3.0,3.0,1.0,4.0,3.0,3.0,6.0,3.0,1.0,4.0,3.0,3.0,2.0,1.0,1.0,1.0,1.0,1.0,39.0,8.0,9.0,33.0,8.0,15.0,3.54545454545,2.0,3.0,2.75,1.33333333333,2.5,11.0,4.0,3.0,12.0,6.0,6.0,12.0,112.0,92.0,20.0,2.0,23.0,17.0,42.0,2.0,2.66666666667,4.0,1.17647058824,10,11,4,40
2016-10-11 01:40:00,1.0,2.0,7.0,2.0,3.0,2.0,5.0,8.0,29.0,5.0,12.0,4.0,5.0,4.0,4.14285714286,2.5,4.0,2.0,0.0,1.0,1.0,0.0,0.0,0.0,0.0,0.0,1.0,1.0,0.0,0.0,3.0,1.0,4.0,3.0,3.0,3.0,3.0,1.0,4.0,3.0,3.0,3.0,1.0,1.0,1.0,1.0,1.0,1.0,8.0,9.0,33.0,8.0,15.0,7.0,2.0,3.0,2.75,1.33333333333,2.5,1.4,4.0,3.0,12.0,6.0,6.0,5.0,6.0,80.0,63.0,17.0,2.0,17.0,17.0,36.0,2.0,2.22222222222,3.70588235294,1.0,10,11,5,0
2016-10-11 02:00:00,2.0,7.0,2.0,3.0,2.0,2.0,8.0,29.0,5.0,12.0,4.0,4.0,4.0,4.14285714286,2.5,4.0,2.0,2.0,1.0,1.0,0.0,0.0,0.0,0.0,0.0,1.0,1.0,0.0,0.0,0.0,1.0,4.0,3.0,3.0,3.0,1.0,1.0,4.0,3.0,3.0,3.0,1.0,1.0,1.0,1.0,1.0,1.0,1.0,9.0,33.0,8.0,15.0,7.0,5.0,3.0,2.75,1.33333333333,2.5,1.4,1.66666666667,3.0,12.0,6.0,6.0,5.0,3.0,11.0,77.0,62.0,15.0,2.0,18.0,15.0,35.0,2.0,2.2,3.44444444444,1.0,10,11,5,20
2016-10-11 02:20:00,7.0,2.0,3.0,2.0,2.0,4.0,29.0,5.0,12.0,4.0,4.0,17.0,4.14285714286,2.5,4.0,2.0,2.0,4.25,1.0,0.0,0.0,0.0,0.0,1.0,1.0,1.0,0.0,0.0,0.0,0.0,4.0,3.0,3.0,3.0,1.0,8.0,4.0,3.0,3.0,3.0,1.0,8.0,1.0,1.0,1.0,1.0,1.0,1.0,33.0,8.0,15.0,7.0,5.0,25.0,2.75,1.33333333333,2.5,1.4,1.66666666667,2.08333333333,12.0,6.0,6.0,5.0,3.0,12.0,6.0,93.0,71.0,22.0,2.0,20.0,22.0,44.0,2.0,2.11363636364,3.55,1.0,10,11,5,40
2016-10-11 02:40:00,2.0,3.0,2.0,2.0,4.0,11.0,5.0,12.0,4.0,4.0,17.0,39.0,2.5,4.0,2.0,2.0,4.25,3.54545454545,0.0,0.0,0.0,0.0,1.0,0.0,1.0,0.0,0.0,0.0,0.0,0.0,3.0,3.0,3.0,1.0,8.0,4.0,3.0,3.0,3.0,1.0,8.0,4.0,1.0,1.0,1.0,1.0,1.0,1.0,8.0,15.0,7.0,5.0,25.0,43.0,1.33333333333,2.5,1.4,1.66666666667,2.08333333333,2.86666666667,6.0,6.0,5.0,3.0,12.0,15.0,9.0,103.0,81.0,22.0,1.0,24.0,22.0,47.0,1.0,2.1914893617,3.375,1.0,10,11,6,0
2016-10-11 03:00:00,3.0,2.0,2.0,4.0,11.0,6.0,12.0,4.0,4.0,17.0,39.0,21.0,4.0,2.0,2.0,4.25,3.54545454545,3.5,0.0,0.0,0.0,1.0,0.0,2.0,0.0,0.0,0.0,0.0,0.0,0.0,3.0,3.0,1.0,8.0,4.0,6.0,3.0,3.0,1.0,8.0,4.0,6.0,1.0,1.0,1.0,1.0,1.0,1.0,15.0,7.0,5.0,25.0,43.0,27.0,2.5,1.4,1.66666666667,2.08333333333,2.86666666667,2.25,6.0,5.0,3.0,12.0,15.0,12.0,26.0,122.0,97.0,25.0,0.0,28.0,25.0,53.0,3.0,2.30188679245,3.46428571429,1.0,10,11,6,20
2016-10-11 03:20:00,2.0,2.0,4.0,11.0,6.0,3.0,4.0,4.0,17.0,39.0,21.0,9.0,2.0,2.0,4.25,3.54545454545,3.5,3.0,0.0,0.0,1.0,0.0,2.0,0.0,0.0,0.0,0.0,0.0,0.0,0.0,3.0,1.0,8.0,4.0,6.0,3.0,3.0,1.0,8.0,4.0,6.0,3.0,1.0,1.0,1.0,1.0,1.0,1.0,7.0,5.0,25.0,43.0,27.0,12.0,1.4,1.66666666667,2.08333333333,2.86666666667,2.25,2.0,5.0,3.0,12.0,15.0,12.0,6.0,18.0,119.0,94.0,25.0,0.0,28.0,25.0,53.0,3.0,2.24528301887,3.35714285714,1.0,10,11,6,40
2016-10-11 03:40:00,2.0,4.0,11.0,6.0,3.0,3.0,4.0,17.0,39.0,21.0,9.0,6.0,2.0,4.25,3.54545454545,3.5,3.0,2.0,0.0,1.0,0.0,2.0,0.0,3.0,0.0,0.0,0.0,0.0,0.0,0.0,1.0,8.0,4.0,6.0,3.0,8.0,1.0,8.0,4.0,6.0,3.0,8.0,1.0,1.0,1.0,1.0,1.0,1.0,5.0,25.0,43.0,27.0,12.0,14.0,1.66666666667,2.08333333333,2.86666666667,2.25,2.0,1.27272727273,3.0,12.0,15.0,12.0,6.0,11.0,30.0,126.0,96.0,30.0,0.0,29.0,30.0,59.0,6.0,2.13559322034,3.31034482759,1.0,10,11,7,0
2016-10-11 04:00:00,4.0,11.0,6.0,3.0,3.0,3.0,17.0,39.0,21.0,9.0,6.0,6.0,4.25,3.54545454545,3.5,3.0,2.0,2.0,1.0,0.0,2.0,0.0,3.0,0.0,0.0,0.0,0.0,0.0,0.0,0.0,8.0,4.0,6.0,3.0,8.0,3.0,8.0,4.0,6.0,3.0,8.0,3.0,1.0,1.0,1.0,1.0,1.0,1.0,25.0,43.0,27.0,12.0,14.0,9.0,2.08333333333,2.86666666667,2.25,2.0,1.27272727273,1.5,12.0,15.0,12.0,6.0,11.0,6.0,40.0,130.0,98.0,32.0,0.0,30.0,32.0,62.0,6.0,2.09677419355,3.26666666667,1.0,10,11,7,20
2016-10-11 04:20:00,11.0,6.0,3.0,3.0,3.0,2.0,39.0,21.0,9.0,6.0,6.0,4.0,3.54545454545,3.5,3.0,2.0,2.0,2.0,0.0,2.0,0.0,3.0,0.0,0.0,0.0,0.0,0.0,0.0,0.0,0.0,4.0,6.0,3.0,8.0,3.0,7.0,4.0,6.0,3.0,8.0,3.0,7.0,1.0,1.0,1.0,1.0,1.0,1.0,43.0,27.0,12.0,14.0,9.0,11.0,2.86666666667,2.25,2.0,1.27272727273,1.5,1.22222222222,15.0,12.0,6.0,11.0,6.0,9.0,52.0,116.0,85.0,31.0,0.0,28.0,31.0,59.0,5.0,1.96610169492,3.03571428571,1.0,10,11,7,40
2016-10-11 04:40:00,6.0,3.0,3.0,3.0,2.0,3.0,21.0,9.0,6.0,6.0,4.0,6.0,3.5,3.0,2.0,2.0,2.0,2.0,2.0,0.0,3.0,0.0,0.0,6.0,0.0,0.0,0.0,0.0,0.0,0.0,6.0,3.0,8.0,3.0,7.0,23.0,6.0,3.0,8.0,3.0,7.0,23.0,1.0,1.0,1.0,1.0,1.0,1.0,27.0,12.0,14.0,9.0,11.0,29.0,2.25,2.0,1.27272727273,1.5,1.22222222222,1.11538461538,12.0,6.0,11.0,6.0,9.0,26.0,49.0,102.0,52.0,50.0,0.0,20.0,50.0,70.0,11.0,1.45714285714,2.6,1.0,10,11,8,0
2016-10-11 05:00:00,3.0,3.0,3.0,2.0,3.0,6.0,9.0,6.0,6.0,4.0,6.0,14.0,3.0,2.0,2.0,2.0,2.0,2.33333333333,0.0,3.0,0.0,0.0,6.0,6.0,0.0,0.0,0.0,0.0,0.0,0.0,3.0,8.0,3.0,7.0,23.0,12.0,3.0,8.0,3.0,7.0,23.0,15.0,1.0,1.0,1.0,1.0,1.0,1.25,12.0,14.0,9.0,11.0,29.0,29.0,2.0,1.27272727273,1.5,1.22222222222,1.11538461538,1.61111111111,6.0,11.0,6.0,9.0,26.0,18.0,49.0,104.0,45.0,59.0,0.0,20.0,56.0,76.0,15.0,1.36842105263,2.25,1.05357142857,10,11,8,20
2016-10-11 05:20:00,3.0,3.0,2.0,3.0,6.0,6.0,6.0,6.0,4.0,6.0,14.0,12.0,2.0,2.0,2.0,2.0,2.33333333333,2.0,3.0,0.0,0.0,6.0,6.0,8.0,0.0,0.0,0.0,0.0,0.0,0.0,8.0,3.0,7.0,23.0,12.0,24.0,8.0,3.0,7.0,23.0,15.0,27.0,1.0,1.0,1.0,1.0,1.25,1.125,14.0,9.0,11.0,29.0,29.0,39.0,1.27272727273,1.5,1.22222222222,1.11538461538,1.61111111111,1.3,11.0,6.0,9.0,26.0,18.0,30.0,40.0,131.0,48.0,83.0,0.0,23.0,77.0,100.0,23.0,1.31,2.08695652174,1.07792207792,10,11,8,40
2016-10-11 05:40:00,3.0,2.0,3.0,6.0,6.0,3.0,6.0,4.0,6.0,14.0,12.0,6.0,2.0,2.0,2.0,2.33333333333,2.0,2.0,0.0,0.0,6.0,6.0,8.0,12.0,0.0,0.0,0.0,0.0,0.0,0.0,3.0,7.0,23.0,12.0,24.0,37.0,3.0,7.0,23.0,15.0,27.0,37.0,1.0,1.0,1.0,1.25,1.125,1.0,9.0,11.0,29.0,29.0,39.0,43.0,1.5,1.22222222222,1.11538461538,1.61111111111,1.3,1.075,6.0,9.0,26.0,18.0,30.0,40.0,45.0,160.0,48.0,112.0,0.0,23.0,106.0,129.0,32.0,1.24031007752,2.08695652174,1.05660377358,10,11,9,0
2016-10-11 06:00:00,2.0,3.0,6.0,6.0,3.0,2.0,4.0,6.0,14.0,12.0,6.0,4.0,2.0,2.0,2.33333333333,2.0,2.0,2.0,0.0,6.0,6.0,8.0,12.0,18.0,0.0,0.0,0.0,0.0,0.0,0.0,7.0,23.0,12.0,24.0,37.0,50.0,7.0,23.0,15.0,27.0,37.0,50.0,1.0,1.0,1.25,1.125,1.0,1.0,11.0,29.0,29.0,39.0,43.0,54.0,1.22222222222,1.11538461538,1.61111111111,1.3,1.075,1.03846153846,9.0,26.0,18.0,30.0,40.0,52.0,47.0,205.0,46.0,159.0,0.0,22.0,153.0,175.0,50.0,1.17142857143,2.09090909091,1.03921568627,10,11,9,20
2016-10-11 06:20:00,3.0,6.0,6.0,3.0,2.0,5.0,6.0,14.0,12.0,6.0,4.0,11.0,2.0,2.33333333333,2.0,2.0,2.0,2.2,6.0,6.0,8.0,12.0,18.0,14.0,0.0,0.0,0.0,0.0,0.0,0.0,23.0,12.0,24.0,37.0,50.0,44.0,23.0,15.0,27.0,37.0,50.0,44.0,1.0,1.25,1.125,1.0,1.0,1.0,29.0,29.0,39.0,43.0,54.0,55.0,1.11538461538,1.61111111111,1.3,1.075,1.03846153846,1.12244897959,26.0,18.0,30.0,40.0,52.0,49.0,44.0,249.0,53.0,196.0,0.0,25.0,190.0,215.0,64.0,1.15813953488,2.12,1.03157894737,10,11,9,40
2016-10-11 06:40:00,6.0,6.0,3.0,2.0,5.0,7.0,14.0,12.0,6.0,4.0,11.0,16.0,2.33333333333,2.0,2.0,2.0,2.2,2.28571428571,6.0,8.0,12.0,18.0,14.0,12.0,0.0,0.0,0.0,0.0,0.0,0.0,12.0,24.0,37.0,50.0,44.0,42.0,15.0,27.0,37.0,50.0,44.0,42.0,1.25,1.125,1.0,1.0,1.0,1.0,29.0,39.0,43.0,54.0,55.0,58.0,1.61111111111,1.3,1.075,1.03846153846,1.12244897959,1.18367346939,18.0,30.0,40.0,52.0,49.0,49.0,37.0,278.0,63.0,215.0,0.0,29.0,209.0,238.0,70.0,1.16806722689,2.1724137931,1.02870813397,10,11,10,0
2016-10-11 07:00:00,6.0,3.0,2.0,5.0,7.0,2.0,12.0,6.0,4.0,11.0,16.0,4.0,2.0,2.0,2.0,2.2,2.28571428571,2.0,8.0,12.0,18.0,14.0,12.0,16.0,0.0,0.0,0.0,0.0,0.0,0.0,24.0,37.0,50.0,44.0,42.0,38.0,27.0,37.0,50.0,44.0,42.0,38.0,1.125,1.0,1.0,1.0,1.0,1.0,39.0,43.0,54.0,55.0,58.0,42.0,1.3,1.075,1.03846153846,1.12244897959,1.18367346939,1.05,30.0,40.0,52.0,49.0,49.0,40.0,47.0,291.0,53.0,238.0,0.0,25.0,235.0,260.0,80.0,1.11923076923,2.12,1.01276595745,10,11,10,20
2016-10-11 07:20:00,3.0,2.0,5.0,7.0,2.0,7.0,6.0,4.0,11.0,16.0,4.0,16.0,2.0,2.0,2.2,2.28571428571,2.0,2.28571428571,12.0,18.0,14.0,12.0,16.0,16.0,0.0,0.0,0.0,0.0,0.0,0.0,37.0,50.0,44.0,42.0,38.0,38.0,37.0,50.0,44.0,42.0,38.0,38.0,1.0,1.0,1.0,1.0,1.0,1.0,43.0,54.0,55.0,58.0,42.0,54.0,1.075,1.03846153846,1.12244897959,1.18367346939,1.05,1.2,40.0,52.0,49.0,49.0,40.0,45.0,37.0,306.0,57.0,249.0,0.0,26.0,249.0,275.0,88.0,1.11272727273,2.19230769231,1.0,10,11,10,40
2016-10-11 07:40:00,2.0,5.0,7.0,2.0,7.0,6.0,4.0,11.0,16.0,4.0,16.0,12.0,2.0,2.2,2.28571428571,2.0,2.28571428571,2.0,18.0,14.0,12.0,16.0,16.0,19.0,0.0,0.0,0.0,0.0,0.0,0.0,50.0,44.0,42.0,38.0,38.0,41.0,50.0,44.0,42.0,38.0,38.0,41.0,1.0,1.0,1.0,1.0,1.0,1.0,54.0,55.0,58.0,42.0,54.0,53.0,1.03846153846,1.12244897959,1.18367346939,1.05,1.2,1.12765957447,52.0,49.0,49.0,40.0,45.0,47.0,37.0,316.0,63.0,253.0,0.0,29.0,253.0,282.0,95.0,1.12056737589,2.1724137931,1.0,10,11,11,0
2016-10-11 08:00:00,5.0,7.0,2.0,7.0,6.0,0.0,11.0,16.0,4.0,16.0,12.0,0.0,2.2,2.28571428571,2.0,2.28571428571,2.0,0.0,14.0,12.0,16.0,16.0,19.0,14.0,0.0,0.0,0.0,0.0,0.0,0.0,44.0,42.0,38.0,38.0,41.0,44.0,44.0,42.0,38.0,38.0,41.0,44.0,1.0,1.0,1.0,1.0,1.0,1.0,55.0,58.0,42.0,54.0,53.0,44.0,1.12244897959,1.18367346939,1.05,1.2,1.12765957447,1.0,49.0,49.0,40.0,45.0,47.0,44.0,37.0,306.0,59.0,247.0,0.0,27.0,247.0,274.0,91.0,1.11678832117,2.18518518519,1.0,10,11,11,20
2016-10-11 08:20:00,7.0,2.0,7.0,6.0,0.0,2.0,16.0,4.0,16.0,12.0,0.0,4.0,2.28571428571,2.0,2.28571428571,2.0,0.0,2.0,12.0,16.0,16.0,19.0,14.0,7.0,0.0,0.0,0.0,0.0,0.0,0.0,42.0,38.0,38.0,41.0,44.0,35.0,42.0,38.0,38.0,41.0,44.0,35.0,1.0,1.0,1.0,1.0,1.0,1.0,58.0,42.0,54.0,53.0,44.0,39.0,1.18367346939,1.05,1.2,1.12765957447,1.0,1.05405405405,49.0,40.0,45.0,47.0,44.0,37.0,47.0,290.0,52.0,238.0,0.0,24.0,238.0,262.0,84.0,1.10687022901,2.16666666667,1.0,10,11,11,40
2016-10-11 08:40:00,2.0,7.0,6.0,0.0,2.0,8.0,4.0,16.0,12.0,0.0,4.0,16.0,2.0,2.28571428571,2.0,0.0,2.0,2.0,16.0,16.0,19.0,14.0,7.0,11.0,0.0,0.0,0.0,0.0,0.0,0.0,38.0,38.0,41.0,44.0,35.0,39.0,38.0,38.0,41.0,44.0,35.0,39.0,1.0,1.0,1.0,1.0,1.0,1.0,42.0,54.0,53.0,44.0,39.0,55.0,1.05,1.2,1.12765957447,1.0,1.05405405405,1.17021276596,40.0,45.0,47.0,44.0,37.0,47.0,42.0,287.0,52.0,235.0,0.0,25.0,235.0,260.0,83.0,1.10384615385,2.08,1.0,10,11,12,0
2016-10-11 09:00:00,7.0,6.0,0.0,2.0,8.0,3.0,16.0,12.0,0.0,4.0,16.0,6.0,2.28571428571,2.0,0.0,2.0,2.0,2.0,16.0,19.0,14.0,7.0,11.0,9.0,0.0,0.0,0.0,0.0,0.0,0.0,38.0,41.0,44.0,35.0,39.0,34.0,38.0,41.0,44.0,35.0,39.0,34.0,1.0,1.0,1.0,1.0,1.0,1.0,54.0,53.0,44.0,39.0,55.0,40.0,1.2,1.12765957447,1.0,1.05405405405,1.17021276596,1.08108108108,45.0,47.0,44.0,37.0,47.0,37.0,42.0,285.0,54.0,231.0,0.0,26.0,231.0,257.0,76.0,1.10894941634,2.07692307692,1.0,10,11,12,20
2016-10-11 09:20:00,6.0,0.0,2.0,8.0,3.0,4.0,12.0,0.0,4.0,16.0,6.0,9.0,2.0,0.0,2.0,2.0,2.0,2.25,19.0,14.0,7.0,11.0,9.0,6.0,0.0,0.0,0.0,0.0,0.0,0.0,41.0,44.0,35.0,39.0,34.0,33.0,41.0,44.0,35.0,39.0,34.0,33.0,1.0,1.0,1.0,1.0,1.0,1.0,53.0,44.0,39.0,55.0,40.0,42.0,1.12765957447,1.0,1.05405405405,1.17021276596,1.08108108108,1.13513513514,47.0,44.0,37.0,47.0,37.0,37.0,51.0,273.0,47.0,226.0,0.0,23.0,226.0,249.0,66.0,1.09638554217,2.04347826087,1.0,10,11,12,40
2016-10-11 09:40:00,0.0,2.0,8.0,3.0,4.0,6.0,0.0,4.0,16.0,6.0,9.0,13.0,0.0,2.0,2.0,2.0,2.25,2.16666666667,14.0,7.0,11.0,9.0,6.0,7.0,0.0,0.0,0.0,0.0,0.0,0.0,44.0,35.0,39.0,34.0,33.0,31.0,44.0,35.0,39.0,34.0,33.0,31.0,1.0,1.0,1.0,1.0,1.0,1.0,44.0,39.0,55.0,40.0,42.0,44.0,1.0,1.05405405405,1.17021276596,1.08108108108,1.13513513514,1.18918918919,44.0,37.0,47.0,37.0,37.0,37.0,35.0,264.0,48.0,216.0,0.0,23.0,216.0,239.0,54.0,1.10460251046,2.08695652174,1.0,10,11,13,0
2016-10-11 10:00:00,2.0,8.0,3.0,4.0,6.0,13.0,4.0,16.0,6.0,9.0,13.0,27.0,2.0,2.0,2.0,2.25,2.16666666667,2.07692307692,7.0,11.0,9.0,6.0,7.0,9.0,0.0,0.0,0.0,0.0,0.0,0.0,35.0,39.0,34.0,33.0,31.0,34.0,35.0,39.0,34.0,33.0,31.0,34.0,1.0,1.0,1.0,1.0,1.0,1.0,39.0,55.0,40.0,42.0,44.0,61.0,1.05405405405,1.17021276596,1.08108108108,1.13513513514,1.18918918919,1.29787234043,37.0,47.0,37.0,37.0,37.0,47.0,37.0,281.0,75.0,206.0,0.0,36.0,206.0,242.0,49.0,1.16115702479,2.08333333333,1.0,10,11,13,20
2016-10-11 10:20:00,8.0,3.0,4.0,6.0,13.0,7.0,16.0,6.0,9.0,13.0,27.0,14.0,2.0,2.0,2.25,2.16666666667,2.07692307692,2.0,11.0,9.0,6.0,7.0,9.0,10.0,0.0,0.0,0.0,0.0,0.0,0.0,39.0,34.0,33.0,31.0,34.0,35.0,39.0,34.0,33.0,31.0,34.0,35.0,1.0,1.0,1.0,1.0,1.0,1.0,55.0,40.0,42.0,44.0,61.0,49.0,1.17021276596,1.08108108108,1.13513513514,1.18918918919,1.29787234043,1.16666666667,47.0,37.0,37.0,37.0,47.0,42.0,36.0,291.0,85.0,206.0,0.0,41.0,206.0,247.0,52.0,1.17813765182,2.07317073171,1.0,10,11,13,40
2016-10-11 10:40:00,3.0,4.0,6.0,13.0,7.0,4.0,6.0,9.0,13.0,27.0,14.0,10.0,2.0,2.25,2.16666666667,2.07692307692,2.0,2.5,9.0,6.0,7.0,9.0,10.0,10.0,0.0,0.0,0.0,0.0,0.0,0.0,34.0,33.0,31.0,34.0,35.0,38.0,34.0,33.0,31.0,34.0,35.0,38.0,1.0,1.0,1.0,1.0,1.0,1.0,40.0,42.0,44.0,61.0,49.0,48.0,1.08108108108,1.13513513514,1.18918918919,1.29787234043,1.16666666667,1.14285714286,37.0,37.0,37.0,47.0,42.0,42.0,44.0,284.0,79.0,205.0,0.0,37.0,205.0,242.0,51.0,1.17355371901,2.13513513514,1.0,10,11,14,0
2016-10-11 11:00:00,4.0,6.0,13.0,7.0,4.0,2.0,9.0,13.0,27.0,14.0,10.0,4.0,2.25,2.16666666667,2.07692307692,2.0,2.5,2.0,6.0,7.0,9.0,10.0,10.0,15.0,0.0,0.0,0.0,0.0,0.0,0.0,33.0,31.0,34.0,35.0,38.0,49.0,33.0,31.0,34.0,35.0,38.0,49.0,1.0,1.0,1.0,1.0,1.0,1.0,42.0,44.0,61.0,49.0,48.0,53.0,1.13513513514,1.18918918919,1.29787234043,1.16666666667,1.14285714286,1.03921568627,37.0,37.0,47.0,42.0,42.0,51.0,43.0,297.0,77.0,220.0,0.0,36.0,220.0,256.0,57.0,1.16015625,2.13888888889,1.0,10,11,14,20
2016-10-11 11:20:00,6.0,13.0,7.0,4.0,2.0,5.0,13.0,27.0,14.0,10.0,4.0,13.0,2.16666666667,2.07692307692,2.0,2.5,2.0,2.6,7.0,9.0,10.0,10.0,15.0,10.0,0.0,0.0,0.0,0.0,0.0,0.0,31.0,34.0,35.0,38.0,49.0,30.0,31.0,34.0,35.0,38.0,49.0,30.0,1.0,1.0,1.0,1.0,1.0,1.0,44.0,61.0,49.0,48.0,53.0,43.0,1.18918918919,1.29787234043,1.16666666667,1.14285714286,1.03921568627,1.22857142857,37.0,47.0,42.0,42.0,51.0,35.0,48.0,298.0,81.0,217.0,0.0,37.0,217.0,254.0,61.0,1.17322834646,2.18918918919,1.0,10,11,14,40
2016-10-11 11:40:00,13.0,7.0,4.0,2.0,5.0,7.0,27.0,14.0,10.0,4.0,13.0,15.0,2.07692307692,2.0,2.5,2.0,2.6,2.14285714286,9.0,10.0,10.0,15.0,10.0,10.0,0.0,0.0,0.0,0.0,0.0,0.0,34.0,35.0,38.0,49.0,30.0,30.0,34.0,35.0,38.0,49.0,30.0,30.0,1.0,1.0,1.0,1.0,1.0,1.0,61.0,49.0,48.0,53.0,43.0,45.0,1.29787234043,1.16666666667,1.14285714286,1.03921568627,1.22857142857,1.21621621622,47.0,42.0,42.0,51.0,35.0,37.0,43.0,299.0,83.0,216.0,0.0,38.0,216.0,254.0,64.0,1.17716535433,2.18421052632,1.0,10,11,15,0
2016-10-11 12:00:00,7.0,4.0,2.0,5.0,7.0,5.0,14.0,10.0,4.0,13.0,15.0,11.0,2.0,2.5,2.0,2.6,2.14285714286,2.2,10.0,10.0,15.0,10.0,10.0,11.0,0.0,0.0,0.0,0.0,0.0,0.0,35.0,38.0,49.0,30.0,30.0,31.0,35.0,38.0,49.0,30.0,30.0,31.0,1.0,1.0,1.0,1.0,1.0,1.0,49.0,48.0,53.0,43.0,45.0,42.0,1.16666666667,1.14285714286,1.03921568627,1.22857142857,1.21621621622,1.16666666667,42.0,42.0,51.0,35.0,37.0,36.0,57.0,280.0,67.0,213.0,0.0,30.0,213.0,243.0,66.0,1.15226337449,2.23333333333,1.0,10,11,15,20
2016-10-11 12:20:00,4.0,2.0,5.0,7.0,5.0,4.0,10.0,4.0,13.0,15.0,11.0,11.0,2.5,2.0,2.6,2.14285714286,2.2,2.75,10.0,15.0,10.0,10.0,11.0,15.0,0.0,0.0,0.0,0.0,0.0,0.0,38.0,49.0,30.0,30.0,31.0,40.0,38.0,49.0,30.0,30.0,31.0,40.0,1.0,1.0,1.0,1.0,1.0,1.0,48.0,53.0,43.0,45.0,42.0,51.0,1.14285714286,1.03921568627,1.22857142857,1.21621621622,1.16666666667,1.15909090909,42.0,51.0,35.0,37.0,36.0,44.0,39.0,282.0,64.0,218.0,0.0,27.0,218.0,245.0,71.0,1.15102040816,2.37037037037,1.0,10,11,15,40
2016-10-11 12:40:00,2.0,5.0,7.0,5.0,4.0,3.0,4.0,13.0,15.0,11.0,11.0,6.0,2.0,2.6,2.14285714286,2.2,2.75,2.0,15.0,10.0,10.0,11.0,15.0,13.0,0.0,0.0,0.0,0.0,0.0,0.0,49.0,30.0,30.0,31.0,40.0,40.0,49.0,30.0,30.0,31.0,40.0,49.0,1.0,1.0,1.0,1.0,1.0,1.225,53.0,43.0,45.0,42.0,51.0,55.0,1.03921568627,1.22857142857,1.21621621622,1.16666666667,1.15909090909,1.27906976744,51.0,35.0,37.0,36.0,44.0,43.0,52.0,289.0,60.0,229.0,0.0,26.0,220.0,246.0,74.0,1.17479674797,2.30769230769,1.04090909091,10,11,16,0
2016-10-11 13:00:00,5.0,7.0,5.0,4.0,3.0,2.0,13.0,15.0,11.0,11.0,6.0,4.0,2.6,2.14285714286,2.2,2.75,2.0,2.0,10.0,10.0,11.0,15.0,13.0,12.0,0.0,0.0,0.0,0.0,0.0,0.0,30.0,30.0,31.0,40.0,40.0,46.0,30.0,30.0,31.0,40.0,49.0,46.0,1.0,1.0,1.0,1.0,1.225,1.0,43.0,45.0,42.0,51.0,55.0,50.0,1.22857142857,1.21621621622,1.16666666667,1.15909090909,1.27906976744,1.04166666667,35.0,37.0,36.0,44.0,43.0,48.0,45.0,286.0,60.0,226.0,0.0,26.0,217.0,243.0,71.0,1.17695473251,2.30769230769,1.04147465438,10,11,16,20
2016-10-11 13:20:00,7.0,5.0,4.0,3.0,2.0,0.0,15.0,11.0,11.0,6.0,4.0,0.0,2.14285714286,2.2,2.75,2.0,2.0,0.0,10.0,11.0,15.0,13.0,12.0,8.0,0.0,0.0,0.0,0.0,0.0,0.0,30.0,31.0,40.0,40.0,46.0,43.0,30.0,31.0,40.0,49.0,46.0,43.0,1.0,1.0,1.0,1.225,1.0,1.0,45.0,42.0,51.0,55.0,50.0,43.0,1.21621621622,1.16666666667,1.15909090909,1.27906976744,1.04166666667,1.0,37.0,36.0,44.0,43.0,48.0,43.0,42.0,286.0,47.0,239.0,0.0,21.0,230.0,251.0,69.0,1.13944223108,2.2380952381,1.03913043478,10,11,16,40
2016-10-11 13:40:00,5.0,4.0,3.0,2.0,0.0,4.0,11.0,11.0,6.0,4.0,0.0,9.0,2.2,2.75,2.0,2.0,0.0,2.25,11.0,15.0,13.0,12.0,8.0,18.0,0.0,0.0,0.0,0.0,0.0,0.0,31.0,40.0,40.0,46.0,43.0,53.0,31.0,40.0,49.0,46.0,43.0,56.0,1.0,1.0,1.225,1.0,1.0,1.05660377358,42.0,51.0,55.0,50.0,43.0,65.0,1.16666666667,1.15909090909,1.27906976744,1.04166666667,1.0,1.14035087719,36.0,44.0,43.0,48.0,43.0,57.0,39.0,306.0,41.0,265.0,0.0,18.0,253.0,271.0,77.0,1.12915129151,2.27777777778,1.04743083004,10,11,17,0
2016-10-11 14:00:00,4.0,3.0,2.0,0.0,4.0,3.0,11.0,6.0,4.0,0.0,9.0,7.0,2.75,2.0,2.0,0.0,2.25,2.33333333333,15.0,13.0,12.0,8.0,18.0,15.0,0.0,0.0,0.0,0.0,0.0,0.0,40.0,40.0,46.0,43.0,53.0,36.0,40.0,49.0,46.0,43.0,56.0,36.0,1.0,1.225,1.0,1.0,1.05660377358,1.0,51.0,55.0,50.0,43.0,65.0,43.0,1.15909090909,1.27906976744,1.04166666667,1.0,1.14035087719,1.10256410256,44.0,43.0,48.0,43.0,57.0,39.0,30.0,307.0,37.0,270.0,0.0,16.0,258.0,274.0,81.0,1.1204379562,2.3125,1.04651162791,10,11,17,20
2016-10-11 14:20:00,3.0,2.0,0.0,4.0,3.0,0.0,6.0,4.0,0.0,9.0,7.0,0.0,2.0,2.0,0.0,2.25,2.33333333333,0.0,13.0,12.0,8.0,18.0,15.0,12.0,0.0,0.0,0.0,0.0,0.0,0.0,40.0,46.0,43.0,53.0,36.0,52.0,49.0,46.0,43.0,56.0,36.0,52.0,1.225,1.0,1.0,1.05660377358,1.0,1.0,55.0,50.0,43.0,65.0,43.0,52.0,1.27906976744,1.04166666667,1.0,1.14035087719,1.10256410256,1.0,43.0,48.0,43.0,57.0,39.0,52.0,24.0,308.0,26.0,282.0,0.0,12.0,270.0,282.0,78.0,1.09219858156,2.16666666667,1.04444444444,10,11,17,40
2016-10-11 14:40:00,2.0,0.0,4.0,3.0,0.0,4.0,4.0,0.0,9.0,7.0,0.0,8.0,2.0,0.0,2.25,2.33333333333,0.0,2.0,12.0,8.0,18.0,15.0,12.0,13.0,0.0,0.0,0.0,0.0,0.0,0.0,46.0,43.0,53.0,36.0,52.0,41.0,46.0,43.0,56.0,36.0,52.0,41.0,1.0,1.0,1.05660377358,1.0,1.0,1.0,50.0,43.0,65.0,43.0,52.0,49.0,1.04166666667,1.0,1.14035087719,1.10256410256,1.0,1.08888888889,48.0,43.0,57.0,39.0,52.0,45.0,27.0,302.0,28.0,274.0,0.0,13.0,271.0,284.0,78.0,1.06338028169,2.15384615385,1.0110701107,10,11,18,0
2016-10-11 15:00:00,0.0,4.0,3.0,0.0,4.0,3.0,0.0,9.0,7.0,0.0,8.0,6.0,0.0,2.25,2.33333333333,0.0,2.0,2.0,8.0,18.0,15.0,12.0,13.0,9.0,0.0,0.0,0.0,0.0,0.0,0.0,43.0,53.0,36.0,52.0,41.0,39.0,43.0,56.0,36.0,52.0,41.0,42.0,1.0,1.05660377358,1.0,1.0,1.0,1.07692307692,43.0,65.0,43.0,52.0,49.0,48.0,1.0,1.14035087719,1.10256410256,1.0,1.08888888889,1.14285714286,43.0,57.0,39.0,52.0,45.0,42.0,33.0,300.0,30.0,270.0,0.0,14.0,264.0,278.0,75.0,1.07913669065,2.14285714286,1.02272727273,10,11,18,20
2016-10-11 15:20:00,4.0,3.0,0.0,4.0,3.0,1.0,9.0,7.0,0.0,8.0,6.0,2.0,2.25,2.33333333333,0.0,2.0,2.0,2.0,18.0,15.0,12.0,13.0,9.0,8.0,0.0,0.0,0.0,0.0,0.0,0.0,53.0,36.0,52.0,41.0,39.0,38.0,56.0,36.0,52.0,41.0,42.0,38.0,1.05660377358,1.0,1.0,1.0,1.07692307692,1.0,65.0,43.0,52.0,49.0,48.0,40.0,1.14035087719,1.10256410256,1.0,1.08888888889,1.14285714286,1.02564102564,57.0,39.0,52.0,45.0,42.0,39.0,25.0,297.0,32.0,265.0,0.0,15.0,259.0,274.0,75.0,1.08394160584,2.13333333333,1.02316602317,10,11,18,40
2016-10-11 15:40:00,3.0,0.0,4.0,3.0,1.0,3.0,7.0,0.0,8.0,6.0,2.0,6.0,2.33333333333,0.0,2.0,2.0,2.0,2.0,15.0,12.0,13.0,9.0,8.0,10.0,0.0,0.0,0.0,0.0,0.0,0.0,36.0,52.0,41.0,39.0,38.0,27.0,36.0,52.0,41.0,42.0,38.0,27.0,1.0,1.0,1.0,1.07692307692,1.0,1.0,43.0,52.0,49.0,48.0,40.0,33.0,1.10256410256,1.0,1.08888888889,1.14285714286,1.02564102564,1.1,39.0,52.0,45.0,42.0,39.0,30.0,24.0,265.0,29.0,236.0,0.0,14.0,233.0,247.0,67.0,1.07287449393,2.07142857143,1.01287553648,10,11,19,0
2016-10-11 16:00:00,0.0,4.0,3.0,1.0,3.0,2.0,0.0,8.0,6.0,2.0,6.0,5.0,0.0,2.0,2.0,2.0,2.0,2.5,12.0,13.0,9.0,8.0,10.0,7.0,0.0,0.0,0.0,0.0,0.0,0.0,52.0,41.0,39.0,38.0,27.0,22.0,52.0,41.0,42.0,38.0,27.0,22.0,1.0,1.0,1.07692307692,1.0,1.0,1.0,52.0,49.0,48.0,40.0,33.0,27.0,1.0,1.08888888889,1.14285714286,1.02564102564,1.1,1.125,52.0,45.0,42.0,39.0,30.0,24.0,27.0,249.0,27.0,222.0,0.0,13.0,219.0,232.0,59.0,1.07327586207,2.07692307692,1.01369863014,10,11,19,20
2016-10-11 16:20:00,4.0,3.0,1.0,3.0,2.0,1.0,8.0,6.0,2.0,6.0,5.0,2.0,2.0,2.0,2.0,2.0,2.5,2.0,13.0,9.0,8.0,10.0,7.0,5.0,0.0,0.0,0.0,0.0,0.0,0.0,41.0,39.0,38.0,27.0,22.0,26.0,41.0,42.0,38.0,27.0,22.0,26.0,1.0,1.07692307692,1.0,1.0,1.0,1.0,49.0,48.0,40.0,33.0,27.0,28.0,1.08888888889,1.14285714286,1.02564102564,1.1,1.125,1.03703703704,45.0,42.0,39.0,30.0,24.0,27.0,18.0,225.0,29.0,196.0,0.0,14.0,193.0,207.0,52.0,1.08695652174,2.07142857143,1.01554404145,10,11,19,40
2016-10-11 16:40:00,3.0,1.0,3.0,2.0,1.0,3.0,6.0,2.0,6.0,5.0,2.0,6.0,2.0,2.0,2.0,2.5,2.0,2.0,9.0,8.0,10.0,7.0,5.0,11.0,0.0,0.0,0.0,0.0,0.0,0.0,39.0,38.0,27.0,22.0,26.0,30.0,42.0,38.0,27.0,22.0,26.0,30.0,1.07692307692,1.0,1.0,1.0,1.0,1.0,48.0,40.0,33.0,27.0,28.0,36.0,1.14285714286,1.02564102564,1.1,1.125,1.03703703704,1.09090909091,42.0,39.0,30.0,24.0,27.0,33.0,11.0,212.0,27.0,185.0,0.0,13.0,182.0,195.0,50.0,1.08717948718,2.07692307692,1.01648351648,10,11,20,0
2016-10-11 17:00:00,1.0,3.0,2.0,1.0,3.0,1.0,2.0,6.0,5.0,2.0,6.0,2.0,2.0,2.0,2.5,2.0,2.0,2.0,8.0,10.0,7.0,5.0,11.0,8.0,0.0,0.0,0.0,0.0,0.0,0.0,38.0,27.0,22.0,26.0,30.0,24.0,38.0,27.0,22.0,26.0,30.0,24.0,1.0,1.0,1.0,1.0,1.0,1.0,40.0,33.0,27.0,28.0,36.0,26.0,1.02564102564,1.1,1.125,1.03703703704,1.09090909091,1.04,39.0,30.0,24.0,27.0,33.0,25.0,19.0,190.0,23.0,167.0,0.0,11.0,167.0,178.0,49.0,1.06741573034,2.09090909091,1.0,10,11,20,20
2016-10-11 17:20:00,3.0,2.0,1.0,3.0,1.0,5.0,6.0,5.0,2.0,6.0,2.0,11.0,2.0,2.5,2.0,2.0,2.0,2.2,10.0,7.0,5.0,11.0,8.0,10.0,0.0,0.0,0.0,0.0,0.0,0.0,27.0,22.0,26.0,30.0,24.0,19.0,27.0,22.0,26.0,30.0,24.0,19.0,1.0,1.0,1.0,1.0,1.0,1.0,33.0,27.0,28.0,36.0,26.0,30.0,1.1,1.125,1.03703703704,1.09090909091,1.04,1.25,30.0,24.0,27.0,33.0,25.0,24.0,13.0,180.0,32.0,148.0,0.0,15.0,148.0,163.0,51.0,1.10429447853,2.13333333333,1.0,10,11,20,40
2016-10-11 17:40:00,2.0,1.0,3.0,1.0,5.0,1.0,5.0,2.0,6.0,2.0,11.0,2.0,2.5,2.0,2.0,2.0,2.2,2.0,7.0,5.0,11.0,8.0,10.0,10.0,0.0,0.0,0.0,0.0,0.0,0.0,22.0,26.0,30.0,24.0,19.0,26.0,22.0,26.0,30.0,24.0,19.0,26.0,1.0,1.0,1.0,1.0,1.0,1.0,27.0,28.0,36.0,26.0,30.0,28.0,1.125,1.03703703704,1.09090909091,1.04,1.25,1.03703703704,24.0,27.0,33.0,25.0,24.0,27.0,20.0,175.0,28.0,147.0,0.0,13.0,147.0,160.0,51.0,1.09375,2.15384615385,1.0,10,11,21,0
2016-10-11 18:00:00,1.0,3.0,1.0,5.0,1.0,1.0,2.0,6.0,2.0,11.0,2.0,2.0,2.0,2.0,2.0,2.2,2.0,2.0,5.0,11.0,8.0,10.0,10.0,7.0,0.0,0.0,0.0,0.0,0.0,0.0,26.0,30.0,24.0,19.0,26.0,17.0,26.0,30.0,24.0,19.0,26.0,17.0,1.0,1.0,1.0,1.0,1.0,1.0,28.0,36.0,26.0,30.0,28.0,19.0,1.03703703704,1.09090909091,1.04,1.25,1.03703703704,1.05555555556,27.0,33.0,25.0,24.0,27.0,18.0,11.0,167.0,25.0,142.0,0.0,12.0,142.0,154.0,51.0,1.08441558442,2.08333333333,1.0,10,11,21,20
2016-10-11 18:20:00,3.0,1.0,5.0,1.0,1.0,1.0,6.0,2.0,11.0,2.0,2.0,2.0,2.0,2.0,2.2,2.0,2.0,2.0,11.0,8.0,10.0,10.0,7.0,0.0,0.0,0.0,0.0,0.0,0.0,0.0,30.0,24.0,19.0,26.0,17.0,10.0,30.0,24.0,19.0,26.0,17.0,10.0,1.0,1.0,1.0,1.0,1.0,1.0,36.0,26.0,30.0,28.0,19.0,12.0,1.09090909091,1.04,1.25,1.03703703704,1.05555555556,1.09090909091,33.0,25.0,24.0,27.0,18.0,11.0,9.0,151.0,25.0,126.0,0.0,12.0,126.0,138.0,46.0,1.09420289855,2.08333333333,1.0,10,11,21,40
2016-10-11 18:40:00,1.0,5.0,1.0,1.0,1.0,0.0,2.0,11.0,2.0,2.0,2.0,0.0,2.0,2.2,2.0,2.0,2.0,0.0,8.0,10.0,10.0,7.0,0.0,5.0,0.0,0.0,0.0,0.0,0.0,0.0,24.0,19.0,26.0,17.0,10.0,19.0,24.0,19.0,26.0,17.0,10.0,19.0,1.0,1.0,1.0,1.0,1.0,1.0,26.0,30.0,28.0,19.0,12.0,19.0,1.04,1.25,1.03703703704,1.05555555556,1.09090909091,1.0,25.0,24.0,27.0,18.0,11.0,19.0,8.0,134.0,19.0,115.0,0.0,9.0,115.0,124.0,40.0,1.08064516129,2.11111111111,1.0,10,11,22,0
2016-10-11 19:00:00,5.0,1.0,1.0,1.0,0.0,3.0,11.0,2.0,2.0,2.0,0.0,6.0,2.2,2.0,2.0,2.0,0.0,2.0,10.0,10.0,7.0,0.0,5.0,1.0,0.0,0.0,0.0,0.0,0.0,0.0,19.0,26.0,17.0,10.0,19.0,10.0,19.0,26.0,17.0,10.0,19.0,10.0,1.0,1.0,1.0,1.0,1.0,1.0,30.0,28.0,19.0,12.0,19.0,16.0,1.25,1.03703703704,1.05555555556,1.09090909091,1.0,1.23076923077,24.0,27.0,18.0,11.0,19.0,13.0,5.0,124.0,23.0,101.0,0.0,11.0,101.0,112.0,33.0,1.10714285714,2.09090909091,1.0,10,11,22,20
2016-10-11 19:20:00,1.0,1.0,1.0,0.0,3.0,4.0,2.0,2.0,2.0,0.0,6.0,8.0,2.0,2.0,2.0,0.0,2.0,2.0,10.0,7.0,0.0,5.0,1.0,5.0,0.0,0.0,0.0,0.0,0.0,0.0,26.0,17.0,10.0,19.0,10.0,16.0,26.0,17.0,10.0,19.0,10.0,16.0,1.0,1.0,1.0,1.0,1.0,1.0,28.0,19.0,12.0,19.0,16.0,24.0,1.03703703704,1.05555555556,1.09090909091,1.0,1.23076923077,1.2,27.0,18.0,11.0,19.0,13.0,20.0,9.0,118.0,20.0,98.0,0.0,10.0,98.0,108.0,28.0,1.09259259259,2.0,1.0,10,11,22,40
2016-10-11 19:40:00,1.0,1.0,0.0,3.0,4.0,1.0,2.0,2.0,0.0,6.0,8.0,2.0,2.0,2.0,0.0,2.0,2.0,2.0,7.0,0.0,5.0,1.0,5.0,4.0,0.0,0.0,0.0,0.0,0.0,0.0,17.0,10.0,19.0,10.0,16.0,10.0,17.0,10.0,19.0,10.0,16.0,10.0,1.0,1.0,1.0,1.0,1.0,1.0,19.0,12.0,19.0,16.0,24.0,12.0,1.05555555556,1.09090909091,1.0,1.23076923077,1.2,1.09090909091,18.0,11.0,19.0,13.0,20.0,11.0,11.0,102.0,20.0,82.0,0.0,10.0,82.0,92.0,22.0,1.10869565217,2.0,1.0,10,11,23,0
2016-10-11 20:00:00,1.0,0.0,3.0,4.0,1.0,3.0,2.0,0.0,6.0,8.0,2.0,6.0,2.0,0.0,2.0,2.0,2.0,2.0,0.0,5.0,1.0,5.0,4.0,1.0,0.0,0.0,0.0,0.0,0.0,0.0,10.0,19.0,10.0,16.0,10.0,6.0,10.0,19.0,10.0,16.0,10.0,6.0,1.0,1.0,1.0,1.0,1.0,1.0,12.0,19.0,16.0,24.0,12.0,12.0,1.09090909091,1.0,1.23076923077,1.2,1.09090909091,1.33333333333,11.0,19.0,13.0,20.0,11.0,9.0,7.0,95.0,24.0,71.0,0.0,12.0,71.0,83.0,16.0,1.14457831325,2.0,1.0,10,11,23,20
2016-10-11 20:20:00,0.0,3.0,4.0,1.0,3.0,2.0,0.0,6.0,8.0,2.0,6.0,4.0,0.0,2.0,2.0,2.0,2.0,2.0,5.0,1.0,5.0,4.0,1.0,1.0,0.0,0.0,0.0,0.0,0.0,0.0,19.0,10.0,16.0,10.0,6.0,6.0,19.0,10.0,16.0,10.0,6.0,6.0,1.0,1.0,1.0,1.0,1.0,1.0,19.0,16.0,24.0,12.0,12.0,10.0,1.0,1.23076923077,1.2,1.09090909091,1.33333333333,1.25,19.0,13.0,20.0,11.0,9.0,8.0,7.0,93.0,26.0,67.0,0.0,13.0,67.0,80.0,17.0,1.1625,2.0,1.0,10,11,23,40
2016-10-11 20:40:00,3.0,4.0,1.0,3.0,2.0,0.0,6.0,8.0,2.0,6.0,4.0,0.0,2.0,2.0,2.0,2.0,2.0,0.0,1.0,5.0,4.0,1.0,1.0,1.0,0.0,0.0,0.0,0.0,0.0,0.0,10.0,16.0,10.0,6.0,6.0,5.0,10.0,16.0,10.0,6.0,6.0,5.0,1.0,1.0,1.0,1.0,1.0,1.0,16.0,24.0,12.0,12.0,10.0,5.0,1.23076923077,1.2,1.09090909091,1.33333333333,1.25,1.0,13.0,20.0,11.0,9.0,8.0,5.0,8.0,79.0,26.0,53.0,0.0,13.0,53.0,66.0,13.0,1.19696969697,2.0,1.0,10,12,0,0
2016-10-11 21:00:00,4.0,1.0,3.0,2.0,0.0,1.0,8.0,2.0,6.0,4.0,0.0,2.0,2.0,2.0,2.0,2.0,0.0,2.0,5.0,4.0,1.0,1.0,1.0,2.0,0.0,0.0,0.0,0.0,0.0,0.0,16.0,10.0,6.0,6.0,5.0,8.0,16.0,10.0,6.0,6.0,5.0,8.0,1.0,1.0,1.0,1.0,1.0,1.0,24.0,12.0,12.0,10.0,5.0,10.0,1.2,1.09090909091,1.33333333333,1.25,1.0,1.11111111111,20.0,11.0,9.0,8.0,5.0,9.0,7.0,73.0,22.0,51.0,0.0,11.0,51.0,62.0,14.0,1.17741935484,2.0,1.0,10,12,0,20
2016-10-11 21:20:00,1.0,3.0,2.0,0.0,1.0,2.0,2.0,6.0,4.0,0.0,2.0,4.0,2.0,2.0,2.0,0.0,2.0,2.0,4.0,1.0,1.0,1.0,2.0,2.0,0.0,0.0,0.0,0.0,0.0,0.0,10.0,6.0,6.0,5.0,8.0,9.0,10.0,6.0,6.0,5.0,8.0,9.0,1.0,1.0,1.0,1.0,1.0,1.0,12.0,12.0,10.0,5.0,10.0,13.0,1.09090909091,1.33333333333,1.25,1.0,1.11111111111,1.18181818182,11.0,9.0,8.0,5.0,9.0,11.0,11.0,62.0,18.0,44.0,0.0,9.0,44.0,53.0,11.0,1.16981132075,2.0,1.0,10,12,0,40
2016-10-11 21:40:00,3.0,2.0,0.0,1.0,2.0,1.0,6.0,4.0,0.0,2.0,4.0,2.0,2.0,2.0,0.0,2.0,2.0,2.0,1.0,1.0,1.0,2.0,2.0,2.0,0.0,0.0,0.0,0.0,0.0,0.0,6.0,6.0,5.0,8.0,9.0,6.0,6.0,6.0,5.0,8.0,9.0,6.0,1.0,1.0,1.0,1.0,1.0,1.0,12.0,10.0,5.0,10.0,13.0,8.0,1.33333333333,1.25,1.0,1.11111111111,1.18181818182,1.14285714286,9.0,8.0,5.0,9.0,11.0,7.0,8.0,58.0,18.0,40.0,0.0,9.0,40.0,49.0,9.0,1.18367346939,2.0,1.0,10,12,1,0
2016-10-11 22:00:00,2.0,0.0,1.0,2.0,1.0,0.0,4.0,0.0,2.0,4.0,2.0,0.0,2.0,0.0,2.0,2.0,2.0,0.0,1.0,1.0,2.0,2.0,2.0,0.0,0.0,0.0,0.0,0.0,0.0,0.0,6.0,5.0,8.0,9.0,6.0,7.0,6.0,5.0,8.0,9.0,6.0,7.0,1.0,1.0,1.0,1.0,1.0,1.0,10.0,5.0,10.0,13.0,8.0,7.0,1.25,1.0,1.11111111111,1.18181818182,1.14285714286,1.0,8.0,5.0,9.0,11.0,7.0,7.0,7.0,53.0,12.0,41.0,0.0,6.0,41.0,47.0,8.0,1.12765957447,2.0,1.0,10,12,1,20
2016-10-11 22:20:00,0.0,1.0,2.0,1.0,0.0,2.0,0.0,2.0,4.0,2.0,0.0,4.0,0.0,2.0,2.0,2.0,0.0,2.0,1.0,2.0,2.0,2.0,0.0,0.0,0.0,0.0,0.0,0.0,0.0,0.0,5.0,8.0,9.0,6.0,7.0,6.0,5.0,8.0,9.0,6.0,7.0,6.0,1.0,1.0,1.0,1.0,1.0,1.0,5.0,10.0,13.0,8.0,7.0,10.0,1.0,1.11111111111,1.18181818182,1.14285714286,1.0,1.25,5.0,9.0,11.0,7.0,7.0,8.0,5.0,53.0,12.0,41.0,0.0,6.0,41.0,47.0,7.0,1.12765957447,2.0,1.0,10,12,1,40
2016-10-11 22:40:00,1.0,2.0,1.0,0.0,2.0,0.0,2.0,4.0,2.0,0.0,4.0,0.0,2.0,2.0,2.0,0.0,2.0,0.0,2.0,2.0,2.0,0.0,0.0,1.0,0.0,0.0,0.0,0.0,0.0,0.0,8.0,9.0,6.0,7.0,6.0,7.0,8.0,9.0,6.0,7.0,6.0,7.0,1.0,1.0,1.0,1.0,1.0,1.0,10.0,13.0,8.0,7.0,10.0,7.0,1.11111111111,1.18181818182,1.14285714286,1.0,1.25,1.0,9.0,11.0,7.0,7.0,8.0,7.0,8.0,55.0,12.0,43.0,0.0,6.0,43.0,49.0,7.0,1.12244897959,2.0,1.0,10,12,2,0
2016-10-11 23:00:00,2.0,1.0,0.0,2.0,0.0,1.0,4.0,2.0,0.0,4.0,0.0,5.0,2.0,2.0,0.0,2.0,0.0,5.0,2.0,2.0,0.0,0.0,1.0,1.0,0.0,0.0,0.0,0.0,0.0,0.0,9.0,6.0,7.0,6.0,7.0,10.0,9.0,6.0,7.0,6.0,7.0,13.0,1.0,1.0,1.0,1.0,1.0,1.3,13.0,8.0,7.0,10.0,7.0,18.0,1.18181818182,1.14285714286,1.0,1.25,1.0,1.63636363636,11.0,7.0,7.0,8.0,7.0,11.0,6.0,63.0,15.0,48.0,0.0,6.0,45.0,51.0,6.0,1.23529411765,2.5,1.06666666667,10,12,2,20
2016-10-11 23:20:00,1.0,0.0,2.0,0.0,1.0,4.0,2.0,0.0,4.0,0.0,5.0,9.0,2.0,0.0,2.0,0.0,5.0,2.25,2.0,0.0,0.0,1.0,1.0,0.0,0.0,0.0,0.0,0.0,0.0,0.0,6.0,7.0,6.0,7.0,10.0,4.0,6.0,7.0,6.0,7.0,13.0,4.0,1.0,1.0,1.0,1.0,1.3,1.0,8.0,7.0,10.0,7.0,18.0,13.0,1.14285714286,1.0,1.25,1.0,1.63636363636,1.625,7.0,7.0,8.0,7.0,11.0,8.0,10.0,63.0,20.0,43.0,0.0,8.0,40.0,48.0,4.0,1.3125,2.5,1.075,10,12,2,40
2016-10-11 23:40:00,0.0,2.0,0.0,1.0,4.0,6.0,0.0,4.0,0.0,5.0,9.0,21.0,0.0,2.0,0.0,5.0,2.25,3.5,0.0,0.0,1.0,1.0,0.0,0.0,0.0,0.0,0.0,0.0,0.0,0.0,7.0,6.0,7.0,10.0,4.0,1.0,7.0,6.0,7.0,13.0,4.0,1.0,1.0,1.0,1.0,1.3,1.0,1.0,7.0,10.0,7.0,18.0,13.0,22.0,1.0,1.25,1.0,1.63636363636,1.625,3.14285714286,7.0,8.0,7.0,11.0,8.0,7.0,9.0,77.0,39.0,38.0,0.0,13.0,35.0,48.0,2.0,1.60416666667,3.0,1.08571428571,10,12,3,0
2016-10-12 00:00:00,2.0,0.0,1.0,4.0,6.0,1.0,4.0,0.0,5.0,9.0,21.0,2.0,2.0,0.0,5.0,2.25,3.5,2.0,0.0,1.0,1.0,0.0,0.0,1.0,0.0,0.0,0.0,0.0,0.0,0.0,6.0,7.0,10.0,4.0,1.0,4.0,6.0,7.0,13.0,4.0,1.0,4.0,1.0,1.0,1.3,1.0,1.0,1.0,10.0,7.0,18.0,13.0,22.0,6.0,1.25,1.0,1.63636363636,1.625,3.14285714286,1.2,8.0,7.0,11.0,8.0,7.0,5.0,8.0,76.0,41.0,35.0,0.0,14.0,32.0,46.0,3.0,1.65217391304,2.92857142857,1.09375,10,12,3,20
2016-10-12 00:20:00,0.0,1.0,4.0,6.0,1.0,3.0,0.0,5.0,9.0,21.0,2.0,7.0,0.0,5.0,2.25,3.5,2.0,2.33333333333,1.0,1.0,0.0,0.0,1.0,1.0,0.0,0.0,0.0,0.0,0.0,0.0,7.0,10.0,4.0,1.0,4.0,5.0,7.0,13.0,4.0,1.0,4.0,5.0,1.0,1.3,1.0,1.0,1.0,1.0,7.0,18.0,13.0,22.0,6.0,12.0,1.0,1.63636363636,1.625,3.14285714286,1.2,1.5,7.0,11.0,8.0,7.0,5.0,8.0,11.0,78.0,44.0,34.0,0.0,15.0,31.0,46.0,4.0,1.69565217391,2.93333333333,1.09677419355,10,12,3,40
2016-10-12 00:40:00,1.0,4.0,6.0,1.0,3.0,3.0,5.0,9.0,21.0,2.0,7.0,10.0,5.0,2.25,3.5,2.0,2.33333333333,3.33333333333,1.0,0.0,0.0,1.0,1.0,0.0,0.0,0.0,0.0,0.0,0.0,0.0,10.0,4.0,1.0,4.0,5.0,3.0,13.0,4.0,1.0,4.0,5.0,3.0,1.3,1.0,1.0,1.0,1.0,1.0,18.0,13.0,22.0,6.0,12.0,13.0,1.63636363636,1.625,3.14285714286,1.2,1.5,2.16666666667,11.0,8.0,7.0,5.0,8.0,6.0,9.0,84.0,54.0,30.0,0.0,18.0,27.0,45.0,3.0,1.86666666667,3.0,1.11111111111,10,12,4,0
2016-10-12 01:00:00,4.0,6.0,1.0,3.0,3.0,4.0,9.0,21.0,2.0,7.0,10.0,18.0,2.25,3.5,2.0,2.33333333333,3.33333333333,4.5,0.0,0.0,1.0,1.0,0.0,2.0,0.0,0.0,0.0,0.0,0.0,0.0,4.0,1.0,4.0,5.0,3.0,6.0,4.0,1.0,4.0,5.0,3.0,6.0,1.0,1.0,1.0,1.0,1.0,1.0,13.0,22.0,6.0,12.0,13.0,24.0,1.625,3.14285714286,1.2,1.5,2.16666666667,2.4,8.0,7.0,5.0,8.0,6.0,10.0,7.0,90.0,67.0,23.0,0.0,21.0,23.0,44.0,4.0,2.04545454545,3.19047619048,1.0,10,12,4,20
2016-10-12 01:20:00,6.0,1.0,3.0,3.0,4.0,8.0,21.0,2.0,7.0,10.0,18.0,35.0,3.5,2.0,2.33333333333,3.33333333333,4.5,4.375,0.0,1.0,1.0,0.0,2.0,0.0,0.0,0.0,0.0,0.0,0.0,0.0,1.0,4.0,5.0,3.0,6.0,1.0,1.0,4.0,5.0,3.0,6.0,1.0,1.0,1.0,1.0,1.0,1.0,1.0,22.0,6.0,12.0,13.0,24.0,36.0,3.14285714286,1.2,1.5,2.16666666667,2.4,4.0,7.0,5.0,8.0,6.0,10.0,9.0,10.0,113.0,93.0,20.0,0.0,25.0,20.0,45.0,4.0,2.51111111111,3.72,1.0,10,12,4,40
2016-10-12 01:40:00,1.0,3.0,3.0,4.0,8.0,5.0,2.0,7.0,10.0,18.0,35.0,14.0,2.0,2.33333333333,3.33333333333,4.5,4.375,2.8,1.0,1.0,0.0,2.0,0.0,1.0,0.0,0.0,0.0,0.0,0.0,0.0,4.0,5.0,3.0,6.0,1.0,3.0,4.0,5.0,3.0,6.0,1.0,3.0,1.0,1.0,1.0,1.0,1.0,1.0,6.0,12.0,13.0,24.0,36.0,17.0,1.2,1.5,2.16666666667,2.4,4.0,2.125,5.0,8.0,6.0,10.0,9.0,8.0,3.0,108.0,86.0,22.0,0.0,24.0,22.0,46.0,5.0,2.34782608696,3.58333333333,1.0,10,12,5,0
2016-10-12 02:00:00,3.0,3.0,4.0,8.0,5.0,8.0,7.0,10.0,18.0,35.0,14.0,25.0,2.33333333333,3.33333333333,4.5,4.375,2.8,3.125,1.0,0.0,2.0,0.0,1.0,0.0,0.0,0.0,0.0,0.0,0.0,0.0,5.0,3.0,6.0,1.0,3.0,3.0,5.0,3.0,6.0,1.0,3.0,3.0,1.0,1.0,1.0,1.0,1.0,1.0,12.0,13.0,24.0,36.0,17.0,28.0,1.5,2.16666666667,2.4,4.0,2.125,2.54545454545,8.0,6.0,10.0,9.0,8.0,11.0,8.0,130.0,109.0,21.0,0.0,31.0,21.0,52.0,4.0,2.5,3.51612903226,1.0,10,12,5,20
2016-10-12 02:20:00,3.0,4.0,8.0,5.0,8.0,4.0,10.0,18.0,35.0,14.0,25.0,11.0,3.33333333333,4.5,4.375,2.8,3.125,2.75,0.0,2.0,0.0,1.0,0.0,0.0,0.0,0.0,0.0,0.0,0.0,0.0,3.0,6.0,1.0,3.0,3.0,5.0,3.0,6.0,1.0,3.0,3.0,5.0,1.0,1.0,1.0,1.0,1.0,1.0,13.0,24.0,36.0,17.0,28.0,16.0,2.16666666667,2.4,4.0,2.125,2.54545454545,1.77777777778,6.0,10.0,9.0,8.0,11.0,9.0,6.0,134.0,113.0,21.0,0.0,32.0,21.0,53.0,3.0,2.52830188679,3.53125,1.0,10,12,5,40
2016-10-12 02:40:00,4.0,8.0,5.0,8.0,4.0,5.0,18.0,35.0,14.0,25.0,11.0,16.0,4.5,4.375,2.8,3.125,2.75,3.2,2.0,0.0,1.0,0.0,0.0,0.0,0.0,0.0,0.0,0.0,0.0,0.0,6.0,1.0,3.0,3.0,5.0,2.0,6.0,1.0,3.0,3.0,5.0,2.0,1.0,1.0,1.0,1.0,1.0,1.0,24.0,36.0,17.0,28.0,16.0,18.0,2.4,4.0,2.125,2.54545454545,1.77777777778,2.57142857143,10.0,9.0,8.0,11.0,9.0,7.0,10.0,139.0,119.0,20.0,0.0,34.0,20.0,54.0,3.0,2.57407407407,3.5,1.0,10,12,6,0
2016-10-12 03:00:00,8.0,5.0,8.0,4.0,5.0,7.0,35.0,14.0,25.0,11.0,16.0,29.0,4.375,2.8,3.125,2.75,3.2,4.14285714286,0.0,1.0,0.0,0.0,0.0,0.0,0.0,0.0,0.0,0.0,0.0,0.0,1.0,3.0,3.0,5.0,2.0,3.0,1.0,3.0,3.0,5.0,2.0,3.0,1.0,1.0,1.0,1.0,1.0,1.0,36.0,17.0,28.0,16.0,18.0,32.0,4.0,2.125,2.54545454545,1.77777777778,2.57142857143,3.2,9.0,8.0,11.0,9.0,7.0,10.0,17.0,147.0,130.0,17.0,0.0,37.0,17.0,54.0,1.0,2.72222222222,3.51351351351,1.0,10,12,6,20
2016-10-12 03:20:00,5.0,8.0,4.0,5.0,7.0,2.0,14.0,25.0,11.0,16.0,29.0,4.0,2.8,3.125,2.75,3.2,4.14285714286,2.0,1.0,0.0,0.0,0.0,0.0,0.0,0.0,0.0,0.0,0.0,0.0,0.0,3.0,3.0,5.0,2.0,3.0,1.0,3.0,3.0,5.0,2.0,3.0,1.0,1.0,1.0,1.0,1.0,1.0,1.0,17.0,28.0,16.0,18.0,32.0,5.0,2.125,2.54545454545,1.77777777778,2.57142857143,3.2,1.66666666667,8.0,11.0,9.0,7.0,10.0,3.0,16.0,116.0,99.0,17.0,0.0,31.0,17.0,48.0,1.0,2.41666666667,3.1935483871,1.0,10,12,6,40
2016-10-12 03:40:00,8.0,4.0,5.0,7.0,2.0,4.0,25.0,11.0,16.0,29.0,4.0,8.0,3.125,2.75,3.2,4.14285714286,2.0,2.0,0.0,0.0,0.0,0.0,0.0,1.0,0.0,0.0,0.0,0.0,0.0,0.0,3.0,5.0,2.0,3.0,1.0,4.0,3.0,5.0,2.0,3.0,1.0,4.0,1.0,1.0,1.0,1.0,1.0,1.0,28.0,16.0,18.0,32.0,5.0,12.0,2.54545454545,1.77777777778,2.57142857143,3.2,1.66666666667,1.5,11.0,9.0,7.0,10.0,3.0,8.0,27.0,111.0,93.0,18.0,0.0,30.0,18.0,48.0,1.0,2.3125,3.1,1.0,10,12,7,0
2016-10-12 04:00:00,4.0,5.0,7.0,2.0,4.0,1.0,11.0,16.0,29.0,4.0,8.0,2.0,2.75,3.2,4.14285714286,2.0,2.0,2.0,0.0,0.0,0.0,0.0,1.0,1.0,0.0,0.0,0.0,0.0,0.0,0.0,5.0,2.0,3.0,1.0,4.0,5.0,5.0,2.0,3.0,1.0,4.0,5.0,1.0,1.0,1.0,1.0,1.0,1.0,16.0,18.0,32.0,5.0,12.0,7.0,1.77777777778,2.57142857143,3.2,1.66666666667,1.5,1.16666666667,9.0,7.0,10.0,3.0,8.0,6.0,27.0,90.0,70.0,20.0,0.0,23.0,20.0,43.0,2.0,2.09302325581,3.04347826087,1.0,10,12,7,20
2016-10-12 04:20:00,5.0,7.0,2.0,4.0,1.0,3.0,16.0,29.0,4.0,8.0,2.0,6.0,3.2,4.14285714286,2.0,2.0,2.0,2.0,0.0,0.0,0.0,1.0,1.0,2.0,0.0,0.0,0.0,0.0,0.0,0.0,2.0,3.0,1.0,4.0,5.0,7.0,2.0,3.0,1.0,4.0,5.0,7.0,1.0,1.0,1.0,1.0,1.0,1.0,18.0,32.0,5.0,12.0,7.0,13.0,2.57142857143,3.2,1.66666666667,1.5,1.16666666667,1.3,7.0,10.0,3.0,8.0,6.0,10.0,42.0,87.0,65.0,22.0,0.0,22.0,22.0,44.0,4.0,1.97727272727,2.95454545455,1.0,10,12,7,40
2016-10-12 04:40:00,7.0,2.0,4.0,1.0,3.0,6.0,29.0,4.0,8.0,2.0,6.0,12.0,4.14285714286,2.0,2.0,2.0,2.0,2.0,0.0,0.0,1.0,1.0,2.0,1.0,0.0,0.0,0.0,0.0,0.0,0.0,3.0,1.0,4.0,5.0,7.0,11.0,3.0,1.0,4.0,5.0,7.0,11.0,1.0,1.0,1.0,1.0,1.0,1.0,32.0,5.0,12.0,7.0,13.0,23.0,3.2,1.66666666667,1.5,1.16666666667,1.3,1.35294117647,10.0,3.0,8.0,6.0,10.0,17.0,45.0,92.0,61.0,31.0,0.0,23.0,31.0,54.0,5.0,1.7037037037,2.65217391304,1.0,10,12,8,0
2016-10-12 05:00:00,2.0,4.0,1.0,3.0,6.0,2.0,4.0,8.0,2.0,6.0,12.0,6.0,2.0,2.0,2.0,2.0,2.0,3.0,0.0,1.0,1.0,2.0,1.0,6.0,0.0,0.0,0.0,0.0,0.0,0.0,1.0,4.0,5.0,7.0,11.0,14.0,1.0,4.0,5.0,7.0,11.0,14.0,1.0,1.0,1.0,1.0,1.0,1.0,5.0,12.0,7.0,13.0,23.0,20.0,1.66666666667,1.5,1.16666666667,1.3,1.35294117647,1.25,3.0,8.0,6.0,10.0,17.0,16.0,54.0,80.0,38.0,42.0,0.0,18.0,42.0,60.0,11.0,1.33333333333,2.11111111111,1.0,10,12,8,20
2016-10-12 05:20:00,4.0,1.0,3.0,6.0,2.0,7.0,8.0,2.0,6.0,12.0,6.0,14.0,2.0,2.0,2.0,2.0,3.0,2.0,1.0,1.0,2.0,1.0,6.0,6.0,0.0,0.0,0.0,0.0,0.0,0.0,4.0,5.0,7.0,11.0,14.0,20.0,4.0,5.0,7.0,11.0,14.0,26.0,1.0,1.0,1.0,1.0,1.0,1.3,12.0,7.0,13.0,23.0,20.0,40.0,1.5,1.16666666667,1.3,1.35294117647,1.25,1.48148148148,8.0,6.0,10.0,17.0,16.0,27.0,55.0,115.0,48.0,67.0,0.0,23.0,61.0,84.0,17.0,1.36904761905,2.08695652174,1.09836065574,10,12,8,40
2016-10-12 05:40:00,1.0,3.0,6.0,2.0,7.0,2.0,2.0,6.0,12.0,6.0,14.0,4.0,2.0,2.0,2.0,3.0,2.0,2.0,1.0,2.0,1.0,6.0,6.0,7.0,0.0,0.0,0.0,0.0,0.0,0.0,5.0,7.0,11.0,14.0,20.0,25.0,5.0,7.0,11.0,14.0,26.0,25.0,1.0,1.0,1.0,1.0,1.3,1.0,7.0,13.0,23.0,20.0,40.0,29.0,1.16666666667,1.3,1.35294117647,1.25,1.48148148148,1.07407407407,6.0,10.0,17.0,16.0,27.0,27.0,44.0,132.0,44.0,88.0,0.0,21.0,82.0,103.0,23.0,1.28155339806,2.09523809524,1.07317073171,10,12,9,0
2016-10-12 06:00:00,3.0,6.0,2.0,7.0,2.0,5.0,6.0,12.0,6.0,14.0,4.0,10.0,2.0,2.0,3.0,2.0,2.0,2.0,2.0,1.0,6.0,6.0,7.0,13.0,0.0,0.0,0.0,0.0,0.0,0.0,7.0,11.0,14.0,20.0,25.0,37.0,7.0,11.0,14.0,26.0,25.0,37.0,1.0,1.0,1.0,1.3,1.0,1.0,13.0,23.0,20.0,40.0,29.0,47.0,1.3,1.35294117647,1.25,1.48148148148,1.07407407407,1.11904761905,10.0,17.0,16.0,27.0,27.0,42.0,51.0,172.0,52.0,120.0,0.0,25.0,114.0,139.0,35.0,1.23741007194,2.08,1.05263157895,10,12,9,20
2016-10-12 06:20:00,6.0,2.0,7.0,2.0,5.0,4.0,12.0,6.0,14.0,4.0,10.0,10.0,2.0,3.0,2.0,2.0,2.0,2.5,1.0,6.0,6.0,7.0,13.0,11.0,0.0,0.0,0.0,0.0,0.0,0.0,11.0,14.0,20.0,25.0,37.0,41.0,11.0,14.0,26.0,25.0,37.0,44.0,1.0,1.0,1.3,1.0,1.0,1.07317073171,23.0,20.0,40.0,29.0,47.0,54.0,1.35294117647,1.25,1.48148148148,1.07407407407,1.11904761905,1.2,17.0,16.0,27.0,27.0,42.0,45.0,34.0,213.0,56.0,157.0,0.0,26.0,148.0,174.0,44.0,1.22413793103,2.15384615385,1.06081081081,10,12,9,40
2016-10-12 06:40:00,2.0,7.0,2.0,5.0,4.0,2.0,6.0,14.0,4.0,10.0,10.0,4.0,3.0,2.0,2.0,2.0,2.5,2.0,6.0,6.0,7.0,13.0,11.0,15.0,0.0,0.0,0.0,0.0,0.0,0.0,14.0,20.0,25.0,37.0,41.0,52.0,14.0,26.0,25.0,37.0,44.0,58.0,1.0,1.3,1.0,1.0,1.07317073171,1.11538461538,20.0,40.0,29.0,47.0,54.0,62.0,1.25,1.48148148148,1.07407407407,1.11904761905,1.2,1.14814814815,16.0,27.0,27.0,42.0,45.0,54.0,47.0,252.0,48.0,204.0,0.0,22.0,189.0,211.0,58.0,1.19431279621,2.18181818182,1.07936507937,10,12,10,0
2016-10-12 07:00:00,7.0,2.0,5.0,4.0,2.0,8.0,14.0,4.0,10.0,10.0,4.0,18.0,2.0,2.0,2.0,2.5,2.0,2.25,6.0,7.0,13.0,11.0,15.0,16.0,0.0,0.0,0.0,0.0,0.0,0.0,20.0,25.0,37.0,41.0,52.0,47.0,26.0,25.0,37.0,44.0,58.0,50.0,1.3,1.0,1.0,1.07317073171,1.11538461538,1.06382978723,40.0,29.0,47.0,54.0,62.0,68.0,1.48148148148,1.07407407407,1.11904761905,1.2,1.14814814815,1.23636363636,27.0,27.0,42.0,45.0,54.0,55.0,43.0,300.0,60.0,240.0,0.0,28.0,222.0,250.0,68.0,1.2,2.14285714286,1.08108108108,10,12,10,20
2016-10-12 07:20:00,2.0,5.0,4.0,2.0,8.0,2.0,4.0,10.0,10.0,4.0,18.0,4.0,2.0,2.0,2.5,2.0,2.25,2.0,7.0,13.0,11.0,15.0,16.0,11.0,0.0,0.0,0.0,0.0,0.0,0.0,25.0,37.0,41.0,52.0,47.0,42.0,25.0,37.0,44.0,58.0,50.0,42.0,1.0,1.0,1.07317073171,1.11538461538,1.06382978723,1.0,29.0,47.0,54.0,62.0,68.0,46.0,1.07407407407,1.11904761905,1.2,1.14814814815,1.23636363636,1.04545454545,27.0,42.0,45.0,54.0,55.0,44.0,36.0,306.0,50.0,256.0,0.0,23.0,244.0,267.0,73.0,1.14606741573,2.17391304348,1.04918032787,10,12,10,40
2016-10-12 07:40:00,5.0,4.0,2.0,8.0,2.0,4.0,10.0,10.0,4.0,18.0,4.0,8.0,2.0,2.5,2.0,2.25,2.0,2.0,13.0,11.0,15.0,16.0,11.0,18.0,0.0,0.0,0.0,0.0,0.0,0.0,37.0,41.0,52.0,47.0,42.0,47.0,37.0,44.0,58.0,50.0,42.0,47.0,1.0,1.07317073171,1.11538461538,1.06382978723,1.0,1.0,47.0,54.0,62.0,68.0,46.0,55.0,1.11904761905,1.2,1.14814814815,1.23636363636,1.04545454545,1.07843137255,42.0,45.0,54.0,55.0,44.0,51.0,33.0,332.0,54.0,278.0,0.0,25.0,266.0,291.0,84.0,1.14089347079,2.16,1.04511278195,10,12,11,0
2016-10-12 08:00:00,4.0,2.0,8.0,2.0,4.0,5.0,10.0,4.0,18.0,4.0,8.0,10.0,2.5,2.0,2.25,2.0,2.0,2.0,11.0,15.0,16.0,11.0,18.0,13.0,0.0,0.0,0.0,0.0,0.0,0.0,41.0,52.0,47.0,42.0,47.0,29.0,44.0,58.0,50.0,42.0,47.0,29.0,1.07317073171,1.11538461538,1.06382978723,1.0,1.0,1.0,54.0,62.0,68.0,46.0,55.0,39.0,1.2,1.14814814815,1.23636363636,1.04545454545,1.07843137255,1.14705882353,45.0,54.0,55.0,44.0,51.0,34.0,40.0,324.0,54.0,270.0,0.0,25.0,258.0,283.0,84.0,1.14487632509,2.16,1.04651162791,10,12,11,20
2016-10-12 08:20:00,2.0,8.0,2.0,4.0,5.0,3.0,4.0,18.0,4.0,8.0,10.0,7.0,2.0,2.25,2.0,2.0,2.0,2.33333333333,15.0,16.0,11.0,18.0,13.0,12.0,0.0,0.0,0.0,0.0,0.0,0.0,52.0,47.0,42.0,47.0,29.0,44.0,58.0,50.0,42.0,47.0,29.0,44.0,1.11538461538,1.06382978723,1.0,1.0,1.0,1.0,62.0,68.0,46.0,55.0,39.0,51.0,1.14814814815,1.23636363636,1.04545454545,1.07843137255,1.14705882353,1.08510638298,54.0,55.0,44.0,51.0,34.0,47.0,39.0,321.0,51.0,270.0,0.0,24.0,261.0,285.0,85.0,1.12631578947,2.125,1.03448275862,10,12,11,40
2016-10-12 08:40:00,8.0,2.0,4.0,5.0,3.0,2.0,18.0,4.0,8.0,10.0,7.0,4.0,2.25,2.0,2.0,2.0,2.33333333333,2.0,16.0,11.0,18.0,13.0,12.0,12.0,0.0,0.0,0.0,0.0,0.0,0.0,47.0,42.0,47.0,29.0,44.0,41.0,50.0,42.0,47.0,29.0,44.0,41.0,1.06382978723,1.0,1.0,1.0,1.0,1.0,68.0,46.0,55.0,39.0,51.0,45.0,1.23636363636,1.04545454545,1.07843137255,1.14705882353,1.08510638298,1.04651162791,55.0,44.0,51.0,34.0,47.0,43.0,43.0,304.0,51.0,253.0,0.0,24.0,250.0,274.0,82.0,1.10948905109,2.125,1.012,10,12,12,0
2016-10-12 09:00:00,2.0,4.0,5.0,3.0,2.0,5.0,4.0,8.0,10.0,7.0,4.0,10.0,2.0,2.0,2.0,2.33333333333,2.0,2.0,11.0,18.0,13.0,12.0,12.0,12.0,0.0,0.0,0.0,0.0,0.0,0.0,42.0,47.0,29.0,44.0,41.0,31.0,42.0,47.0,29.0,44.0,41.0,31.0,1.0,1.0,1.0,1.0,1.0,1.0,46.0,55.0,39.0,51.0,45.0,41.0,1.04545454545,1.07843137255,1.14705882353,1.08510638298,1.04651162791,1.13888888889,44.0,51.0,34.0,47.0,43.0,36.0,32.0,277.0,43.0,234.0,0.0,21.0,234.0,255.0,78.0,1.0862745098,2.04761904762,1.0,10,12,12,20
2016-10-12 09:20:00,4.0,5.0,3.0,2.0,5.0,4.0,8.0,10.0,7.0,4.0,10.0,9.0,2.0,2.0,2.33333333333,2.0,2.0,2.25,18.0,13.0,12.0,12.0,12.0,11.0,0.0,0.0,0.0,0.0,0.0,0.0,47.0,29.0,44.0,41.0,31.0,29.0,47.0,29.0,44.0,41.0,31.0,29.0,1.0,1.0,1.0,1.0,1.0,1.0,55.0,39.0,51.0,45.0,41.0,38.0,1.07843137255,1.14705882353,1.08510638298,1.04651162791,1.13888888889,1.15151515152,51.0,34.0,47.0,43.0,36.0,33.0,47.0,269.0,48.0,221.0,0.0,23.0,221.0,244.0,78.0,1.10245901639,2.08695652174,1.0,10,12,12,40
2016-10-12 09:40:00,5.0,3.0,2.0,5.0,4.0,5.0,10.0,7.0,4.0,10.0,9.0,10.0,2.0,2.33333333333,2.0,2.0,2.25,2.0,13.0,12.0,12.0,12.0,11.0,7.0,0.0,0.0,0.0,0.0,0.0,0.0,29.0,44.0,41.0,31.0,29.0,35.0,29.0,44.0,41.0,31.0,29.0,35.0,1.0,1.0,1.0,1.0,1.0,1.0,39.0,51.0,45.0,41.0,38.0,45.0,1.14705882353,1.08510638298,1.04651162791,1.13888888889,1.15151515152,1.125,34.0,47.0,43.0,36.0,33.0,40.0,45.0,259.0,50.0,209.0,0.0,24.0,209.0,233.0,67.0,1.11158798283,2.08333333333,1.0,10,12,13,0
2016-10-12 10:00:00,3.0,2.0,5.0,4.0,5.0,4.0,7.0,4.0,10.0,9.0,10.0,8.0,2.33333333333,2.0,2.0,2.25,2.0,2.0,12.0,12.0,12.0,11.0,7.0,12.0,0.0,0.0,0.0,0.0,0.0,0.0,44.0,41.0,31.0,29.0,35.0,35.0,44.0,41.0,31.0,29.0,35.0,35.0,1.0,1.0,1.0,1.0,1.0,1.0,51.0,45.0,41.0,38.0,45.0,43.0,1.08510638298,1.04651162791,1.13888888889,1.15151515152,1.125,1.10256410256,47.0,43.0,36.0,33.0,40.0,39.0,46.0,263.0,48.0,215.0,0.0,23.0,215.0,238.0,66.0,1.10504201681,2.08695652174,1.0,10,12,13,20
2016-10-12 10:20:00,2.0,5.0,4.0,5.0,4.0,1.0,4.0,10.0,9.0,10.0,8.0,2.0,2.0,2.0,2.25,2.0,2.0,2.0,12.0,12.0,11.0,7.0,12.0,13.0,0.0,0.0,0.0,0.0,0.0,0.0,41.0,31.0,29.0,35.0,35.0,42.0,41.0,31.0,29.0,35.0,35.0,42.0,1.0,1.0,1.0,1.0,1.0,1.0,45.0,41.0,38.0,45.0,43.0,44.0,1.04651162791,1.13888888889,1.15151515152,1.125,1.10256410256,1.02325581395,43.0,36.0,33.0,40.0,39.0,43.0,51.0,256.0,43.0,213.0,0.0,21.0,213.0,234.0,67.0,1.09401709402,2.04761904762,1.0,10,12,13,40
2016-10-12 10:40:00,5.0,4.0,5.0,4.0,1.0,3.0,10.0,9.0,10.0,8.0,2.0,7.0,2.0,2.25,2.0,2.0,2.0,2.33333333333,12.0,11.0,7.0,12.0,13.0,10.0,0.0,0.0,0.0,0.0,0.0,0.0,31.0,29.0,35.0,35.0,42.0,29.0,31.0,29.0,35.0,35.0,42.0,29.0,1.0,1.0,1.0,1.0,1.0,1.0,41.0,38.0,45.0,43.0,44.0,36.0,1.13888888889,1.15151515152,1.125,1.10256410256,1.02325581395,1.125,36.0,33.0,40.0,39.0,43.0,32.0,45.0,247.0,46.0,201.0,0.0,22.0,201.0,223.0,65.0,1.10762331839,2.09090909091,1.0,10,12,14,0
2016-10-12 11:00:00,4.0,5.0,4.0,1.0,3.0,4.0,9.0,10.0,8.0,2.0,7.0,9.0,2.25,2.0,2.0,2.0,2.33333333333,2.25,11.0,7.0,12.0,13.0,10.0,12.0,0.0,0.0,0.0,0.0,0.0,0.0,29.0,35.0,35.0,42.0,29.0,43.0,29.0,35.0,35.0,42.0,29.0,43.0,1.0,1.0,1.0,1.0,1.0,1.0,38.0,45.0,43.0,44.0,36.0,52.0,1.15151515152,1.125,1.10256410256,1.02325581395,1.125,1.10638297872,33.0,40.0,39.0,43.0,32.0,47.0,47.0,258.0,45.0,213.0,0.0,21.0,213.0,234.0,65.0,1.10256410256,2.14285714286,1.0,10,12,14,20
2016-10-12 11:20:00,5.0,4.0,1.0,3.0,4.0,3.0,10.0,8.0,2.0,7.0,9.0,6.0,2.0,2.0,2.0,2.33333333333,2.25,2.0,7.0,12.0,13.0,10.0,12.0,7.0,0.0,0.0,0.0,0.0,0.0,0.0,35.0,35.0,42.0,29.0,43.0,42.0,35.0,35.0,42.0,29.0,43.0,42.0,1.0,1.0,1.0,1.0,1.0,1.0,45.0,43.0,44.0,36.0,52.0,48.0,1.125,1.10256410256,1.02325581395,1.125,1.10638297872,1.06666666667,40.0,39.0,43.0,32.0,47.0,45.0,51.0,268.0,42.0,226.0,0.0,20.0,226.0,246.0,61.0,1.08943089431,2.1,1.0,10,12,14,40
2016-10-12 11:40:00,4.0,1.0,3.0,4.0,3.0,5.0,8.0,2.0,7.0,9.0,6.0,10.0,2.0,2.0,2.33333333333,2.25,2.0,2.0,12.0,13.0,10.0,12.0,7.0,8.0,0.0,0.0,0.0,0.0,0.0,0.0,35.0,42.0,29.0,43.0,42.0,41.0,35.0,42.0,29.0,43.0,42.0,44.0,1.0,1.0,1.0,1.0,1.0,1.07317073171,43.0,44.0,36.0,52.0,48.0,54.0,1.10256410256,1.02325581395,1.125,1.10638297872,1.06666666667,1.17391304348,39.0,43.0,32.0,47.0,45.0,46.0,41.0,277.0,42.0,235.0,0.0,20.0,232.0,252.0,62.0,1.09920634921,2.1,1.01293103448,10,12,15,0
2016-10-12 12:00:00,1.0,3.0,4.0,3.0,5.0,2.0,2.0,7.0,9.0,6.0,10.0,4.0,2.0,2.33333333333,2.25,2.0,2.0,2.0,13.0,10.0,12.0,7.0,8.0,11.0,0.0,0.0,0.0,0.0,0.0,0.0,42.0,29.0,43.0,42.0,41.0,49.0,42.0,29.0,43.0,42.0,44.0,49.0,1.0,1.0,1.0,1.0,1.07317073171,1.0,44.0,36.0,52.0,48.0,54.0,53.0,1.02325581395,1.125,1.10638297872,1.06666666667,1.17391304348,1.03921568627,43.0,32.0,47.0,45.0,46.0,51.0,43.0,287.0,38.0,249.0,0.0,18.0,246.0,264.0,61.0,1.08712121212,2.11111111111,1.01219512195,10,12,15,20
2016-10-12 12:20:00,3.0,4.0,3.0,5.0,2.0,4.0,7.0,9.0,6.0,10.0,4.0,11.0,2.33333333333,2.25,2.0,2.0,2.0,2.75,10.0,12.0,7.0,8.0,11.0,16.0,0.0,0.0,0.0,0.0,0.0,0.0,29.0,43.0,42.0,41.0,49.0,41.0,29.0,43.0,42.0,44.0,49.0,41.0,1.0,1.0,1.0,1.07317073171,1.0,1.0,36.0,52.0,48.0,54.0,53.0,52.0,1.125,1.10638297872,1.06666666667,1.17391304348,1.03921568627,1.15555555556,32.0,47.0,45.0,46.0,51.0,45.0,52.0,295.0,47.0,248.0,0.0,21.0,245.0,266.0,64.0,1.10902255639,2.2380952381,1.01224489796,10,12,15,40
2016-10-12 12:40:00,4.0,3.0,5.0,2.0,4.0,4.0,9.0,6.0,10.0,4.0,11.0,8.0,2.25,2.0,2.0,2.0,2.75,2.0,12.0,7.0,8.0,11.0,16.0,6.0,0.0,0.0,0.0,0.0,0.0,0.0,43.0,42.0,41.0,49.0,41.0,43.0,43.0,42.0,44.0,49.0,41.0,43.0,1.0,1.0,1.07317073171,1.0,1.0,1.0,52.0,48.0,54.0,53.0,52.0,51.0,1.10638297872,1.06666666667,1.17391304348,1.03921568627,1.15555555556,1.08510638298,47.0,45.0,46.0,51.0,45.0,47.0,41.0,310.0,48.0,262.0,0.0,22.0,259.0,281.0,60.0,1.10320284698,2.18181818182,1.01158301158,10,12,16,0
2016-10-12 13:00:00,3.0,5.0,2.0,4.0,4.0,3.0,6.0,10.0,4.0,11.0,8.0,6.0,2.0,2.0,2.0,2.75,2.0,2.0,7.0,8.0,11.0,16.0,6.0,11.0,0.0,0.0,0.0,0.0,0.0,0.0,42.0,41.0,49.0,41.0,43.0,48.0,42.0,44.0,49.0,41.0,43.0,48.0,1.0,1.07317073171,1.0,1.0,1.0,1.0,48.0,54.0,53.0,52.0,51.0,54.0,1.06666666667,1.17391304348,1.03921568627,1.15555555556,1.08510638298,1.05882352941,45.0,46.0,51.0,45.0,47.0,51.0,42.0,312.0,45.0,267.0,0.0,21.0,264.0,285.0,59.0,1.09473684211,2.14285714286,1.01136363636,10,12,16,20
2016-10-12 13:20:00,5.0,2.0,4.0,4.0,3.0,9.0,10.0,4.0,11.0,8.0,6.0,18.0,2.0,2.0,2.75,2.0,2.0,2.0,8.0,11.0,16.0,6.0,11.0,9.0,0.0,0.0,0.0,0.0,0.0,0.0,41.0,49.0,41.0,43.0,48.0,32.0,44.0,49.0,41.0,43.0,48.0,32.0,1.07317073171,1.0,1.0,1.0,1.0,1.0,54.0,53.0,52.0,51.0,54.0,50.0,1.17391304348,1.03921568627,1.15555555556,1.08510638298,1.05882352941,1.21951219512,46.0,51.0,45.0,47.0,51.0,41.0,48.0,314.0,57.0,257.0,0.0,27.0,254.0,281.0,61.0,1.11743772242,2.11111111111,1.01181102362,10,12,16,40
2016-10-12 13:40:00,2.0,4.0,4.0,3.0,9.0,3.0,4.0,11.0,8.0,6.0,18.0,7.0,2.0,2.75,2.0,2.0,2.0,2.33333333333,11.0,16.0,6.0,11.0,9.0,13.0,0.0,0.0,0.0,0.0,0.0,0.0,49.0,41.0,43.0,48.0,32.0,40.0,49.0,41.0,43.0,48.0,32.0,40.0,1.0,1.0,1.0,1.0,1.0,1.0,53.0,52.0,51.0,54.0,50.0,47.0,1.03921568627,1.15555555556,1.08510638298,1.05882352941,1.21951219512,1.09302325581,51.0,45.0,47.0,51.0,41.0,43.0,42.0,307.0,54.0,253.0,0.0,25.0,253.0,278.0,66.0,1.10431654676,2.16,1.0,10,12,17,0
2016-10-12 14:00:00,4.0,4.0,3.0,9.0,3.0,3.0,11.0,8.0,6.0,18.0,7.0,6.0,2.75,2.0,2.0,2.0,2.33333333333,2.0,16.0,6.0,11.0,9.0,13.0,14.0,0.0,0.0,0.0,0.0,0.0,0.0,41.0,43.0,48.0,32.0,40.0,49.0,41.0,43.0,48.0,32.0,40.0,49.0,1.0,1.0,1.0,1.0,1.0,1.0,52.0,51.0,54.0,50.0,47.0,55.0,1.15555555556,1.08510638298,1.05882352941,1.21951219512,1.09302325581,1.05769230769,45.0,47.0,51.0,41.0,43.0,52.0,26.0,309.0,56.0,253.0,0.0,26.0,253.0,279.0,69.0,1.10752688172,2.15384615385,1.0,10,12,17,20
2016-10-12 14:20:00,4.0,3.0,9.0,3.0,3.0,2.0,8.0,6.0,18.0,7.0,6.0,4.0,2.0,2.0,2.0,2.33333333333,2.0,2.0,6.0,11.0,9.0,13.0,14.0,11.0,0.0,0.0,0.0,0.0,0.0,0.0,43.0,48.0,32.0,40.0,49.0,39.0,43.0,48.0,32.0,40.0,49.0,39.0,1.0,1.0,1.0,1.0,1.0,1.0,51.0,54.0,50.0,47.0,55.0,43.0,1.08510638298,1.05882352941,1.21951219512,1.09302325581,1.05769230769,1.0487804878,47.0,51.0,41.0,43.0,52.0,41.0,26.0,300.0,49.0,251.0,0.0,24.0,251.0,275.0,64.0,1.09090909091,2.04166666667,1.0,10,12,17,40
2016-10-12 14:40:00,3.0,9.0,3.0,3.0,2.0,2.0,6.0,18.0,7.0,6.0,4.0,4.0,2.0,2.0,2.33333333333,2.0,2.0,2.0,11.0,9.0,13.0,14.0,11.0,8.0,0.0,0.0,0.0,0.0,0.0,0.0,48.0,32.0,40.0,49.0,39.0,40.0,48.0,32.0,40.0,49.0,39.0,40.0,1.0,1.0,1.0,1.0,1.0,1.0,54.0,50.0,47.0,55.0,43.0,44.0,1.05882352941,1.21951219512,1.09302325581,1.05769230769,1.0487804878,1.04761904762,51.0,41.0,43.0,52.0,41.0,42.0,29.0,293.0,45.0,248.0,0.0,22.0,248.0,270.0,66.0,1.08518518519,2.04545454545,1.0,10,12,18,0
2016-10-12 15:00:00,9.0,3.0,3.0,2.0,2.0,4.0,18.0,7.0,6.0,4.0,4.0,8.0,2.0,2.33333333333,2.0,2.0,2.0,2.0,9.0,13.0,14.0,11.0,8.0,19.0,0.0,0.0,0.0,0.0,0.0,0.0,32.0,40.0,49.0,39.0,40.0,44.0,32.0,40.0,49.0,39.0,40.0,50.0,1.0,1.0,1.0,1.0,1.0,1.13636363636,50.0,47.0,55.0,43.0,44.0,58.0,1.21951219512,1.09302325581,1.05769230769,1.0487804878,1.04761904762,1.20833333333,41.0,43.0,52.0,41.0,42.0,48.0,25.0,297.0,47.0,250.0,0.0,23.0,244.0,267.0,74.0,1.11235955056,2.04347826087,1.02459016393,10,12,18,20
2016-10-12 15:20:00,3.0,3.0,2.0,2.0,4.0,4.0,7.0,6.0,4.0,4.0,8.0,8.0,2.33333333333,2.0,2.0,2.0,2.0,2.0,13.0,14.0,11.0,8.0,19.0,13.0,0.0,0.0,0.0,0.0,0.0,0.0,40.0,49.0,39.0,40.0,44.0,38.0,40.0,49.0,39.0,40.0,50.0,38.0,1.0,1.0,1.0,1.0,1.13636363636,1.0,47.0,55.0,43.0,44.0,58.0,46.0,1.09302325581,1.05769230769,1.0487804878,1.04761904762,1.20833333333,1.09523809524,43.0,52.0,41.0,42.0,48.0,42.0,21.0,293.0,37.0,256.0,0.0,18.0,250.0,268.0,78.0,1.09328358209,2.05555555556,1.024,10,12,18,40
2016-10-12 15:40:00,3.0,2.0,2.0,4.0,4.0,1.0,6.0,4.0,4.0,8.0,8.0,2.0,2.0,2.0,2.0,2.0,2.0,2.0,14.0,11.0,8.0,19.0,13.0,8.0,0.0,0.0,0.0,0.0,0.0,0.0,49.0,39.0,40.0,44.0,38.0,25.0,49.0,39.0,40.0,50.0,38.0,25.0,1.0,1.0,1.0,1.13636363636,1.0,1.0,55.0,43.0,44.0,58.0,46.0,27.0,1.05769230769,1.0487804878,1.04761904762,1.20833333333,1.09523809524,1.03846153846,52.0,41.0,42.0,48.0,42.0,26.0,18.0,273.0,32.0,241.0,0.0,16.0,235.0,251.0,73.0,1.08764940239,2.0,1.02553191489,10,12,19,0
2016-10-12 16:00:00,2.0,2.0,4.0,4.0,1.0,2.0,4.0,4.0,8.0,8.0,2.0,4.0,2.0,2.0,2.0,2.0,2.0,2.0,11.0,8.0,19.0,13.0,8.0,11.0,0.0,0.0,0.0,0.0,0.0,0.0,39.0,40.0,44.0,38.0,25.0,24.0,39.0,40.0,50.0,38.0,25.0,24.0,1.0,1.0,1.13636363636,1.0,1.0,1.0,43.0,44.0,58.0,46.0,27.0,28.0,1.0487804878,1.04761904762,1.20833333333,1.09523809524,1.03846153846,1.07692307692,41.0,42.0,48.0,42.0,26.0,26.0,17.0,246.0,30.0,216.0,0.0,15.0,210.0,225.0,70.0,1.09333333333,2.0,1.02857142857,10,12,19,20
2016-10-12 16:20:00,2.0,4.0,4.0,1.0,2.0,0.0,4.0,8.0,8.0,2.0,4.0,0.0,2.0,2.0,2.0,2.0,2.0,0.0,8.0,19.0,13.0,8.0,11.0,9.0,0.0,0.0,0.0,0.0,0.0,0.0,40.0,44.0,38.0,25.0,24.0,29.0,40.0,50.0,38.0,25.0,24.0,29.0,1.0,1.13636363636,1.0,1.0,1.0,1.0,44.0,58.0,46.0,27.0,28.0,29.0,1.04761904762,1.20833333333,1.09523809524,1.03846153846,1.07692307692,1.0,42.0,48.0,42.0,26.0,26.0,29.0,24.0,232.0,26.0,206.0,0.0,13.0,200.0,213.0,68.0,1.08920187793,2.0,1.03,10,12,19,40
2016-10-12 16:40:00,4.0,4.0,1.0,2.0,0.0,4.0,8.0,8.0,2.0,4.0,0.0,8.0,2.0,2.0,2.0,2.0,0.0,2.0,19.0,13.0,8.0,11.0,9.0,5.0,0.0,0.0,0.0,0.0,0.0,0.0,44.0,38.0,25.0,24.0,29.0,21.0,50.0,38.0,25.0,24.0,29.0,21.0,1.13636363636,1.0,1.0,1.0,1.0,1.0,58.0,46.0,27.0,28.0,29.0,29.0,1.20833333333,1.09523809524,1.03846153846,1.07692307692,1.0,1.16,48.0,42.0,26.0,26.0,29.0,25.0,15.0,217.0,30.0,187.0,0.0,15.0,181.0,196.0,65.0,1.10714285714,2.0,1.03314917127,10,12,20,0
2016-10-12 17:00:00,4.0,1.0,2.0,0.0,4.0,2.0,8.0,2.0,4.0,0.0,8.0,4.0,2.0,2.0,2.0,0.0,2.0,2.0,13.0,8.0,11.0,9.0,5.0,6.0,0.0,0.0,0.0,0.0,0.0,0.0,38.0,25.0,24.0,29.0,21.0,19.0,38.0,25.0,24.0,29.0,21.0,19.0,1.0,1.0,1.0,1.0,1.0,1.0,46.0,27.0,28.0,29.0,29.0,23.0,1.09523809524,1.03846153846,1.07692307692,1.0,1.16,1.09523809524,42.0,26.0,26.0,29.0,25.0,21.0,18.0,182.0,26.0,156.0,0.0,13.0,156.0,169.0,52.0,1.07692307692,2.0,1.0,10,12,20,20
2016-10-12 17:20:00,1.0,2.0,0.0,4.0,2.0,1.0,2.0,4.0,0.0,8.0,4.0,2.0,2.0,2.0,0.0,2.0,2.0,2.0,8.0,11.0,9.0,5.0,6.0,3.0,0.0,0.0,0.0,0.0,0.0,0.0,25.0,24.0,29.0,21.0,19.0,17.0,25.0,24.0,29.0,21.0,19.0,17.0,1.0,1.0,1.0,1.0,1.0,1.0,27.0,28.0,29.0,29.0,23.0,19.0,1.03846153846,1.07692307692,1.0,1.16,1.09523809524,1.05555555556,26.0,26.0,29.0,25.0,21.0,18.0,16.0,155.0,20.0,135.0,0.0,10.0,135.0,145.0,42.0,1.06896551724,2.0,1.0,10,12,20,40
2016-10-12 17:40:00,2.0,0.0,4.0,2.0,1.0,0.0,4.0,0.0,8.0,4.0,2.0,0.0,2.0,0.0,2.0,2.0,2.0,0.0,11.0,9.0,5.0,6.0,3.0,5.0,0.0,0.0,0.0,0.0,0.0,0.0,24.0,29.0,21.0,19.0,17.0,17.0,24.0,29.0,21.0,19.0,17.0,17.0,1.0,1.0,1.0,1.0,1.0,1.0,28.0,29.0,29.0,23.0,19.0,17.0,1.07692307692,1.0,1.16,1.09523809524,1.05555555556,1.0,26.0,29.0,25.0,21.0,18.0,17.0,22.0,145.0,18.0,127.0,0.0,9.0,127.0,136.0,39.0,1.06617647059,2.0,1.0,10,12,21,0
2016-10-12 18:00:00,0.0,4.0,2.0,1.0,0.0,0.0,0.0,8.0,4.0,2.0,0.0,0.0,0.0,2.0,2.0,2.0,0.0,0.0,9.0,5.0,6.0,3.0,5.0,8.0,0.0,0.0,0.0,0.0,0.0,0.0,29.0,21.0,19.0,17.0,17.0,24.0,29.0,21.0,19.0,17.0,17.0,24.0,1.0,1.0,1.0,1.0,1.0,1.0,29.0,29.0,23.0,19.0,17.0,24.0,1.0,1.16,1.09523809524,1.05555555556,1.0,1.0,29.0,25.0,21.0,18.0,17.0,24.0,16.0,141.0,14.0,127.0,0.0,7.0,127.0,134.0,36.0,1.05223880597,2.0,1.0,10,12,21,20
2016-10-12 18:20:00,4.0,2.0,1.0,0.0,0.0,2.0,8.0,4.0,2.0,0.0,0.0,4.0,2.0,2.0,2.0,0.0,0.0,2.0,5.0,6.0,3.0,5.0,8.0,5.0,0.0,0.0,0.0,0.0,0.0,0.0,21.0,19.0,17.0,17.0,24.0,13.0,21.0,19.0,17.0,17.0,24.0,13.0,1.0,1.0,1.0,1.0,1.0,1.0,29.0,23.0,19.0,17.0,24.0,17.0,1.16,1.09523809524,1.05555555556,1.0,1.0,1.13333333333,25.0,21.0,18.0,17.0,24.0,15.0,10.0,129.0,18.0,111.0,0.0,9.0,111.0,120.0,32.0,1.075,2.0,1.0,10,12,21,40
2016-10-12 18:40:00,2.0,1.0,0.0,0.0,2.0,1.0,4.0,2.0,0.0,0.0,4.0,7.0,2.0,2.0,0.0,0.0,2.0,7.0,6.0,3.0,5.0,8.0,5.0,7.0,0.0,0.0,0.0,0.0,0.0,0.0,19.0,17.0,17.0,24.0,13.0,17.0,19.0,17.0,17.0,24.0,13.0,17.0,1.0,1.0,1.0,1.0,1.0,1.0,23.0,19.0,17.0,24.0,17.0,24.0,1.09523809524,1.05555555556,1.0,1.0,1.13333333333,1.33333333333,21.0,18.0,17.0,24.0,15.0,18.0,8.0,124.0,17.0,107.0,0.0,6.0,107.0,113.0,34.0,1.09734513274,2.83333333333,1.0,10,12,22,0
2016-10-12 19:00:00,1.0,0.0,0.0,2.0,1.0,2.0,2.0,0.0,0.0,4.0,7.0,4.0,2.0,0.0,0.0,2.0,7.0,2.0,3.0,5.0,8.0,5.0,7.0,4.0,0.0,0.0,0.0,0.0,0.0,0.0,17.0,17.0,24.0,13.0,17.0,14.0,17.0,17.0,24.0,13.0,17.0,14.0,1.0,1.0,1.0,1.0,1.0,1.0,19.0,17.0,24.0,17.0,24.0,18.0,1.05555555556,1.0,1.0,1.13333333333,1.33333333333,1.125,18.0,17.0,24.0,15.0,18.0,16.0,7.0,119.0,17.0,102.0,0.0,6.0,102.0,108.0,32.0,1.10185185185,2.83333333333,1.0,10,12,22,20
2016-10-12 19:20:00,0.0,0.0,2.0,1.0,2.0,3.0,0.0,0.0,4.0,7.0,4.0,6.0,0.0,0.0,2.0,7.0,2.0,2.0,5.0,8.0,5.0,7.0,4.0,5.0,0.0,0.0,0.0,0.0,0.0,0.0,17.0,24.0,13.0,17.0,14.0,19.0,17.0,24.0,13.0,17.0,14.0,19.0,1.0,1.0,1.0,1.0,1.0,1.0,17.0,24.0,17.0,24.0,18.0,25.0,1.0,1.0,1.13333333333,1.33333333333,1.125,1.13636363636,17.0,24.0,15.0,18.0,16.0,22.0,10.0,125.0,21.0,104.0,0.0,8.0,104.0,112.0,34.0,1.11607142857,2.625,1.0,10,12,22,40
2016-10-12 19:40:00,0.0,2.0,1.0,2.0,3.0,3.0,0.0,4.0,7.0,4.0,6.0,6.0,0.0,2.0,7.0,2.0,2.0,2.0,8.0,5.0,7.0,4.0,5.0,3.0,0.0,0.0,0.0,0.0,0.0,0.0,24.0,13.0,17.0,14.0,19.0,13.0,24.0,13.0,17.0,14.0,19.0,13.0,1.0,1.0,1.0,1.0,1.0,1.0,24.0,17.0,24.0,18.0,25.0,19.0,1.0,1.13333333333,1.33333333333,1.125,1.13636363636,1.1875,24.0,15.0,18.0,16.0,22.0,16.0,7.0,127.0,27.0,100.0,0.0,11.0,100.0,111.0,32.0,1.14414414414,2.45454545455,1.0,10,12,23,0
2016-10-12 20:00:00,2.0,1.0,2.0,3.0,3.0,0.0,4.0,7.0,4.0,6.0,6.0,0.0,2.0,7.0,2.0,2.0,2.0,0.0,5.0,7.0,4.0,5.0,3.0,1.0,0.0,0.0,0.0,0.0,0.0,0.0,13.0,17.0,14.0,19.0,13.0,10.0,13.0,17.0,14.0,19.0,13.0,10.0,1.0,1.0,1.0,1.0,1.0,1.0,17.0,24.0,18.0,25.0,19.0,10.0,1.13333333333,1.33333333333,1.125,1.13636363636,1.1875,1.0,15.0,18.0,16.0,22.0,16.0,10.0,4.0,113.0,27.0,86.0,0.0,11.0,86.0,97.0,25.0,1.16494845361,2.45454545455,1.0,10,12,23,20
2016-10-12 20:20:00,1.0,2.0,3.0,3.0,0.0,0.0,7.0,4.0,6.0,6.0,0.0,0.0,7.0,2.0,2.0,2.0,0.0,0.0,7.0,4.0,5.0,3.0,1.0,1.0,0.0,0.0,0.0,0.0,0.0,0.0,17.0,14.0,19.0,13.0,10.0,8.0,17.0,14.0,19.0,13.0,10.0,8.0,1.0,1.0,1.0,1.0,1.0,1.0,24.0,18.0,25.0,19.0,10.0,8.0,1.33333333333,1.125,1.13636363636,1.1875,1.0,1.0,18.0,16.0,22.0,16.0,10.0,8.0,3.0,104.0,23.0,81.0,0.0,9.0,81.0,90.0,21.0,1.15555555556,2.55555555556,1.0,10,12,23,40
2016-10-12 20:40:00,2.0,3.0,3.0,0.0,0.0,0.0,4.0,6.0,6.0,0.0,0.0,0.0,2.0,2.0,2.0,0.0,0.0,0.0,4.0,5.0,3.0,1.0,1.0,2.0,0.0,0.0,0.0,0.0,0.0,0.0,14.0,19.0,13.0,10.0,8.0,7.0,14.0,19.0,13.0,10.0,8.0,7.0,1.0,1.0,1.0,1.0,1.0,1.0,18.0,25.0,19.0,10.0,8.0,7.0,1.125,1.13636363636,1.1875,1.0,1.0,1.0,16.0,22.0,16.0,10.0,8.0,7.0,5.0,87.0,16.0,71.0,0.0,8.0,71.0,79.0,16.0,1.10126582278,2.0,1.0,10,13,0,0
2016-10-12 21:00:00,3.0,3.0,0.0,0.0,0.0,1.0,6.0,6.0,0.0,0.0,0.0,2.0,2.0,2.0,0.0,0.0,0.0,2.0,5.0,3.0,1.0,1.0,2.0,4.0,0.0,0.0,0.0,0.0,0.0,0.0,19.0,13.0,10.0,8.0,7.0,9.0,19.0,13.0,10.0,8.0,7.0,9.0,1.0,1.0,1.0,1.0,1.0,1.0,25.0,19.0,10.0,8.0,7.0,11.0,1.13636363636,1.1875,1.0,1.0,1.0,1.1,22.0,16.0,10.0,8.0,7.0,10.0,11.0,80.0,14.0,66.0,0.0,7.0,66.0,73.0,16.0,1.09589041096,2.0,1.0,10,13,0,20
2016-10-12 21:20:00,3.0,0.0,0.0,0.0,1.0,0.0,6.0,0.0,0.0,0.0,2.0,0.0,2.0,0.0,0.0,0.0,2.0,0.0,3.0,1.0,1.0,2.0,4.0,1.0,0.0,0.0,0.0,0.0,0.0,0.0,13.0,10.0,8.0,7.0,9.0,7.0,13.0,10.0,8.0,7.0,9.0,7.0,1.0,1.0,1.0,1.0,1.0,1.0,19.0,10.0,8.0,7.0,11.0,7.0,1.1875,1.0,1.0,1.0,1.1,1.0,16.0,10.0,8.0,7.0,10.0,7.0,7.0,62.0,8.0,54.0,0.0,4.0,54.0,58.0,12.0,1.06896551724,2.0,1.0,10,13,0,40
2016-10-12 21:40:00,0.0,0.0,0.0,1.0,0.0,2.0,0.0,0.0,0.0,2.0,0.0,4.0,0.0,0.0,0.0,2.0,0.0,2.0,1.0,1.0,2.0,4.0,1.0,0.0,0.0,0.0,0.0,0.0,0.0,0.0,10.0,8.0,7.0,9.0,7.0,2.0,10.0,8.0,7.0,9.0,7.0,2.0,1.0,1.0,1.0,1.0,1.0,1.0,10.0,8.0,7.0,11.0,7.0,6.0,1.0,1.0,1.0,1.1,1.0,1.5,10.0,8.0,7.0,10.0,7.0,4.0,10.0,49.0,6.0,43.0,0.0,3.0,43.0,46.0,9.0,1.0652173913,2.0,1.0,10,13,1,0
2016-10-12 22:00:00,0.0,0.0,1.0,0.0,2.0,1.0,0.0,0.0,2.0,0.0,4.0,2.0,0.0,0.0,2.0,0.0,2.0,2.0,1.0,2.0,4.0,1.0,0.0,1.0,0.0,0.0,0.0,0.0,0.0,0.0,8.0,7.0,9.0,7.0,2.0,2.0,8.0,7.0,9.0,7.0,2.0,2.0,1.0,1.0,1.0,1.0,1.0,1.0,8.0,7.0,11.0,7.0,6.0,4.0,1.0,1.0,1.1,1.0,1.5,1.33333333333,8.0,7.0,10.0,7.0,4.0,3.0,11.0,43.0,8.0,35.0,0.0,4.0,35.0,39.0,9.0,1.10256410256,2.0,1.0,10,13,1,20
2016-10-12 22:20:00,0.0,1.0,0.0,2.0,1.0,0.0,0.0,2.0,0.0,4.0,2.0,0.0,0.0,2.0,0.0,2.0,2.0,0.0,2.0,4.0,1.0,0.0,1.0,1.0,0.0,0.0,0.0,0.0,0.0,0.0,7.0,9.0,7.0,2.0,2.0,5.0,7.0,9.0,7.0,2.0,2.0,5.0,1.0,1.0,1.0,1.0,1.0,1.0,7.0,11.0,7.0,6.0,4.0,5.0,1.0,1.1,1.0,1.5,1.33333333333,1.0,7.0,10.0,7.0,4.0,3.0,5.0,10.0,40.0,8.0,32.0,0.0,4.0,32.0,36.0,9.0,1.11111111111,2.0,1.0,10,13,1,40
2016-10-12 22:40:00,1.0,0.0,2.0,1.0,0.0,3.0,2.0,0.0,4.0,2.0,0.0,10.0,2.0,0.0,2.0,2.0,0.0,3.33333333333,4.0,1.0,0.0,1.0,1.0,1.0,0.0,0.0,0.0,0.0,0.0,0.0,9.0,7.0,2.0,2.0,5.0,8.0,9.0,7.0,2.0,2.0,5.0,8.0,1.0,1.0,1.0,1.0,1.0,1.0,11.0,7.0,6.0,4.0,5.0,18.0,1.1,1.0,1.5,1.33333333333,1.0,1.63636363636,10.0,7.0,4.0,3.0,5.0,11.0,7.0,51.0,18.0,33.0,0.0,7.0,33.0,40.0,8.0,1.275,2.57142857143,1.0,10,13,2,0
2016-10-12 23:00:00,0.0,2.0,1.0,0.0,3.0,2.0,0.0,4.0,2.0,0.0,10.0,4.0,0.0,2.0,2.0,0.0,3.33333333333,2.0,1.0,0.0,1.0,1.0,1.0,0.0,0.0,0.0,0.0,0.0,0.0,0.0,7.0,2.0,2.0,5.0,8.0,5.0,7.0,2.0,2.0,5.0,8.0,5.0,1.0,1.0,1.0,1.0,1.0,1.0,7.0,6.0,4.0,5.0,18.0,9.0,1.0,1.5,1.33333333333,1.0,1.63636363636,1.28571428571,7.0,4.0,3.0,5.0,11.0,7.0,8.0,49.0,20.0,29.0,0.0,8.0,29.0,37.0,4.0,1.32432432432,2.5,1.0,10,13,2,20
2016-10-12 23:20:00,2.0,1.0,0.0,3.0,2.0,3.0,4.0,2.0,0.0,10.0,4.0,7.0,2.0,2.0,0.0,3.33333333333,2.0,2.33333333333,0.0,1.0,1.0,1.0,0.0,2.0,0.0,0.0,0.0,0.0,0.0,0.0,2.0,2.0,5.0,8.0,5.0,7.0,2.0,2.0,5.0,8.0,5.0,7.0,1.0,1.0,1.0,1.0,1.0,1.0,6.0,4.0,5.0,18.0,9.0,14.0,1.5,1.33333333333,1.0,1.63636363636,1.28571428571,1.4,4.0,3.0,5.0,11.0,7.0,10.0,7.0,56.0,27.0,29.0,0.0,11.0,29.0,40.0,5.0,1.4,2.45454545455,1.0,10,13,2,40
2016-10-12 23:40:00,1.0,0.0,3.0,2.0,3.0,3.0,2.0,0.0,10.0,4.0,7.0,15.0,2.0,0.0,3.33333333333,2.0,2.33333333333,5.0,1.0,1.0,1.0,0.0,2.0,5.0,0.0,0.0,0.0,0.0,0.0,0.0,2.0,5.0,8.0,5.0,7.0,8.0,2.0,5.0,8.0,5.0,7.0,8.0,1.0,1.0,1.0,1.0,1.0,1.0,4.0,5.0,18.0,9.0,14.0,23.0,1.33333333333,1.0,1.63636363636,1.28571428571,1.4,2.09090909091,3.0,5.0,11.0,7.0,10.0,11.0,8.0,73.0,38.0,35.0,0.0,12.0,35.0,47.0,10.0,1.55319148936,3.16666666667,1.0,10,13,3,0
2016-10-13 00:00:00,0.0,3.0,2.0,3.0,3.0,4.0,0.0,10.0,4.0,7.0,15.0,11.0,0.0,3.33333333333,2.0,2.33333333333,5.0,2.75,1.0,1.0,0.0,2.0,5.0,0.0,0.0,0.0,0.0,0.0,0.0,0.0,5.0,8.0,5.0,7.0,8.0,6.0,5.0,8.0,5.0,7.0,8.0,6.0,1.0,1.0,1.0,1.0,1.0,1.0,5.0,18.0,9.0,14.0,23.0,17.0,1.0,1.63636363636,1.28571428571,1.4,2.09090909091,1.7,5.0,11.0,7.0,10.0,11.0,10.0,8.0,86.0,47.0,39.0,0.0,15.0,39.0,54.0,9.0,1.59259259259,3.13333333333,1.0,10,13,3,20
2016-10-13 00:20:00,3.0,2.0,3.0,3.0,4.0,4.0,10.0,4.0,7.0,15.0,11.0,18.0,3.33333333333,2.0,2.33333333333,5.0,2.75,4.5,1.0,0.0,2.0,5.0,0.0,0.0,0.0,0.0,0.0,0.0,0.0,0.0,8.0,5.0,7.0,8.0,6.0,3.0,8.0,5.0,7.0,8.0,6.0,3.0,1.0,1.0,1.0,1.0,1.0,1.0,18.0,9.0,14.0,23.0,17.0,21.0,1.63636363636,1.28571428571,1.4,2.09090909091,1.7,3.0,11.0,7.0,10.0,11.0,10.0,7.0,11.0,102.0,65.0,37.0,0.0,19.0,37.0,56.0,8.0,1.82142857143,3.42105263158,1.0,10,13,3,40
2016-10-13 00:40:00,2.0,3.0,3.0,4.0,4.0,2.0,4.0,7.0,15.0,11.0,18.0,4.0,2.0,2.33333333333,5.0,2.75,4.5,2.0,0.0,2.0,5.0,0.0,0.0,0.0,0.0,0.0,0.0,0.0,0.0,0.0,5.0,7.0,8.0,6.0,3.0,6.0,5.0,7.0,8.0,6.0,3.0,6.0,1.0,1.0,1.0,1.0,1.0,1.0,9.0,14.0,23.0,17.0,21.0,10.0,1.28571428571,1.4,2.09090909091,1.7,3.0,1.25,7.0,10.0,11.0,10.0,7.0,8.0,10.0,94.0,59.0,35.0,0.0,18.0,35.0,53.0,7.0,1.77358490566,3.27777777778,1.0,10,13,4,0
2016-10-13 01:00:00,3.0,3.0,4.0,4.0,2.0,3.0,7.0,15.0,11.0,18.0,4.0,6.0,2.33333333333,5.0,2.75,4.5,2.0,2.0,2.0,5.0,0.0,0.0,0.0,0.0,0.0,0.0,0.0,0.0,0.0,0.0,7.0,8.0,6.0,3.0,6.0,4.0,7.0,8.0,6.0,3.0,6.0,4.0,1.0,1.0,1.0,1.0,1.0,1.0,14.0,23.0,17.0,21.0,10.0,10.0,1.4,2.09090909091,1.7,3.0,1.25,1.42857142857,10.0,11.0,10.0,7.0,8.0,7.0,10.0,95.0,61.0,34.0,0.0,19.0,34.0,53.0,7.0,1.79245283019,3.21052631579,1.0,10,13,4,20
2016-10-13 01:20:00,3.0,4.0,4.0,2.0,3.0,6.0,15.0,11.0,18.0,4.0,6.0,26.0,5.0,2.75,4.5,2.0,2.0,4.33333333333,5.0,0.0,0.0,0.0,0.0,0.0,0.0,0.0,0.0,0.0,0.0,0.0,8.0,6.0,3.0,6.0,4.0,2.0,8.0,6.0,3.0,6.0,4.0,2.0,1.0,1.0,1.0,1.0,1.0,1.0,23.0,17.0,21.0,10.0,10.0,28.0,2.09090909091,1.7,3.0,1.25,1.42857142857,3.5,11.0,10.0,7.0,8.0,7.0,8.0,12.0,109.0,80.0,29.0,0.0,22.0,29.0,51.0,5.0,2.13725490196,3.63636363636,1.0,10,13,4,40
2016-10-13 01:40:00,4.0,4.0,2.0,3.0,6.0,6.0,11.0,18.0,4.0,6.0,26.0,24.0,2.75,4.5,2.0,2.0,4.33333333333,4.0,0.0,0.0,0.0,0.0,0.0,0.0,0.0,0.0,0.0,0.0,0.0,0.0,6.0,3.0,6.0,4.0,2.0,2.0,6.0,3.0,6.0,4.0,2.0,2.0,1.0,1.0,1.0,1.0,1.0,1.0,17.0,21.0,10.0,10.0,28.0,26.0,1.7,3.0,1.25,1.42857142857,3.5,3.25,10.0,7.0,8.0,7.0,8.0,8.0,7.0,112.0,89.0,23.0,0.0,25.0,23.0,48.0,0.0,2.33333333333,3.56,1.0,10,13,5,0
2016-10-13 02:00:00,4.0,2.0,3.0,6.0,6.0,8.0,18.0,4.0,6.0,26.0,24.0,27.0,4.5,2.0,2.0,4.33333333333,4.0,3.375,0.0,0.0,0.0,0.0,0.0,0.0,0.0,0.0,0.0,0.0,0.0,0.0,3.0,6.0,4.0,2.0,2.0,3.0,3.0,6.0,4.0,2.0,2.0,3.0,1.0,1.0,1.0,1.0,1.0,1.0,21.0,10.0,10.0,28.0,26.0,30.0,3.0,1.25,1.42857142857,3.5,3.25,2.72727272727,7.0,8.0,7.0,8.0,8.0,11.0,2.0,125.0,105.0,20.0,0.0,29.0,20.0,49.0,0.0,2.55102040816,3.62068965517,1.0,10,13,5,20
2016-10-13 02:20:00,2.0,3.0,6.0,6.0,8.0,6.0,4.0,6.0,26.0,24.0,27.0,25.0,2.0,2.0,4.33333333333,4.0,3.375,4.16666666667,0.0,0.0,0.0,0.0,0.0,0.0,0.0,0.0,0.0,0.0,0.0,0.0,6.0,4.0,2.0,2.0,3.0,4.0,6.0,4.0,2.0,2.0,3.0,7.0,1.0,1.0,1.0,1.0,1.0,1.75,10.0,10.0,28.0,26.0,30.0,32.0,1.25,1.42857142857,3.5,3.25,2.72727272727,3.2,8.0,7.0,8.0,8.0,11.0,10.0,4.0,136.0,112.0,24.0,0.0,31.0,21.0,52.0,0.0,2.61538461538,3.61290322581,1.14285714286,10,13,5,40
2016-10-13 02:40:00,3.0,6.0,6.0,8.0,6.0,5.0,6.0,26.0,24.0,27.0,25.0,22.0,2.0,4.33333333333,4.0,3.375,4.16666666667,4.4,0.0,0.0,0.0,0.0,0.0,0.0,0.0,0.0,0.0,0.0,0.0,0.0,4.0,2.0,2.0,3.0,4.0,5.0,4.0,2.0,2.0,3.0,7.0,5.0,1.0,1.0,1.0,1.0,1.75,1.0,10.0,28.0,26.0,30.0,32.0,27.0,1.42857142857,3.5,3.25,2.72727272727,3.2,2.7,7.0,8.0,8.0,11.0,10.0,10.0,17.0,153.0,130.0,23.0,0.0,34.0,20.0,54.0,0.0,2.83333333333,3.82352941176,1.15,10,13,6,0
2016-10-13 03:00:00,6.0,6.0,8.0,6.0,5.0,7.0,26.0,24.0,27.0,25.0,22.0,23.0,4.33333333333,4.0,3.375,4.16666666667,4.4,3.28571428571,0.0,0.0,0.0,0.0,0.0,1.0,0.0,0.0,0.0,0.0,0.0,0.0,2.0,2.0,3.0,4.0,5.0,5.0,2.0,2.0,3.0,7.0,5.0,5.0,1.0,1.0,1.0,1.75,1.0,1.0,28.0,26.0,30.0,32.0,27.0,28.0,3.5,3.25,2.72727272727,3.2,2.7,2.33333333333,8.0,8.0,11.0,10.0,10.0,12.0,18.0,171.0,147.0,24.0,0.0,38.0,21.0,59.0,1.0,2.89830508475,3.86842105263,1.14285714286,10,13,6,20
2016-10-13 03:20:00,6.0,8.0,6.0,5.0,7.0,2.0,24.0,27.0,25.0,22.0,23.0,7.0,4.0,3.375,4.16666666667,4.4,3.28571428571,3.5,0.0,0.0,0.0,0.0,1.0,1.0,0.0,0.0,0.0,0.0,0.0,0.0,2.0,3.0,4.0,5.0,5.0,5.0,2.0,3.0,7.0,5.0,5.0,5.0,1.0,1.0,1.75,1.0,1.0,1.0,26.0,30.0,32.0,27.0,28.0,12.0,3.25,2.72727272727,3.2,2.7,2.33333333333,1.71428571429,8.0,11.0,10.0,10.0,12.0,7.0,32.0,155.0,128.0,27.0,0.0,34.0,24.0,58.0,2.0,2.6724137931,3.76470588235,1.125,10,13,6,40
2016-10-13 03:40:00,8.0,6.0,5.0,7.0,2.0,2.0,27.0,25.0,22.0,23.0,7.0,4.0,3.375,4.16666666667,4.4,3.28571428571,3.5,2.0,0.0,0.0,0.0,1.0,1.0,0.0,0.0,0.0,0.0,0.0,0.0,0.0,3.0,4.0,5.0,5.0,5.0,0.0,3.0,7.0,5.0,5.0,5.0,0.0,1.0,1.75,1.0,1.0,1.0,0.0,30.0,32.0,27.0,28.0,12.0,4.0,2.72727272727,3.2,2.7,2.33333333333,1.71428571429,2.0,11.0,10.0,10.0,12.0,7.0,2.0,32.0,133.0,108.0,25.0,0.0,30.0,22.0,52.0,2.0,2.55769230769,3.6,1.13636363636,10,13,7,0
2016-10-13 04:00:00,6.0,5.0,7.0,2.0,2.0,0.0,25.0,22.0,23.0,7.0,4.0,0.0,4.16666666667,4.4,3.28571428571,3.5,2.0,0.0,0.0,0.0,1.0,1.0,0.0,1.0,0.0,0.0,0.0,0.0,0.0,0.0,4.0,5.0,5.0,5.0,0.0,4.0,7.0,5.0,5.0,5.0,0.0,4.0,1.75,1.0,1.0,1.0,0.0,1.0,32.0,27.0,28.0,12.0,4.0,4.0,3.2,2.7,2.33333333333,1.71428571429,2.0,1.0,10.0,10.0,12.0,7.0,2.0,4.0,44.0,107.0,81.0,26.0,0.0,22.0,23.0,45.0,3.0,2.37777777778,3.68181818182,1.13043478261,10,13,7,20
2016-10-13 04:20:00,5.0,7.0,2.0,2.0,0.0,4.0,22.0,23.0,7.0,4.0,0.0,8.0,4.4,3.28571428571,3.5,2.0,0.0,2.0,0.0,1.0,1.0,0.0,1.0,3.0,0.0,0.0,0.0,0.0,0.0,0.0,5.0,5.0,5.0,0.0,4.0,13.0,5.0,5.0,5.0,0.0,4.0,13.0,1.0,1.0,1.0,0.0,1.0,1.0,27.0,28.0,12.0,4.0,4.0,21.0,2.7,2.33333333333,1.71428571429,2.0,1.0,1.23529411765,10.0,12.0,7.0,2.0,4.0,17.0,49.0,96.0,64.0,32.0,0.0,20.0,32.0,52.0,6.0,1.84615384615,3.2,1.0,10,13,7,40
2016-10-13 04:40:00,7.0,2.0,2.0,0.0,4.0,4.0,23.0,7.0,4.0,0.0,8.0,8.0,3.28571428571,3.5,2.0,0.0,2.0,2.0,1.0,1.0,0.0,1.0,3.0,8.0,0.0,0.0,0.0,0.0,0.0,0.0,5.0,5.0,0.0,4.0,13.0,14.0,5.0,5.0,0.0,4.0,13.0,14.0,1.0,1.0,0.0,1.0,1.0,1.0,28.0,12.0,4.0,4.0,21.0,22.0,2.33333333333,1.71428571429,2.0,1.0,1.23529411765,1.22222222222,12.0,7.0,2.0,4.0,17.0,18.0,51.0,91.0,50.0,41.0,0.0,19.0,41.0,60.0,14.0,1.51666666667,2.63157894737,1.0,10,13,8,0
2016-10-13 05:00:00,2.0,2.0,0.0,4.0,4.0,6.0,7.0,4.0,0.0,8.0,8.0,14.0,3.5,2.0,0.0,2.0,2.0,2.33333333333,1.0,0.0,1.0,3.0,8.0,7.0,0.0,0.0,0.0,0.0,0.0,0.0,5.0,0.0,4.0,13.0,14.0,26.0,5.0,0.0,4.0,13.0,14.0,29.0,1.0,0.0,1.0,1.0,1.0,1.11538461538,12.0,4.0,4.0,21.0,22.0,43.0,1.71428571429,2.0,1.0,1.23529411765,1.22222222222,1.34375,7.0,2.0,4.0,17.0,18.0,32.0,59.0,106.0,41.0,65.0,0.0,18.0,62.0,80.0,20.0,1.325,2.27777777778,1.04838709677,10,13,8,20
2016-10-13 05:20:00,2.0,0.0,4.0,4.0,6.0,4.0,4.0,0.0,8.0,8.0,14.0,8.0,2.0,0.0,2.0,2.0,2.33333333333,2.0,0.0,1.0,3.0,8.0,7.0,12.0,0.0,0.0,0.0,0.0,0.0,0.0,0.0,4.0,13.0,14.0,26.0,28.0,0.0,4.0,13.0,14.0,29.0,31.0,0.0,1.0,1.0,1.0,1.11538461538,1.10714285714,4.0,4.0,21.0,22.0,43.0,39.0,2.0,1.0,1.23529411765,1.22222222222,1.34375,1.21875,2.0,4.0,17.0,18.0,32.0,32.0,42.0,133.0,42.0,91.0,0.0,20.0,85.0,105.0,31.0,1.26666666667,2.1,1.07058823529,10,13,8,40
2016-10-13 05:40:00,0.0,4.0,4.0,6.0,4.0,2.0,0.0,8.0,8.0,14.0,8.0,4.0,0.0,2.0,2.0,2.33333333333,2.0,2.0,1.0,3.0,8.0,7.0,12.0,14.0,0.0,0.0,0.0,0.0,0.0,0.0,4.0,13.0,14.0,26.0,28.0,42.0,4.0,13.0,14.0,29.0,31.0,54.0,1.0,1.0,1.0,1.11538461538,1.10714285714,1.28571428571,4.0,21.0,22.0,43.0,39.0,58.0,1.0,1.23529411765,1.22222222222,1.34375,1.21875,1.31818181818,4.0,17.0,18.0,32.0,32.0,44.0,65.0,187.0,42.0,145.0,0.0,20.0,127.0,147.0,45.0,1.27210884354,2.1,1.14173228346,10,13,9,0
2016-10-13 06:00:00,4.0,4.0,6.0,4.0,2.0,3.0,8.0,8.0,14.0,8.0,4.0,6.0,2.0,2.0,2.33333333333,2.0,2.0,2.0,3.0,8.0,7.0,12.0,14.0,12.0,0.0,0.0,0.0,0.0,0.0,0.0,13.0,14.0,26.0,28.0,42.0,46.0,13.0,14.0,29.0,31.0,54.0,46.0,1.0,1.0,1.11538461538,1.10714285714,1.28571428571,1.0,21.0,22.0,43.0,39.0,58.0,52.0,1.23529411765,1.22222222222,1.34375,1.21875,1.31818181818,1.0612244898,17.0,18.0,32.0,32.0,44.0,49.0,46.0,235.0,48.0,187.0,0.0,23.0,169.0,192.0,56.0,1.22395833333,2.08695652174,1.10650887574,10,13,9,20
2016-10-13 06:20:00,4.0,6.0,4.0,2.0,3.0,5.0,8.0,14.0,8.0,4.0,6.0,10.0,2.0,2.33333333333,2.0,2.0,2.0,2.0,8.0,7.0,12.0,14.0,12.0,8.0,0.0,0.0,0.0,0.0,0.0,0.0,14.0,26.0,28.0,42.0,46.0,46.0,14.0,29.0,31.0,54.0,46.0,46.0,1.0,1.11538461538,1.10714285714,1.28571428571,1.0,1.0,22.0,43.0,39.0,58.0,52.0,56.0,1.22222222222,1.34375,1.21875,1.31818181818,1.0612244898,1.09803921569,18.0,32.0,32.0,44.0,49.0,51.0,59.0,270.0,50.0,220.0,0.0,24.0,202.0,226.0,61.0,1.19469026549,2.08333333333,1.08910891089,10,13,9,40
2016-10-13 06:40:00,6.0,4.0,2.0,3.0,5.0,3.0,14.0,8.0,4.0,6.0,10.0,7.0,2.33333333333,2.0,2.0,2.0,2.0,2.33333333333,7.0,12.0,14.0,12.0,8.0,12.0,0.0,0.0,0.0,0.0,0.0,0.0,26.0,28.0,42.0,46.0,46.0,56.0,29.0,31.0,54.0,46.0,46.0,56.0,1.11538461538,1.10714285714,1.28571428571,1.0,1.0,1.0,43.0,39.0,58.0,52.0,56.0,63.0,1.34375,1.21875,1.31818181818,1.0612244898,1.09803921569,1.06779661017,32.0,32.0,44.0,49.0,51.0,59.0,56.0,311.0,49.0,262.0,0.0,23.0,244.0,267.0,65.0,1.16479400749,2.13043478261,1.0737704918,10,13,10,0
2016-10-13 07:00:00,4.0,2.0,3.0,5.0,3.0,5.0,8.0,4.0,6.0,10.0,7.0,12.0,2.0,2.0,2.0,2.0,2.33333333333,2.4,12.0,14.0,12.0,8.0,12.0,10.0,0.0,0.0,0.0,0.0,0.0,0.0,28.0,42.0,46.0,46.0,56.0,37.0,31.0,54.0,46.0,46.0,56.0,37.0,1.10714285714,1.28571428571,1.0,1.0,1.0,1.0,39.0,58.0,52.0,56.0,63.0,49.0,1.21875,1.31818181818,1.0612244898,1.09803921569,1.06779661017,1.16666666667,32.0,44.0,49.0,51.0,59.0,42.0,44.0,317.0,47.0,270.0,0.0,22.0,255.0,277.0,68.0,1.14440433213,2.13636363636,1.05882352941,10,13,10,20
2016-10-13 07:20:00,2.0,3.0,5.0,3.0,5.0,3.0,4.0,6.0,10.0,7.0,12.0,6.0,2.0,2.0,2.0,2.33333333333,2.4,2.0,14.0,12.0,8.0,12.0,10.0,19.0,0.0,0.0,0.0,0.0,0.0,0.0,42.0,46.0,46.0,56.0,37.0,62.0,54.0,46.0,46.0,56.0,37.0,62.0,1.28571428571,1.0,1.0,1.0,1.0,1.0,58.0,52.0,56.0,63.0,49.0,68.0,1.31818181818,1.0612244898,1.09803921569,1.06779661017,1.16666666667,1.04615384615,44.0,49.0,51.0,59.0,42.0,65.0,34.0,346.0,45.0,301.0,0.0,21.0,289.0,310.0,75.0,1.11612903226,2.14285714286,1.04152249135,10,13,10,40
2016-10-13 07:40:00,3.0,5.0,3.0,5.0,3.0,4.0,6.0,10.0,7.0,12.0,6.0,9.0,2.0,2.0,2.33333333333,2.4,2.0,2.25,12.0,8.0,12.0,10.0,19.0,8.0,0.0,0.0,0.0,0.0,0.0,0.0,46.0,46.0,56.0,37.0,62.0,42.0,46.0,46.0,56.0,37.0,62.0,42.0,1.0,1.0,1.0,1.0,1.0,1.0,52.0,56.0,63.0,49.0,68.0,51.0,1.0612244898,1.09803921569,1.06779661017,1.16666666667,1.04615384615,1.10869565217,49.0,51.0,59.0,42.0,65.0,46.0,28.0,339.0,50.0,289.0,0.0,23.0,289.0,312.0,69.0,1.08653846154,2.17391304348,1.0,10,13,11,0
2016-10-13 08:00:00,5.0,3.0,5.0,3.0,4.0,5.0,10.0,7.0,12.0,6.0,9.0,10.0,2.0,2.33333333333,2.4,2.0,2.25,2.0,8.0,12.0,10.0,19.0,8.0,16.0,0.0,0.0,0.0,0.0,0.0,0.0,46.0,56.0,37.0,62.0,42.0,54.0,46.0,56.0,37.0,62.0,42.0,54.0,1.0,1.0,1.0,1.0,1.0,1.0,56.0,63.0,49.0,68.0,51.0,64.0,1.09803921569,1.06779661017,1.16666666667,1.04615384615,1.10869565217,1.08474576271,51.0,59.0,42.0,65.0,46.0,59.0,34.0,351.0,54.0,297.0,0.0,25.0,297.0,322.0,73.0,1.0900621118,2.16,1.0,10,13,11,20
2016-10-13 08:20:00,3.0,5.0,3.0,4.0,5.0,8.0,7.0,12.0,6.0,9.0,10.0,16.0,2.33333333333,2.4,2.0,2.25,2.0,2.0,12.0,10.0,19.0,8.0,16.0,10.0,0.0,0.0,0.0,0.0,0.0,0.0,56.0,37.0,62.0,42.0,54.0,48.0,56.0,37.0,62.0,42.0,54.0,48.0,1.0,1.0,1.0,1.0,1.0,1.0,63.0,49.0,68.0,51.0,64.0,64.0,1.06779661017,1.16666666667,1.04615384615,1.10869565217,1.08474576271,1.14285714286,59.0,42.0,65.0,46.0,59.0,56.0,35.0,359.0,60.0,299.0,0.0,28.0,299.0,327.0,75.0,1.09785932722,2.14285714286,1.0,10,13,11,40
2016-10-13 08:40:00,5.0,3.0,4.0,5.0,8.0,5.0,12.0,6.0,9.0,10.0,16.0,10.0,2.4,2.0,2.25,2.0,2.0,2.0,10.0,19.0,8.0,16.0,10.0,8.0,0.0,0.0,0.0,0.0,0.0,0.0,37.0,62.0,42.0,54.0,48.0,39.0,37.0,62.0,42.0,54.0,48.0,39.0,1.0,1.0,1.0,1.0,1.0,1.0,49.0,68.0,51.0,64.0,64.0,49.0,1.16666666667,1.04615384615,1.10869565217,1.08474576271,1.14285714286,1.11363636364,42.0,65.0,46.0,59.0,56.0,44.0,49.0,345.0,63.0,282.0,0.0,30.0,282.0,312.0,71.0,1.10576923077,2.1,1.0,10,13,12,0
2016-10-13 09:00:00,3.0,4.0,5.0,8.0,5.0,4.0,6.0,9.0,10.0,16.0,10.0,8.0,2.0,2.25,2.0,2.0,2.0,2.0,19.0,8.0,16.0,10.0,8.0,7.0,0.0,0.0,0.0,0.0,0.0,0.0,62.0,42.0,54.0,48.0,39.0,30.0,62.0,42.0,54.0,48.0,39.0,30.0,1.0,1.0,1.0,1.0,1.0,1.0,68.0,51.0,64.0,64.0,49.0,38.0,1.04615384615,1.10869565217,1.08474576271,1.14285714286,1.11363636364,1.11764705882,65.0,46.0,59.0,56.0,44.0,34.0,46.0,334.0,59.0,275.0,0.0,29.0,275.0,304.0,68.0,1.09868421053,2.03448275862,1.0,10,13,12,20
2016-10-13 09:20:00,4.0,5.0,8.0,5.0,4.0,4.0,9.0,10.0,16.0,10.0,8.0,8.0,2.25,2.0,2.0,2.0,2.0,2.0,8.0,16.0,10.0,8.0,7.0,4.0,0.0,0.0,0.0,0.0,0.0,0.0,42.0,54.0,48.0,39.0,30.0,24.0,42.0,54.0,48.0,39.0,30.0,24.0,1.0,1.0,1.0,1.0,1.0,1.0,51.0,64.0,64.0,49.0,38.0,32.0,1.10869565217,1.08474576271,1.14285714286,1.11363636364,1.11764705882,1.14285714286,46.0,59.0,56.0,44.0,34.0,28.0,39.0,298.0,61.0,237.0,0.0,30.0,237.0,267.0,53.0,1.11610486891,2.03333333333,1.0,10,13,12,40
2016-10-13 09:40:00,5.0,8.0,5.0,4.0,4.0,6.0,10.0,16.0,10.0,8.0,8.0,13.0,2.0,2.0,2.0,2.0,2.0,2.16666666667,16.0,10.0,8.0,7.0,4.0,9.0,0.0,0.0,0.0,0.0,0.0,0.0,54.0,48.0,39.0,30.0,24.0,28.0,54.0,48.0,39.0,30.0,24.0,28.0,1.0,1.0,1.0,1.0,1.0,1.0,64.0,64.0,49.0,38.0,32.0,41.0,1.08474576271,1.14285714286,1.11363636364,1.11764705882,1.14285714286,1.20588235294,59.0,56.0,44.0,34.0,28.0,34.0,58.0,288.0,65.0,223.0,0.0,32.0,223.0,255.0,54.0,1.12941176471,2.03125,1.0,10,13,13,0
2016-10-13 10:00:00,8.0,5.0,4.0,4.0,6.0,6.0,16.0,10.0,8.0,8.0,13.0,12.0,2.0,2.0,2.0,2.0,2.16666666667,2.0,10.0,8.0,7.0,4.0,9.0,5.0,0.0,0.0,0.0,0.0,0.0,0.0,48.0,39.0,30.0,24.0,28.0,29.0,48.0,39.0,30.0,24.0,28.0,29.0,1.0,1.0,1.0,1.0,1.0,1.0,64.0,49.0,38.0,32.0,41.0,41.0,1.14285714286,1.11363636364,1.11764705882,1.14285714286,1.20588235294,1.17142857143,56.0,44.0,34.0,28.0,34.0,35.0,46.0,265.0,67.0,198.0,0.0,33.0,198.0,231.0,43.0,1.14718614719,2.0303030303,1.0,10,13,13,20
2016-10-13 10:20:00,5.0,4.0,4.0,6.0,6.0,2.0,10.0,8.0,8.0,13.0,12.0,4.0,2.0,2.0,2.0,2.16666666667,2.0,2.0,8.0,7.0,4.0,9.0,5.0,17.0,0.0,0.0,0.0,0.0,0.0,0.0,39.0,30.0,24.0,28.0,29.0,47.0,39.0,30.0,24.0,28.0,29.0,47.0,1.0,1.0,1.0,1.0,1.0,1.0,49.0,38.0,32.0,41.0,41.0,51.0,1.11363636364,1.11764705882,1.14285714286,1.20588235294,1.17142857143,1.04081632653,44.0,34.0,28.0,34.0,35.0,49.0,44.0,252.0,55.0,197.0,0.0,27.0,197.0,224.0,50.0,1.125,2.03703703704,1.0,10,13,13,40
2016-10-13 10:40:00,4.0,4.0,6.0,6.0,2.0,2.0,8.0,8.0,13.0,12.0,4.0,5.0,2.0,2.0,2.16666666667,2.0,2.0,2.5,7.0,4.0,9.0,5.0,17.0,16.0,0.0,0.0,0.0,0.0,0.0,0.0,30.0,24.0,28.0,29.0,47.0,44.0,30.0,24.0,28.0,29.0,47.0,44.0,1.0,1.0,1.0,1.0,1.0,1.0,38.0,32.0,41.0,41.0,51.0,49.0,1.11764705882,1.14285714286,1.20588235294,1.17142857143,1.04081632653,1.0652173913,34.0,28.0,34.0,35.0,49.0,46.0,44.0,252.0,50.0,202.0,0.0,24.0,202.0,226.0,58.0,1.11504424779,2.08333333333,1.0,10,13,14,0
2016-10-13 11:00:00,4.0,6.0,6.0,2.0,2.0,2.0,8.0,13.0,12.0,4.0,5.0,5.0,2.0,2.16666666667,2.0,2.0,2.5,2.5,4.0,9.0,5.0,17.0,16.0,13.0,0.0,0.0,0.0,0.0,0.0,0.0,24.0,28.0,29.0,47.0,44.0,37.0,24.0,28.0,29.0,47.0,44.0,43.0,1.0,1.0,1.0,1.0,1.0,1.16216216216,32.0,41.0,41.0,51.0,49.0,48.0,1.14285714286,1.20588235294,1.17142857143,1.04081632653,1.0652173913,1.23076923077,28.0,34.0,35.0,49.0,46.0,39.0,51.0,262.0,47.0,215.0,0.0,22.0,209.0,231.0,64.0,1.1341991342,2.13636363636,1.02870813397,10,13,14,20
2016-10-13 11:20:00,6.0,6.0,2.0,2.0,2.0,7.0,13.0,12.0,4.0,5.0,5.0,17.0,2.16666666667,2.0,2.0,2.5,2.5,2.42857142857,9.0,5.0,17.0,16.0,13.0,16.0,0.0,0.0,0.0,0.0,0.0,0.0,28.0,29.0,47.0,44.0,37.0,51.0,28.0,29.0,47.0,44.0,43.0,54.0,1.0,1.0,1.0,1.0,1.16216216216,1.05882352941,41.0,41.0,51.0,49.0,48.0,71.0,1.20588235294,1.17142857143,1.04081632653,1.0652173913,1.23076923077,1.22413793103,34.0,35.0,49.0,46.0,39.0,58.0,43.0,301.0,56.0,245.0,0.0,25.0,236.0,261.0,76.0,1.15325670498,2.24,1.03813559322,10,13,14,40
2016-10-13 11:40:00,6.0,2.0,2.0,2.0,7.0,3.0,12.0,4.0,5.0,5.0,17.0,6.0,2.0,2.0,2.5,2.5,2.42857142857,2.0,5.0,17.0,16.0,13.0,16.0,5.0,0.0,0.0,0.0,0.0,0.0,0.0,29.0,47.0,44.0,37.0,51.0,43.0,29.0,47.0,44.0,43.0,54.0,43.0,1.0,1.0,1.0,1.16216216216,1.05882352941,1.0,41.0,51.0,49.0,48.0,71.0,49.0,1.17142857143,1.04081632653,1.0652173913,1.23076923077,1.22413793103,1.0652173913,35.0,49.0,46.0,39.0,58.0,46.0,48.0,309.0,49.0,260.0,0.0,22.0,251.0,273.0,72.0,1.13186813187,2.22727272727,1.03585657371,10,13,15,0
2016-10-13 12:00:00,2.0,2.0,2.0,7.0,3.0,1.0,4.0,5.0,5.0,17.0,6.0,2.0,2.0,2.5,2.5,2.42857142857,2.0,2.0,17.0,16.0,13.0,16.0,5.0,12.0,0.0,0.0,0.0,0.0,0.0,0.0,47.0,44.0,37.0,51.0,43.0,43.0,47.0,44.0,43.0,54.0,43.0,46.0,1.0,1.0,1.16216216216,1.05882352941,1.0,1.06976744186,51.0,49.0,48.0,71.0,49.0,48.0,1.04081632653,1.0652173913,1.23076923077,1.22413793103,1.0652173913,1.09090909091,49.0,46.0,39.0,58.0,46.0,44.0,43.0,316.0,39.0,277.0,0.0,17.0,265.0,282.0,79.0,1.12056737589,2.29411764706,1.04528301887,10,13,15,20
2016-10-13 12:20:00,2.0,2.0,7.0,3.0,1.0,4.0,5.0,5.0,17.0,6.0,2.0,10.0,2.5,2.5,2.42857142857,2.0,2.0,2.5,16.0,13.0,16.0,5.0,12.0,12.0,0.0,0.0,0.0,0.0,0.0,0.0,44.0,37.0,51.0,43.0,43.0,40.0,44.0,43.0,54.0,43.0,46.0,40.0,1.0,1.16216216216,1.05882352941,1.0,1.06976744186,1.0,49.0,48.0,71.0,49.0,48.0,50.0,1.0652173913,1.23076923077,1.22413793103,1.0652173913,1.09090909091,1.13636363636,46.0,39.0,58.0,46.0,44.0,44.0,33.0,315.0,45.0,270.0,0.0,19.0,258.0,277.0,74.0,1.13718411552,2.36842105263,1.04651162791,10,13,15,40
2016-10-13 12:40:00,2.0,7.0,3.0,1.0,4.0,4.0,5.0,17.0,6.0,2.0,10.0,9.0,2.5,2.42857142857,2.0,2.0,2.5,2.25,13.0,16.0,5.0,12.0,12.0,12.0,0.0,0.0,0.0,0.0,0.0,0.0,37.0,51.0,43.0,43.0,40.0,47.0,43.0,54.0,43.0,46.0,40.0,47.0,1.16216216216,1.05882352941,1.0,1.06976744186,1.0,1.0,48.0,71.0,49.0,48.0,50.0,56.0,1.23076923077,1.22413793103,1.0652173913,1.09090909091,1.13636363636,1.09803921569,39.0,58.0,46.0,44.0,44.0,51.0,44.0,322.0,49.0,273.0,0.0,21.0,261.0,282.0,70.0,1.14184397163,2.33333333333,1.04597701149,10,13,16,0
2016-10-13 13:00:00,7.0,3.0,1.0,4.0,4.0,3.0,17.0,6.0,2.0,10.0,9.0,6.0,2.42857142857,2.0,2.0,2.5,2.25,2.0,16.0,5.0,12.0,12.0,12.0,12.0,0.0,0.0,0.0,0.0,0.0,0.0,51.0,43.0,43.0,40.0,47.0,40.0,54.0,43.0,46.0,40.0,47.0,40.0,1.05882352941,1.0,1.06976744186,1.0,1.0,1.0,71.0,49.0,48.0,50.0,56.0,46.0,1.22413793103,1.0652173913,1.09090909091,1.13636363636,1.09803921569,1.06976744186,58.0,46.0,44.0,44.0,51.0,43.0,48.0,320.0,50.0,270.0,0.0,22.0,264.0,286.0,69.0,1.11888111888,2.27272727273,1.02272727273,10,13,16,20
2016-10-13 13:20:00,3.0,1.0,4.0,4.0,3.0,2.0,6.0,2.0,10.0,9.0,6.0,4.0,2.0,2.0,2.5,2.25,2.0,2.0,5.0,12.0,12.0,12.0,12.0,15.0,0.0,0.0,0.0,0.0,0.0,0.0,43.0,43.0,40.0,47.0,40.0,46.0,43.0,46.0,40.0,47.0,40.0,46.0,1.0,1.06976744186,1.0,1.0,1.0,1.0,49.0,48.0,50.0,56.0,46.0,50.0,1.0652173913,1.09090909091,1.13636363636,1.09803921569,1.06976744186,1.04166666667,46.0,44.0,44.0,51.0,43.0,48.0,50.0,299.0,37.0,262.0,0.0,17.0,259.0,276.0,68.0,1.08333333333,2.17647058824,1.01158301158,10,13,16,40
2016-10-13 13:40:00,1.0,4.0,4.0,3.0,2.0,5.0,2.0,10.0,9.0,6.0,4.0,12.0,2.0,2.5,2.25,2.0,2.0,2.4,12.0,12.0,12.0,12.0,15.0,13.0,0.0,0.0,0.0,0.0,0.0,0.0,43.0,40.0,47.0,40.0,46.0,38.0,46.0,40.0,47.0,40.0,46.0,38.0,1.06976744186,1.0,1.0,1.0,1.0,1.0,48.0,50.0,56.0,46.0,50.0,50.0,1.09090909091,1.13636363636,1.09803921569,1.06976744186,1.04166666667,1.16279069767,44.0,44.0,51.0,43.0,48.0,43.0,54.0,300.0,43.0,257.0,0.0,19.0,254.0,273.0,76.0,1.0989010989,2.26315789474,1.01181102362,10,13,17,0
2016-10-13 14:00:00,4.0,4.0,3.0,2.0,5.0,1.0,10.0,9.0,6.0,4.0,12.0,2.0,2.5,2.25,2.0,2.0,2.4,2.0,12.0,12.0,12.0,15.0,13.0,11.0,0.0,0.0,0.0,0.0,0.0,0.0,40.0,47.0,40.0,46.0,38.0,32.0,40.0,47.0,40.0,46.0,38.0,32.0,1.0,1.0,1.0,1.0,1.0,1.0,50.0,56.0,46.0,50.0,50.0,34.0,1.13636363636,1.09803921569,1.06976744186,1.04166666667,1.16279069767,1.0303030303,44.0,51.0,43.0,48.0,43.0,33.0,45.0,286.0,43.0,243.0,0.0,19.0,243.0,262.0,75.0,1.09160305344,2.26315789474,1.0,10,13,17,20
2016-10-13 14:20:00,4.0,3.0,2.0,5.0,1.0,6.0,9.0,6.0,4.0,12.0,2.0,17.0,2.25,2.0,2.0,2.4,2.0,2.83333333333,12.0,12.0,15.0,13.0,11.0,8.0,0.0,0.0,0.0,0.0,0.0,0.0,47.0,40.0,46.0,38.0,32.0,38.0,47.0,40.0,46.0,38.0,32.0,38.0,1.0,1.0,1.0,1.0,1.0,1.0,56.0,46.0,50.0,50.0,34.0,55.0,1.09803921569,1.06976744186,1.04166666667,1.16279069767,1.0303030303,1.25,51.0,43.0,48.0,43.0,33.0,44.0,39.0,291.0,50.0,241.0,0.0,21.0,241.0,262.0,71.0,1.1106870229,2.38095238095,1.0,10,13,17,40
2016-10-13 14:40:00,3.0,2.0,5.0,1.0,6.0,4.0,6.0,4.0,12.0,2.0,17.0,9.0,2.0,2.0,2.4,2.0,2.83333333333,2.25,12.0,15.0,13.0,11.0,8.0,16.0,0.0,0.0,0.0,0.0,0.0,0.0,40.0,46.0,38.0,32.0,38.0,44.0,40.0,46.0,38.0,32.0,38.0,44.0,1.0,1.0,1.0,1.0,1.0,1.0,46.0,50.0,50.0,34.0,55.0,53.0,1.06976744186,1.04166666667,1.16279069767,1.0303030303,1.25,1.10416666667,43.0,48.0,43.0,33.0,44.0,48.0,34.0,288.0,50.0,238.0,0.0,21.0,238.0,259.0,75.0,1.11196911197,2.38095238095,1.0,10,13,18,0
2016-10-13 15:00:00,2.0,5.0,1.0,6.0,4.0,1.0,4.0,12.0,2.0,17.0,9.0,2.0,2.0,2.4,2.0,2.83333333333,2.25,2.0,15.0,13.0,11.0,8.0,16.0,15.0,0.0,0.0,0.0,0.0,0.0,0.0,46.0,38.0,32.0,38.0,44.0,49.0,46.0,38.0,32.0,38.0,44.0,52.0,1.0,1.0,1.0,1.0,1.0,1.0612244898,50.0,50.0,34.0,55.0,53.0,54.0,1.04166666667,1.16279069767,1.0303030303,1.25,1.10416666667,1.08,48.0,43.0,33.0,44.0,48.0,50.0,33.0,296.0,46.0,250.0,0.0,19.0,247.0,266.0,78.0,1.11278195489,2.42105263158,1.01214574899,10,13,18,20
2016-10-13 15:20:00,5.0,1.0,6.0,4.0,1.0,3.0,12.0,2.0,17.0,9.0,2.0,6.0,2.4,2.0,2.83333333333,2.25,2.0,2.0,13.0,11.0,8.0,16.0,15.0,17.0,0.0,0.0,0.0,0.0,0.0,0.0,38.0,32.0,38.0,44.0,49.0,51.0,38.0,32.0,38.0,44.0,52.0,51.0,1.0,1.0,1.0,1.0,1.0612244898,1.0,50.0,34.0,55.0,53.0,54.0,57.0,1.16279069767,1.0303030303,1.25,1.10416666667,1.08,1.05555555556,43.0,33.0,44.0,48.0,50.0,54.0,23.0,303.0,48.0,255.0,0.0,20.0,252.0,272.0,80.0,1.11397058824,2.4,1.0119047619,10,13,18,40
2016-10-13 15:40:00,1.0,6.0,4.0,1.0,3.0,4.0,2.0,17.0,9.0,2.0,6.0,8.0,2.0,2.83333333333,2.25,2.0,2.0,2.0,11.0,8.0,16.0,15.0,17.0,11.0,0.0,0.0,0.0,0.0,0.0,0.0,32.0,38.0,44.0,49.0,51.0,41.0,32.0,38.0,44.0,52.0,51.0,44.0,1.0,1.0,1.0,1.0612244898,1.0,1.07317073171,34.0,55.0,53.0,54.0,57.0,52.0,1.0303030303,1.25,1.10416666667,1.08,1.05555555556,1.15555555556,33.0,44.0,48.0,50.0,54.0,45.0,17.0,305.0,44.0,261.0,0.0,19.0,255.0,274.0,78.0,1.11313868613,2.31578947368,1.02352941176,10,13,19,0
2016-10-13 16:00:00,6.0,4.0,1.0,3.0,4.0,1.0,17.0,9.0,2.0,6.0,8.0,2.0,2.83333333333,2.25,2.0,2.0,2.0,2.0,8.0,16.0,15.0,17.0,11.0,12.0,0.0,0.0,0.0,0.0,0.0,0.0,38.0,44.0,49.0,51.0,41.0,38.0,38.0,44.0,52.0,51.0,44.0,38.0,1.0,1.0,1.0612244898,1.0,1.07317073171,1.0,55.0,53.0,54.0,57.0,52.0,40.0,1.25,1.10416666667,1.08,1.05555555556,1.15555555556,1.02564102564,44.0,48.0,50.0,54.0,45.0,39.0,19.0,311.0,44.0,267.0,0.0,19.0,261.0,280.0,79.0,1.11071428571,2.31578947368,1.02298850575,10,13,19,20
2016-10-13 16:20:00,4.0,1.0,3.0,4.0,1.0,2.0,9.0,2.0,6.0,8.0,2.0,4.0,2.25,2.0,2.0,2.0,2.0,2.0,16.0,15.0,17.0,11.0,12.0,14.0,0.0,0.0,0.0,0.0,0.0,0.0,44.0,49.0,51.0,41.0,38.0,32.0,44.0,52.0,51.0,44.0,38.0,32.0,1.0,1.0612244898,1.0,1.07317073171,1.0,1.0,53.0,54.0,57.0,52.0,40.0,36.0,1.10416666667,1.08,1.05555555556,1.15555555556,1.02564102564,1.05882352941,48.0,50.0,54.0,45.0,39.0,34.0,21.0,292.0,31.0,261.0,0.0,15.0,255.0,270.0,85.0,1.08148148148,2.06666666667,1.02352941176,10,13,19,40
2016-10-13 16:40:00,1.0,3.0,4.0,1.0,2.0,5.0,2.0,6.0,8.0,2.0,4.0,10.0,2.0,2.0,2.0,2.0,2.0,2.0,15.0,17.0,11.0,12.0,14.0,10.0,0.0,0.0,0.0,0.0,0.0,0.0,49.0,51.0,41.0,38.0,32.0,28.0,52.0,51.0,44.0,38.0,32.0,28.0,1.0612244898,1.0,1.07317073171,1.0,1.0,1.0,54.0,57.0,52.0,40.0,36.0,38.0,1.08,1.05555555556,1.15555555556,1.02564102564,1.05882352941,1.15151515152,50.0,54.0,45.0,39.0,34.0,33.0,17.0,277.0,32.0,245.0,0.0,16.0,239.0,255.0,79.0,1.0862745098,2.0,1.02510460251,10,13,20,0
2016-10-13 17:00:00,3.0,4.0,1.0,2.0,5.0,2.0,6.0,8.0,2.0,4.0,10.0,4.0,2.0,2.0,2.0,2.0,2.0,2.0,17.0,11.0,12.0,14.0,10.0,7.0,0.0,0.0,0.0,0.0,0.0,0.0,51.0,41.0,38.0,32.0,28.0,21.0,51.0,44.0,38.0,32.0,28.0,24.0,1.0,1.07317073171,1.0,1.0,1.0,1.14285714286,57.0,52.0,40.0,36.0,38.0,28.0,1.05555555556,1.15555555556,1.02564102564,1.05882352941,1.15151515152,1.21739130435,54.0,45.0,39.0,34.0,33.0,23.0,18.0,251.0,34.0,217.0,0.0,17.0,211.0,228.0,71.0,1.10087719298,2.0,1.02843601896,10,13,20,20
2016-10-13 17:20:00,4.0,1.0,2.0,5.0,2.0,1.0,8.0,2.0,4.0,10.0,4.0,3.0,2.0,2.0,2.0,2.0,2.0,3.0,11.0,12.0,14.0,10.0,7.0,7.0,0.0,0.0,0.0,0.0,0.0,0.0,41.0,38.0,32.0,28.0,21.0,16.0,44.0,38.0,32.0,28.0,24.0,16.0,1.07317073171,1.0,1.0,1.0,1.14285714286,1.0,52.0,40.0,36.0,38.0,28.0,19.0,1.15555555556,1.02564102564,1.05882352941,1.15151515152,1.21739130435,1.11764705882,45.0,39.0,34.0,33.0,23.0,17.0,18.0,213.0,31.0,182.0,0.0,15.0,176.0,191.0,61.0,1.11518324607,2.06666666667,1.03409090909,10,13,20,40
2016-10-13 17:40:00,1.0,2.0,5.0,2.0,1.0,0.0,2.0,4.0,10.0,4.0,3.0,0.0,2.0,2.0,2.0,2.0,3.0,0.0,12.0,14.0,10.0,7.0,7.0,5.0,0.0,0.0,0.0,0.0,0.0,0.0,38.0,32.0,28.0,21.0,16.0,19.0,38.0,32.0,28.0,24.0,16.0,19.0,1.0,1.0,1.0,1.14285714286,1.0,1.0,40.0,36.0,38.0,28.0,19.0,19.0,1.02564102564,1.05882352941,1.15151515152,1.21739130435,1.11764705882,1.0,39.0,34.0,33.0,23.0,17.0,19.0,18.0,180.0,23.0,157.0,0.0,11.0,154.0,165.0,55.0,1.09090909091,2.09090909091,1.01948051948,10,13,21,0
2016-10-13 18:00:00,2.0,5.0,2.0,1.0,0.0,0.0,4.0,10.0,4.0,3.0,0.0,0.0,2.0,2.0,2.0,3.0,0.0,0.0,14.0,10.0,7.0,7.0,5.0,5.0,0.0,0.0,0.0,0.0,0.0,0.0,32.0,28.0,21.0,16.0,19.0,21.0,32.0,28.0,24.0,16.0,19.0,21.0,1.0,1.0,1.14285714286,1.0,1.0,1.0,36.0,38.0,28.0,19.0,19.0,21.0,1.05882352941,1.15151515152,1.21739130435,1.11764705882,1.0,1.0,34.0,33.0,23.0,17.0,19.0,21.0,18.0,161.0,21.0,140.0,0.0,10.0,137.0,147.0,48.0,1.09523809524,2.1,1.02189781022,10,13,21,20
2016-10-13 18:20:00,5.0,2.0,1.0,0.0,0.0,0.0,10.0,4.0,3.0,0.0,0.0,0.0,2.0,2.0,3.0,0.0,0.0,0.0,10.0,7.0,7.0,5.0,5.0,4.0,0.0,0.0,0.0,0.0,0.0,0.0,28.0,21.0,16.0,19.0,21.0,17.0,28.0,24.0,16.0,19.0,21.0,17.0,1.0,1.14285714286,1.0,1.0,1.0,1.0,38.0,28.0,19.0,19.0,21.0,17.0,1.15151515152,1.21739130435,1.11764705882,1.0,1.0,1.0,33.0,23.0,17.0,19.0,21.0,17.0,16.0,142.0,17.0,125.0,0.0,8.0,122.0,130.0,38.0,1.09230769231,2.125,1.02459016393,10,13,21,40
2016-10-13 18:40:00,2.0,1.0,0.0,0.0,0.0,1.0,4.0,3.0,0.0,0.0,0.0,2.0,2.0,3.0,0.0,0.0,0.0,2.0,7.0,7.0,5.0,5.0,4.0,5.0,0.0,0.0,0.0,0.0,0.0,0.0,21.0,16.0,19.0,21.0,17.0,17.0,24.0,16.0,19.0,21.0,17.0,17.0,1.14285714286,1.0,1.0,1.0,1.0,1.0,28.0,19.0,19.0,21.0,17.0,19.0,1.21739130435,1.11764705882,1.0,1.0,1.0,1.05555555556,23.0,17.0,19.0,21.0,17.0,18.0,9.0,123.0,9.0,114.0,0.0,4.0,111.0,115.0,33.0,1.06956521739,2.25,1.02702702703,10,13,22,0
2016-10-13 19:00:00,1.0,0.0,0.0,0.0,1.0,2.0,3.0,0.0,0.0,0.0,2.0,4.0,3.0,0.0,0.0,0.0,2.0,2.0,7.0,5.0,5.0,4.0,5.0,4.0,0.0,0.0,0.0,0.0,0.0,0.0,16.0,19.0,21.0,17.0,17.0,16.0,16.0,19.0,21.0,17.0,17.0,16.0,1.0,1.0,1.0,1.0,1.0,1.0,19.0,19.0,21.0,17.0,19.0,20.0,1.11764705882,1.0,1.0,1.0,1.05555555556,1.11111111111,17.0,19.0,21.0,17.0,18.0,18.0,11.0,115.0,9.0,106.0,0.0,4.0,106.0,110.0,30.0,1.04545454545,2.25,1.0,10,13,22,20
2016-10-13 19:20:00,0.0,0.0,0.0,1.0,2.0,2.0,0.0,0.0,0.0,2.0,4.0,4.0,0.0,0.0,0.0,2.0,2.0,2.0,5.0,5.0,4.0,5.0,4.0,5.0,0.0,0.0,0.0,0.0,0.0,0.0,19.0,21.0,17.0,17.0,16.0,16.0,19.0,21.0,17.0,17.0,16.0,16.0,1.0,1.0,1.0,1.0,1.0,1.0,19.0,21.0,17.0,19.0,20.0,20.0,1.0,1.0,1.0,1.05555555556,1.11111111111,1.11111111111,19.0,21.0,17.0,18.0,18.0,18.0,6.0,116.0,10.0,106.0,0.0,5.0,106.0,111.0,28.0,1.04504504505,2.0,1.0,10,13,22,40
2016-10-13 19:40:00,0.0,0.0,1.0,2.0,2.0,3.0,0.0,0.0,2.0,4.0,4.0,6.0,0.0,0.0,2.0,2.0,2.0,2.0,5.0,4.0,5.0,4.0,5.0,3.0,0.0,0.0,0.0,0.0,0.0,0.0,21.0,17.0,17.0,16.0,16.0,15.0,21.0,17.0,17.0,16.0,16.0,15.0,1.0,1.0,1.0,1.0,1.0,1.0,21.0,17.0,19.0,20.0,20.0,21.0,1.0,1.0,1.05555555556,1.11111111111,1.11111111111,1.16666666667,21.0,17.0,18.0,18.0,18.0,18.0,3.0,118.0,16.0,102.0,0.0,8.0,102.0,110.0,26.0,1.07272727273,2.0,1.0,10,13,23,0
2016-10-13 20:00:00,0.0,1.0,2.0,2.0,3.0,1.0,0.0,2.0,4.0,4.0,6.0,2.0,0.0,2.0,2.0,2.0,2.0,2.0,4.0,5.0,4.0,5.0,3.0,6.0,0.0,0.0,0.0,0.0,0.0,0.0,17.0,17.0,16.0,16.0,15.0,15.0,17.0,17.0,16.0,16.0,15.0,15.0,1.0,1.0,1.0,1.0,1.0,1.0,17.0,19.0,20.0,20.0,21.0,17.0,1.0,1.05555555556,1.11111111111,1.11111111111,1.16666666667,1.0625,17.0,18.0,18.0,18.0,18.0,16.0,11.0,114.0,18.0,96.0,0.0,9.0,96.0,105.0,27.0,1.08571428571,2.0,1.0,10,13,23,20
2016-10-13 20:20:00,1.0,2.0,2.0,3.0,1.0,1.0,2.0,4.0,4.0,6.0,2.0,2.0,2.0,2.0,2.0,2.0,2.0,2.0,5.0,4.0,5.0,3.0,6.0,2.0,0.0,0.0,0.0,0.0,0.0,0.0,17.0,16.0,16.0,15.0,15.0,8.0,17.0,16.0,16.0,15.0,15.0,8.0,1.0,1.0,1.0,1.0,1.0,1.0,19.0,20.0,20.0,21.0,17.0,10.0,1.05555555556,1.11111111111,1.11111111111,1.16666666667,1.0625,1.11111111111,18.0,18.0,18.0,18.0,16.0,9.0,9.0,107.0,20.0,87.0,0.0,10.0,87.0,97.0,25.0,1.10309278351,2.0,1.0,10,13,23,40
2016-10-13 20:40:00,2.0,2.0,3.0,1.0,1.0,0.0,4.0,4.0,6.0,2.0,2.0,0.0,2.0,2.0,2.0,2.0,2.0,0.0,4.0,5.0,3.0,6.0,2.0,4.0,0.0,0.0,0.0,0.0,0.0,0.0,16.0,16.0,15.0,15.0,8.0,11.0,16.0,16.0,15.0,15.0,8.0,11.0,1.0,1.0,1.0,1.0,1.0,1.0,20.0,20.0,21.0,17.0,10.0,11.0,1.11111111111,1.11111111111,1.16666666667,1.0625,1.11111111111,1.0,18.0,18.0,18.0,16.0,9.0,11.0,15.0,99.0,18.0,81.0,0.0,9.0,81.0,90.0,24.0,1.1,2.0,1.0,10,14,0,0
2016-10-13 21:00:00,2.0,3.0,1.0,1.0,0.0,0.0,4.0,6.0,2.0,2.0,0.0,0.0,2.0,2.0,2.0,2.0,0.0,0.0,5.0,3.0,6.0,2.0,4.0,1.0,0.0,0.0,0.0,0.0,0.0,0.0,16.0,15.0,15.0,8.0,11.0,6.0,16.0,15.0,15.0,8.0,11.0,6.0,1.0,1.0,1.0,1.0,1.0,1.0,20.0,21.0,17.0,10.0,11.0,6.0,1.11111111111,1.16666666667,1.0625,1.11111111111,1.0,1.0,18.0,18.0,16.0,9.0,11.0,6.0,15.0,85.0,14.0,71.0,0.0,7.0,71.0,78.0,21.0,1.08974358974,2.0,1.0,10,14,0,20
2016-10-13 21:20:00,3.0,1.0,1.0,0.0,0.0,0.0,6.0,2.0,2.0,0.0,0.0,0.0,2.0,2.0,2.0,0.0,0.0,0.0,3.0,6.0,2.0,4.0,1.0,2.0,0.0,0.0,0.0,0.0,0.0,0.0,15.0,15.0,8.0,11.0,6.0,3.0,15.0,15.0,8.0,11.0,6.0,3.0,1.0,1.0,1.0,1.0,1.0,1.0,21.0,17.0,10.0,11.0,6.0,3.0,1.16666666667,1.0625,1.11111111111,1.0,1.0,1.0,18.0,16.0,9.0,11.0,6.0,3.0,8.0,68.0,10.0,58.0,0.0,5.0,58.0,63.0,18.0,1.07936507937,2.0,1.0,10,14,0,40
2016-10-13 21:40:00,1.0,1.0,0.0,0.0,0.0,1.0,2.0,2.0,0.0,0.0,0.0,2.0,2.0,2.0,0.0,0.0,0.0,2.0,6.0,2.0,4.0,1.0,2.0,5.0,0.0,0.0,0.0,0.0,0.0,0.0,15.0,8.0,11.0,6.0,3.0,10.0,15.0,8.0,11.0,6.0,3.0,10.0,1.0,1.0,1.0,1.0,1.0,1.0,17.0,10.0,11.0,6.0,3.0,12.0,1.0625,1.11111111111,1.0,1.0,1.0,1.09090909091,16.0,9.0,11.0,6.0,3.0,11.0,6.0,59.0,6.0,53.0,0.0,3.0,53.0,56.0,20.0,1.05357142857,2.0,1.0,10,14,1,0
2016-10-13 22:00:00,1.0,0.0,0.0,0.0,1.0,0.0,2.0,0.0,0.0,0.0,2.0,0.0,2.0,0.0,0.0,0.0,2.0,0.0,2.0,4.0,1.0,2.0,5.0,6.0,0.0,0.0,0.0,0.0,0.0,0.0,8.0,11.0,6.0,3.0,10.0,9.0,8.0,11.0,6.0,3.0,10.0,9.0,1.0,1.0,1.0,1.0,1.0,1.0,10.0,11.0,6.0,3.0,12.0,9.0,1.11111111111,1.0,1.0,1.0,1.09090909091,1.0,9.0,11.0,6.0,3.0,11.0,9.0,11.0,51.0,4.0,47.0,0.0,2.0,47.0,49.0,20.0,1.04081632653,2.0,1.0,10,14,1,20
2016-10-13 22:20:00,0.0,0.0,0.0,1.0,0.0,4.0,0.0,0.0,0.0,2.0,0.0,13.0,0.0,0.0,0.0,2.0,0.0,3.25,4.0,1.0,2.0,5.0,6.0,1.0,0.0,0.0,0.0,0.0,0.0,0.0,11.0,6.0,3.0,10.0,9.0,11.0,11.0,6.0,3.0,10.0,9.0,11.0,1.0,1.0,1.0,1.0,1.0,1.0,11.0,6.0,3.0,12.0,9.0,24.0,1.0,1.0,1.0,1.09090909091,1.0,1.6,11.0,6.0,3.0,11.0,9.0,15.0,12.0,65.0,15.0,50.0,0.0,5.0,50.0,55.0,19.0,1.18181818182,3.0,1.0,10,14,1,40
2016-10-13 22:40:00,0.0,0.0,1.0,0.0,4.0,5.0,0.0,0.0,2.0,0.0,13.0,15.0,0.0,0.0,2.0,0.0,3.25,3.0,1.0,2.0,5.0,6.0,1.0,0.0,0.0,0.0,0.0,0.0,0.0,0.0,6.0,3.0,10.0,9.0,11.0,10.0,6.0,3.0,10.0,9.0,11.0,10.0,1.0,1.0,1.0,1.0,1.0,1.0,6.0,3.0,12.0,9.0,24.0,25.0,1.0,1.0,1.09090909091,1.0,1.6,1.66666666667,6.0,3.0,11.0,9.0,15.0,15.0,7.0,79.0,30.0,49.0,0.0,10.0,49.0,59.0,15.0,1.33898305085,3.0,1.0,10,14,2,0
2016-10-13 23:00:00,0.0,1.0,0.0,4.0,5.0,1.0,0.0,2.0,0.0,13.0,15.0,5.0,0.0,2.0,0.0,3.25,3.0,5.0,2.0,5.0,6.0,1.0,0.0,0.0,0.0,0.0,0.0,0.0,0.0,0.0,3.0,10.0,9.0,11.0,10.0,7.0,3.0,10.0,9.0,11.0,10.0,7.0,1.0,1.0,1.0,1.0,1.0,1.0,3.0,12.0,9.0,24.0,25.0,12.0,1.0,1.09090909091,1.0,1.6,1.66666666667,1.5,3.0,11.0,9.0,15.0,15.0,8.0,5.0,85.0,35.0,50.0,0.0,11.0,50.0,61.0,14.0,1.39344262295,3.18181818182,1.0,10,14,2,20
2016-10-13 23:20:00,1.0,0.0,4.0,5.0,1.0,2.0,2.0,0.0,13.0,15.0,5.0,4.0,2.0,0.0,3.25,3.0,5.0,2.0,5.0,6.0,1.0,0.0,0.0,0.0,0.0,0.0,0.0,0.0,0.0,0.0,10.0,9.0,11.0,10.0,7.0,4.0,10.0,9.0,11.0,10.0,7.0,4.0,1.0,1.0,1.0,1.0,1.0,1.0,12.0,9.0,24.0,25.0,12.0,8.0,1.09090909091,1.0,1.6,1.66666666667,1.5,1.33333333333,11.0,9.0,15.0,15.0,8.0,6.0,12.0,90.0,39.0,51.0,0.0,13.0,51.0,64.0,12.0,1.40625,3.0,1.0,10,14,2,40
2016-10-13 23:40:00,0.0,4.0,5.0,1.0,2.0,3.0,0.0,13.0,15.0,5.0,4.0,10.0,0.0,3.25,3.0,5.0,2.0,3.33333333333,6.0,1.0,0.0,0.0,0.0,1.0,0.0,0.0,0.0,0.0,0.0,0.0,9.0,11.0,10.0,7.0,4.0,8.0,9.0,11.0,10.0,7.0,4.0,8.0,1.0,1.0,1.0,1.0,1.0,1.0,9.0,24.0,25.0,12.0,8.0,18.0,1.0,1.6,1.66666666667,1.5,1.33333333333,1.63636363636,9.0,15.0,15.0,8.0,6.0,11.0,4.0,96.0,47.0,49.0,0.0,15.0,49.0,64.0,8.0,1.5,3.13333333333,1.0,10,14,3,0
2016-10-14 00:00:00,4.0,5.0,1.0,2.0,3.0,5.0,13.0,15.0,5.0,4.0,10.0,15.0,3.25,3.0,5.0,2.0,3.33333333333,3.0,1.0,0.0,0.0,0.0,1.0,0.0,0.0,0.0,0.0,0.0,0.0,0.0,11.0,10.0,7.0,4.0,8.0,7.0,11.0,10.0,7.0,4.0,8.0,7.0,1.0,1.0,1.0,1.0,1.0,1.0,24.0,25.0,12.0,8.0,18.0,22.0,1.6,1.66666666667,1.5,1.33333333333,1.63636363636,1.83333333333,15.0,15.0,8.0,6.0,11.0,12.0,3.0,109.0,62.0,47.0,0.0,20.0,47.0,67.0,2.0,1.62686567164,3.1,1.0,10,14,3,20
2016-10-14 00:20:00,5.0,1.0,2.0,3.0,5.0,3.0,15.0,5.0,4.0,10.0,15.0,10.0,3.0,5.0,2.0,3.33333333333,3.0,3.33333333333,0.0,0.0,0.0,1.0,0.0,0.0,0.0,0.0,0.0,0.0,0.0,0.0,10.0,7.0,4.0,8.0,7.0,4.0,10.0,7.0,4.0,8.0,7.0,4.0,1.0,1.0,1.0,1.0,1.0,1.0,25.0,12.0,8.0,18.0,22.0,14.0,1.66666666667,1.5,1.33333333333,1.63636363636,1.83333333333,2.0,15.0,8.0,6.0,11.0,12.0,7.0,8.0,99.0,59.0,40.0,0.0,19.0,40.0,59.0,1.0,1.67796610169,3.10526315789,1.0,10,14,3,40
2016-10-14 00:40:00,1.0,2.0,3.0,5.0,3.0,2.0,5.0,4.0,10.0,15.0,10.0,4.0,5.0,2.0,3.33333333333,3.0,3.33333333333,2.0,0.0,0.0,1.0,0.0,0.0,1.0,0.0,0.0,0.0,0.0,0.0,0.0,7.0,4.0,8.0,7.0,4.0,3.0,7.0,4.0,8.0,7.0,4.0,3.0,1.0,1.0,1.0,1.0,1.0,1.0,12.0,8.0,18.0,22.0,14.0,7.0,1.5,1.33333333333,1.63636363636,1.83333333333,2.0,1.4,8.0,6.0,11.0,12.0,7.0,5.0,12.0,81.0,48.0,33.0,0.0,16.0,33.0,49.0,2.0,1.65306122449,3.0,1.0,10,14,4,0
2016-10-14 01:00:00,2.0,3.0,5.0,3.0,2.0,8.0,4.0,10.0,15.0,10.0,4.0,29.0,2.0,3.33333333333,3.0,3.33333333333,2.0,3.625,0.0,1.0,0.0,0.0,1.0,0.0,0.0,0.0,0.0,0.0,0.0,0.0,4.0,8.0,7.0,4.0,3.0,4.0,4.0,8.0,7.0,4.0,3.0,4.0,1.0,1.0,1.0,1.0,1.0,1.0,8.0,18.0,22.0,14.0,7.0,33.0,1.33333333333,1.63636363636,1.83333333333,2.0,1.4,2.75,6.0,11.0,12.0,7.0,5.0,12.0,13.0,102.0,72.0,30.0,0.0,23.0,30.0,53.0,2.0,1.92452830189,3.13043478261,1.0,10,14,4,20
2016-10-14 01:20:00,3.0,5.0,3.0,2.0,8.0,1.0,10.0,15.0,10.0,4.0,29.0,2.0,3.33333333333,3.0,3.33333333333,2.0,3.625,2.0,1.0,0.0,0.0,1.0,0.0,2.0,0.0,0.0,0.0,0.0,0.0,0.0,8.0,7.0,4.0,3.0,4.0,3.0,8.0,7.0,4.0,3.0,4.0,3.0,1.0,1.0,1.0,1.0,1.0,1.0,18.0,22.0,14.0,7.0,33.0,5.0,1.63636363636,1.83333333333,2.0,1.4,2.75,1.25,11.0,12.0,7.0,5.0,12.0,4.0,6.0,99.0,70.0,29.0,0.0,22.0,29.0,51.0,4.0,1.94117647059,3.18181818182,1.0,10,14,4,40
2016-10-14 01:40:00,5.0,3.0,2.0,8.0,1.0,1.0,15.0,10.0,4.0,29.0,2.0,3.0,3.0,3.33333333333,2.0,3.625,2.0,3.0,0.0,0.0,1.0,0.0,2.0,0.0,0.0,0.0,0.0,0.0,0.0,0.0,7.0,4.0,3.0,4.0,3.0,2.0,7.0,4.0,3.0,4.0,3.0,2.0,1.0,1.0,1.0,1.0,1.0,1.0,22.0,14.0,7.0,33.0,5.0,5.0,1.83333333333,2.0,1.4,2.75,1.25,1.66666666667,12.0,7.0,5.0,12.0,4.0,3.0,3.0,86.0,63.0,23.0,0.0,20.0,23.0,43.0,3.0,2.0,3.15,1.0,10,14,5,0
2016-10-14 02:00:00,3.0,2.0,8.0,1.0,1.0,5.0,10.0,4.0,29.0,2.0,3.0,22.0,3.33333333333,2.0,3.625,2.0,3.0,4.4,0.0,1.0,0.0,2.0,0.0,1.0,0.0,0.0,0.0,0.0,0.0,0.0,4.0,3.0,4.0,3.0,2.0,3.0,4.0,3.0,4.0,3.0,2.0,3.0,1.0,1.0,1.0,1.0,1.0,1.0,14.0,7.0,33.0,5.0,5.0,25.0,2.0,1.4,2.75,1.25,1.66666666667,3.125,7.0,5.0,12.0,4.0,3.0,8.0,7.0,89.0,70.0,19.0,0.0,20.0,19.0,39.0,4.0,2.28205128205,3.5,1.0,10,14,5,20
2016-10-14 02:20:00,2.0,8.0,1.0,1.0,5.0,5.0,4.0,29.0,2.0,3.0,22.0,25.0,2.0,3.625,2.0,3.0,4.4,5.0,1.0,0.0,2.0,0.0,1.0,0.0,0.0,0.0,0.0,0.0,0.0,0.0,3.0,4.0,3.0,2.0,3.0,7.0,3.0,4.0,3.0,2.0,3.0,7.0,1.0,1.0,1.0,1.0,1.0,1.0,7.0,33.0,5.0,5.0,25.0,32.0,1.4,2.75,1.25,1.66666666667,3.125,2.66666666667,5.0,12.0,4.0,3.0,8.0,12.0,8.0,107.0,85.0,22.0,0.0,22.0,22.0,44.0,4.0,2.43181818182,3.86363636364,1.0,10,14,5,40
2016-10-14 02:40:00,8.0,1.0,1.0,5.0,5.0,6.0,29.0,2.0,3.0,22.0,25.0,27.0,3.625,2.0,3.0,4.4,5.0,4.5,0.0,2.0,0.0,1.0,0.0,0.0,0.0,0.0,0.0,0.0,0.0,0.0,4.0,3.0,2.0,3.0,7.0,7.0,4.0,3.0,2.0,3.0,7.0,7.0,1.0,1.0,1.0,1.0,1.0,1.0,33.0,5.0,5.0,25.0,32.0,34.0,2.75,1.25,1.66666666667,3.125,2.66666666667,2.61538461538,12.0,4.0,3.0,8.0,12.0,13.0,14.0,134.0,108.0,26.0,0.0,26.0,26.0,52.0,3.0,2.57692307692,4.15384615385,1.0,10,14,6,0
2016-10-14 03:00:00,1.0,1.0,5.0,5.0,6.0,2.0,2.0,3.0,22.0,25.0,27.0,4.0,2.0,3.0,4.4,5.0,4.5,2.0,2.0,0.0,1.0,0.0,0.0,0.0,0.0,0.0,0.0,0.0,0.0,0.0,3.0,2.0,3.0,7.0,7.0,4.0,3.0,2.0,3.0,7.0,7.0,4.0,1.0,1.0,1.0,1.0,1.0,1.0,5.0,5.0,25.0,32.0,34.0,8.0,1.25,1.66666666667,3.125,2.66666666667,2.61538461538,1.33333333333,4.0,3.0,8.0,12.0,13.0,6.0,20.0,109.0,83.0,26.0,0.0,20.0,26.0,46.0,3.0,2.36956521739,4.15,1.0,10,14,6,20
2016-10-14 03:20:00,1.0,5.0,5.0,6.0,2.0,1.0,3.0,22.0,25.0,27.0,4.0,2.0,3.0,4.4,5.0,4.5,2.0,2.0,0.0,1.0,0.0,0.0,0.0,0.0,0.0,0.0,0.0,0.0,0.0,0.0,2.0,3.0,7.0,7.0,4.0,2.0,2.0,3.0,7.0,7.0,4.0,2.0,1.0,1.0,1.0,1.0,1.0,1.0,5.0,25.0,32.0,34.0,8.0,4.0,1.66666666667,3.125,2.66666666667,2.61538461538,1.33333333333,1.33333333333,3.0,8.0,12.0,13.0,6.0,3.0,20.0,108.0,83.0,25.0,0.0,20.0,25.0,45.0,1.0,2.4,4.15,1.0,10,14,6,40
2016-10-14 03:40:00,5.0,5.0,6.0,2.0,1.0,4.0,22.0,25.0,27.0,4.0,2.0,8.0,4.4,5.0,4.5,2.0,2.0,2.0,1.0,0.0,0.0,0.0,0.0,2.0,0.0,0.0,0.0,0.0,0.0,0.0,3.0,7.0,7.0,4.0,2.0,3.0,3.0,7.0,7.0,4.0,2.0,3.0,1.0,1.0,1.0,1.0,1.0,1.0,25.0,32.0,34.0,8.0,4.0,11.0,3.125,2.66666666667,2.61538461538,1.33333333333,1.33333333333,1.57142857143,8.0,12.0,13.0,6.0,3.0,7.0,23.0,114.0,88.0,26.0,0.0,23.0,26.0,49.0,3.0,2.32653061224,3.82608695652,1.0,10,14,7,0
2016-10-14 04:00:00,5.0,6.0,2.0,1.0,4.0,2.0,25.0,27.0,4.0,2.0,8.0,4.0,5.0,4.5,2.0,2.0,2.0,2.0,0.0,0.0,0.0,0.0,2.0,0.0,0.0,0.0,0.0,0.0,0.0,0.0,7.0,7.0,4.0,2.0,3.0,6.0,7.0,7.0,4.0,2.0,3.0,6.0,1.0,1.0,1.0,1.0,1.0,1.0,32.0,34.0,8.0,4.0,11.0,10.0,2.66666666667,2.61538461538,1.33333333333,1.33333333333,1.57142857143,1.25,12.0,13.0,6.0,3.0,7.0,8.0,28.0,99.0,70.0,29.0,0.0,20.0,29.0,49.0,2.0,2.02040816327,3.5,1.0,10,14,7,20
2016-10-14 04:20:00,6.0,2.0,1.0,4.0,2.0,1.0,27.0,4.0,2.0,8.0,4.0,2.0,4.5,2.0,2.0,2.0,2.0,2.0,0.0,0.0,0.0,2.0,0.0,5.0,0.0,0.0,0.0,0.0,0.0,0.0,7.0,4.0,2.0,3.0,6.0,13.0,7.0,4.0,2.0,3.0,6.0,16.0,1.0,1.0,1.0,1.0,1.0,1.23076923077,34.0,8.0,4.0,11.0,10.0,18.0,2.61538461538,1.33333333333,1.33333333333,1.57142857143,1.25,1.28571428571,13.0,6.0,3.0,7.0,8.0,14.0,30.0,85.0,47.0,38.0,0.0,16.0,35.0,51.0,7.0,1.66666666667,2.9375,1.08571428571,10,14,7,40
2016-10-14 04:40:00,2.0,1.0,4.0,2.0,1.0,2.0,4.0,2.0,8.0,4.0,2.0,4.0,2.0,2.0,2.0,2.0,2.0,2.0,0.0,0.0,2.0,0.0,5.0,5.0,0.0,0.0,0.0,0.0,0.0,0.0,4.0,2.0,3.0,6.0,13.0,18.0,4.0,2.0,3.0,6.0,16.0,18.0,1.0,1.0,1.0,1.0,1.23076923077,1.0,8.0,4.0,11.0,10.0,18.0,22.0,1.33333333333,1.33333333333,1.57142857143,1.25,1.28571428571,1.1,6.0,3.0,7.0,8.0,14.0,20.0,34.0,73.0,24.0,49.0,0.0,12.0,46.0,58.0,12.0,1.25862068966,2.0,1.0652173913,10,14,8,0
2016-10-14 05:00:00,1.0,4.0,2.0,1.0,2.0,3.0,2.0,8.0,4.0,2.0,4.0,8.0,2.0,2.0,2.0,2.0,2.0,2.66666666667,0.0,2.0,0.0,5.0,5.0,7.0,0.0,0.0,0.0,0.0,0.0,0.0,2.0,3.0,6.0,13.0,18.0,17.0,2.0,3.0,6.0,16.0,18.0,20.0,1.0,1.0,1.0,1.23076923077,1.0,1.17647058824,4.0,11.0,10.0,18.0,22.0,28.0,1.33333333333,1.57142857143,1.25,1.28571428571,1.1,1.4,3.0,7.0,8.0,14.0,20.0,20.0,59.0,93.0,28.0,65.0,0.0,13.0,59.0,72.0,19.0,1.29166666667,2.15384615385,1.10169491525,10,14,8,20
2016-10-14 05:20:00,4.0,2.0,1.0,2.0,3.0,3.0,8.0,4.0,2.0,4.0,8.0,6.0,2.0,2.0,2.0,2.0,2.66666666667,2.0,2.0,0.0,5.0,5.0,7.0,7.0,0.0,0.0,0.0,0.0,0.0,0.0,3.0,6.0,13.0,18.0,17.0,20.0,3.0,6.0,16.0,18.0,20.0,23.0,1.0,1.0,1.23076923077,1.0,1.17647058824,1.15,11.0,10.0,18.0,22.0,28.0,29.0,1.57142857143,1.25,1.28571428571,1.1,1.4,1.26086956522,7.0,8.0,14.0,20.0,20.0,23.0,46.0,118.0,32.0,86.0,0.0,15.0,77.0,92.0,26.0,1.28260869565,2.13333333333,1.11688311688,10,14,8,40
2016-10-14 05:40:00,2.0,1.0,2.0,3.0,3.0,3.0,4.0,2.0,4.0,8.0,6.0,6.0,2.0,2.0,2.0,2.66666666667,2.0,2.0,0.0,5.0,5.0,7.0,7.0,6.0,0.0,0.0,0.0,0.0,0.0,0.0,6.0,13.0,18.0,17.0,20.0,25.0,6.0,16.0,18.0,20.0,23.0,25.0,1.0,1.23076923077,1.0,1.17647058824,1.15,1.0,10.0,18.0,22.0,28.0,29.0,31.0,1.25,1.28571428571,1.1,1.4,1.26086956522,1.10714285714,8.0,14.0,20.0,20.0,23.0,28.0,44.0,138.0,30.0,108.0,0.0,14.0,99.0,113.0,30.0,1.22123893805,2.14285714286,1.09090909091,10,14,9,0
2016-10-14 06:00:00,1.0,2.0,3.0,3.0,3.0,2.0,2.0,4.0,8.0,6.0,6.0,4.0,2.0,2.0,2.66666666667,2.0,2.0,2.0,5.0,5.0,7.0,7.0,6.0,8.0,0.0,0.0,0.0,0.0,0.0,0.0,13.0,18.0,17.0,20.0,25.0,28.0,16.0,18.0,20.0,23.0,25.0,28.0,1.23076923077,1.0,1.17647058824,1.15,1.0,1.0,18.0,22.0,28.0,29.0,31.0,32.0,1.28571428571,1.1,1.4,1.26086956522,1.10714285714,1.06666666667,14.0,20.0,20.0,23.0,28.0,30.0,48.0,160.0,30.0,130.0,0.0,14.0,121.0,135.0,38.0,1.18518518519,2.14285714286,1.07438016529,10,14,9,20
2016-10-14 06:20:00,2.0,3.0,3.0,3.0,2.0,2.0,4.0,8.0,6.0,6.0,4.0,4.0,2.0,2.66666666667,2.0,2.0,2.0,2.0,5.0,7.0,7.0,6.0,8.0,16.0,0.0,0.0,0.0,0.0,0.0,0.0,18.0,17.0,20.0,25.0,28.0,32.0,18.0,20.0,23.0,25.0,28.0,32.0,1.0,1.17647058824,1.15,1.0,1.0,1.0,22.0,28.0,29.0,31.0,32.0,36.0,1.1,1.4,1.26086956522,1.10714285714,1.06666666667,1.05882352941,20.0,20.0,23.0,28.0,30.0,34.0,45.0,178.0,32.0,146.0,0.0,15.0,140.0,155.0,49.0,1.14838709677,2.13333333333,1.04285714286,10,14,9,40
2016-10-14 06:40:00,3.0,3.0,3.0,2.0,2.0,6.0,8.0,6.0,6.0,4.0,4.0,13.0,2.66666666667,2.0,2.0,2.0,2.0,2.16666666667,7.0,7.0,6.0,8.0,16.0,15.0,0.0,0.0,0.0,0.0,0.0,0.0,17.0,20.0,25.0,28.0,32.0,53.0,20.0,23.0,25.0,28.0,32.0,53.0,1.17647058824,1.15,1.0,1.0,1.0,1.0,28.0,29.0,31.0,32.0,36.0,66.0,1.4,1.26086956522,1.10714285714,1.06666666667,1.05882352941,1.1186440678,20.0,23.0,28.0,30.0,34.0,59.0,53.0,222.0,41.0,181.0,0.0,19.0,175.0,194.0,59.0,1.14432989691,2.15789473684,1.03428571429,10,14,10,0
2016-10-14 07:00:00,3.0,3.0,2.0,2.0,6.0,4.0,6.0,6.0,4.0,4.0,13.0,10.0,2.0,2.0,2.0,2.0,2.16666666667,2.5,7.0,6.0,8.0,16.0,15.0,10.0,0.0,0.0,0.0,0.0,0.0,0.0,20.0,25.0,28.0,32.0,53.0,42.0,23.0,25.0,28.0,32.0,53.0,45.0,1.15,1.0,1.0,1.0,1.0,1.07142857143,29.0,31.0,32.0,36.0,66.0,55.0,1.26086956522,1.10714285714,1.06666666667,1.05882352941,1.1186440678,1.19565217391,23.0,28.0,30.0,34.0,59.0,46.0,47.0,249.0,43.0,206.0,0.0,20.0,200.0,220.0,62.0,1.13181818182,2.15,1.03,10,14,10,20
2016-10-14 07:20:00,3.0,2.0,2.0,6.0,4.0,8.0,6.0,4.0,4.0,13.0,10.0,16.0,2.0,2.0,2.0,2.16666666667,2.5,2.0,6.0,8.0,16.0,15.0,10.0,9.0,0.0,0.0,0.0,0.0,0.0,0.0,25.0,28.0,32.0,53.0,42.0,36.0,25.0,28.0,32.0,53.0,45.0,36.0,1.0,1.0,1.0,1.0,1.07142857143,1.0,31.0,32.0,36.0,66.0,55.0,52.0,1.10714285714,1.06666666667,1.05882352941,1.1186440678,1.19565217391,1.18181818182,28.0,30.0,34.0,59.0,46.0,44.0,43.0,272.0,53.0,219.0,0.0,25.0,216.0,241.0,64.0,1.12863070539,2.12,1.01388888889,10,14,10,40
2016-10-14 07:40:00,2.0,2.0,6.0,4.0,8.0,4.0,4.0,4.0,13.0,10.0,16.0,8.0,2.0,2.0,2.16666666667,2.5,2.0,2.0,8.0,16.0,15.0,10.0,9.0,8.0,0.0,0.0,0.0,0.0,0.0,0.0,28.0,32.0,53.0,42.0,36.0,44.0,28.0,32.0,53.0,45.0,36.0,44.0,1.0,1.0,1.0,1.07142857143,1.0,1.0,32.0,36.0,66.0,55.0,52.0,52.0,1.06666666667,1.05882352941,1.1186440678,1.19565217391,1.18181818182,1.08333333333,30.0,34.0,59.0,46.0,44.0,48.0,43.0,293.0,55.0,238.0,0.0,26.0,235.0,261.0,66.0,1.12260536398,2.11538461538,1.01276595745,10,14,11,0
2016-10-14 08:00:00,2.0,6.0,4.0,8.0,4.0,3.0,4.0,13.0,10.0,16.0,8.0,6.0,2.0,2.16666666667,2.5,2.0,2.0,2.0,16.0,15.0,10.0,9.0,8.0,12.0,0.0,0.0,0.0,0.0,0.0,0.0,32.0,53.0,42.0,36.0,44.0,42.0,32.0,53.0,45.0,36.0,44.0,42.0,1.0,1.0,1.07142857143,1.0,1.0,1.0,36.0,66.0,55.0,52.0,52.0,48.0,1.05882352941,1.1186440678,1.19565217391,1.18181818182,1.08333333333,1.06666666667,34.0,59.0,46.0,44.0,48.0,45.0,41.0,309.0,57.0,252.0,0.0,27.0,249.0,276.0,70.0,1.11956521739,2.11111111111,1.01204819277,10,14,11,20
2016-10-14 08:20:00,6.0,4.0,8.0,4.0,3.0,4.0,13.0,10.0,16.0,8.0,6.0,8.0,2.16666666667,2.5,2.0,2.0,2.0,2.0,15.0,10.0,9.0,8.0,12.0,15.0,0.0,0.0,0.0,0.0,0.0,0.0,53.0,42.0,36.0,44.0,42.0,49.0,53.0,45.0,36.0,44.0,42.0,49.0,1.0,1.07142857143,1.0,1.0,1.0,1.0,66.0,55.0,52.0,52.0,48.0,57.0,1.1186440678,1.19565217391,1.18181818182,1.08333333333,1.06666666667,1.07547169811,59.0,46.0,44.0,48.0,45.0,53.0,41.0,330.0,61.0,269.0,0.0,29.0,266.0,295.0,69.0,1.1186440678,2.10344827586,1.01127819549,10,14,11,40
2016-10-14 08:40:00,4.0,8.0,4.0,3.0,4.0,3.0,10.0,16.0,8.0,6.0,8.0,6.0,2.5,2.0,2.0,2.0,2.0,2.0,10.0,9.0,8.0,12.0,15.0,11.0,0.0,0.0,0.0,0.0,0.0,0.0,42.0,36.0,44.0,42.0,49.0,44.0,45.0,36.0,44.0,42.0,49.0,44.0,1.07142857143,1.0,1.0,1.0,1.0,1.0,55.0,52.0,52.0,48.0,57.0,50.0,1.19565217391,1.18181818182,1.08333333333,1.06666666667,1.07547169811,1.06382978723,46.0,44.0,48.0,45.0,53.0,47.0,24.0,314.0,54.0,260.0,0.0,26.0,257.0,283.0,65.0,1.10954063604,2.07692307692,1.01167315175,10,14,12,0
2016-10-14 09:00:00,8.0,4.0,3.0,4.0,3.0,5.0,16.0,8.0,6.0,8.0,6.0,10.0,2.0,2.0,2.0,2.0,2.0,2.0,9.0,8.0,12.0,15.0,11.0,8.0,0.0,0.0,0.0,0.0,0.0,0.0,36.0,44.0,42.0,49.0,44.0,38.0,36.0,44.0,42.0,49.0,44.0,38.0,1.0,1.0,1.0,1.0,1.0,1.0,52.0,52.0,48.0,57.0,50.0,48.0,1.18181818182,1.08333333333,1.06666666667,1.07547169811,1.06382978723,1.11627906977,44.0,48.0,45.0,53.0,47.0,43.0,42.0,307.0,54.0,253.0,0.0,27.0,253.0,280.0,63.0,1.09642857143,2.0,1.0,10,14,12,20
2016-10-14 09:20:00,4.0,3.0,4.0,3.0,5.0,3.0,8.0,6.0,8.0,6.0,10.0,6.0,2.0,2.0,2.0,2.0,2.0,2.0,8.0,12.0,15.0,11.0,8.0,7.0,0.0,0.0,0.0,0.0,0.0,0.0,44.0,42.0,49.0,44.0,38.0,40.0,44.0,42.0,49.0,44.0,38.0,43.0,1.0,1.0,1.0,1.0,1.0,1.075,52.0,48.0,57.0,50.0,48.0,49.0,1.08333333333,1.06666666667,1.07547169811,1.06382978723,1.11627906977,1.13953488372,48.0,45.0,53.0,47.0,43.0,43.0,54.0,304.0,44.0,260.0,0.0,22.0,257.0,279.0,61.0,1.08960573477,2.0,1.01167315175,10,14,12,40
2016-10-14 09:40:00,3.0,4.0,3.0,5.0,3.0,3.0,6.0,8.0,6.0,10.0,6.0,7.0,2.0,2.0,2.0,2.0,2.0,2.33333333333,12.0,15.0,11.0,8.0,7.0,11.0,0.0,0.0,0.0,0.0,0.0,0.0,42.0,49.0,44.0,38.0,40.0,38.0,42.0,49.0,44.0,38.0,43.0,38.0,1.0,1.0,1.0,1.0,1.075,1.0,48.0,57.0,50.0,48.0,49.0,45.0,1.06666666667,1.07547169811,1.06382978723,1.11627906977,1.13953488372,1.09756097561,45.0,53.0,47.0,43.0,43.0,41.0,58.0,297.0,43.0,254.0,0.0,21.0,251.0,272.0,64.0,1.09191176471,2.04761904762,1.01195219124,10,14,13,0
2016-10-14 10:00:00,4.0,3.0,5.0,3.0,3.0,4.0,8.0,6.0,10.0,6.0,7.0,8.0,2.0,2.0,2.0,2.0,2.33333333333,2.0,15.0,11.0,8.0,7.0,11.0,8.0,0.0,0.0,0.0,0.0,0.0,0.0,49.0,44.0,38.0,40.0,38.0,37.0,49.0,44.0,38.0,43.0,38.0,40.0,1.0,1.0,1.0,1.075,1.0,1.08108108108,57.0,50.0,48.0,49.0,45.0,48.0,1.07547169811,1.06382978723,1.11627906977,1.13953488372,1.09756097561,1.17073170732,53.0,47.0,43.0,43.0,41.0,41.0,53.0,297.0,45.0,252.0,0.0,22.0,246.0,268.0,60.0,1.10820895522,2.04545454545,1.0243902439,10,14,13,20
2016-10-14 10:20:00,3.0,5.0,3.0,3.0,4.0,2.0,6.0,10.0,6.0,7.0,8.0,4.0,2.0,2.0,2.0,2.33333333333,2.0,2.0,11.0,8.0,7.0,11.0,8.0,4.0,0.0,0.0,0.0,0.0,0.0,0.0,44.0,38.0,40.0,38.0,37.0,22.0,44.0,38.0,43.0,38.0,40.0,22.0,1.0,1.0,1.075,1.0,1.08108108108,1.0,50.0,48.0,49.0,45.0,48.0,26.0,1.06382978723,1.11627906977,1.13953488372,1.09756097561,1.17073170732,1.08333333333,47.0,43.0,43.0,41.0,41.0,24.0,44.0,266.0,41.0,225.0,0.0,20.0,219.0,239.0,49.0,1.1129707113,2.05,1.02739726027,10,14,13,40
2016-10-14 10:40:00,5.0,3.0,3.0,4.0,2.0,6.0,10.0,6.0,7.0,8.0,4.0,13.0,2.0,2.0,2.33333333333,2.0,2.0,2.16666666667,8.0,7.0,11.0,8.0,4.0,14.0,0.0,0.0,0.0,0.0,0.0,0.0,38.0,40.0,38.0,37.0,22.0,36.0,38.0,43.0,38.0,40.0,22.0,36.0,1.0,1.075,1.0,1.08108108108,1.0,1.0,48.0,49.0,45.0,48.0,26.0,49.0,1.11627906977,1.13953488372,1.09756097561,1.17073170732,1.08333333333,1.16666666667,43.0,43.0,41.0,41.0,24.0,42.0,66.0,265.0,48.0,217.0,0.0,23.0,211.0,234.0,52.0,1.13247863248,2.08695652174,1.02843601896,10,14,14,0
2016-10-14 11:00:00,3.0,3.0,4.0,2.0,6.0,6.0,6.0,7.0,8.0,4.0,13.0,13.0,2.0,2.33333333333,2.0,2.0,2.16666666667,2.16666666667,7.0,11.0,8.0,4.0,14.0,14.0,0.0,0.0,0.0,0.0,0.0,0.0,40.0,38.0,37.0,22.0,36.0,48.0,43.0,38.0,40.0,22.0,36.0,48.0,1.075,1.0,1.08108108108,1.0,1.0,1.0,49.0,45.0,48.0,26.0,49.0,61.0,1.13953488372,1.09756097561,1.17073170732,1.08333333333,1.16666666667,1.12962962963,43.0,41.0,41.0,24.0,42.0,54.0,66.0,278.0,51.0,227.0,0.0,24.0,221.0,245.0,58.0,1.13469387755,2.125,1.02714932127,10,14,14,20
2016-10-14 11:20:00,3.0,4.0,2.0,6.0,6.0,3.0,7.0,8.0,4.0,13.0,13.0,7.0,2.33333333333,2.0,2.0,2.16666666667,2.16666666667,2.33333333333,11.0,8.0,4.0,14.0,14.0,16.0,0.0,0.0,0.0,0.0,0.0,0.0,38.0,37.0,22.0,36.0,48.0,55.0,38.0,40.0,22.0,36.0,48.0,55.0,1.0,1.08108108108,1.0,1.0,1.0,1.0,45.0,48.0,26.0,49.0,61.0,62.0,1.09756097561,1.17073170732,1.08333333333,1.16666666667,1.12962962963,1.06896551724,41.0,41.0,24.0,42.0,54.0,58.0,50.0,291.0,52.0,239.0,0.0,24.0,236.0,260.0,67.0,1.11923076923,2.16666666667,1.01271186441,10,14,14,40
2016-10-14 11:40:00,4.0,2.0,6.0,6.0,3.0,4.0,8.0,4.0,13.0,13.0,7.0,8.0,2.0,2.0,2.16666666667,2.16666666667,2.33333333333,2.0,8.0,4.0,14.0,14.0,16.0,9.0,0.0,0.0,0.0,0.0,0.0,0.0,37.0,22.0,36.0,48.0,55.0,49.0,40.0,22.0,36.0,48.0,55.0,52.0,1.08108108108,1.0,1.0,1.0,1.0,1.0612244898,48.0,26.0,49.0,61.0,62.0,60.0,1.17073170732,1.08333333333,1.16666666667,1.12962962963,1.06896551724,1.1320754717,41.0,24.0,42.0,54.0,58.0,53.0,76.0,306.0,53.0,253.0,0.0,25.0,247.0,272.0,65.0,1.125,2.12,1.02429149798,10,14,15,0
2016-10-14 12:00:00,2.0,6.0,6.0,3.0,4.0,5.0,4.0,13.0,13.0,7.0,8.0,10.0,2.0,2.16666666667,2.16666666667,2.33333333333,2.0,2.0,4.0,14.0,14.0,16.0,9.0,11.0,0.0,0.0,0.0,0.0,0.0,0.0,22.0,36.0,48.0,55.0,49.0,39.0,22.0,36.0,48.0,55.0,52.0,39.0,1.0,1.0,1.0,1.0,1.0612244898,1.0,26.0,49.0,61.0,62.0,60.0,49.0,1.08333333333,1.16666666667,1.12962962963,1.06896551724,1.1320754717,1.11363636364,24.0,42.0,54.0,58.0,53.0,44.0,66.0,307.0,55.0,252.0,0.0,26.0,249.0,275.0,68.0,1.11636363636,2.11538461538,1.01204819277,10,14,15,20
2016-10-14 12:20:00,6.0,6.0,3.0,4.0,5.0,7.0,13.0,13.0,7.0,8.0,10.0,16.0,2.16666666667,2.16666666667,2.33333333333,2.0,2.0,2.28571428571,14.0,14.0,16.0,9.0,11.0,16.0,0.0,0.0,0.0,0.0,0.0,0.0,36.0,48.0,55.0,49.0,39.0,59.0,36.0,48.0,55.0,52.0,39.0,59.0,1.0,1.0,1.0,1.0612244898,1.0,1.0,49.0,61.0,62.0,60.0,49.0,75.0,1.16666666667,1.12962962963,1.06896551724,1.1320754717,1.11363636364,1.13636363636,42.0,54.0,58.0,53.0,44.0,66.0,70.0,356.0,67.0,289.0,0.0,31.0,286.0,317.0,80.0,1.12302839117,2.16129032258,1.01048951049,10,14,15,40
2016-10-14 12:40:00,6.0,3.0,4.0,5.0,7.0,3.0,13.0,7.0,8.0,10.0,16.0,6.0,2.16666666667,2.33333333333,2.0,2.0,2.28571428571,2.0,14.0,16.0,9.0,11.0,16.0,16.0,0.0,0.0,0.0,0.0,0.0,0.0,48.0,55.0,49.0,39.0,59.0,63.0,48.0,55.0,52.0,39.0,59.0,63.0,1.0,1.0,1.0612244898,1.0,1.0,1.0,61.0,62.0,60.0,49.0,75.0,69.0,1.12962962963,1.06896551724,1.1320754717,1.11363636364,1.13636363636,1.04545454545,54.0,58.0,53.0,44.0,66.0,66.0,63.0,376.0,60.0,316.0,0.0,28.0,313.0,341.0,82.0,1.10263929619,2.14285714286,1.00958466454,10,14,16,0
2016-10-14 13:00:00,3.0,4.0,5.0,7.0,3.0,2.0,7.0,8.0,10.0,16.0,6.0,4.0,2.33333333333,2.0,2.0,2.28571428571,2.0,2.0,16.0,9.0,11.0,16.0,16.0,16.0,0.0,0.0,0.0,0.0,0.0,0.0,55.0,49.0,39.0,59.0,63.0,48.0,55.0,52.0,39.0,59.0,63.0,48.0,1.0,1.0612244898,1.0,1.0,1.0,1.0,62.0,60.0,49.0,75.0,69.0,52.0,1.06896551724,1.1320754717,1.11363636364,1.13636363636,1.04545454545,1.04,58.0,53.0,44.0,66.0,66.0,50.0,71.0,367.0,51.0,316.0,0.0,24.0,313.0,337.0,84.0,1.08902077151,2.125,1.00958466454,10,14,16,20
2016-10-14 13:20:00,4.0,5.0,7.0,3.0,2.0,4.0,8.0,10.0,16.0,6.0,4.0,8.0,2.0,2.0,2.28571428571,2.0,2.0,2.0,9.0,11.0,16.0,16.0,16.0,19.0,0.0,0.0,0.0,0.0,0.0,0.0,49.0,39.0,59.0,63.0,48.0,72.0,52.0,39.0,59.0,63.0,48.0,72.0,1.0612244898,1.0,1.0,1.0,1.0,1.0,60.0,49.0,75.0,69.0,52.0,80.0,1.1320754717,1.11363636364,1.13636363636,1.04545454545,1.04,1.05263157895,53.0,44.0,66.0,66.0,50.0,76.0,62.0,385.0,52.0,333.0,0.0,25.0,330.0,355.0,87.0,1.08450704225,2.08,1.00909090909,10,14,16,40
2016-10-14 13:40:00,5.0,7.0,3.0,2.0,4.0,3.0,10.0,16.0,6.0,4.0,8.0,7.0,2.0,2.28571428571,2.0,2.0,2.0,2.33333333333,11.0,16.0,16.0,16.0,19.0,19.0,0.0,0.0,0.0,0.0,0.0,0.0,39.0,59.0,63.0,48.0,72.0,63.0,39.0,59.0,63.0,48.0,72.0,63.0,1.0,1.0,1.0,1.0,1.0,1.0,49.0,75.0,69.0,52.0,80.0,70.0,1.11363636364,1.13636363636,1.04545454545,1.04,1.05263157895,1.06060606061,44.0,66.0,66.0,50.0,76.0,66.0,44.0,395.0,51.0,344.0,0.0,24.0,344.0,368.0,97.0,1.07336956522,2.125,1.0,10,14,17,0
2016-10-14 14:00:00,7.0,3.0,2.0,4.0,3.0,5.0,16.0,6.0,4.0,8.0,7.0,10.0,2.28571428571,2.0,2.0,2.0,2.33333333333,2.0,16.0,16.0,16.0,19.0,19.0,22.0,0.0,0.0,0.0,0.0,0.0,0.0,59.0,63.0,48.0,72.0,63.0,65.0,59.0,63.0,48.0,72.0,63.0,65.0,1.0,1.0,1.0,1.0,1.0,1.0,75.0,69.0,52.0,80.0,70.0,75.0,1.13636363636,1.04545454545,1.04,1.05263157895,1.06060606061,1.07142857143,66.0,66.0,50.0,76.0,66.0,70.0,47.0,421.0,51.0,370.0,0.0,24.0,370.0,394.0,108.0,1.06852791878,2.125,1.0,10,14,17,20
2016-10-14 14:20:00,3.0,2.0,4.0,3.0,5.0,1.0,6.0,4.0,8.0,7.0,10.0,2.0,2.0,2.0,2.0,2.33333333333,2.0,2.0,16.0,16.0,19.0,19.0,22.0,18.0,0.0,0.0,0.0,0.0,0.0,0.0,63.0,48.0,72.0,63.0,65.0,62.0,63.0,48.0,72.0,63.0,65.0,62.0,1.0,1.0,1.0,1.0,1.0,1.0,69.0,52.0,80.0,70.0,75.0,64.0,1.04545454545,1.04,1.05263157895,1.06060606061,1.07142857143,1.01587301587,66.0,50.0,76.0,66.0,70.0,63.0,39.0,410.0,37.0,373.0,0.0,18.0,373.0,391.0,110.0,1.04859335038,2.05555555556,1.0,10,14,17,40
2016-10-14 14:40:00,2.0,4.0,3.0,5.0,1.0,4.0,4.0,8.0,7.0,10.0,2.0,8.0,2.0,2.0,2.33333333333,2.0,2.0,2.0,16.0,19.0,19.0,22.0,18.0,13.0,0.0,0.0,0.0,0.0,0.0,0.0,48.0,72.0,63.0,65.0,62.0,67.0,48.0,72.0,63.0,65.0,62.0,67.0,1.0,1.0,1.0,1.0,1.0,1.0,52.0,80.0,70.0,75.0,64.0,75.0,1.04,1.05263157895,1.06060606061,1.07142857143,1.01587301587,1.05633802817,50.0,76.0,66.0,70.0,63.0,71.0,35.0,416.0,39.0,377.0,0.0,19.0,377.0,396.0,107.0,1.05050505051,2.05263157895,1.0,10,14,18,0
2016-10-14 15:00:00,4.0,3.0,5.0,1.0,4.0,1.0,8.0,7.0,10.0,2.0,8.0,2.0,2.0,2.33333333333,2.0,2.0,2.0,2.0,19.0,19.0,22.0,18.0,13.0,19.0,0.0,0.0,0.0,0.0,0.0,0.0,72.0,63.0,65.0,62.0,67.0,61.0,72.0,63.0,65.0,62.0,67.0,64.0,1.0,1.0,1.0,1.0,1.0,1.04918032787,80.0,70.0,75.0,64.0,75.0,66.0,1.05263157895,1.06060606061,1.07142857143,1.01587301587,1.05633802817,1.06451612903,76.0,66.0,70.0,63.0,71.0,62.0,30.0,430.0,37.0,393.0,0.0,18.0,390.0,408.0,110.0,1.05392156863,2.05555555556,1.00769230769,10,14,18,20
2016-10-14 15:20:00,3.0,5.0,1.0,4.0,1.0,3.0,7.0,10.0,2.0,8.0,2.0,7.0,2.33333333333,2.0,2.0,2.0,2.0,2.33333333333,19.0,22.0,18.0,13.0,19.0,14.0,0.0,0.0,0.0,0.0,0.0,0.0,63.0,65.0,62.0,67.0,61.0,41.0,63.0,65.0,62.0,67.0,64.0,41.0,1.0,1.0,1.0,1.0,1.04918032787,1.0,70.0,75.0,64.0,75.0,66.0,48.0,1.06060606061,1.07142857143,1.01587301587,1.05633802817,1.06451612903,1.09090909091,66.0,70.0,63.0,71.0,62.0,44.0,43.0,398.0,36.0,362.0,0.0,17.0,359.0,376.0,105.0,1.0585106383,2.11764705882,1.00835654596,10,14,18,40
2016-10-14 15:40:00,5.0,1.0,4.0,1.0,3.0,2.0,10.0,2.0,8.0,2.0,7.0,4.0,2.0,2.0,2.0,2.0,2.33333333333,2.0,22.0,18.0,13.0,19.0,14.0,14.0,0.0,0.0,0.0,0.0,0.0,0.0,65.0,62.0,67.0,61.0,41.0,45.0,65.0,62.0,67.0,64.0,41.0,45.0,1.0,1.0,1.0,1.04918032787,1.0,1.0,75.0,64.0,75.0,66.0,48.0,49.0,1.07142857143,1.01587301587,1.05633802817,1.06451612903,1.09090909091,1.04255319149,70.0,63.0,71.0,62.0,44.0,47.0,43.0,377.0,33.0,344.0,0.0,16.0,341.0,357.0,100.0,1.05602240896,2.0625,1.00879765396,10,14,19,0
2016-10-14 16:00:00,1.0,4.0,1.0,3.0,2.0,1.0,2.0,8.0,2.0,7.0,4.0,2.0,2.0,2.0,2.0,2.33333333333,2.0,2.0,18.0,13.0,19.0,14.0,14.0,8.0,0.0,0.0,0.0,0.0,0.0,0.0,62.0,67.0,61.0,41.0,45.0,38.0,62.0,67.0,64.0,41.0,45.0,38.0,1.0,1.0,1.04918032787,1.0,1.0,1.0,64.0,75.0,66.0,48.0,49.0,40.0,1.01587301587,1.05633802817,1.06451612903,1.09090909091,1.04255319149,1.02564102564,63.0,71.0,62.0,44.0,47.0,39.0,36.0,342.0,25.0,317.0,0.0,12.0,314.0,326.0,86.0,1.0490797546,2.08333333333,1.00955414013,10,14,19,20
2016-10-14 16:20:00,4.0,1.0,3.0,2.0,1.0,1.0,8.0,2.0,7.0,4.0,2.0,2.0,2.0,2.0,2.33333333333,2.0,2.0,2.0,13.0,19.0,14.0,14.0,8.0,10.0,0.0,0.0,0.0,0.0,0.0,0.0,67.0,61.0,41.0,45.0,38.0,34.0,67.0,64.0,41.0,45.0,38.0,34.0,1.0,1.04918032787,1.0,1.0,1.0,1.0,75.0,66.0,48.0,49.0,40.0,36.0,1.05633802817,1.06451612903,1.09090909091,1.04255319149,1.02564102564,1.02857142857,71.0,62.0,44.0,47.0,39.0,35.0,30.0,314.0,25.0,289.0,0.0,12.0,286.0,298.0,78.0,1.05369127517,2.08333333333,1.01048951049,10,14,19,40
2016-10-14 16:40:00,1.0,3.0,2.0,1.0,1.0,1.0,2.0,7.0,4.0,2.0,2.0,2.0,2.0,2.33333333333,2.0,2.0,2.0,2.0,19.0,14.0,14.0,8.0,10.0,9.0,0.0,0.0,0.0,0.0,0.0,0.0,61.0,41.0,45.0,38.0,34.0,29.0,64.0,41.0,45.0,38.0,34.0,29.0,1.04918032787,1.0,1.0,1.0,1.0,1.0,66.0,48.0,49.0,40.0,36.0,31.0,1.06451612903,1.09090909091,1.04255319149,1.02564102564,1.02857142857,1.03333333333,62.0,44.0,47.0,39.0,35.0,30.0,32.0,270.0,19.0,251.0,0.0,9.0,248.0,257.0,74.0,1.05058365759,2.11111111111,1.01209677419,10,14,20,0
2016-10-14 17:00:00,3.0,2.0,1.0,1.0,1.0,1.0,7.0,4.0,2.0,2.0,2.0,2.0,2.33333333333,2.0,2.0,2.0,2.0,2.0,14.0,14.0,8.0,10.0,9.0,13.0,0.0,0.0,0.0,0.0,0.0,0.0,41.0,45.0,38.0,34.0,29.0,42.0,41.0,45.0,38.0,34.0,29.0,45.0,1.0,1.0,1.0,1.0,1.0,1.07142857143,48.0,49.0,40.0,36.0,31.0,47.0,1.09090909091,1.04255319149,1.02564102564,1.02857142857,1.03333333333,1.09302325581,44.0,47.0,39.0,35.0,30.0,43.0,21.0,251.0,19.0,232.0,0.0,9.0,229.0,238.0,68.0,1.05462184874,2.11111111111,1.01310043668,10,14,20,20
2016-10-14 17:20:00,2.0,1.0,1.0,1.0,1.0,1.0,4.0,2.0,2.0,2.0,2.0,2.0,2.0,2.0,2.0,2.0,2.0,2.0,14.0,8.0,10.0,9.0,13.0,8.0,0.0,0.0,0.0,0.0,0.0,0.0,45.0,38.0,34.0,29.0,42.0,42.0,45.0,38.0,34.0,29.0,45.0,42.0,1.0,1.0,1.0,1.0,1.07142857143,1.0,49.0,40.0,36.0,31.0,47.0,44.0,1.04255319149,1.02564102564,1.02857142857,1.03333333333,1.09302325581,1.02325581395,47.0,39.0,35.0,30.0,43.0,43.0,29.0,247.0,14.0,233.0,0.0,7.0,230.0,237.0,62.0,1.04219409283,2.0,1.01304347826,10,14,20,40
2016-10-14 17:40:00,1.0,1.0,1.0,1.0,1.0,2.0,2.0,2.0,2.0,2.0,2.0,4.0,2.0,2.0,2.0,2.0,2.0,2.0,8.0,10.0,9.0,13.0,8.0,7.0,0.0,0.0,0.0,0.0,0.0,0.0,38.0,34.0,29.0,42.0,42.0,34.0,38.0,34.0,29.0,45.0,42.0,34.0,1.0,1.0,1.0,1.07142857143,1.0,1.0,40.0,36.0,31.0,47.0,44.0,38.0,1.02564102564,1.02857142857,1.03333333333,1.09302325581,1.02325581395,1.05555555556,39.0,35.0,30.0,43.0,43.0,36.0,15.0,236.0,14.0,222.0,0.0,7.0,219.0,226.0,55.0,1.04424778761,2.0,1.01369863014,10,14,21,0
2016-10-14 18:00:00,1.0,1.0,1.0,1.0,2.0,1.0,2.0,2.0,2.0,2.0,4.0,2.0,2.0,2.0,2.0,2.0,2.0,2.0,10.0,9.0,13.0,8.0,7.0,6.0,0.0,0.0,0.0,0.0,0.0,0.0,34.0,29.0,42.0,42.0,34.0,29.0,34.0,29.0,45.0,42.0,34.0,29.0,1.0,1.0,1.07142857143,1.0,1.0,1.0,36.0,31.0,47.0,44.0,38.0,31.0,1.02857142857,1.03333333333,1.09302325581,1.02325581395,1.05555555556,1.03333333333,35.0,30.0,43.0,43.0,36.0,30.0,18.0,227.0,14.0,213.0,0.0,7.0,210.0,217.0,53.0,1.04608294931,2.0,1.01428571429,10,14,21,20
2016-10-14 18:20:00,1.0,1.0,1.0,2.0,1.0,2.0,2.0,2.0,2.0,4.0,2.0,4.0,2.0,2.0,2.0,2.0,2.0,2.0,9.0,13.0,8.0,7.0,6.0,8.0,0.0,0.0,0.0,0.0,0.0,0.0,29.0,42.0,42.0,34.0,29.0,30.0,29.0,45.0,42.0,34.0,29.0,30.0,1.0,1.07142857143,1.0,1.0,1.0,1.0,31.0,47.0,44.0,38.0,31.0,34.0,1.03333333333,1.09302325581,1.02325581395,1.05555555556,1.03333333333,1.0625,30.0,43.0,43.0,36.0,30.0,32.0,14.0,225.0,16.0,209.0,0.0,8.0,206.0,214.0,51.0,1.05140186916,2.0,1.0145631068,10,14,21,40
2016-10-14 18:40:00,1.0,1.0,2.0,1.0,2.0,1.0,2.0,2.0,4.0,2.0,4.0,2.0,2.0,2.0,2.0,2.0,2.0,2.0,13.0,8.0,7.0,6.0,8.0,2.0,0.0,0.0,0.0,0.0,0.0,0.0,42.0,42.0,34.0,29.0,30.0,20.0,45.0,42.0,34.0,29.0,30.0,20.0,1.07142857143,1.0,1.0,1.0,1.0,1.0,47.0,44.0,38.0,31.0,34.0,22.0,1.09302325581,1.02325581395,1.05555555556,1.03333333333,1.0625,1.04761904762,43.0,43.0,36.0,30.0,32.0,21.0,13.0,216.0,16.0,200.0,0.0,8.0,197.0,205.0,44.0,1.05365853659,2.0,1.0152284264,10,14,22,0
2016-10-14 19:00:00,1.0,2.0,1.0,2.0,1.0,7.0,2.0,4.0,2.0,4.0,2.0,14.0,2.0,2.0,2.0,2.0,2.0,2.0,8.0,7.0,6.0,8.0,2.0,2.0,0.0,0.0,0.0,0.0,0.0,0.0,42.0,34.0,29.0,30.0,20.0,22.0,42.0,34.0,29.0,30.0,20.0,22.0,1.0,1.0,1.0,1.0,1.0,1.0,44.0,38.0,31.0,34.0,22.0,36.0,1.02325581395,1.05555555556,1.03333333333,1.0625,1.04761904762,1.24137931034,43.0,36.0,30.0,32.0,21.0,29.0,15.0,205.0,28.0,177.0,0.0,14.0,177.0,191.0,33.0,1.07329842932,2.0,1.0,10,14,22,20
2016-10-14 19:20:00,2.0,1.0,2.0,1.0,7.0,1.0,4.0,2.0,4.0,2.0,14.0,2.0,2.0,2.0,2.0,2.0,2.0,2.0,7.0,6.0,8.0,2.0,2.0,4.0,0.0,0.0,0.0,0.0,0.0,0.0,34.0,29.0,30.0,20.0,22.0,14.0,34.0,29.0,30.0,20.0,22.0,14.0,1.0,1.0,1.0,1.0,1.0,1.0,38.0,31.0,34.0,22.0,36.0,16.0,1.05555555556,1.03333333333,1.0625,1.04761904762,1.24137931034,1.06666666667,36.0,30.0,32.0,21.0,29.0,15.0,10.0,177.0,28.0,149.0,0.0,14.0,149.0,163.0,29.0,1.08588957055,2.0,1.0,10,14,22,40
2016-10-14 19:40:00,1.0,2.0,1.0,7.0,1.0,1.0,2.0,4.0,2.0,14.0,2.0,2.0,2.0,2.0,2.0,2.0,2.0,2.0,6.0,8.0,2.0,2.0,4.0,5.0,0.0,0.0,0.0,0.0,0.0,0.0,29.0,30.0,20.0,22.0,14.0,17.0,29.0,30.0,20.0,22.0,14.0,17.0,1.0,1.0,1.0,1.0,1.0,1.0,31.0,34.0,22.0,36.0,16.0,19.0,1.03333333333,1.0625,1.04761904762,1.24137931034,1.06666666667,1.05555555556,30.0,32.0,21.0,29.0,15.0,18.0,8.0,158.0,26.0,132.0,0.0,13.0,132.0,145.0,27.0,1.08965517241,2.0,1.0,10,14,23,0
2016-10-14 20:00:00,2.0,1.0,7.0,1.0,1.0,1.0,4.0,2.0,14.0,2.0,2.0,2.0,2.0,2.0,2.0,2.0,2.0,2.0,8.0,2.0,2.0,4.0,5.0,4.0,0.0,0.0,0.0,0.0,0.0,0.0,30.0,20.0,22.0,14.0,17.0,13.0,30.0,20.0,22.0,14.0,17.0,13.0,1.0,1.0,1.0,1.0,1.0,1.0,34.0,22.0,36.0,16.0,19.0,15.0,1.0625,1.04761904762,1.24137931034,1.06666666667,1.05555555556,1.07142857143,32.0,21.0,29.0,15.0,18.0,14.0,14.0,142.0,26.0,116.0,0.0,13.0,116.0,129.0,25.0,1.1007751938,2.0,1.0,10,14,23,20
2016-10-14 20:20:00,1.0,7.0,1.0,1.0,1.0,0.0,2.0,14.0,2.0,2.0,2.0,0.0,2.0,2.0,2.0,2.0,2.0,0.0,2.0,2.0,4.0,5.0,4.0,4.0,0.0,0.0,0.0,0.0,0.0,0.0,20.0,22.0,14.0,17.0,13.0,13.0,20.0,22.0,14.0,17.0,13.0,13.0,1.0,1.0,1.0,1.0,1.0,1.0,22.0,36.0,16.0,19.0,15.0,13.0,1.04761904762,1.24137931034,1.06666666667,1.05555555556,1.07142857143,1.0,21.0,29.0,15.0,18.0,14.0,13.0,5.0,121.0,22.0,99.0,0.0,11.0,99.0,110.0,21.0,1.1,2.0,1.0,10,14,23,40
2016-10-14 20:40:00,7.0,1.0,1.0,1.0,0.0,3.0,14.0,2.0,2.0,2.0,0.0,6.0,2.0,2.0,2.0,2.0,0.0,2.0,2.0,4.0,5.0,4.0,4.0,1.0,0.0,0.0,0.0,0.0,0.0,0.0,22.0,14.0,17.0,13.0,13.0,12.0,22.0,14.0,17.0,13.0,13.0,12.0,1.0,1.0,1.0,1.0,1.0,1.0,36.0,16.0,19.0,15.0,13.0,18.0,1.24137931034,1.06666666667,1.05555555556,1.07142857143,1.0,1.2,29.0,15.0,18.0,14.0,13.0,15.0,8.0,117.0,26.0,91.0,0.0,13.0,91.0,104.0,20.0,1.125,2.0,1.0,10,15,0,0
2016-10-14 21:00:00,1.0,1.0,1.0,0.0,3.0,1.0,2.0,2.0,2.0,0.0,6.0,2.0,2.0,2.0,2.0,0.0,2.0,2.0,4.0,5.0,4.0,4.0,1.0,3.0,0.0,0.0,0.0,0.0,0.0,0.0,14.0,17.0,13.0,13.0,12.0,9.0,14.0,17.0,13.0,13.0,12.0,9.0,1.0,1.0,1.0,1.0,1.0,1.0,16.0,19.0,15.0,13.0,18.0,11.0,1.06666666667,1.05555555556,1.07142857143,1.0,1.2,1.1,15.0,18.0,14.0,13.0,15.0,10.0,9.0,92.0,14.0,78.0,0.0,7.0,78.0,85.0,21.0,1.08235294118,2.0,1.0,10,15,0,20
2016-10-14 21:20:00,1.0,1.0,0.0,3.0,1.0,0.0,2.0,2.0,0.0,6.0,2.0,0.0,2.0,2.0,0.0,2.0,2.0,0.0,5.0,4.0,4.0,1.0,3.0,1.0,0.0,0.0,0.0,0.0,0.0,0.0,17.0,13.0,13.0,12.0,9.0,8.0,17.0,13.0,13.0,12.0,9.0,8.0,1.0,1.0,1.0,1.0,1.0,1.0,19.0,15.0,13.0,18.0,11.0,8.0,1.05555555556,1.07142857143,1.0,1.2,1.1,1.0,18.0,14.0,13.0,15.0,10.0,8.0,10.0,84.0,12.0,72.0,0.0,6.0,72.0,78.0,18.0,1.07692307692,2.0,1.0,10,15,0,40
2016-10-14 21:40:00,1.0,0.0,3.0,1.0,0.0,0.0,2.0,0.0,6.0,2.0,0.0,0.0,2.0,0.0,2.0,2.0,0.0,0.0,4.0,4.0,1.0,3.0,1.0,3.0,0.0,0.0,0.0,0.0,0.0,0.0,13.0,13.0,12.0,9.0,8.0,14.0,13.0,13.0,12.0,9.0,8.0,14.0,1.0,1.0,1.0,1.0,1.0,1.0,15.0,13.0,18.0,11.0,8.0,14.0,1.07142857143,1.0,1.2,1.1,1.0,1.0,14.0,13.0,15.0,10.0,8.0,14.0,9.0,79.0,10.0,69.0,0.0,5.0,69.0,74.0,16.0,1.06756756757,2.0,1.0,10,15,1,0
2016-10-14 22:00:00,0.0,3.0,1.0,0.0,0.0,1.0,0.0,6.0,2.0,0.0,0.0,2.0,0.0,2.0,2.0,0.0,0.0,2.0,4.0,1.0,3.0,1.0,3.0,3.0,0.0,0.0,0.0,0.0,0.0,0.0,13.0,12.0,9.0,8.0,14.0,4.0,13.0,12.0,9.0,8.0,14.0,4.0,1.0,1.0,1.0,1.0,1.0,1.0,13.0,18.0,11.0,8.0,14.0,6.0,1.0,1.2,1.1,1.0,1.0,1.2,13.0,15.0,10.0,8.0,14.0,5.0,8.0,70.0,10.0,60.0,0.0,5.0,60.0,65.0,15.0,1.07692307692,2.0,1.0,10,15,1,20
2016-10-14 22:20:00,3.0,1.0,0.0,0.0,1.0,1.0,6.0,2.0,0.0,0.0,2.0,6.0,2.0,2.0,0.0,0.0,2.0,6.0,1.0,3.0,1.0,3.0,3.0,1.0,0.0,0.0,0.0,0.0,0.0,0.0,12.0,9.0,8.0,14.0,4.0,7.0,12.0,9.0,8.0,14.0,4.0,7.0,1.0,1.0,1.0,1.0,1.0,1.0,18.0,11.0,8.0,14.0,6.0,13.0,1.2,1.1,1.0,1.0,1.2,1.625,15.0,10.0,8.0,14.0,5.0,8.0,9.0,70.0,16.0,54.0,0.0,6.0,54.0,60.0,12.0,1.16666666667,2.66666666667,1.0,10,15,1,40
2016-10-14 22:40:00,1.0,0.0,0.0,1.0,1.0,1.0,2.0,0.0,0.0,2.0,6.0,5.0,2.0,0.0,0.0,2.0,6.0,5.0,3.0,1.0,3.0,3.0,1.0,1.0,0.0,0.0,0.0,0.0,0.0,0.0,9.0,8.0,14.0,4.0,7.0,8.0,9.0,8.0,14.0,4.0,7.0,8.0,1.0,1.0,1.0,1.0,1.0,1.0,11.0,8.0,14.0,6.0,13.0,13.0,1.1,1.0,1.0,1.2,1.625,1.44444444444,10.0,8.0,14.0,5.0,8.0,9.0,11.0,65.0,15.0,50.0,0.0,4.0,50.0,54.0,12.0,1.2037037037,3.75,1.0,10,15,2,0
2016-10-14 23:00:00,0.0,0.0,1.0,1.0,1.0,2.0,0.0,0.0,2.0,6.0,5.0,5.0,0.0,0.0,2.0,6.0,5.0,2.5,1.0,3.0,3.0,1.0,1.0,1.0,0.0,0.0,0.0,0.0,0.0,0.0,8.0,14.0,4.0,7.0,8.0,8.0,8.0,14.0,4.0,7.0,8.0,8.0,1.0,1.0,1.0,1.0,1.0,1.0,8.0,14.0,6.0,13.0,13.0,13.0,1.0,1.0,1.2,1.625,1.44444444444,1.3,8.0,14.0,5.0,8.0,9.0,10.0,8.0,67.0,18.0,49.0,0.0,5.0,49.0,54.0,10.0,1.24074074074,3.6,1.0,10,15,2,20
2016-10-14 23:20:00,0.0,1.0,1.0,1.0,2.0,1.0,0.0,2.0,6.0,5.0,5.0,2.0,0.0,2.0,6.0,5.0,2.5,2.0,3.0,3.0,1.0,1.0,1.0,1.0,0.0,0.0,0.0,0.0,0.0,0.0,14.0,4.0,7.0,8.0,8.0,8.0,14.0,4.0,7.0,8.0,8.0,11.0,1.0,1.0,1.0,1.0,1.0,1.375,14.0,6.0,13.0,13.0,13.0,13.0,1.0,1.2,1.625,1.44444444444,1.3,1.44444444444,14.0,5.0,8.0,9.0,10.0,9.0,5.0,72.0,20.0,52.0,0.0,6.0,49.0,55.0,10.0,1.30909090909,3.33333333333,1.0612244898,10,15,2,40
2016-10-14 23:40:00,1.0,1.0,1.0,2.0,1.0,1.0,2.0,6.0,5.0,5.0,2.0,3.0,2.0,6.0,5.0,2.5,2.0,3.0,3.0,1.0,1.0,1.0,1.0,0.0,0.0,0.0,0.0,0.0,0.0,0.0,4.0,7.0,8.0,8.0,8.0,7.0,4.0,7.0,8.0,8.0,11.0,7.0,1.0,1.0,1.0,1.0,1.375,1.0,6.0,13.0,13.0,13.0,13.0,10.0,1.2,1.625,1.44444444444,1.3,1.44444444444,1.25,5.0,8.0,9.0,10.0,9.0,8.0,6.0,68.0,23.0,45.0,0.0,7.0,42.0,49.0,7.0,1.38775510204,3.28571428571,1.07142857143,10,15,3,0
2016-10-15 00:00:00,1.0,1.0,2.0,1.0,1.0,3.0,6.0,5.0,5.0,2.0,3.0,8.0,6.0,5.0,2.5,2.0,3.0,2.66666666667,1.0,1.0,1.0,1.0,0.0,0.0,0.0,0.0,0.0,0.0,0.0,0.0,7.0,8.0,8.0,8.0,7.0,6.0,7.0,8.0,8.0,11.0,7.0,6.0,1.0,1.0,1.0,1.375,1.0,1.0,13.0,13.0,13.0,13.0,10.0,14.0,1.625,1.44444444444,1.3,1.44444444444,1.25,1.55555555556,8.0,9.0,10.0,9.0,8.0,9.0,9.0,76.0,29.0,47.0,0.0,9.0,44.0,53.0,4.0,1.43396226415,3.22222222222,1.06818181818,10,15,3,20
2016-10-15 00:20:00,1.0,2.0,1.0,1.0,3.0,7.0,5.0,5.0,2.0,3.0,8.0,23.0,5.0,2.5,2.0,3.0,2.66666666667,3.28571428571,1.0,1.0,1.0,0.0,0.0,0.0,0.0,0.0,0.0,0.0,0.0,0.0,8.0,8.0,8.0,7.0,6.0,4.0,8.0,8.0,11.0,7.0,6.0,4.0,1.0,1.0,1.375,1.0,1.0,1.0,13.0,13.0,13.0,10.0,14.0,27.0,1.44444444444,1.3,1.44444444444,1.25,1.55555555556,2.45454545455,9.0,10.0,9.0,8.0,9.0,11.0,9.0,90.0,46.0,44.0,0.0,15.0,41.0,56.0,3.0,1.60714285714,3.06666666667,1.07317073171,10,15,3,40
2016-10-15 00:40:00,2.0,1.0,1.0,3.0,7.0,5.0,5.0,2.0,3.0,8.0,23.0,20.0,2.5,2.0,3.0,2.66666666667,3.28571428571,4.0,1.0,1.0,0.0,0.0,0.0,1.0,0.0,0.0,0.0,0.0,0.0,0.0,8.0,8.0,7.0,6.0,4.0,3.0,8.0,11.0,7.0,6.0,4.0,3.0,1.0,1.375,1.0,1.0,1.0,1.0,13.0,13.0,10.0,14.0,27.0,23.0,1.3,1.44444444444,1.25,1.55555555556,2.45454545455,2.875,10.0,9.0,8.0,9.0,11.0,8.0,9.0,100.0,61.0,39.0,0.0,19.0,36.0,55.0,3.0,1.81818181818,3.21052631579,1.08333333333,10,15,4,0
2016-10-15 01:00:00,1.0,1.0,3.0,7.0,5.0,4.0,2.0,3.0,8.0,23.0,20.0,16.0,2.0,3.0,2.66666666667,3.28571428571,4.0,4.0,1.0,0.0,0.0,0.0,1.0,1.0,0.0,0.0,0.0,0.0,0.0,0.0,8.0,7.0,6.0,4.0,3.0,1.0,11.0,7.0,6.0,4.0,3.0,1.0,1.375,1.0,1.0,1.0,1.0,1.0,13.0,10.0,14.0,27.0,23.0,17.0,1.44444444444,1.25,1.55555555556,2.45454545455,2.875,3.4,9.0,8.0,9.0,11.0,8.0,5.0,9.0,104.0,72.0,32.0,0.0,21.0,29.0,50.0,3.0,2.08,3.42857142857,1.10344827586,10,15,4,20
2016-10-15 01:20:00,1.0,3.0,7.0,5.0,4.0,2.0,3.0,8.0,23.0,20.0,16.0,4.0,3.0,2.66666666667,3.28571428571,4.0,4.0,2.0,0.0,0.0,0.0,1.0,1.0,0.0,0.0,0.0,0.0,0.0,0.0,0.0,7.0,6.0,4.0,3.0,1.0,4.0,7.0,6.0,4.0,3.0,1.0,4.0,1.0,1.0,1.0,1.0,1.0,1.0,10.0,14.0,27.0,23.0,17.0,8.0,1.25,1.55555555556,2.45454545455,2.875,3.4,1.33333333333,8.0,9.0,11.0,8.0,5.0,6.0,11.0,99.0,74.0,25.0,0.0,22.0,25.0,47.0,2.0,2.10638297872,3.36363636364,1.0,10,15,4,40
2016-10-15 01:40:00,3.0,7.0,5.0,4.0,2.0,4.0,8.0,23.0,20.0,16.0,4.0,14.0,2.66666666667,3.28571428571,4.0,4.0,2.0,3.5,0.0,0.0,1.0,1.0,0.0,0.0,0.0,0.0,0.0,0.0,0.0,0.0,6.0,4.0,3.0,1.0,4.0,5.0,6.0,4.0,3.0,1.0,4.0,5.0,1.0,1.0,1.0,1.0,1.0,1.0,14.0,27.0,23.0,17.0,8.0,19.0,1.55555555556,2.45454545455,2.875,3.4,1.33333333333,2.11111111111,9.0,11.0,8.0,5.0,6.0,9.0,10.0,108.0,85.0,23.0,0.0,25.0,23.0,48.0,2.0,2.25,3.4,1.0,10,15,5,0
2016-10-15 02:00:00,7.0,5.0,4.0,2.0,4.0,5.0,23.0,20.0,16.0,4.0,14.0,19.0,3.28571428571,4.0,4.0,2.0,3.5,3.8,0.0,1.0,1.0,0.0,0.0,2.0,0.0,0.0,0.0,0.0,0.0,0.0,4.0,3.0,1.0,4.0,5.0,4.0,4.0,3.0,1.0,4.0,5.0,4.0,1.0,1.0,1.0,1.0,1.0,1.0,27.0,23.0,17.0,8.0,19.0,23.0,2.45454545455,2.875,3.4,1.33333333333,2.11111111111,2.55555555556,11.0,8.0,5.0,6.0,9.0,9.0,7.0,117.0,96.0,21.0,0.0,27.0,21.0,48.0,4.0,2.4375,3.55555555556,1.0,10,15,5,20
2016-10-15 02:20:00,5.0,4.0,2.0,4.0,5.0,5.0,20.0,16.0,4.0,14.0,19.0,13.0,4.0,4.0,2.0,3.5,3.8,2.6,1.0,1.0,0.0,0.0,2.0,1.0,0.0,0.0,0.0,0.0,0.0,0.0,3.0,1.0,4.0,5.0,4.0,4.0,3.0,1.0,4.0,5.0,4.0,4.0,1.0,1.0,1.0,1.0,1.0,1.0,23.0,17.0,8.0,19.0,23.0,17.0,2.875,3.4,1.33333333333,2.11111111111,2.55555555556,1.88888888889,8.0,5.0,6.0,9.0,9.0,9.0,9.0,107.0,86.0,21.0,0.0,25.0,21.0,46.0,5.0,2.32608695652,3.44,1.0,10,15,5,40
2016-10-15 02:40:00,4.0,2.0,4.0,5.0,5.0,2.0,16.0,4.0,14.0,19.0,13.0,7.0,4.0,2.0,3.5,3.8,2.6,3.5,1.0,0.0,0.0,2.0,1.0,1.0,0.0,0.0,0.0,0.0,0.0,0.0,1.0,4.0,5.0,4.0,4.0,7.0,1.0,4.0,5.0,4.0,4.0,7.0,1.0,1.0,1.0,1.0,1.0,1.0,17.0,8.0,19.0,23.0,17.0,14.0,3.4,1.33333333333,2.11111111111,2.55555555556,1.88888888889,1.55555555556,5.0,6.0,9.0,9.0,9.0,9.0,10.0,98.0,73.0,25.0,0.0,22.0,25.0,47.0,5.0,2.08510638298,3.31818181818,1.0,10,15,6,0
2016-10-15 03:00:00,2.0,4.0,5.0,5.0,2.0,4.0,4.0,14.0,19.0,13.0,7.0,17.0,2.0,3.5,3.8,2.6,3.5,4.25,0.0,0.0,2.0,1.0,1.0,1.0,0.0,0.0,0.0,0.0,0.0,0.0,4.0,5.0,4.0,4.0,7.0,7.0,4.0,5.0,4.0,4.0,7.0,10.0,1.0,1.0,1.0,1.0,1.0,1.42857142857,8.0,19.0,23.0,17.0,14.0,27.0,1.33333333333,2.11111111111,2.55555555556,1.88888888889,1.55555555556,2.45454545455,6.0,9.0,9.0,9.0,9.0,11.0,19.0,108.0,74.0,34.0,0.0,22.0,31.0,53.0,5.0,2.03773584906,3.36363636364,1.09677419355,10,15,6,20
2016-10-15 03:20:00,4.0,5.0,5.0,2.0,4.0,2.0,14.0,19.0,13.0,7.0,17.0,4.0,3.5,3.8,2.6,3.5,4.25,2.0,0.0,2.0,1.0,1.0,1.0,1.0,0.0,0.0,0.0,0.0,0.0,0.0,5.0,4.0,4.0,7.0,7.0,8.0,5.0,4.0,4.0,7.0,10.0,8.0,1.0,1.0,1.0,1.0,1.42857142857,1.0,19.0,23.0,17.0,14.0,27.0,12.0,2.11111111111,2.55555555556,1.88888888889,1.55555555556,2.45454545455,1.2,9.0,9.0,9.0,9.0,11.0,10.0,31.0,112.0,74.0,38.0,0.0,22.0,35.0,57.0,6.0,1.9649122807,3.36363636364,1.08571428571,10,15,6,40
2016-10-15 03:40:00,5.0,5.0,2.0,4.0,2.0,2.0,19.0,13.0,7.0,17.0,4.0,4.0,3.8,2.6,3.5,4.25,2.0,2.0,2.0,1.0,1.0,1.0,1.0,1.0,0.0,0.0,0.0,0.0,0.0,0.0,4.0,4.0,7.0,7.0,8.0,5.0,4.0,4.0,7.0,10.0,8.0,5.0,1.0,1.0,1.0,1.42857142857,1.0,1.0,23.0,17.0,14.0,27.0,12.0,9.0,2.55555555556,1.88888888889,1.55555555556,2.45454545455,1.2,1.28571428571,9.0,9.0,9.0,11.0,10.0,7.0,39.0,102.0,64.0,38.0,0.0,20.0,35.0,55.0,7.0,1.85454545455,3.2,1.08571428571,10,15,7,0
2016-10-15 04:00:00,5.0,2.0,4.0,2.0,2.0,1.0,13.0,7.0,17.0,4.0,4.0,2.0,2.6,3.5,4.25,2.0,2.0,2.0,1.0,1.0,1.0,1.0,1.0,3.0,0.0,0.0,0.0,0.0,0.0,0.0,4.0,7.0,7.0,8.0,5.0,8.0,4.0,7.0,10.0,8.0,5.0,8.0,1.0,1.0,1.42857142857,1.0,1.0,1.0,17.0,14.0,27.0,12.0,9.0,10.0,1.88888888889,1.55555555556,2.45454545455,1.2,1.28571428571,1.11111111111,9.0,9.0,11.0,10.0,7.0,9.0,53.0,89.0,47.0,42.0,0.0,16.0,39.0,55.0,8.0,1.61818181818,2.9375,1.07692307692,10,15,7,20
2016-10-15 04:20:00,2.0,4.0,2.0,2.0,1.0,2.0,7.0,17.0,4.0,4.0,2.0,4.0,3.5,4.25,2.0,2.0,2.0,2.0,1.0,1.0,1.0,1.0,3.0,6.0,0.0,0.0,0.0,0.0,0.0,0.0,7.0,7.0,8.0,5.0,8.0,8.0,7.0,10.0,8.0,5.0,8.0,8.0,1.0,1.42857142857,1.0,1.0,1.0,1.0,14.0,27.0,12.0,9.0,10.0,12.0,1.55555555556,2.45454545455,1.2,1.28571428571,1.11111111111,1.2,9.0,11.0,10.0,7.0,9.0,10.0,46.0,84.0,38.0,46.0,0.0,13.0,43.0,56.0,13.0,1.5,2.92307692308,1.06976744186,10,15,7,40
2016-10-15 04:40:00,4.0,2.0,2.0,1.0,2.0,4.0,17.0,4.0,4.0,2.0,4.0,8.0,4.25,2.0,2.0,2.0,2.0,2.0,1.0,1.0,1.0,3.0,6.0,1.0,0.0,0.0,0.0,0.0,0.0,0.0,7.0,8.0,5.0,8.0,8.0,15.0,10.0,8.0,5.0,8.0,8.0,15.0,1.42857142857,1.0,1.0,1.0,1.0,1.0,27.0,12.0,9.0,10.0,12.0,23.0,2.45454545455,1.2,1.28571428571,1.11111111111,1.2,1.21052631579,11.0,10.0,7.0,9.0,10.0,19.0,44.0,93.0,39.0,54.0,0.0,15.0,51.0,66.0,13.0,1.40909090909,2.6,1.05882352941,10,15,8,0
2016-10-15 05:00:00,2.0,2.0,1.0,2.0,4.0,9.0,4.0,4.0,2.0,4.0,8.0,20.0,2.0,2.0,2.0,2.0,2.0,2.22222222222,1.0,1.0,3.0,6.0,1.0,6.0,0.0,0.0,0.0,0.0,0.0,0.0,8.0,5.0,8.0,8.0,15.0,22.0,8.0,5.0,8.0,8.0,15.0,22.0,1.0,1.0,1.0,1.0,1.0,1.0,12.0,9.0,10.0,12.0,23.0,42.0,1.2,1.28571428571,1.11111111111,1.2,1.21052631579,1.35483870968,10.0,7.0,9.0,10.0,19.0,31.0,47.0,108.0,42.0,66.0,0.0,20.0,66.0,86.0,18.0,1.25581395349,2.1,1.0,10,15,8,20
2016-10-15 05:20:00,2.0,1.0,2.0,4.0,9.0,5.0,4.0,2.0,4.0,8.0,20.0,12.0,2.0,2.0,2.0,2.0,2.22222222222,2.4,1.0,3.0,6.0,1.0,6.0,15.0,0.0,0.0,0.0,0.0,0.0,0.0,5.0,8.0,8.0,15.0,22.0,34.0,5.0,8.0,8.0,15.0,22.0,34.0,1.0,1.0,1.0,1.0,1.0,1.0,9.0,10.0,12.0,23.0,42.0,46.0,1.28571428571,1.11111111111,1.2,1.21052631579,1.35483870968,1.17948717949,7.0,9.0,10.0,19.0,31.0,39.0,55.0,142.0,50.0,92.0,0.0,23.0,92.0,115.0,32.0,1.2347826087,2.17391304348,1.0,10,15,8,40
2016-10-15 05:40:00,1.0,2.0,4.0,9.0,5.0,5.0,2.0,4.0,8.0,20.0,12.0,10.0,2.0,2.0,2.0,2.22222222222,2.4,2.0,3.0,6.0,1.0,6.0,15.0,10.0,0.0,0.0,0.0,0.0,0.0,0.0,8.0,8.0,15.0,22.0,34.0,48.0,8.0,8.0,15.0,22.0,34.0,48.0,1.0,1.0,1.0,1.0,1.0,1.0,10.0,12.0,23.0,42.0,46.0,58.0,1.11111111111,1.2,1.21052631579,1.35483870968,1.17948717949,1.09433962264,9.0,10.0,19.0,31.0,39.0,53.0,70.0,191.0,56.0,135.0,0.0,26.0,135.0,161.0,41.0,1.18633540373,2.15384615385,1.0,10,15,9,0
2016-10-15 06:00:00,2.0,4.0,9.0,5.0,5.0,5.0,4.0,8.0,20.0,12.0,10.0,11.0,2.0,2.0,2.22222222222,2.4,2.0,2.2,6.0,1.0,6.0,15.0,10.0,8.0,0.0,0.0,0.0,0.0,0.0,0.0,8.0,15.0,22.0,34.0,48.0,41.0,8.0,15.0,22.0,34.0,48.0,41.0,1.0,1.0,1.0,1.0,1.0,1.0,12.0,23.0,42.0,46.0,58.0,52.0,1.2,1.21052631579,1.35483870968,1.17948717949,1.09433962264,1.13043478261,10.0,19.0,31.0,39.0,53.0,46.0,72.0,233.0,65.0,168.0,0.0,30.0,168.0,198.0,46.0,1.17676767677,2.16666666667,1.0,10,15,9,20
2016-10-15 06:20:00,4.0,9.0,5.0,5.0,5.0,1.0,8.0,20.0,12.0,10.0,11.0,2.0,2.0,2.22222222222,2.4,2.0,2.2,2.0,1.0,6.0,15.0,10.0,8.0,10.0,0.0,0.0,0.0,0.0,0.0,0.0,15.0,22.0,34.0,48.0,41.0,43.0,15.0,22.0,34.0,48.0,41.0,43.0,1.0,1.0,1.0,1.0,1.0,1.0,23.0,42.0,46.0,58.0,52.0,45.0,1.21052631579,1.35483870968,1.17948717949,1.09433962264,1.13043478261,1.02272727273,19.0,31.0,39.0,53.0,46.0,44.0,55.0,266.0,63.0,203.0,0.0,29.0,203.0,232.0,50.0,1.14655172414,2.1724137931,1.0,10,15,9,40
2016-10-15 06:40:00,9.0,5.0,5.0,5.0,1.0,5.0,20.0,12.0,10.0,11.0,2.0,11.0,2.22222222222,2.4,2.0,2.2,2.0,2.2,6.0,15.0,10.0,8.0,10.0,10.0,0.0,0.0,0.0,0.0,0.0,0.0,22.0,34.0,48.0,41.0,43.0,42.0,22.0,34.0,48.0,41.0,43.0,42.0,1.0,1.0,1.0,1.0,1.0,1.0,42.0,46.0,58.0,52.0,45.0,53.0,1.35483870968,1.17948717949,1.09433962264,1.13043478261,1.02272727273,1.12765957447,31.0,39.0,53.0,46.0,44.0,47.0,60.0,296.0,66.0,230.0,0.0,30.0,230.0,260.0,59.0,1.13846153846,2.2,1.0,10,15,10,0
2016-10-15 07:00:00,5.0,5.0,5.0,1.0,5.0,1.0,12.0,10.0,11.0,2.0,11.0,3.0,2.4,2.0,2.2,2.0,2.2,3.0,15.0,10.0,8.0,10.0,10.0,15.0,0.0,0.0,0.0,0.0,0.0,0.0,34.0,48.0,41.0,43.0,42.0,54.0,34.0,48.0,41.0,43.0,42.0,54.0,1.0,1.0,1.0,1.0,1.0,1.0,46.0,58.0,52.0,45.0,53.0,57.0,1.17948717949,1.09433962264,1.13043478261,1.02272727273,1.12765957447,1.03636363636,39.0,53.0,46.0,44.0,47.0,55.0,65.0,311.0,49.0,262.0,0.0,22.0,262.0,284.0,68.0,1.09507042254,2.22727272727,1.0,10,15,10,20
2016-10-15 07:20:00,5.0,5.0,1.0,5.0,1.0,2.0,10.0,11.0,2.0,11.0,3.0,4.0,2.0,2.2,2.0,2.2,3.0,2.0,10.0,8.0,10.0,10.0,15.0,16.0,0.0,0.0,0.0,0.0,0.0,0.0,48.0,41.0,43.0,42.0,54.0,68.0,48.0,41.0,43.0,42.0,54.0,68.0,1.0,1.0,1.0,1.0,1.0,1.0,58.0,52.0,45.0,53.0,57.0,72.0,1.09433962264,1.13043478261,1.02272727273,1.12765957447,1.03636363636,1.02857142857,53.0,46.0,44.0,47.0,55.0,70.0,54.0,337.0,41.0,296.0,0.0,19.0,296.0,315.0,69.0,1.06984126984,2.15789473684,1.0,10,15,10,40
2016-10-15 07:40:00,5.0,1.0,5.0,1.0,2.0,8.0,11.0,2.0,11.0,3.0,4.0,16.0,2.2,2.0,2.2,3.0,2.0,2.0,8.0,10.0,10.0,15.0,16.0,23.0,0.0,0.0,0.0,0.0,0.0,0.0,41.0,43.0,42.0,54.0,68.0,64.0,41.0,43.0,42.0,54.0,68.0,64.0,1.0,1.0,1.0,1.0,1.0,1.0,52.0,45.0,53.0,57.0,72.0,80.0,1.13043478261,1.02272727273,1.12765957447,1.03636363636,1.02857142857,1.11111111111,46.0,44.0,47.0,55.0,70.0,72.0,59.0,359.0,47.0,312.0,0.0,22.0,312.0,334.0,82.0,1.0748502994,2.13636363636,1.0,10,15,11,0
2016-10-15 08:00:00,1.0,5.0,1.0,2.0,8.0,1.0,2.0,11.0,3.0,4.0,16.0,2.0,2.0,2.2,3.0,2.0,2.0,2.0,10.0,10.0,15.0,16.0,23.0,15.0,0.0,0.0,0.0,0.0,0.0,0.0,43.0,42.0,54.0,68.0,64.0,54.0,43.0,42.0,54.0,68.0,64.0,54.0,1.0,1.0,1.0,1.0,1.0,1.0,45.0,53.0,57.0,72.0,80.0,56.0,1.02272727273,1.12765957447,1.03636363636,1.02857142857,1.11111111111,1.01818181818,44.0,47.0,55.0,70.0,72.0,55.0,44.0,363.0,38.0,325.0,0.0,18.0,325.0,343.0,89.0,1.0583090379,2.11111111111,1.0,10,15,11,20
2016-10-15 08:20:00,5.0,1.0,2.0,8.0,1.0,1.0,11.0,3.0,4.0,16.0,2.0,2.0,2.2,3.0,2.0,2.0,2.0,2.0,10.0,15.0,16.0,23.0,15.0,12.0,0.0,0.0,0.0,0.0,0.0,0.0,42.0,54.0,68.0,64.0,54.0,59.0,42.0,54.0,68.0,64.0,54.0,59.0,1.0,1.0,1.0,1.0,1.0,1.0,53.0,57.0,72.0,80.0,56.0,61.0,1.12765957447,1.03636363636,1.02857142857,1.11111111111,1.01818181818,1.01666666667,47.0,55.0,70.0,72.0,55.0,60.0,45.0,379.0,38.0,341.0,0.0,18.0,341.0,359.0,91.0,1.05571030641,2.11111111111,1.0,10,15,11,40
2016-10-15 08:40:00,1.0,2.0,8.0,1.0,1.0,2.0,3.0,4.0,16.0,2.0,2.0,4.0,3.0,2.0,2.0,2.0,2.0,2.0,15.0,16.0,23.0,15.0,12.0,13.0,0.0,0.0,0.0,0.0,0.0,0.0,54.0,68.0,64.0,54.0,59.0,63.0,54.0,68.0,64.0,54.0,59.0,63.0,1.0,1.0,1.0,1.0,1.0,1.0,57.0,72.0,80.0,56.0,61.0,67.0,1.03636363636,1.02857142857,1.11111111111,1.01818181818,1.01666666667,1.03076923077,55.0,70.0,72.0,55.0,60.0,65.0,43.0,393.0,31.0,362.0,0.0,15.0,362.0,377.0,94.0,1.0424403183,2.06666666667,1.0,10,15,12,0
2016-10-15 09:00:00,2.0,8.0,1.0,1.0,2.0,7.0,4.0,16.0,2.0,2.0,4.0,14.0,2.0,2.0,2.0,2.0,2.0,2.0,16.0,23.0,15.0,12.0,13.0,13.0,0.0,0.0,0.0,0.0,0.0,0.0,68.0,64.0,54.0,59.0,63.0,47.0,68.0,64.0,54.0,59.0,63.0,47.0,1.0,1.0,1.0,1.0,1.0,1.0,72.0,80.0,56.0,61.0,67.0,61.0,1.02857142857,1.11111111111,1.01818181818,1.01666666667,1.03076923077,1.12962962963,70.0,72.0,55.0,60.0,65.0,54.0,48.0,397.0,42.0,355.0,0.0,21.0,355.0,376.0,92.0,1.05585106383,2.0,1.0,10,15,12,20
2016-10-15 09:20:00,8.0,1.0,1.0,2.0,7.0,4.0,16.0,2.0,2.0,4.0,14.0,8.0,2.0,2.0,2.0,2.0,2.0,2.0,23.0,15.0,12.0,13.0,13.0,12.0,0.0,0.0,0.0,0.0,0.0,0.0,64.0,54.0,59.0,63.0,47.0,55.0,64.0,54.0,59.0,63.0,47.0,55.0,1.0,1.0,1.0,1.0,1.0,1.0,80.0,56.0,61.0,67.0,61.0,63.0,1.11111111111,1.01818181818,1.01666666667,1.03076923077,1.12962962963,1.06779661017,72.0,55.0,60.0,65.0,54.0,59.0,41.0,388.0,46.0,342.0,0.0,23.0,342.0,365.0,88.0,1.06301369863,2.0,1.0,10,15,12,40
2016-10-15 09:40:00,1.0,1.0,2.0,7.0,4.0,2.0,2.0,2.0,4.0,14.0,8.0,5.0,2.0,2.0,2.0,2.0,2.0,2.5,15.0,12.0,13.0,13.0,12.0,12.0,0.0,0.0,0.0,0.0,0.0,0.0,54.0,59.0,63.0,47.0,55.0,42.0,54.0,59.0,63.0,47.0,55.0,42.0,1.0,1.0,1.0,1.0,1.0,1.0,56.0,61.0,67.0,61.0,63.0,47.0,1.01818181818,1.01666666667,1.03076923077,1.12962962963,1.06779661017,1.06818181818,55.0,60.0,65.0,54.0,59.0,44.0,63.0,355.0,35.0,320.0,0.0,17.0,320.0,337.0,77.0,1.05341246291,2.05882352941,1.0,10,15,13,0
2016-10-15 10:00:00,1.0,2.0,7.0,4.0,2.0,2.0,2.0,4.0,14.0,8.0,5.0,4.0,2.0,2.0,2.0,2.0,2.5,2.0,12.0,13.0,13.0,12.0,12.0,8.0,0.0,0.0,0.0,0.0,0.0,0.0,59.0,63.0,47.0,55.0,42.0,43.0,59.0,63.0,47.0,55.0,42.0,43.0,1.0,1.0,1.0,1.0,1.0,1.0,61.0,67.0,61.0,63.0,47.0,47.0,1.01666666667,1.03076923077,1.12962962963,1.06779661017,1.06818181818,1.04444444444,60.0,65.0,54.0,59.0,44.0,45.0,41.0,346.0,37.0,309.0,0.0,18.0,309.0,327.0,70.0,1.05810397554,2.05555555556,1.0,10,15,13,20
2016-10-15 10:20:00,2.0,7.0,4.0,2.0,2.0,3.0,4.0,14.0,8.0,5.0,4.0,8.0,2.0,2.0,2.0,2.5,2.0,2.66666666667,13.0,13.0,12.0,12.0,8.0,10.0,0.0,0.0,0.0,0.0,0.0,0.0,63.0,47.0,55.0,42.0,43.0,40.0,63.0,47.0,55.0,42.0,43.0,40.0,1.0,1.0,1.0,1.0,1.0,1.0,67.0,61.0,63.0,47.0,47.0,48.0,1.03076923077,1.12962962963,1.06779661017,1.06818181818,1.04444444444,1.11627906977,65.0,54.0,59.0,44.0,45.0,43.0,35.0,333.0,43.0,290.0,0.0,20.0,290.0,310.0,68.0,1.07419354839,2.15,1.0,10,15,13,40
2016-10-15 10:40:00,7.0,4.0,2.0,2.0,3.0,2.0,14.0,8.0,5.0,4.0,8.0,6.0,2.0,2.0,2.5,2.0,2.66666666667,3.0,13.0,12.0,12.0,8.0,10.0,15.0,0.0,0.0,0.0,0.0,0.0,0.0,47.0,55.0,42.0,43.0,40.0,46.0,47.0,55.0,42.0,43.0,40.0,49.0,1.0,1.0,1.0,1.0,1.0,1.0652173913,61.0,63.0,47.0,47.0,48.0,55.0,1.12962962963,1.06779661017,1.06818181818,1.04444444444,1.11627906977,1.14583333333,54.0,59.0,44.0,45.0,43.0,48.0,56.0,321.0,45.0,276.0,0.0,20.0,273.0,293.0,70.0,1.09556313993,2.25,1.01098901099,10,15,14,0
2016-10-15 11:00:00,4.0,2.0,2.0,3.0,2.0,2.0,8.0,5.0,4.0,8.0,6.0,5.0,2.0,2.5,2.0,2.66666666667,3.0,2.5,12.0,12.0,8.0,10.0,15.0,13.0,0.0,0.0,0.0,0.0,0.0,0.0,55.0,42.0,43.0,40.0,46.0,39.0,55.0,42.0,43.0,40.0,49.0,39.0,1.0,1.0,1.0,1.0,1.0652173913,1.0,63.0,47.0,47.0,48.0,55.0,44.0,1.06779661017,1.06818181818,1.04444444444,1.11627906977,1.14583333333,1.07317073171,59.0,44.0,45.0,43.0,48.0,41.0,69.0,304.0,36.0,268.0,0.0,15.0,265.0,280.0,70.0,1.08571428571,2.4,1.01132075472,10,15,14,20
2016-10-15 11:20:00,2.0,2.0,3.0,2.0,2.0,3.0,5.0,4.0,8.0,6.0,5.0,7.0,2.5,2.0,2.66666666667,3.0,2.5,2.33333333333,12.0,8.0,10.0,15.0,13.0,20.0,0.0,0.0,0.0,0.0,0.0,0.0,42.0,43.0,40.0,46.0,39.0,60.0,42.0,43.0,40.0,49.0,39.0,63.0,1.0,1.0,1.0,1.0652173913,1.0,1.05,47.0,47.0,48.0,55.0,44.0,70.0,1.06818181818,1.04444444444,1.11627906977,1.14583333333,1.07317073171,1.11111111111,44.0,45.0,43.0,48.0,41.0,63.0,64.0,311.0,35.0,276.0,0.0,14.0,270.0,284.0,78.0,1.09507042254,2.5,1.02222222222,10,15,14,40
2016-10-15 11:40:00,2.0,3.0,2.0,2.0,3.0,1.0,4.0,8.0,6.0,5.0,7.0,2.0,2.0,2.66666666667,3.0,2.5,2.33333333333,2.0,8.0,10.0,15.0,13.0,20.0,10.0,0.0,0.0,0.0,0.0,0.0,0.0,43.0,40.0,46.0,39.0,60.0,40.0,43.0,40.0,49.0,39.0,63.0,40.0,1.0,1.0,1.0652173913,1.0,1.05,1.0,47.0,48.0,55.0,44.0,70.0,42.0,1.04444444444,1.11627906977,1.14583333333,1.07317073171,1.11111111111,1.0243902439,45.0,43.0,48.0,41.0,63.0,41.0,37.0,306.0,32.0,274.0,0.0,13.0,268.0,281.0,76.0,1.08896797153,2.46153846154,1.0223880597,10,15,15,0
2016-10-15 12:00:00,3.0,2.0,2.0,3.0,1.0,1.0,8.0,6.0,5.0,7.0,2.0,2.0,2.66666666667,3.0,2.5,2.33333333333,2.0,2.0,10.0,15.0,13.0,20.0,10.0,11.0,0.0,0.0,0.0,0.0,0.0,0.0,40.0,46.0,39.0,60.0,40.0,34.0,40.0,49.0,39.0,63.0,40.0,37.0,1.0,1.0652173913,1.0,1.05,1.0,1.08823529412,48.0,55.0,44.0,70.0,42.0,39.0,1.11627906977,1.14583333333,1.07317073171,1.11111111111,1.0243902439,1.11428571429,43.0,48.0,41.0,63.0,41.0,35.0,59.0,298.0,30.0,268.0,0.0,12.0,259.0,271.0,79.0,1.09963099631,2.5,1.03474903475,10,15,15,20
2016-10-15 12:20:00,2.0,2.0,3.0,1.0,1.0,6.0,6.0,5.0,7.0,2.0,2.0,15.0,3.0,2.5,2.33333333333,2.0,2.0,2.5,15.0,13.0,20.0,10.0,11.0,14.0,0.0,0.0,0.0,0.0,0.0,0.0,46.0,39.0,60.0,40.0,34.0,50.0,49.0,39.0,63.0,40.0,37.0,50.0,1.0652173913,1.0,1.05,1.0,1.08823529412,1.0,55.0,44.0,70.0,42.0,39.0,65.0,1.14583333333,1.07317073171,1.11111111111,1.0243902439,1.11428571429,1.16071428571,48.0,41.0,63.0,41.0,35.0,56.0,57.0,315.0,37.0,278.0,0.0,15.0,269.0,284.0,83.0,1.10915492958,2.46666666667,1.03345724907,10,15,15,40
2016-10-15 12:40:00,2.0,3.0,1.0,1.0,6.0,4.0,5.0,7.0,2.0,2.0,15.0,8.0,2.5,2.33333333333,2.0,2.0,2.5,2.0,13.0,20.0,10.0,11.0,14.0,15.0,0.0,0.0,0.0,0.0,0.0,0.0,39.0,60.0,40.0,34.0,50.0,65.0,39.0,63.0,40.0,37.0,50.0,65.0,1.0,1.05,1.0,1.08823529412,1.0,1.0,44.0,70.0,42.0,39.0,65.0,73.0,1.07317073171,1.11111111111,1.0243902439,1.11428571429,1.16071428571,1.05797101449,41.0,63.0,41.0,35.0,56.0,69.0,57.0,333.0,39.0,294.0,0.0,17.0,288.0,305.0,83.0,1.09180327869,2.29411764706,1.02083333333,10,15,16,0
2016-10-15 13:00:00,3.0,1.0,1.0,6.0,4.0,4.0,7.0,2.0,2.0,15.0,8.0,9.0,2.33333333333,2.0,2.0,2.5,2.0,2.25,20.0,10.0,11.0,14.0,15.0,21.0,0.0,0.0,0.0,0.0,0.0,0.0,60.0,40.0,34.0,50.0,65.0,60.0,63.0,40.0,37.0,50.0,65.0,60.0,1.05,1.0,1.08823529412,1.0,1.0,1.0,70.0,42.0,39.0,65.0,73.0,69.0,1.11111111111,1.0243902439,1.11428571429,1.16071428571,1.05797101449,1.078125,63.0,41.0,35.0,56.0,69.0,64.0,66.0,358.0,43.0,315.0,0.0,19.0,309.0,328.0,91.0,1.09146341463,2.26315789474,1.01941747573,10,15,16,20
2016-10-15 13:20:00,1.0,1.0,6.0,4.0,4.0,2.0,2.0,2.0,15.0,8.0,9.0,4.0,2.0,2.0,2.5,2.0,2.25,2.0,10.0,11.0,14.0,15.0,21.0,9.0,0.0,0.0,0.0,0.0,0.0,0.0,40.0,34.0,50.0,65.0,60.0,35.0,40.0,37.0,50.0,65.0,60.0,35.0,1.0,1.08823529412,1.0,1.0,1.0,1.0,42.0,39.0,65.0,73.0,69.0,39.0,1.0243902439,1.11428571429,1.16071428571,1.05797101449,1.078125,1.05405405405,41.0,35.0,56.0,69.0,64.0,37.0,64.0,327.0,40.0,287.0,0.0,18.0,284.0,302.0,80.0,1.08278145695,2.22222222222,1.01056338028,10,15,16,40
2016-10-15 13:40:00,1.0,6.0,4.0,4.0,2.0,2.0,2.0,15.0,8.0,9.0,4.0,5.0,2.0,2.5,2.0,2.25,2.0,2.5,11.0,14.0,15.0,21.0,9.0,15.0,0.0,0.0,0.0,0.0,0.0,0.0,34.0,50.0,65.0,60.0,35.0,57.0,37.0,50.0,65.0,60.0,35.0,57.0,1.08823529412,1.0,1.0,1.0,1.0,1.0,39.0,65.0,73.0,69.0,39.0,62.0,1.11428571429,1.16071428571,1.05797101449,1.078125,1.05405405405,1.05084745763,35.0,56.0,69.0,64.0,37.0,59.0,66.0,347.0,43.0,304.0,0.0,19.0,301.0,320.0,85.0,1.084375,2.26315789474,1.00996677741,10,15,17,0
2016-10-15 14:00:00,6.0,4.0,4.0,2.0,2.0,1.0,15.0,8.0,9.0,4.0,5.0,2.0,2.5,2.0,2.25,2.0,2.5,2.0,14.0,15.0,21.0,9.0,15.0,10.0,0.0,0.0,0.0,0.0,0.0,0.0,50.0,65.0,60.0,35.0,57.0,56.0,50.0,65.0,60.0,35.0,57.0,56.0,1.0,1.0,1.0,1.0,1.0,1.0,65.0,73.0,69.0,39.0,62.0,58.0,1.16071428571,1.05797101449,1.078125,1.05405405405,1.05084745763,1.01754385965,56.0,69.0,64.0,37.0,59.0,57.0,55.0,366.0,43.0,323.0,0.0,19.0,323.0,342.0,84.0,1.0701754386,2.26315789474,1.0,10,15,17,20
2016-10-15 14:20:00,4.0,4.0,2.0,2.0,1.0,6.0,8.0,9.0,4.0,5.0,2.0,13.0,2.0,2.25,2.0,2.5,2.0,2.16666666667,15.0,21.0,9.0,15.0,10.0,9.0,0.0,0.0,0.0,0.0,0.0,0.0,65.0,60.0,35.0,57.0,56.0,51.0,65.0,60.0,35.0,57.0,56.0,51.0,1.0,1.0,1.0,1.0,1.0,1.0,73.0,69.0,39.0,62.0,58.0,64.0,1.05797101449,1.078125,1.05405405405,1.05084745763,1.01754385965,1.12280701754,69.0,64.0,37.0,59.0,57.0,57.0,32.0,365.0,41.0,324.0,0.0,19.0,324.0,343.0,79.0,1.06413994169,2.15789473684,1.0,10,15,17,40
2016-10-15 14:40:00,4.0,2.0,2.0,1.0,6.0,5.0,9.0,4.0,5.0,2.0,13.0,10.0,2.25,2.0,2.5,2.0,2.16666666667,2.0,21.0,9.0,15.0,10.0,9.0,16.0,0.0,0.0,0.0,0.0,0.0,0.0,60.0,35.0,57.0,56.0,51.0,61.0,60.0,35.0,57.0,56.0,51.0,61.0,1.0,1.0,1.0,1.0,1.0,1.0,69.0,39.0,62.0,58.0,64.0,71.0,1.078125,1.05405405405,1.05084745763,1.01754385965,1.12280701754,1.07575757576,64.0,37.0,59.0,57.0,57.0,66.0,33.0,363.0,43.0,320.0,0.0,20.0,320.0,340.0,80.0,1.06764705882,2.15,1.0,10,15,18,0
2016-10-15 15:00:00,2.0,2.0,1.0,6.0,5.0,2.0,4.0,5.0,2.0,13.0,10.0,4.0,2.0,2.5,2.0,2.16666666667,2.0,2.0,9.0,15.0,10.0,9.0,16.0,18.0,0.0,0.0,0.0,0.0,0.0,0.0,35.0,57.0,56.0,51.0,61.0,62.0,35.0,57.0,56.0,51.0,61.0,62.0,1.0,1.0,1.0,1.0,1.0,1.0,39.0,62.0,58.0,64.0,71.0,66.0,1.05405405405,1.05084745763,1.01754385965,1.12280701754,1.07575757576,1.03125,37.0,59.0,57.0,57.0,66.0,64.0,30.0,360.0,38.0,322.0,0.0,18.0,322.0,340.0,77.0,1.05882352941,2.11111111111,1.0,10,15,18,20
2016-10-15 15:20:00,2.0,1.0,6.0,5.0,2.0,3.0,5.0,2.0,13.0,10.0,4.0,6.0,2.5,2.0,2.16666666667,2.0,2.0,2.0,15.0,10.0,9.0,16.0,18.0,16.0,0.0,0.0,0.0,0.0,0.0,0.0,57.0,56.0,51.0,61.0,62.0,63.0,57.0,56.0,51.0,61.0,62.0,63.0,1.0,1.0,1.0,1.0,1.0,1.0,62.0,58.0,64.0,71.0,66.0,69.0,1.05084745763,1.01754385965,1.12280701754,1.07575757576,1.03125,1.04545454545,59.0,57.0,57.0,66.0,64.0,66.0,29.0,390.0,40.0,350.0,0.0,19.0,350.0,369.0,84.0,1.05691056911,2.10526315789,1.0,10,15,18,40
2016-10-15 15:40:00,1.0,6.0,5.0,2.0,3.0,1.0,2.0,13.0,10.0,4.0,6.0,2.0,2.0,2.16666666667,2.0,2.0,2.0,2.0,10.0,9.0,16.0,18.0,16.0,14.0,0.0,0.0,0.0,0.0,0.0,0.0,56.0,51.0,61.0,62.0,63.0,54.0,56.0,51.0,61.0,62.0,63.0,57.0,1.0,1.0,1.0,1.0,1.0,1.05555555556,58.0,64.0,71.0,66.0,69.0,59.0,1.01754385965,1.12280701754,1.07575757576,1.03125,1.04545454545,1.07272727273,57.0,57.0,66.0,64.0,66.0,55.0,20.0,387.0,37.0,350.0,0.0,18.0,347.0,365.0,83.0,1.0602739726,2.05555555556,1.00864553314,10,15,19,0
2016-10-15 16:00:00,6.0,5.0,2.0,3.0,1.0,3.0,13.0,10.0,4.0,6.0,2.0,6.0,2.16666666667,2.0,2.0,2.0,2.0,2.0,9.0,16.0,18.0,16.0,14.0,14.0,0.0,0.0,0.0,0.0,0.0,0.0,51.0,61.0,62.0,63.0,54.0,29.0,51.0,61.0,62.0,63.0,57.0,29.0,1.0,1.0,1.0,1.0,1.05555555556,1.0,64.0,71.0,66.0,69.0,59.0,35.0,1.12280701754,1.07575757576,1.03125,1.04545454545,1.07272727273,1.09375,57.0,66.0,64.0,66.0,55.0,32.0,20.0,364.0,41.0,323.0,0.0,20.0,320.0,340.0,87.0,1.07058823529,2.05,1.009375,10,15,19,20
2016-10-15 16:20:00,5.0,2.0,3.0,1.0,3.0,1.0,10.0,4.0,6.0,2.0,6.0,2.0,2.0,2.0,2.0,2.0,2.0,2.0,16.0,18.0,16.0,14.0,14.0,9.0,0.0,0.0,0.0,0.0,0.0,0.0,61.0,62.0,63.0,54.0,29.0,32.0,61.0,62.0,63.0,57.0,29.0,32.0,1.0,1.0,1.0,1.05555555556,1.0,1.0,71.0,66.0,69.0,59.0,35.0,34.0,1.07575757576,1.03125,1.04545454545,1.07272727273,1.09375,1.0303030303,66.0,64.0,66.0,55.0,32.0,33.0,26.0,334.0,30.0,304.0,0.0,15.0,301.0,316.0,87.0,1.05696202532,2.0,1.00996677741,10,15,19,40
2016-10-15 16:40:00,2.0,3.0,1.0,3.0,1.0,0.0,4.0,6.0,2.0,6.0,2.0,0.0,2.0,2.0,2.0,2.0,2.0,0.0,18.0,16.0,14.0,14.0,9.0,7.0,0.0,0.0,0.0,0.0,0.0,0.0,62.0,63.0,54.0,29.0,32.0,30.0,62.0,63.0,57.0,29.0,32.0,30.0,1.0,1.0,1.05555555556,1.0,1.0,1.0,66.0,69.0,59.0,35.0,34.0,30.0,1.03125,1.04545454545,1.07272727273,1.09375,1.0303030303,1.0,64.0,66.0,55.0,32.0,33.0,30.0,22.0,293.0,20.0,273.0,0.0,10.0,270.0,280.0,78.0,1.04642857143,2.0,1.01111111111,10,15,20,0
2016-10-15 17:00:00,3.0,1.0,3.0,1.0,0.0,1.0,6.0,2.0,6.0,2.0,0.0,2.0,2.0,2.0,2.0,2.0,0.0,2.0,16.0,14.0,14.0,9.0,7.0,7.0,0.0,0.0,0.0,0.0,0.0,0.0,63.0,54.0,29.0,32.0,30.0,28.0,63.0,57.0,29.0,32.0,30.0,28.0,1.0,1.05555555556,1.0,1.0,1.0,1.0,69.0,59.0,35.0,34.0,30.0,30.0,1.04545454545,1.07272727273,1.09375,1.0303030303,1.0,1.03448275862,66.0,55.0,32.0,33.0,30.0,29.0,17.0,257.0,18.0,239.0,0.0,9.0,236.0,245.0,67.0,1.04897959184,2.0,1.01271186441,10,15,20,20
2016-10-15 17:20:00,1.0,3.0,1.0,0.0,1.0,2.0,2.0,6.0,2.0,0.0,2.0,4.0,2.0,2.0,2.0,0.0,2.0,2.0,14.0,14.0,9.0,7.0,7.0,6.0,0.0,0.0,0.0,0.0,0.0,0.0,54.0,29.0,32.0,30.0,28.0,18.0,57.0,29.0,32.0,30.0,28.0,18.0,1.05555555556,1.0,1.0,1.0,1.0,1.0,59.0,35.0,34.0,30.0,30.0,22.0,1.07272727273,1.09375,1.0303030303,1.0,1.03448275862,1.1,55.0,32.0,33.0,30.0,29.0,20.0,23.0,210.0,16.0,194.0,0.0,8.0,191.0,199.0,57.0,1.05527638191,2.0,1.01570680628,10,15,20,40
2016-10-15 17:40:00,3.0,1.0,0.0,1.0,2.0,0.0,6.0,2.0,0.0,2.0,4.0,0.0,2.0,2.0,0.0,2.0,2.0,0.0,14.0,9.0,7.0,7.0,6.0,7.0,0.0,0.0,0.0,0.0,0.0,0.0,29.0,32.0,30.0,28.0,18.0,20.0,29.0,32.0,30.0,28.0,18.0,20.0,1.0,1.0,1.0,1.0,1.0,1.0,35.0,34.0,30.0,30.0,22.0,20.0,1.09375,1.0303030303,1.0,1.03448275862,1.1,1.0,32.0,33.0,30.0,29.0,20.0,20.0,21.0,171.0,14.0,157.0,0.0,7.0,157.0,164.0,50.0,1.04268292683,2.0,1.0,10,15,21,0
2016-10-15 18:00:00,1.0,0.0,1.0,2.0,0.0,2.0,2.0,0.0,2.0,4.0,0.0,4.0,2.0,0.0,2.0,2.0,0.0,2.0,9.0,7.0,7.0,6.0,7.0,3.0,0.0,0.0,0.0,0.0,0.0,0.0,32.0,30.0,28.0,18.0,20.0,24.0,32.0,30.0,28.0,18.0,20.0,24.0,1.0,1.0,1.0,1.0,1.0,1.0,34.0,30.0,30.0,22.0,20.0,28.0,1.0303030303,1.0,1.03448275862,1.1,1.0,1.07692307692,33.0,30.0,29.0,20.0,20.0,26.0,18.0,164.0,12.0,152.0,0.0,6.0,152.0,158.0,39.0,1.03797468354,2.0,1.0,10,15,21,20
2016-10-15 18:20:00,0.0,1.0,2.0,0.0,2.0,0.0,0.0,2.0,4.0,0.0,4.0,0.0,0.0,2.0,2.0,0.0,2.0,0.0,7.0,7.0,6.0,7.0,3.0,6.0,0.0,0.0,0.0,0.0,0.0,0.0,30.0,28.0,18.0,20.0,24.0,22.0,30.0,28.0,18.0,20.0,24.0,22.0,1.0,1.0,1.0,1.0,1.0,1.0,30.0,30.0,22.0,20.0,28.0,22.0,1.0,1.03448275862,1.1,1.0,1.07692307692,1.0,30.0,29.0,20.0,20.0,26.0,22.0,20.0,152.0,10.0,142.0,0.0,5.0,142.0,147.0,36.0,1.03401360544,2.0,1.0,10,15,21,40
2016-10-15 18:40:00,1.0,2.0,0.0,2.0,0.0,2.0,2.0,4.0,0.0,4.0,0.0,4.0,2.0,2.0,0.0,2.0,0.0,2.0,7.0,6.0,7.0,3.0,6.0,3.0,0.0,0.0,0.0,0.0,0.0,0.0,28.0,18.0,20.0,24.0,22.0,15.0,28.0,18.0,20.0,24.0,22.0,15.0,1.0,1.0,1.0,1.0,1.0,1.0,30.0,22.0,20.0,28.0,22.0,19.0,1.03448275862,1.1,1.0,1.07692307692,1.0,1.11764705882,29.0,20.0,20.0,26.0,22.0,17.0,16.0,141.0,14.0,127.0,0.0,7.0,127.0,134.0,32.0,1.05223880597,2.0,1.0,10,15,22,0
2016-10-15 19:00:00,2.0,0.0,2.0,0.0,2.0,1.0,4.0,0.0,4.0,0.0,4.0,2.0,2.0,0.0,2.0,0.0,2.0,2.0,6.0,7.0,3.0,6.0,3.0,8.0,0.0,0.0,0.0,0.0,0.0,0.0,18.0,20.0,24.0,22.0,15.0,22.0,18.0,20.0,24.0,22.0,15.0,22.0,1.0,1.0,1.0,1.0,1.0,1.0,22.0,20.0,28.0,22.0,19.0,24.0,1.1,1.0,1.07692307692,1.0,1.11764705882,1.04347826087,20.0,20.0,26.0,22.0,17.0,23.0,17.0,135.0,14.0,121.0,0.0,7.0,121.0,128.0,33.0,1.0546875,2.0,1.0,10,15,22,20
2016-10-15 19:20:00,0.0,2.0,0.0,2.0,1.0,1.0,0.0,4.0,0.0,4.0,2.0,2.0,0.0,2.0,0.0,2.0,2.0,2.0,7.0,3.0,6.0,3.0,8.0,1.0,0.0,0.0,0.0,0.0,0.0,0.0,20.0,24.0,22.0,15.0,22.0,20.0,20.0,24.0,22.0,15.0,22.0,20.0,1.0,1.0,1.0,1.0,1.0,1.0,20.0,28.0,22.0,19.0,24.0,22.0,1.0,1.07692307692,1.0,1.11764705882,1.04347826087,1.04761904762,20.0,26.0,22.0,17.0,23.0,21.0,4.0,135.0,12.0,123.0,0.0,6.0,123.0,129.0,28.0,1.04651162791,2.0,1.0,10,15,22,40
2016-10-15 19:40:00,2.0,0.0,2.0,1.0,1.0,2.0,4.0,0.0,4.0,2.0,2.0,4.0,2.0,0.0,2.0,2.0,2.0,2.0,3.0,6.0,3.0,8.0,1.0,4.0,0.0,0.0,0.0,0.0,0.0,0.0,24.0,22.0,15.0,22.0,20.0,16.0,24.0,22.0,15.0,22.0,20.0,16.0,1.0,1.0,1.0,1.0,1.0,1.0,28.0,22.0,19.0,24.0,22.0,20.0,1.07692307692,1.0,1.11764705882,1.04347826087,1.04761904762,1.11111111111,26.0,22.0,17.0,23.0,21.0,18.0,15.0,135.0,16.0,119.0,0.0,8.0,119.0,127.0,25.0,1.06299212598,2.0,1.0,10,15,23,0
2016-10-15 20:00:00,0.0,2.0,1.0,1.0,2.0,1.0,0.0,4.0,2.0,2.0,4.0,2.0,0.0,2.0,2.0,2.0,2.0,2.0,6.0,3.0,8.0,1.0,4.0,7.0,0.0,0.0,0.0,0.0,0.0,0.0,22.0,15.0,22.0,20.0,16.0,19.0,22.0,15.0,22.0,20.0,16.0,22.0,1.0,1.0,1.0,1.0,1.0,1.15789473684,22.0,19.0,24.0,22.0,20.0,24.0,1.0,1.11764705882,1.04347826087,1.04761904762,1.11111111111,1.2,22.0,17.0,23.0,21.0,18.0,20.0,5.0,131.0,14.0,117.0,0.0,7.0,114.0,121.0,29.0,1.0826446281,2.0,1.02631578947,10,15,23,20
2016-10-15 20:20:00,2.0,1.0,1.0,2.0,1.0,1.0,4.0,2.0,2.0,4.0,2.0,2.0,2.0,2.0,2.0,2.0,2.0,2.0,3.0,8.0,1.0,4.0,7.0,4.0,0.0,0.0,0.0,0.0,0.0,0.0,15.0,22.0,20.0,16.0,19.0,15.0,15.0,22.0,20.0,16.0,22.0,15.0,1.0,1.0,1.0,1.0,1.15789473684,1.0,19.0,24.0,22.0,20.0,24.0,17.0,1.11764705882,1.04347826087,1.04761904762,1.11111111111,1.2,1.0625,17.0,23.0,21.0,18.0,20.0,16.0,9.0,126.0,16.0,110.0,0.0,8.0,107.0,115.0,27.0,1.09565217391,2.0,1.02803738318,10,15,23,40
2016-10-15 20:40:00,1.0,1.0,2.0,1.0,1.0,2.0,2.0,2.0,4.0,2.0,2.0,4.0,2.0,2.0,2.0,2.0,2.0,2.0,8.0,1.0,4.0,7.0,4.0,5.0,0.0,0.0,0.0,0.0,0.0,0.0,22.0,20.0,16.0,19.0,15.0,15.0,22.0,20.0,16.0,22.0,15.0,15.0,1.0,1.0,1.0,1.15789473684,1.0,1.0,24.0,22.0,20.0,24.0,17.0,19.0,1.04347826087,1.04761904762,1.11111111111,1.2,1.0625,1.11764705882,23.0,21.0,18.0,20.0,16.0,17.0,10.0,126.0,16.0,110.0,0.0,8.0,107.0,115.0,29.0,1.09565217391,2.0,1.02803738318,10,16,0,0
2016-10-15 21:00:00,1.0,2.0,1.0,1.0,2.0,0.0,2.0,4.0,2.0,2.0,4.0,0.0,2.0,2.0,2.0,2.0,2.0,0.0,1.0,4.0,7.0,4.0,5.0,1.0,0.0,0.0,0.0,0.0,0.0,0.0,20.0,16.0,19.0,15.0,15.0,4.0,20.0,16.0,22.0,15.0,15.0,7.0,1.0,1.0,1.15789473684,1.0,1.0,1.75,22.0,20.0,24.0,17.0,19.0,7.0,1.04761904762,1.11111111111,1.2,1.0625,1.11764705882,1.75,21.0,18.0,20.0,16.0,17.0,4.0,9.0,109.0,14.0,95.0,0.0,7.0,89.0,96.0,22.0,1.13541666667,2.0,1.06741573034,10,16,0,20
2016-10-15 21:20:00,2.0,1.0,1.0,2.0,0.0,0.0,4.0,2.0,2.0,4.0,0.0,0.0,2.0,2.0,2.0,2.0,0.0,0.0,4.0,7.0,4.0,5.0,1.0,1.0,0.0,0.0,0.0,0.0,0.0,0.0,16.0,19.0,15.0,15.0,4.0,15.0,16.0,22.0,15.0,15.0,7.0,15.0,1.0,1.15789473684,1.0,1.0,1.75,1.0,20.0,24.0,17.0,19.0,7.0,15.0,1.11111111111,1.2,1.0625,1.11764705882,1.75,1.0,18.0,20.0,16.0,17.0,4.0,15.0,8.0,102.0,12.0,90.0,0.0,6.0,84.0,90.0,22.0,1.13333333333,2.0,1.07142857143,10,16,0,40
2016-10-15 21:40:00,1.0,1.0,2.0,0.0,0.0,1.0,2.0,2.0,4.0,0.0,0.0,2.0,2.0,2.0,2.0,0.0,0.0,2.0,7.0,4.0,5.0,1.0,1.0,0.0,0.0,0.0,0.0,0.0,0.0,0.0,19.0,15.0,15.0,4.0,15.0,4.0,22.0,15.0,15.0,7.0,15.0,4.0,1.15789473684,1.0,1.0,1.75,1.0,1.0,24.0,17.0,19.0,7.0,15.0,6.0,1.2,1.0625,1.11764705882,1.75,1.0,1.2,20.0,16.0,17.0,4.0,15.0,5.0,7.0,88.0,10.0,78.0,0.0,5.0,72.0,77.0,18.0,1.14285714286,2.0,1.08333333333,10,16,1,0
2016-10-15 22:00:00,1.0,2.0,0.0,0.0,1.0,2.0,2.0,4.0,0.0,0.0,2.0,4.0,2.0,2.0,0.0,0.0,2.0,2.0,4.0,5.0,1.0,1.0,0.0,2.0,0.0,0.0,0.0,0.0,0.0,0.0,15.0,15.0,4.0,15.0,4.0,7.0,15.0,15.0,7.0,15.0,4.0,7.0,1.0,1.0,1.75,1.0,1.0,1.0,17.0,19.0,7.0,15.0,6.0,11.0,1.0625,1.11764705882,1.75,1.0,1.2,1.22222222222,16.0,17.0,4.0,15.0,5.0,9.0,10.0,75.0,12.0,63.0,0.0,6.0,60.0,66.0,13.0,1.13636363636,2.0,1.05,10,16,1,20
2016-10-15 22:20:00,2.0,0.0,0.0,1.0,2.0,3.0,4.0,0.0,0.0,2.0,4.0,13.0,2.0,0.0,0.0,2.0,2.0,4.33333333333,5.0,1.0,1.0,0.0,2.0,2.0,0.0,0.0,0.0,0.0,0.0,0.0,15.0,4.0,15.0,4.0,7.0,7.0,15.0,7.0,15.0,4.0,7.0,7.0,1.0,1.75,1.0,1.0,1.0,1.0,19.0,7.0,15.0,6.0,11.0,20.0,1.11764705882,1.75,1.0,1.2,1.22222222222,2.0,17.0,4.0,15.0,5.0,9.0,10.0,4.0,78.0,23.0,55.0,0.0,8.0,52.0,60.0,11.0,1.3,2.875,1.05769230769,10,16,1,40
2016-10-15 22:40:00,0.0,0.0,1.0,2.0,3.0,4.0,0.0,0.0,2.0,4.0,13.0,17.0,0.0,0.0,2.0,2.0,4.33333333333,4.25,1.0,1.0,0.0,2.0,2.0,1.0,0.0,0.0,0.0,0.0,0.0,0.0,4.0,15.0,4.0,7.0,7.0,5.0,7.0,15.0,4.0,7.0,7.0,5.0,1.75,1.0,1.0,1.0,1.0,1.0,7.0,15.0,6.0,11.0,20.0,22.0,1.75,1.0,1.2,1.22222222222,2.0,2.44444444444,4.0,15.0,5.0,9.0,10.0,9.0,6.0,81.0,36.0,45.0,0.0,10.0,42.0,52.0,7.0,1.55769230769,3.6,1.07142857143,10,16,2,0
2016-10-15 23:00:00,0.0,1.0,2.0,3.0,4.0,1.0,0.0,2.0,4.0,13.0,17.0,3.0,0.0,2.0,2.0,4.33333333333,4.25,3.0,1.0,0.0,2.0,2.0,1.0,0.0,0.0,0.0,0.0,0.0,0.0,0.0,15.0,4.0,7.0,7.0,5.0,7.0,15.0,4.0,7.0,7.0,5.0,7.0,1.0,1.0,1.0,1.0,1.0,1.0,15.0,6.0,11.0,20.0,22.0,10.0,1.0,1.2,1.22222222222,2.0,2.44444444444,1.25,15.0,5.0,9.0,10.0,9.0,8.0,6.0,84.0,39.0,45.0,0.0,11.0,45.0,56.0,6.0,1.5,3.54545454545,1.0,10,16,2,20
2016-10-15 23:20:00,1.0,2.0,3.0,4.0,1.0,3.0,2.0,4.0,13.0,17.0,3.0,12.0,2.0,2.0,4.33333333333,4.25,3.0,4.0,0.0,2.0,2.0,1.0,0.0,0.0,0.0,0.0,0.0,0.0,0.0,0.0,4.0,7.0,7.0,5.0,7.0,4.0,4.0,7.0,7.0,5.0,7.0,4.0,1.0,1.0,1.0,1.0,1.0,1.0,6.0,11.0,20.0,22.0,10.0,16.0,1.2,1.22222222222,2.0,2.44444444444,1.25,2.28571428571,5.0,9.0,10.0,9.0,8.0,7.0,2.0,85.0,51.0,34.0,0.0,14.0,34.0,48.0,5.0,1.77083333333,3.64285714286,1.0,10,16,2,40
2016-10-15 23:40:00,2.0,3.0,4.0,1.0,3.0,2.0,4.0,13.0,17.0,3.0,12.0,7.0,2.0,4.33333333333,4.25,3.0,4.0,3.5,2.0,2.0,1.0,0.0,0.0,0.0,0.0,0.0,0.0,0.0,0.0,0.0,7.0,7.0,5.0,7.0,4.0,8.0,7.0,7.0,5.0,7.0,4.0,11.0,1.0,1.0,1.0,1.0,1.0,1.375,11.0,20.0,22.0,10.0,16.0,18.0,1.22222222222,2.0,2.44444444444,1.25,2.28571428571,1.8,9.0,10.0,9.0,8.0,7.0,10.0,6.0,97.0,56.0,41.0,0.0,15.0,38.0,53.0,5.0,1.83018867925,3.73333333333,1.07894736842,10,16,3,0
2016-10-16 00:00:00,3.0,4.0,1.0,3.0,2.0,0.0,13.0,17.0,3.0,12.0,7.0,0.0,4.33333333333,4.25,3.0,4.0,3.5,0.0,2.0,1.0,0.0,0.0,0.0,0.0,0.0,0.0,0.0,0.0,0.0,0.0,7.0,5.0,7.0,4.0,8.0,4.0,7.0,5.0,7.0,4.0,11.0,4.0,1.0,1.0,1.0,1.0,1.375,1.0,20.0,22.0,10.0,16.0,18.0,4.0,2.0,2.44444444444,1.25,2.28571428571,1.8,1.0,10.0,9.0,8.0,7.0,10.0,4.0,5.0,90.0,52.0,38.0,0.0,13.0,35.0,48.0,3.0,1.875,4.0,1.08571428571,10,16,3,20
2016-10-16 00:20:00,4.0,1.0,3.0,2.0,0.0,2.0,17.0,3.0,12.0,7.0,0.0,6.0,4.25,3.0,4.0,3.5,0.0,3.0,1.0,0.0,0.0,0.0,0.0,0.0,0.0,0.0,0.0,0.0,0.0,0.0,5.0,7.0,4.0,8.0,4.0,4.0,5.0,7.0,4.0,11.0,4.0,4.0,1.0,1.0,1.0,1.375,1.0,1.0,22.0,10.0,16.0,18.0,4.0,10.0,2.44444444444,1.25,2.28571428571,1.8,1.0,1.66666666667,9.0,8.0,7.0,10.0,4.0,6.0,9.0,80.0,45.0,35.0,0.0,12.0,32.0,44.0,1.0,1.81818181818,3.75,1.09375,10,16,3,40
2016-10-16 00:40:00,1.0,3.0,2.0,0.0,2.0,2.0,3.0,12.0,7.0,0.0,6.0,5.0,3.0,4.0,3.5,0.0,3.0,2.5,0.0,0.0,0.0,0.0,0.0,2.0,0.0,0.0,0.0,0.0,0.0,0.0,7.0,4.0,8.0,4.0,4.0,4.0,7.0,4.0,11.0,4.0,4.0,4.0,1.0,1.0,1.375,1.0,1.0,1.0,10.0,16.0,18.0,4.0,10.0,9.0,1.25,2.28571428571,1.8,1.0,1.66666666667,1.5,8.0,7.0,10.0,4.0,6.0,6.0,9.0,67.0,33.0,34.0,0.0,10.0,31.0,41.0,2.0,1.63414634146,3.3,1.09677419355,10,16,4,0
2016-10-16 01:00:00,3.0,2.0,0.0,2.0,2.0,1.0,12.0,7.0,0.0,6.0,5.0,5.0,4.0,3.5,0.0,3.0,2.5,5.0,0.0,0.0,0.0,0.0,2.0,0.0,0.0,0.0,0.0,0.0,0.0,0.0,4.0,8.0,4.0,4.0,4.0,1.0,4.0,11.0,4.0,4.0,4.0,1.0,1.0,1.375,1.0,1.0,1.0,1.0,16.0,18.0,4.0,10.0,9.0,6.0,2.28571428571,1.8,1.0,1.66666666667,1.5,3.0,7.0,10.0,4.0,6.0,6.0,2.0,11.0,63.0,35.0,28.0,0.0,10.0,25.0,35.0,2.0,1.8,3.5,1.12,10,16,4,20
2016-10-16 01:20:00,2.0,0.0,2.0,2.0,1.0,3.0,7.0,0.0,6.0,5.0,5.0,13.0,3.5,0.0,3.0,2.5,5.0,4.33333333333,0.0,0.0,0.0,2.0,0.0,1.0,0.0,0.0,0.0,0.0,0.0,0.0,8.0,4.0,4.0,4.0,1.0,3.0,11.0,4.0,4.0,4.0,1.0,3.0,1.375,1.0,1.0,1.0,1.0,1.0,18.0,4.0,10.0,9.0,6.0,16.0,1.8,1.0,1.66666666667,1.5,3.0,2.66666666667,10.0,4.0,6.0,6.0,2.0,6.0,16.0,63.0,36.0,27.0,0.0,10.0,24.0,34.0,3.0,1.85294117647,3.6,1.125,10,16,4,40
2016-10-16 01:40:00,0.0,2.0,2.0,1.0,3.0,0.0,0.0,6.0,5.0,5.0,13.0,0.0,0.0,3.0,2.5,5.0,4.33333333333,0.0,0.0,0.0,2.0,0.0,1.0,0.0,0.0,0.0,0.0,0.0,0.0,0.0,4.0,4.0,4.0,1.0,3.0,5.0,4.0,4.0,4.0,1.0,3.0,5.0,1.0,1.0,1.0,1.0,1.0,1.0,4.0,10.0,9.0,6.0,16.0,5.0,1.0,1.66666666667,1.5,3.0,2.66666666667,1.0,4.0,6.0,6.0,2.0,6.0,5.0,4.0,50.0,29.0,21.0,0.0,8.0,21.0,29.0,3.0,1.72413793103,3.625,1.0,10,16,5,0
2016-10-16 02:00:00,2.0,2.0,1.0,3.0,0.0,7.0,6.0,5.0,5.0,13.0,0.0,20.0,3.0,2.5,5.0,4.33333333333,0.0,2.85714285714,0.0,2.0,0.0,1.0,0.0,0.0,0.0,0.0,0.0,0.0,0.0,0.0,4.0,4.0,1.0,3.0,5.0,2.0,4.0,4.0,1.0,3.0,5.0,2.0,1.0,1.0,1.0,1.0,1.0,1.0,10.0,9.0,6.0,16.0,5.0,22.0,1.66666666667,1.5,3.0,2.66666666667,1.0,2.44444444444,6.0,6.0,2.0,6.0,5.0,9.0,3.0,68.0,49.0,19.0,0.0,15.0,19.0,34.0,3.0,2.0,3.26666666667,1.0,10,16,5,20
2016-10-16 02:20:00,2.0,1.0,3.0,0.0,7.0,8.0,5.0,5.0,13.0,0.0,20.0,37.0,2.5,5.0,4.33333333333,0.0,2.85714285714,4.625,2.0,0.0,1.0,0.0,0.0,0.0,0.0,0.0,0.0,0.0,0.0,0.0,4.0,1.0,3.0,5.0,2.0,1.0,4.0,1.0,3.0,5.0,2.0,1.0,1.0,1.0,1.0,1.0,1.0,1.0,9.0,6.0,16.0,5.0,22.0,38.0,1.5,3.0,2.66666666667,1.0,2.44444444444,4.22222222222,6.0,2.0,6.0,5.0,9.0,9.0,7.0,96.0,80.0,16.0,0.0,21.0,16.0,37.0,3.0,2.59459459459,3.80952380952,1.0,10,16,5,40
2016-10-16 02:40:00,1.0,3.0,0.0,7.0,8.0,4.0,5.0,13.0,0.0,20.0,37.0,9.0,5.0,4.33333333333,0.0,2.85714285714,4.625,2.25,0.0,1.0,0.0,0.0,0.0,0.0,0.0,0.0,0.0,0.0,0.0,0.0,1.0,3.0,5.0,2.0,1.0,7.0,1.0,3.0,5.0,2.0,1.0,7.0,1.0,1.0,1.0,1.0,1.0,1.0,6.0,16.0,5.0,22.0,38.0,16.0,3.0,2.66666666667,1.0,2.44444444444,4.22222222222,1.45454545455,2.0,6.0,5.0,9.0,9.0,11.0,6.0,103.0,84.0,19.0,0.0,23.0,19.0,42.0,1.0,2.45238095238,3.65217391304,1.0,10,16,6,0
2016-10-16 03:00:00,3.0,0.0,7.0,8.0,4.0,5.0,13.0,0.0,20.0,37.0,9.0,17.0,4.33333333333,0.0,2.85714285714,4.625,2.25,3.4,1.0,0.0,0.0,0.0,0.0,1.0,0.0,0.0,0.0,0.0,0.0,0.0,3.0,5.0,2.0,1.0,7.0,11.0,3.0,5.0,2.0,1.0,7.0,11.0,1.0,1.0,1.0,1.0,1.0,1.0,16.0,5.0,22.0,38.0,16.0,28.0,2.66666666667,1.0,2.44444444444,4.22222222222,1.45454545455,1.75,6.0,5.0,9.0,9.0,11.0,16.0,7.0,125.0,96.0,29.0,0.0,27.0,29.0,56.0,2.0,2.23214285714,3.55555555556,1.0,10,16,6,20
2016-10-16 03:20:00,0.0,7.0,8.0,4.0,5.0,0.0,0.0,20.0,37.0,9.0,17.0,0.0,0.0,2.85714285714,4.625,2.25,3.4,0.0,0.0,0.0,0.0,0.0,1.0,1.0,0.0,0.0,0.0,0.0,0.0,0.0,5.0,2.0,1.0,7.0,11.0,4.0,5.0,2.0,1.0,7.0,11.0,4.0,1.0,1.0,1.0,1.0,1.0,1.0,5.0,22.0,38.0,16.0,28.0,4.0,1.0,2.44444444444,4.22222222222,1.45454545455,1.75,1.0,5.0,9.0,9.0,11.0,16.0,4.0,10.0,113.0,83.0,30.0,0.0,24.0,30.0,54.0,2.0,2.09259259259,3.45833333333,1.0,10,16,6,40
2016-10-16 03:40:00,7.0,8.0,4.0,5.0,0.0,0.0,20.0,37.0,9.0,17.0,0.0,0.0,2.85714285714,4.625,2.25,3.4,0.0,0.0,0.0,0.0,0.0,1.0,1.0,0.0,0.0,0.0,0.0,0.0,0.0,0.0,2.0,1.0,7.0,11.0,4.0,3.0,2.0,1.0,7.0,11.0,4.0,3.0,1.0,1.0,1.0,1.0,1.0,1.0,22.0,38.0,16.0,28.0,4.0,3.0,2.44444444444,4.22222222222,1.45454545455,1.75,1.0,1.0,9.0,9.0,11.0,16.0,4.0,3.0,19.0,111.0,83.0,28.0,0.0,24.0,28.0,52.0,2.0,2.13461538462,3.45833333333,1.0,10,16,7,0
2016-10-16 04:00:00,8.0,4.0,5.0,0.0,0.0,1.0,37.0,9.0,17.0,0.0,0.0,2.0,4.625,2.25,3.4,0.0,0.0,2.0,0.0,0.0,1.0,1.0,0.0,0.0,0.0,0.0,0.0,0.0,0.0,0.0,1.0,7.0,11.0,4.0,3.0,6.0,1.0,7.0,11.0,4.0,3.0,6.0,1.0,1.0,1.0,1.0,1.0,1.0,38.0,16.0,28.0,4.0,3.0,8.0,4.22222222222,1.45454545455,1.75,1.0,1.0,1.14285714286,9.0,11.0,16.0,4.0,3.0,7.0,28.0,97.0,65.0,32.0,0.0,18.0,32.0,50.0,2.0,1.94,3.61111111111,1.0,10,16,7,20
2016-10-16 04:20:00,4.0,5.0,0.0,0.0,1.0,2.0,9.0,17.0,0.0,0.0,2.0,4.0,2.25,3.4,0.0,0.0,2.0,2.0,0.0,1.0,1.0,0.0,0.0,1.0,0.0,0.0,0.0,0.0,0.0,0.0,7.0,11.0,4.0,3.0,6.0,4.0,7.0,11.0,4.0,3.0,6.0,4.0,1.0,1.0,1.0,1.0,1.0,1.0,16.0,28.0,4.0,3.0,8.0,8.0,1.45454545455,1.75,1.0,1.0,1.14285714286,1.33333333333,11.0,16.0,4.0,3.0,7.0,6.0,53.0,67.0,32.0,35.0,0.0,12.0,35.0,47.0,3.0,1.42553191489,2.66666666667,1.0,10,16,7,40
2016-10-16 04:40:00,5.0,0.0,0.0,1.0,2.0,1.0,17.0,0.0,0.0,2.0,4.0,2.0,3.4,0.0,0.0,2.0,2.0,2.0,1.0,1.0,0.0,0.0,1.0,0.0,0.0,0.0,0.0,0.0,0.0,0.0,11.0,4.0,3.0,6.0,4.0,6.0,11.0,4.0,3.0,6.0,4.0,6.0,1.0,1.0,1.0,1.0,1.0,1.0,28.0,4.0,3.0,8.0,8.0,8.0,1.75,1.0,1.0,1.14285714286,1.33333333333,1.14285714286,16.0,4.0,3.0,7.0,6.0,7.0,29.0,59.0,25.0,34.0,0.0,9.0,34.0,43.0,3.0,1.37209302326,2.77777777778,1.0,10,16,8,0
2016-10-16 05:00:00,0.0,0.0,1.0,2.0,1.0,3.0,0.0,0.0,2.0,4.0,2.0,8.0,0.0,0.0,2.0,2.0,2.0,2.66666666667,1.0,0.0,0.0,1.0,0.0,5.0,0.0,0.0,0.0,0.0,0.0,0.0,4.0,3.0,6.0,4.0,6.0,7.0,4.0,3.0,6.0,4.0,6.0,7.0,1.0,1.0,1.0,1.0,1.0,1.0,4.0,3.0,8.0,8.0,8.0,15.0,1.0,1.0,1.14285714286,1.33333333333,1.14285714286,1.5,4.0,3.0,7.0,6.0,7.0,10.0,44.0,46.0,16.0,30.0,0.0,7.0,30.0,37.0,7.0,1.24324324324,2.28571428571,1.0,10,16,8,20
2016-10-16 05:20:00,0.0,1.0,2.0,1.0,3.0,3.0,0.0,2.0,4.0,2.0,8.0,6.0,0.0,2.0,2.0,2.0,2.66666666667,2.0,0.0,0.0,1.0,0.0,5.0,5.0,0.0,0.0,0.0,0.0,0.0,0.0,3.0,6.0,4.0,6.0,7.0,16.0,3.0,6.0,4.0,6.0,7.0,16.0,1.0,1.0,1.0,1.0,1.0,1.0,3.0,8.0,8.0,8.0,15.0,22.0,1.0,1.14285714286,1.33333333333,1.14285714286,1.5,1.15789473684,3.0,7.0,6.0,7.0,10.0,19.0,35.0,64.0,22.0,42.0,0.0,10.0,42.0,52.0,11.0,1.23076923077,2.2,1.0,10,16,8,40
2016-10-16 05:40:00,1.0,2.0,1.0,3.0,3.0,2.0,2.0,4.0,2.0,8.0,6.0,4.0,2.0,2.0,2.0,2.66666666667,2.0,2.0,0.0,1.0,0.0,5.0,5.0,3.0,0.0,0.0,0.0,0.0,0.0,0.0,6.0,4.0,6.0,7.0,16.0,26.0,6.0,4.0,6.0,7.0,16.0,26.0,1.0,1.0,1.0,1.0,1.0,1.0,8.0,8.0,8.0,15.0,22.0,30.0,1.14285714286,1.33333333333,1.14285714286,1.5,1.15789473684,1.07142857143,7.0,6.0,7.0,10.0,19.0,28.0,51.0,91.0,26.0,65.0,0.0,12.0,65.0,77.0,14.0,1.18181818182,2.16666666667,1.0,10,16,9,0
2016-10-16 06:00:00,2.0,1.0,3.0,3.0,2.0,0.0,4.0,2.0,8.0,6.0,4.0,0.0,2.0,2.0,2.66666666667,2.0,2.0,0.0,1.0,0.0,5.0,5.0,3.0,9.0,0.0,0.0,0.0,0.0,0.0,27.0,4.0,6.0,7.0,16.0,26.0,26.0,4.0,6.0,7.0,16.0,26.0,26.0,1.0,1.0,1.0,1.0,1.0,1.0,8.0,8.0,15.0,22.0,30.0,26.0,1.33333333333,1.14285714286,1.5,1.15789473684,1.07142857143,0.490566037736,6.0,7.0,10.0,19.0,28.0,53.0,47.0,109.0,24.0,85.0,27.0,11.0,85.0,123.0,23.0,0.886178861789,2.18181818182,1.0,10,16,9,20
2016-10-16 06:20:00,1.0,3.0,3.0,2.0,0.0,4.0,2.0,8.0,6.0,4.0,0.0,9.0,2.0,2.66666666667,2.0,2.0,0.0,2.25,0.0,5.0,5.0,3.0,9.0,9.0,0.0,0.0,0.0,0.0,27.0,0.0,6.0,7.0,16.0,26.0,26.0,25.0,6.0,7.0,16.0,26.0,26.0,25.0,1.0,1.0,1.0,1.0,1.0,1.0,8.0,15.0,22.0,30.0,26.0,34.0,1.14285714286,1.5,1.15789473684,1.07142857143,0.490566037736,1.1724137931,7.0,10.0,19.0,28.0,53.0,29.0,48.0,135.0,29.0,106.0,27.0,13.0,106.0,146.0,31.0,0.924657534247,2.23076923077,1.0,10,16,9,40
2016-10-16 06:40:00,3.0,3.0,2.0,0.0,4.0,1.0,8.0,6.0,4.0,0.0,9.0,2.0,2.66666666667,2.0,2.0,0.0,2.25,2.0,5.0,5.0,3.0,9.0,9.0,13.0,0.0,0.0,0.0,27.0,0.0,0.0,7.0,16.0,26.0,26.0,25.0,43.0,7.0,16.0,26.0,26.0,25.0,43.0,1.0,1.0,1.0,1.0,1.0,1.0,15.0,22.0,30.0,26.0,34.0,45.0,1.5,1.15789473684,1.07142857143,0.490566037736,1.1724137931,1.02272727273,10.0,19.0,28.0,53.0,29.0,44.0,38.0,172.0,29.0,143.0,27.0,13.0,143.0,183.0,44.0,0.939890710383,2.23076923077,1.0,10,16,10,0
2016-10-16 07:00:00,3.0,2.0,0.0,4.0,1.0,2.0,6.0,4.0,0.0,9.0,2.0,5.0,2.0,2.0,0.0,2.25,2.0,2.5,5.0,3.0,9.0,9.0,13.0,6.0,0.0,0.0,27.0,0.0,0.0,0.0,16.0,26.0,26.0,25.0,43.0,33.0,16.0,26.0,26.0,25.0,43.0,33.0,1.0,1.0,1.0,1.0,1.0,1.0,22.0,30.0,26.0,34.0,45.0,38.0,1.15789473684,1.07142857143,0.490566037736,1.1724137931,1.02272727273,1.08571428571,19.0,28.0,53.0,29.0,44.0,35.0,60.0,195.0,26.0,169.0,27.0,12.0,169.0,208.0,45.0,0.9375,2.16666666667,1.0,10,16,10,20
2016-10-16 07:20:00,2.0,0.0,4.0,1.0,2.0,4.0,4.0,0.0,9.0,2.0,5.0,8.0,2.0,0.0,2.25,2.0,2.5,2.0,3.0,9.0,9.0,13.0,6.0,14.0,0.0,27.0,0.0,0.0,0.0,0.0,26.0,26.0,25.0,43.0,33.0,47.0,26.0,26.0,25.0,43.0,33.0,47.0,1.0,1.0,1.0,1.0,1.0,1.0,30.0,26.0,34.0,45.0,38.0,55.0,1.07142857143,0.490566037736,1.1724137931,1.02272727273,1.08571428571,1.07843137255,28.0,53.0,29.0,44.0,35.0,51.0,52.0,228.0,28.0,200.0,27.0,13.0,200.0,240.0,54.0,0.95,2.15384615385,1.0,10,16,10,40
2016-10-16 07:40:00,0.0,4.0,1.0,2.0,4.0,1.0,0.0,9.0,2.0,5.0,8.0,2.0,0.0,2.25,2.0,2.5,2.0,2.0,9.0,9.0,13.0,6.0,14.0,11.0,27.0,0.0,0.0,0.0,0.0,1.0,26.0,25.0,43.0,33.0,47.0,45.0,26.0,25.0,43.0,33.0,47.0,45.0,1.0,1.0,1.0,1.0,1.0,1.0,26.0,34.0,45.0,38.0,55.0,47.0,0.490566037736,1.1724137931,1.02272727273,1.08571428571,1.07843137255,1.0,53.0,29.0,44.0,35.0,51.0,47.0,50.0,245.0,26.0,219.0,28.0,12.0,219.0,259.0,62.0,0.945945945946,2.16666666667,1.0,10,16,11,0
2016-10-16 08:00:00,4.0,1.0,2.0,4.0,1.0,4.0,9.0,2.0,5.0,8.0,2.0,8.0,2.25,2.0,2.5,2.0,2.0,2.0,9.0,13.0,6.0,14.0,11.0,8.0,0.0,0.0,0.0,0.0,1.0,6.0,25.0,43.0,33.0,47.0,45.0,38.0,25.0,43.0,33.0,47.0,45.0,38.0,1.0,1.0,1.0,1.0,1.0,1.0,34.0,45.0,38.0,55.0,47.0,46.0,1.1724137931,1.02272727273,1.08571428571,1.07843137255,1.0,0.958333333333,29.0,44.0,35.0,51.0,47.0,48.0,43.0,265.0,34.0,231.0,7.0,16.0,231.0,254.0,61.0,1.04330708661,2.125,1.0,10,16,11,20
2016-10-16 08:20:00,1.0,2.0,4.0,1.0,4.0,0.0,2.0,5.0,8.0,2.0,8.0,0.0,2.0,2.5,2.0,2.0,2.0,0.0,13.0,6.0,14.0,11.0,8.0,9.0,0.0,0.0,0.0,1.0,6.0,0.0,43.0,33.0,47.0,45.0,38.0,38.0,43.0,33.0,47.0,45.0,38.0,38.0,1.0,1.0,1.0,1.0,1.0,1.0,45.0,38.0,55.0,47.0,46.0,38.0,1.02272727273,1.08571428571,1.07843137255,1.0,0.958333333333,1.0,44.0,35.0,51.0,47.0,48.0,38.0,26.0,269.0,25.0,244.0,7.0,12.0,244.0,263.0,61.0,1.02281368821,2.08333333333,1.0,10,16,11,40
2016-10-16 08:40:00,2.0,4.0,1.0,4.0,0.0,2.0,5.0,8.0,2.0,8.0,0.0,4.0,2.5,2.0,2.0,2.0,0.0,2.0,6.0,14.0,11.0,8.0,9.0,23.0,0.0,0.0,1.0,6.0,0.0,0.0,33.0,47.0,45.0,38.0,38.0,58.0,33.0,47.0,45.0,38.0,38.0,61.0,1.0,1.0,1.0,1.0,1.0,1.05172413793,38.0,55.0,47.0,46.0,38.0,65.0,1.08571428571,1.07843137255,1.0,0.958333333333,1.0,1.08333333333,35.0,51.0,47.0,48.0,38.0,60.0,53.0,289.0,27.0,262.0,7.0,13.0,259.0,279.0,71.0,1.03584229391,2.07692307692,1.01158301158,10,16,12,0
2016-10-16 09:00:00,4.0,1.0,4.0,0.0,2.0,1.0,8.0,2.0,8.0,0.0,4.0,2.0,2.0,2.0,2.0,0.0,2.0,2.0,14.0,11.0,8.0,9.0,23.0,13.0,0.0,1.0,6.0,0.0,0.0,0.0,47.0,45.0,38.0,38.0,58.0,51.0,47.0,45.0,38.0,38.0,61.0,51.0,1.0,1.0,1.0,1.0,1.05172413793,1.0,55.0,47.0,46.0,38.0,65.0,53.0,1.07843137255,1.0,0.958333333333,1.0,1.08333333333,1.01923076923,51.0,47.0,48.0,38.0,60.0,52.0,48.0,304.0,24.0,280.0,7.0,12.0,277.0,296.0,78.0,1.02702702703,2.0,1.01083032491,10,16,12,20
2016-10-16 09:20:00,1.0,4.0,0.0,2.0,1.0,5.0,2.0,8.0,0.0,4.0,2.0,10.0,2.0,2.0,0.0,2.0,2.0,2.0,11.0,8.0,9.0,23.0,13.0,5.0,1.0,6.0,0.0,0.0,0.0,0.0,45.0,38.0,38.0,58.0,51.0,45.0,45.0,38.0,38.0,61.0,51.0,45.0,1.0,1.0,1.0,1.05172413793,1.0,1.0,47.0,46.0,38.0,65.0,53.0,55.0,1.0,0.958333333333,1.0,1.08333333333,1.01923076923,1.1,47.0,48.0,38.0,60.0,52.0,50.0,50.0,304.0,26.0,278.0,7.0,13.0,275.0,295.0,69.0,1.03050847458,2.0,1.01090909091,10,16,12,40
2016-10-16 09:40:00,4.0,0.0,2.0,1.0,5.0,3.0,8.0,0.0,4.0,2.0,10.0,7.0,2.0,0.0,2.0,2.0,2.0,2.33333333333,8.0,9.0,23.0,13.0,5.0,7.0,6.0,0.0,0.0,0.0,0.0,2.0,38.0,38.0,58.0,51.0,45.0,38.0,38.0,38.0,61.0,51.0,45.0,38.0,1.0,1.0,1.05172413793,1.0,1.0,1.0,46.0,38.0,65.0,53.0,55.0,45.0,0.958333333333,1.0,1.08333333333,1.01923076923,1.1,1.04651162791,48.0,38.0,60.0,52.0,50.0,43.0,61.0,302.0,31.0,271.0,8.0,15.0,268.0,291.0,65.0,1.03780068729,2.06666666667,1.01119402985,10,16,13,0
2016-10-16 10:00:00,0.0,2.0,1.0,5.0,3.0,2.0,0.0,4.0,2.0,10.0,7.0,5.0,0.0,2.0,2.0,2.0,2.33333333333,2.5,9.0,23.0,13.0,5.0,7.0,7.0,0.0,0.0,0.0,0.0,2.0,0.0,38.0,58.0,51.0,45.0,38.0,24.0,38.0,61.0,51.0,45.0,38.0,27.0,1.0,1.05172413793,1.0,1.0,1.0,1.125,38.0,65.0,53.0,55.0,45.0,32.0,1.0,1.08333333333,1.01923076923,1.1,1.04651162791,1.23076923077,38.0,60.0,52.0,50.0,43.0,26.0,49.0,288.0,28.0,260.0,2.0,13.0,254.0,269.0,64.0,1.07063197026,2.15384615385,1.02362204724,10,16,13,20
2016-10-16 10:20:00,2.0,1.0,5.0,3.0,2.0,2.0,4.0,2.0,10.0,7.0,5.0,4.0,2.0,2.0,2.0,2.33333333333,2.5,2.0,23.0,13.0,5.0,7.0,7.0,11.0,0.0,0.0,0.0,2.0,0.0,0.0,58.0,51.0,45.0,38.0,24.0,51.0,61.0,51.0,45.0,38.0,27.0,51.0,1.05172413793,1.0,1.0,1.0,1.125,1.0,65.0,53.0,55.0,45.0,32.0,55.0,1.08333333333,1.01923076923,1.1,1.04651162791,1.23076923077,1.03773584906,60.0,52.0,50.0,43.0,26.0,53.0,48.0,305.0,32.0,273.0,2.0,15.0,267.0,284.0,66.0,1.07394366197,2.13333333333,1.02247191011,10,16,13,40
2016-10-16 10:40:00,1.0,5.0,3.0,2.0,2.0,5.0,2.0,10.0,7.0,5.0,4.0,11.0,2.0,2.0,2.33333333333,2.5,2.0,2.2,13.0,5.0,7.0,7.0,11.0,10.0,0.0,0.0,2.0,0.0,0.0,0.0,51.0,45.0,38.0,24.0,51.0,43.0,51.0,45.0,38.0,27.0,51.0,43.0,1.0,1.0,1.0,1.125,1.0,1.0,53.0,55.0,45.0,32.0,55.0,54.0,1.01923076923,1.1,1.04651162791,1.23076923077,1.03773584906,1.125,52.0,50.0,43.0,26.0,53.0,48.0,51.0,294.0,39.0,255.0,2.0,18.0,252.0,272.0,53.0,1.08088235294,2.16666666667,1.0119047619,10,16,14,0
2016-10-16 11:00:00,5.0,3.0,2.0,2.0,5.0,3.0,10.0,7.0,5.0,4.0,11.0,6.0,2.0,2.33333333333,2.5,2.0,2.2,2.0,5.0,7.0,7.0,11.0,10.0,15.0,0.0,2.0,0.0,0.0,0.0,0.0,45.0,38.0,24.0,51.0,43.0,47.0,45.0,38.0,27.0,51.0,43.0,47.0,1.0,1.0,1.125,1.0,1.0,1.0,55.0,45.0,32.0,55.0,54.0,53.0,1.1,1.04651162791,1.23076923077,1.03773584906,1.125,1.06,50.0,43.0,26.0,53.0,48.0,50.0,62.0,294.0,43.0,251.0,2.0,20.0,248.0,270.0,55.0,1.08888888889,2.15,1.01209677419,10,16,14,20
2016-10-16 11:20:00,3.0,2.0,2.0,5.0,3.0,6.0,7.0,5.0,4.0,11.0,6.0,15.0,2.33333333333,2.5,2.0,2.2,2.0,2.5,7.0,7.0,11.0,10.0,15.0,17.0,2.0,0.0,0.0,0.0,0.0,0.0,38.0,24.0,51.0,43.0,47.0,55.0,38.0,27.0,51.0,43.0,47.0,55.0,1.0,1.125,1.0,1.0,1.0,1.0,45.0,32.0,55.0,54.0,53.0,70.0,1.04651162791,1.23076923077,1.03773584906,1.125,1.06,1.14754098361,43.0,26.0,53.0,48.0,50.0,61.0,58.0,309.0,48.0,261.0,2.0,21.0,258.0,281.0,67.0,1.09964412811,2.28571428571,1.01162790698,10,16,14,40
2016-10-16 11:40:00,2.0,2.0,5.0,3.0,6.0,6.0,5.0,4.0,11.0,6.0,15.0,12.0,2.5,2.0,2.2,2.0,2.5,2.0,7.0,11.0,10.0,15.0,17.0,11.0,0.0,0.0,0.0,0.0,0.0,0.0,24.0,51.0,43.0,47.0,55.0,43.0,27.0,51.0,43.0,47.0,55.0,43.0,1.125,1.0,1.0,1.0,1.0,1.0,32.0,55.0,54.0,53.0,70.0,55.0,1.23076923077,1.03773584906,1.125,1.06,1.14754098361,1.12244897959,26.0,53.0,48.0,50.0,61.0,49.0,58.0,319.0,53.0,266.0,0.0,24.0,263.0,287.0,71.0,1.11149825784,2.20833333333,1.01140684411,10,16,15,0
2016-10-16 12:00:00,2.0,5.0,3.0,6.0,6.0,1.0,4.0,11.0,6.0,15.0,12.0,2.0,2.0,2.2,2.0,2.5,2.0,2.0,11.0,10.0,15.0,17.0,11.0,14.0,0.0,0.0,0.0,0.0,0.0,0.0,51.0,43.0,47.0,55.0,43.0,47.0,51.0,43.0,47.0,55.0,43.0,47.0,1.0,1.0,1.0,1.0,1.0,1.0,55.0,54.0,53.0,70.0,55.0,49.0,1.03773584906,1.125,1.06,1.14754098361,1.12244897959,1.02083333333,53.0,48.0,50.0,61.0,49.0,48.0,65.0,336.0,50.0,286.0,0.0,23.0,286.0,309.0,78.0,1.08737864078,2.17391304348,1.0,10,16,15,20
2016-10-16 12:20:00,5.0,3.0,6.0,6.0,1.0,5.0,11.0,6.0,15.0,12.0,2.0,12.0,2.2,2.0,2.5,2.0,2.0,2.4,10.0,15.0,17.0,11.0,14.0,15.0,0.0,0.0,0.0,0.0,0.0,0.0,43.0,47.0,55.0,43.0,47.0,46.0,43.0,47.0,55.0,43.0,47.0,52.0,1.0,1.0,1.0,1.0,1.0,1.13043478261,54.0,53.0,70.0,55.0,49.0,64.0,1.125,1.06,1.14754098361,1.12244897959,1.02083333333,1.25490196078,48.0,50.0,61.0,49.0,48.0,51.0,78.0,345.0,58.0,287.0,0.0,26.0,281.0,307.0,82.0,1.12377850163,2.23076923077,1.02135231317,10,16,15,40
2016-10-16 12:40:00,3.0,6.0,6.0,1.0,5.0,7.0,6.0,15.0,12.0,2.0,12.0,14.0,2.0,2.5,2.0,2.0,2.4,2.0,15.0,17.0,11.0,14.0,15.0,14.0,0.0,0.0,0.0,0.0,0.0,0.0,47.0,55.0,43.0,47.0,46.0,55.0,47.0,55.0,43.0,47.0,52.0,55.0,1.0,1.0,1.0,1.0,1.13043478261,1.0,53.0,70.0,55.0,49.0,64.0,69.0,1.06,1.14754098361,1.12244897959,1.02083333333,1.25490196078,1.11290322581,50.0,61.0,49.0,48.0,51.0,62.0,69.0,360.0,61.0,299.0,0.0,28.0,293.0,321.0,86.0,1.1214953271,2.17857142857,1.0204778157,10,16,16,0
2016-10-16 13:00:00,6.0,6.0,1.0,5.0,7.0,5.0,15.0,12.0,2.0,12.0,14.0,10.0,2.5,2.0,2.0,2.4,2.0,2.0,17.0,11.0,14.0,15.0,14.0,10.0,0.0,0.0,0.0,0.0,0.0,0.0,55.0,43.0,47.0,46.0,55.0,53.0,55.0,43.0,47.0,52.0,55.0,53.0,1.0,1.0,1.0,1.13043478261,1.0,1.0,70.0,55.0,49.0,64.0,69.0,63.0,1.14754098361,1.12244897959,1.02083333333,1.25490196078,1.11290322581,1.08620689655,61.0,49.0,48.0,51.0,62.0,58.0,65.0,370.0,65.0,305.0,0.0,30.0,299.0,329.0,81.0,1.12462006079,2.16666666667,1.02006688963,10,16,16,20
2016-10-16 13:20:00,6.0,1.0,5.0,7.0,5.0,3.0,12.0,2.0,12.0,14.0,10.0,6.0,2.0,2.0,2.4,2.0,2.0,2.0,11.0,14.0,15.0,14.0,10.0,22.0,0.0,0.0,0.0,0.0,0.0,0.0,43.0,47.0,46.0,55.0,53.0,55.0,43.0,47.0,52.0,55.0,53.0,58.0,1.0,1.0,1.13043478261,1.0,1.0,1.05454545455,55.0,49.0,64.0,69.0,63.0,64.0,1.12244897959,1.02083333333,1.25490196078,1.11290322581,1.08620689655,1.10344827586,49.0,48.0,51.0,62.0,58.0,58.0,69.0,364.0,56.0,308.0,0.0,27.0,299.0,326.0,86.0,1.11656441718,2.07407407407,1.03010033445,10,16,16,40
2016-10-16 13:40:00,1.0,5.0,7.0,5.0,3.0,2.0,2.0,12.0,14.0,10.0,6.0,5.0,2.0,2.4,2.0,2.0,2.0,2.5,14.0,15.0,14.0,10.0,22.0,14.0,0.0,0.0,0.0,0.0,0.0,0.0,47.0,46.0,55.0,53.0,55.0,63.0,47.0,52.0,55.0,53.0,58.0,63.0,1.0,1.13043478261,1.0,1.0,1.05454545455,1.0,49.0,64.0,69.0,63.0,64.0,68.0,1.02083333333,1.25490196078,1.11290322581,1.08620689655,1.10344827586,1.04615384615,48.0,51.0,62.0,58.0,58.0,65.0,70.0,377.0,49.0,328.0,0.0,23.0,319.0,342.0,89.0,1.10233918129,2.13043478261,1.02821316614,10,16,17,0
2016-10-16 14:00:00,5.0,7.0,5.0,3.0,2.0,0.0,12.0,14.0,10.0,6.0,5.0,0.0,2.4,2.0,2.0,2.0,2.5,0.0,15.0,14.0,10.0,22.0,14.0,19.0,0.0,0.0,0.0,0.0,0.0,0.0,46.0,55.0,53.0,55.0,63.0,78.0,52.0,55.0,53.0,58.0,63.0,81.0,1.13043478261,1.0,1.0,1.05454545455,1.0,1.03846153846,64.0,69.0,63.0,64.0,68.0,81.0,1.25490196078,1.11290322581,1.08620689655,1.10344827586,1.04615384615,1.03846153846,51.0,62.0,58.0,58.0,65.0,78.0,59.0,409.0,47.0,362.0,0.0,22.0,350.0,372.0,94.0,1.09946236559,2.13636363636,1.03428571429,10,16,17,20
2016-10-16 14:20:00,7.0,5.0,3.0,2.0,0.0,6.0,14.0,10.0,6.0,5.0,0.0,12.0,2.0,2.0,2.0,2.5,0.0,2.0,14.0,10.0,22.0,14.0,19.0,22.0,0.0,0.0,0.0,0.0,0.0,0.0,55.0,53.0,55.0,63.0,78.0,63.0,55.0,53.0,58.0,63.0,81.0,63.0,1.0,1.0,1.05454545455,1.0,1.03846153846,1.0,69.0,63.0,64.0,68.0,81.0,75.0,1.11290322581,1.08620689655,1.10344827586,1.04615384615,1.03846153846,1.08695652174,62.0,58.0,58.0,65.0,78.0,69.0,37.0,420.0,47.0,373.0,0.0,23.0,367.0,390.0,101.0,1.07692307692,2.04347826087,1.01634877384,10,16,17,40
2016-10-16 14:40:00,5.0,3.0,2.0,0.0,6.0,1.0,10.0,6.0,5.0,0.0,12.0,2.0,2.0,2.0,2.5,0.0,2.0,2.0,10.0,22.0,14.0,19.0,22.0,21.0,0.0,0.0,0.0,0.0,0.0,0.0,53.0,55.0,63.0,78.0,63.0,64.0,53.0,58.0,63.0,81.0,63.0,64.0,1.0,1.05454545455,1.0,1.03846153846,1.0,1.0,63.0,64.0,68.0,81.0,75.0,66.0,1.08620689655,1.10344827586,1.04615384615,1.03846153846,1.08695652174,1.01538461538,58.0,58.0,65.0,78.0,69.0,65.0,39.0,417.0,35.0,382.0,0.0,17.0,376.0,393.0,108.0,1.06106870229,2.05882352941,1.01595744681,10,16,18,0
2016-10-16 15:00:00,3.0,2.0,0.0,6.0,1.0,2.0,6.0,5.0,0.0,12.0,2.0,4.0,2.0,2.5,0.0,2.0,2.0,2.0,22.0,14.0,19.0,22.0,21.0,21.0,0.0,0.0,0.0,0.0,0.0,0.0,55.0,63.0,78.0,63.0,64.0,67.0,58.0,63.0,81.0,63.0,64.0,67.0,1.05454545455,1.0,1.03846153846,1.0,1.0,1.0,64.0,68.0,81.0,75.0,66.0,71.0,1.10344827586,1.04615384615,1.03846153846,1.08695652174,1.01538461538,1.02898550725,58.0,65.0,78.0,69.0,65.0,69.0,41.0,425.0,29.0,396.0,0.0,14.0,390.0,404.0,119.0,1.05198019802,2.07142857143,1.01538461538,10,16,18,20
2016-10-16 15:20:00,2.0,0.0,6.0,1.0,2.0,4.0,5.0,0.0,12.0,2.0,4.0,9.0,2.5,0.0,2.0,2.0,2.0,2.25,14.0,19.0,22.0,21.0,21.0,22.0,0.0,0.0,0.0,0.0,0.0,0.0,63.0,78.0,63.0,64.0,67.0,66.0,63.0,81.0,63.0,64.0,67.0,66.0,1.0,1.03846153846,1.0,1.0,1.0,1.0,68.0,81.0,75.0,66.0,71.0,75.0,1.04615384615,1.03846153846,1.08695652174,1.01538461538,1.02898550725,1.07142857143,65.0,78.0,69.0,65.0,69.0,70.0,38.0,436.0,32.0,404.0,0.0,15.0,401.0,416.0,119.0,1.04807692308,2.13333333333,1.00748129676,10,16,18,40
2016-10-16 15:40:00,0.0,6.0,1.0,2.0,4.0,2.0,0.0,12.0,2.0,4.0,9.0,4.0,0.0,2.0,2.0,2.0,2.25,2.0,19.0,22.0,21.0,21.0,22.0,14.0,0.0,0.0,0.0,0.0,0.0,0.0,78.0,63.0,64.0,67.0,66.0,57.0,81.0,63.0,64.0,67.0,66.0,57.0,1.03846153846,1.0,1.0,1.0,1.0,1.0,81.0,75.0,66.0,71.0,75.0,61.0,1.03846153846,1.08695652174,1.01538461538,1.02898550725,1.07142857143,1.03389830508,78.0,69.0,65.0,69.0,70.0,59.0,33.0,429.0,31.0,398.0,0.0,15.0,395.0,410.0,119.0,1.04634146341,2.06666666667,1.00759493671,10,16,19,0
2016-10-16 16:00:00,6.0,1.0,2.0,4.0,2.0,2.0,12.0,2.0,4.0,9.0,4.0,5.0,2.0,2.0,2.0,2.25,2.0,2.5,22.0,21.0,21.0,22.0,14.0,13.0,0.0,0.0,0.0,0.0,0.0,0.0,63.0,64.0,67.0,66.0,57.0,35.0,63.0,64.0,67.0,66.0,57.0,38.0,1.0,1.0,1.0,1.0,1.0,1.08571428571,75.0,66.0,71.0,75.0,61.0,43.0,1.08695652174,1.01538461538,1.02898550725,1.07142857143,1.03389830508,1.16216216216,69.0,65.0,69.0,70.0,59.0,37.0,30.0,391.0,36.0,355.0,0.0,17.0,352.0,369.0,113.0,1.05962059621,2.11764705882,1.00852272727,10,16,19,20
2016-10-16 16:20:00,1.0,2.0,4.0,2.0,2.0,0.0,2.0,4.0,9.0,4.0,5.0,0.0,2.0,2.0,2.25,2.0,2.5,0.0,21.0,21.0,22.0,14.0,13.0,12.0,0.0,0.0,0.0,0.0,0.0,0.0,64.0,67.0,66.0,57.0,35.0,39.0,64.0,67.0,66.0,57.0,38.0,39.0,1.0,1.0,1.0,1.0,1.08571428571,1.0,66.0,71.0,75.0,61.0,43.0,39.0,1.01538461538,1.02898550725,1.07142857143,1.03389830508,1.16216216216,1.0,65.0,69.0,70.0,59.0,37.0,39.0,34.0,355.0,24.0,331.0,0.0,11.0,328.0,339.0,103.0,1.04719764012,2.18181818182,1.00914634146,10,16,19,40
2016-10-16 16:40:00,2.0,4.0,2.0,2.0,0.0,1.0,4.0,9.0,4.0,5.0,0.0,2.0,2.0,2.25,2.0,2.5,0.0,2.0,21.0,22.0,14.0,13.0,12.0,8.0,0.0,0.0,0.0,0.0,0.0,0.0,67.0,66.0,57.0,35.0,39.0,40.0,67.0,66.0,57.0,38.0,39.0,40.0,1.0,1.0,1.0,1.08571428571,1.0,1.0,71.0,75.0,61.0,43.0,39.0,42.0,1.02898550725,1.07142857143,1.03389830508,1.16216216216,1.0,1.0243902439,69.0,70.0,59.0,37.0,39.0,41.0,32.0,331.0,24.0,307.0,0.0,11.0,304.0,315.0,90.0,1.05079365079,2.18181818182,1.00986842105,10,16,20,0
2016-10-16 17:00:00,4.0,2.0,2.0,0.0,1.0,1.0,9.0,4.0,5.0,0.0,2.0,2.0,2.25,2.0,2.5,0.0,2.0,2.0,22.0,14.0,13.0,12.0,8.0,5.0,0.0,0.0,0.0,0.0,0.0,0.0,66.0,57.0,35.0,39.0,40.0,37.0,66.0,57.0,38.0,39.0,40.0,40.0,1.0,1.0,1.08571428571,1.0,1.0,1.08108108108,75.0,61.0,43.0,39.0,42.0,42.0,1.07142857143,1.03389830508,1.16216216216,1.0,1.0243902439,1.10526315789,70.0,59.0,37.0,39.0,41.0,38.0,34.0,302.0,22.0,280.0,0.0,10.0,274.0,284.0,74.0,1.06338028169,2.2,1.02189781022,10,16,20,20
2016-10-16 17:20:00,2.0,2.0,0.0,1.0,1.0,1.0,4.0,5.0,0.0,2.0,2.0,2.0,2.0,2.5,0.0,2.0,2.0,2.0,14.0,13.0,12.0,8.0,5.0,8.0,0.0,0.0,0.0,0.0,0.0,0.0,57.0,35.0,39.0,40.0,37.0,32.0,57.0,38.0,39.0,40.0,40.0,32.0,1.0,1.08571428571,1.0,1.0,1.08108108108,1.0,61.0,43.0,39.0,42.0,42.0,34.0,1.03389830508,1.16216216216,1.0,1.0243902439,1.10526315789,1.0303030303,59.0,37.0,39.0,41.0,38.0,33.0,21.0,261.0,15.0,246.0,0.0,7.0,240.0,247.0,60.0,1.05668016194,2.14285714286,1.025,10,16,20,40
2016-10-16 17:40:00,2.0,0.0,1.0,1.0,1.0,0.0,5.0,0.0,2.0,2.0,2.0,0.0,2.5,0.0,2.0,2.0,2.0,0.0,13.0,12.0,8.0,5.0,8.0,5.0,0.0,0.0,0.0,0.0,0.0,0.0,35.0,39.0,40.0,37.0,32.0,30.0,38.0,39.0,40.0,40.0,32.0,30.0,1.08571428571,1.0,1.0,1.08108108108,1.0,1.0,43.0,39.0,42.0,42.0,34.0,30.0,1.16216216216,1.0,1.0243902439,1.10526315789,1.0303030303,1.0,37.0,39.0,41.0,38.0,33.0,30.0,24.0,230.0,11.0,219.0,0.0,5.0,213.0,218.0,51.0,1.05504587156,2.2,1.02816901408,10,16,21,0
2016-10-16 18:00:00,0.0,1.0,1.0,1.0,0.0,0.0,0.0,2.0,2.0,2.0,0.0,0.0,0.0,2.0,2.0,2.0,0.0,0.0,12.0,8.0,5.0,8.0,5.0,12.0,0.0,0.0,0.0,0.0,0.0,0.0,39.0,40.0,37.0,32.0,30.0,34.0,39.0,40.0,40.0,32.0,30.0,34.0,1.0,1.0,1.08108108108,1.0,1.0,1.0,39.0,42.0,42.0,34.0,30.0,34.0,1.0,1.0243902439,1.10526315789,1.0303030303,1.0,1.0,39.0,41.0,38.0,33.0,30.0,34.0,30.0,221.0,6.0,215.0,0.0,3.0,212.0,215.0,50.0,1.02790697674,2.0,1.0141509434,10,16,21,20
2016-10-16 18:20:00,1.0,1.0,1.0,0.0,0.0,1.0,2.0,2.0,2.0,0.0,0.0,2.0,2.0,2.0,2.0,0.0,0.0,2.0,8.0,5.0,8.0,5.0,12.0,6.0,0.0,0.0,0.0,0.0,0.0,0.0,40.0,37.0,32.0,30.0,34.0,31.0,40.0,40.0,32.0,30.0,34.0,31.0,1.0,1.08108108108,1.0,1.0,1.0,1.0,42.0,42.0,34.0,30.0,34.0,33.0,1.0243902439,1.10526315789,1.0303030303,1.0,1.0,1.03125,41.0,38.0,33.0,30.0,34.0,32.0,15.0,215.0,8.0,207.0,0.0,4.0,204.0,208.0,44.0,1.03365384615,2.0,1.01470588235,10,16,21,40
2016-10-16 18:40:00,1.0,1.0,0.0,0.0,1.0,1.0,2.0,2.0,0.0,0.0,2.0,2.0,2.0,2.0,0.0,0.0,2.0,2.0,5.0,8.0,5.0,12.0,6.0,8.0,0.0,0.0,0.0,0.0,0.0,0.0,37.0,32.0,30.0,34.0,31.0,33.0,40.0,32.0,30.0,34.0,31.0,33.0,1.08108108108,1.0,1.0,1.0,1.0,1.0,42.0,34.0,30.0,34.0,33.0,35.0,1.10526315789,1.0303030303,1.0,1.0,1.03125,1.02941176471,38.0,33.0,30.0,34.0,32.0,34.0,18.0,208.0,8.0,200.0,0.0,4.0,197.0,201.0,44.0,1.03482587065,2.0,1.0152284264,10,16,22,0
2016-10-16 19:00:00,1.0,0.0,0.0,1.0,1.0,4.0,2.0,0.0,0.0,2.0,2.0,9.0,2.0,0.0,0.0,2.0,2.0,2.25,8.0,5.0,12.0,6.0,8.0,4.0,0.0,0.0,0.0,0.0,0.0,0.0,32.0,30.0,34.0,31.0,33.0,17.0,32.0,30.0,34.0,31.0,33.0,17.0,1.0,1.0,1.0,1.0,1.0,1.0,34.0,30.0,34.0,33.0,35.0,26.0,1.0303030303,1.0,1.0,1.03125,1.02941176471,1.2380952381,33.0,30.0,34.0,32.0,34.0,21.0,7.0,192.0,15.0,177.0,0.0,7.0,177.0,184.0,43.0,1.04347826087,2.14285714286,1.0,10,16,22,20
2016-10-16 19:20:00,0.0,0.0,1.0,1.0,4.0,1.0,0.0,0.0,2.0,2.0,9.0,2.0,0.0,0.0,2.0,2.0,2.25,2.0,5.0,12.0,6.0,8.0,4.0,4.0,0.0,0.0,0.0,0.0,0.0,0.0,30.0,34.0,31.0,33.0,17.0,23.0,30.0,34.0,31.0,33.0,17.0,23.0,1.0,1.0,1.0,1.0,1.0,1.0,30.0,34.0,33.0,35.0,26.0,25.0,1.0,1.0,1.03125,1.02941176471,1.2380952381,1.04166666667,30.0,34.0,32.0,34.0,21.0,24.0,3.0,183.0,15.0,168.0,0.0,7.0,168.0,175.0,39.0,1.04571428571,2.14285714286,1.0,10,16,22,40
2016-10-16 19:40:00,0.0,1.0,1.0,4.0,1.0,2.0,0.0,2.0,2.0,9.0,2.0,4.0,0.0,2.0,2.0,2.25,2.0,2.0,12.0,6.0,8.0,4.0,4.0,10.0,0.0,0.0,0.0,0.0,0.0,0.0,34.0,31.0,33.0,17.0,23.0,28.0,34.0,31.0,33.0,17.0,23.0,28.0,1.0,1.0,1.0,1.0,1.0,1.0,34.0,33.0,35.0,26.0,25.0,32.0,1.0,1.03125,1.02941176471,1.2380952381,1.04166666667,1.06666666667,34.0,32.0,34.0,21.0,24.0,30.0,9.0,185.0,19.0,166.0,0.0,9.0,166.0,175.0,44.0,1.05714285714,2.11111111111,1.0,10,16,23,0
2016-10-16 20:00:00,1.0,1.0,4.0,1.0,2.0,0.0,2.0,2.0,9.0,2.0,4.0,0.0,2.0,2.0,2.25,2.0,2.0,0.0,6.0,8.0,4.0,4.0,10.0,5.0,0.0,0.0,0.0,0.0,0.0,0.0,31.0,33.0,17.0,23.0,28.0,15.0,31.0,33.0,17.0,23.0,28.0,15.0,1.0,1.0,1.0,1.0,1.0,1.0,33.0,35.0,26.0,25.0,32.0,15.0,1.03125,1.02941176471,1.2380952381,1.04166666667,1.06666666667,1.0,32.0,34.0,21.0,24.0,30.0,15.0,5.0,166.0,19.0,147.0,0.0,9.0,147.0,156.0,37.0,1.0641025641,2.11111111111,1.0,10,16,23,20
2016-10-16 20:20:00,1.0,4.0,1.0,2.0,0.0,1.0,2.0,9.0,2.0,4.0,0.0,2.0,2.0,2.25,2.0,2.0,0.0,2.0,8.0,4.0,4.0,10.0,5.0,9.0,0.0,0.0,0.0,0.0,0.0,0.0,33.0,17.0,23.0,28.0,15.0,17.0,33.0,17.0,23.0,28.0,15.0,17.0,1.0,1.0,1.0,1.0,1.0,1.0,35.0,26.0,25.0,32.0,15.0,19.0,1.02941176471,1.2380952381,1.04166666667,1.06666666667,1.0,1.05555555556,34.0,21.0,24.0,30.0,15.0,18.0,5.0,152.0,19.0,133.0,0.0,9.0,133.0,142.0,40.0,1.07042253521,2.11111111111,1.0,10,16,23,40
2016-10-16 20:40:00,4.0,1.0,2.0,0.0,1.0,0.0,9.0,2.0,4.0,0.0,2.0,0.0,2.25,2.0,2.0,0.0,2.0,0.0,4.0,4.0,10.0,5.0,9.0,3.0,0.0,0.0,0.0,0.0,0.0,0.0,17.0,23.0,28.0,15.0,17.0,7.0,17.0,23.0,28.0,15.0,17.0,7.0,1.0,1.0,1.0,1.0,1.0,1.0,26.0,25.0,32.0,15.0,19.0,7.0,1.2380952381,1.04166666667,1.06666666667,1.0,1.05555555556,1.0,21.0,24.0,30.0,15.0,18.0,7.0,13.0,124.0,17.0,107.0,0.0,8.0,107.0,115.0,35.0,1.07826086957,2.125,1.0,10,17,0,0
2016-10-16 21:00:00,1.0,2.0,0.0,1.0,0.0,1.0,2.0,4.0,0.0,2.0,0.0,2.0,2.0,2.0,0.0,2.0,0.0,2.0,4.0,10.0,5.0,9.0,3.0,1.0,0.0,0.0,0.0,0.0,0.0,0.0,23.0,28.0,15.0,17.0,7.0,2.0,23.0,28.0,15.0,17.0,7.0,2.0,1.0,1.0,1.0,1.0,1.0,1.0,25.0,32.0,15.0,19.0,7.0,4.0,1.04166666667,1.06666666667,1.0,1.05555555556,1.0,1.33333333333,24.0,30.0,15.0,18.0,7.0,3.0,12.0,102.0,10.0,92.0,0.0,5.0,92.0,97.0,32.0,1.05154639175,2.0,1.0,10,17,0,20
2016-10-16 21:20:00,2.0,0.0,1.0,0.0,1.0,1.0,4.0,0.0,2.0,0.0,2.0,2.0,2.0,0.0,2.0,0.0,2.0,2.0,10.0,5.0,9.0,3.0,1.0,2.0,0.0,0.0,0.0,0.0,0.0,0.0,28.0,15.0,17.0,7.0,2.0,8.0,28.0,15.0,17.0,7.0,2.0,8.0,1.0,1.0,1.0,1.0,1.0,1.0,32.0,15.0,19.0,7.0,4.0,10.0,1.06666666667,1.0,1.05555555556,1.0,1.33333333333,1.11111111111,30.0,15.0,18.0,7.0,3.0,9.0,7.0,87.0,10.0,77.0,0.0,5.0,77.0,82.0,30.0,1.06097560976,2.0,1.0,10,17,0,40
2016-10-16 21:40:00,0.0,1.0,0.0,1.0,1.0,0.0,0.0,2.0,0.0,2.0,2.0,0.0,0.0,2.0,0.0,2.0,2.0,0.0,5.0,9.0,3.0,1.0,2.0,1.0,0.0,0.0,0.0,0.0,0.0,0.0,15.0,17.0,7.0,2.0,8.0,5.0,15.0,17.0,7.0,2.0,8.0,5.0,1.0,1.0,1.0,1.0,1.0,1.0,15.0,19.0,7.0,4.0,10.0,5.0,1.0,1.05555555556,1.0,1.33333333333,1.11111111111,1.0,15.0,18.0,7.0,3.0,9.0,5.0,6.0,60.0,6.0,54.0,0.0,3.0,54.0,57.0,21.0,1.05263157895,2.0,1.0,10,17,1,0
2016-10-16 22:00:00,1.0,0.0,1.0,1.0,0.0,1.0,2.0,0.0,2.0,2.0,0.0,2.0,2.0,0.0,2.0,2.0,0.0,2.0,9.0,3.0,1.0,2.0,1.0,0.0,0.0,0.0,0.0,0.0,0.0,0.0,17.0,7.0,2.0,8.0,5.0,4.0,17.0,7.0,2.0,8.0,5.0,4.0,1.0,1.0,1.0,1.0,1.0,1.0,19.0,7.0,4.0,10.0,5.0,6.0,1.05555555556,1.0,1.33333333333,1.11111111111,1.0,1.2,18.0,7.0,3.0,9.0,5.0,5.0,11.0,51.0,8.0,43.0,0.0,4.0,43.0,47.0,16.0,1.08510638298,2.0,1.0,10,17,1,20
2016-10-16 22:20:00,0.0,1.0,1.0,0.0,1.0,3.0,0.0,2.0,2.0,0.0,2.0,13.0,0.0,2.0,2.0,0.0,2.0,4.33333333333,3.0,1.0,2.0,1.0,0.0,0.0,0.0,0.0,0.0,0.0,0.0,0.0,7.0,2.0,8.0,5.0,4.0,10.0,7.0,2.0,8.0,5.0,4.0,10.0,1.0,1.0,1.0,1.0,1.0,1.0,7.0,4.0,10.0,5.0,6.0,23.0,1.0,1.33333333333,1.11111111111,1.0,1.2,1.76923076923,7.0,3.0,9.0,5.0,5.0,13.0,5.0,55.0,19.0,36.0,0.0,6.0,36.0,42.0,7.0,1.30952380952,3.16666666667,1.0,10,17,1,40
2016-10-16 22:40:00,1.0,1.0,0.0,1.0,3.0,1.0,2.0,2.0,0.0,2.0,13.0,5.0,2.0,2.0,0.0,2.0,4.33333333333,5.0,1.0,2.0,1.0,0.0,0.0,2.0,0.0,0.0,0.0,0.0,0.0,0.0,2.0,8.0,5.0,4.0,10.0,11.0,2.0,8.0,5.0,4.0,10.0,11.0,1.0,1.0,1.0,1.0,1.0,1.0,4.0,10.0,5.0,6.0,23.0,16.0,1.33333333333,1.11111111111,1.0,1.2,1.76923076923,1.33333333333,3.0,9.0,5.0,5.0,13.0,12.0,4.0,64.0,24.0,40.0,0.0,7.0,40.0,47.0,6.0,1.36170212766,3.42857142857,1.0,10,17,2,0
2016-10-16 23:00:00,1.0,0.0,1.0,3.0,1.0,2.0,2.0,0.0,2.0,13.0,5.0,8.0,2.0,0.0,2.0,4.33333333333,5.0,4.0,2.0,1.0,0.0,0.0,2.0,1.0,0.0,0.0,0.0,0.0,0.0,0.0,8.0,5.0,4.0,10.0,11.0,5.0,8.0,5.0,4.0,10.0,11.0,5.0,1.0,1.0,1.0,1.0,1.0,1.0,10.0,5.0,6.0,23.0,16.0,13.0,1.11111111111,1.0,1.2,1.76923076923,1.33333333333,1.85714285714,9.0,5.0,5.0,13.0,12.0,7.0,6.0,73.0,30.0,43.0,0.0,8.0,43.0,51.0,6.0,1.43137254902,3.75,1.0,10,17,2,20
2016-10-16 23:20:00,0.0,1.0,3.0,1.0,2.0,0.0,0.0,2.0,13.0,5.0,8.0,0.0,0.0,2.0,4.33333333333,5.0,4.0,0.0,1.0,0.0,0.0,2.0,1.0,1.0,0.0,0.0,0.0,0.0,0.0,0.0,5.0,4.0,10.0,11.0,5.0,6.0,5.0,4.0,10.0,11.0,5.0,6.0,1.0,1.0,1.0,1.0,1.0,1.0,5.0,6.0,23.0,16.0,13.0,6.0,1.0,1.2,1.76923076923,1.33333333333,1.85714285714,1.0,5.0,5.0,13.0,12.0,7.0,6.0,7.0,69.0,28.0,41.0,0.0,7.0,41.0,48.0,5.0,1.4375,4.0,1.0,10,17,2,40
2016-10-16 23:40:00,1.0,3.0,1.0,2.0,0.0,2.0,2.0,13.0,5.0,8.0,0.0,5.0,2.0,4.33333333333,5.0,4.0,0.0,2.5,0.0,0.0,2.0,1.0,1.0,2.0,0.0,0.0,0.0,0.0,0.0,0.0,4.0,10.0,11.0,5.0,6.0,9.0,4.0,10.0,11.0,5.0,6.0,9.0,1.0,1.0,1.0,1.0,1.0,1.0,6.0,23.0,16.0,13.0,6.0,14.0,1.2,1.76923076923,1.33333333333,1.85714285714,1.0,1.27272727273,5.0,13.0,12.0,7.0,6.0,11.0,7.0,78.0,33.0,45.0,0.0,9.0,45.0,54.0,6.0,1.44444444444,3.66666666667,1.0,10,17,3,0
2016-10-17 00:00:00,3.0,1.0,2.0,0.0,2.0,1.0,13.0,5.0,8.0,0.0,5.0,3.0,4.33333333333,5.0,4.0,0.0,2.5,3.0,0.0,2.0,1.0,1.0,2.0,0.0,0.0,0.0,0.0,0.0,0.0,0.0,10.0,11.0,5.0,6.0,9.0,4.0,10.0,11.0,5.0,6.0,9.0,4.0,1.0,1.0,1.0,1.0,1.0,1.0,23.0,16.0,13.0,6.0,14.0,7.0,1.76923076923,1.33333333333,1.85714285714,1.0,1.27272727273,1.4,13.0,12.0,7.0,6.0,11.0,5.0,10.0,79.0,34.0,45.0,0.0,9.0,45.0,54.0,6.0,1.46296296296,3.77777777778,1.0,10,17,3,20
2016-10-17 00:20:00,1.0,2.0,0.0,2.0,1.0,1.0,5.0,8.0,0.0,5.0,3.0,2.0,5.0,4.0,0.0,2.5,3.0,2.0,2.0,1.0,1.0,2.0,0.0,0.0,0.0,0.0,0.0,0.0,0.0,0.0,11.0,5.0,6.0,9.0,4.0,3.0,11.0,5.0,6.0,9.0,4.0,3.0,1.0,1.0,1.0,1.0,1.0,1.0,16.0,13.0,6.0,14.0,7.0,5.0,1.33333333333,1.85714285714,1.0,1.27272727273,1.4,1.25,12.0,7.0,6.0,11.0,5.0,4.0,7.0,61.0,23.0,38.0,0.0,7.0,38.0,45.0,6.0,1.35555555556,3.28571428571,1.0,10,17,3,40
2016-10-17 00:40:00,2.0,0.0,2.0,1.0,1.0,2.0,8.0,0.0,5.0,3.0,2.0,10.0,4.0,0.0,2.5,3.0,2.0,5.0,1.0,1.0,2.0,0.0,0.0,0.0,0.0,0.0,0.0,0.0,0.0,0.0,5.0,6.0,9.0,4.0,3.0,4.0,5.0,6.0,9.0,4.0,3.0,4.0,1.0,1.0,1.0,1.0,1.0,1.0,13.0,6.0,14.0,7.0,5.0,14.0,1.85714285714,1.0,1.27272727273,1.4,1.25,2.33333333333,7.0,6.0,11.0,5.0,4.0,6.0,14.0,59.0,28.0,31.0,0.0,8.0,31.0,39.0,4.0,1.51282051282,3.5,1.0,10,17,4,0
2016-10-17 01:00:00,0.0,2.0,1.0,1.0,2.0,2.0,0.0,5.0,3.0,2.0,10.0,6.0,0.0,2.5,3.0,2.0,5.0,3.0,1.0,2.0,0.0,0.0,0.0,1.0,0.0,0.0,0.0,0.0,0.0,0.0,6.0,9.0,4.0,3.0,4.0,5.0,6.0,9.0,4.0,3.0,4.0,5.0,1.0,1.0,1.0,1.0,1.0,1.0,6.0,14.0,7.0,5.0,14.0,11.0,1.0,1.27272727273,1.4,1.25,2.33333333333,1.57142857143,6.0,11.0,5.0,4.0,6.0,7.0,12.0,57.0,26.0,31.0,0.0,8.0,31.0,39.0,4.0,1.46153846154,3.25,1.0,10,17,4,20
2016-10-17 01:20:00,2.0,1.0,1.0,2.0,2.0,2.0,5.0,3.0,2.0,10.0,6.0,7.0,2.5,3.0,2.0,5.0,3.0,3.5,2.0,0.0,0.0,0.0,1.0,1.0,0.0,0.0,0.0,0.0,0.0,0.0,9.0,4.0,3.0,4.0,5.0,5.0,9.0,4.0,3.0,4.0,5.0,11.0,1.0,1.0,1.0,1.0,1.0,2.2,14.0,7.0,5.0,14.0,11.0,18.0,1.27272727273,1.4,1.25,2.33333333333,1.57142857143,2.57142857143,11.0,5.0,4.0,6.0,7.0,7.0,17.0,69.0,33.0,36.0,0.0,10.0,30.0,40.0,4.0,1.725,3.3,1.2,10,17,4,40
2016-10-17 01:40:00,1.0,1.0,2.0,2.0,2.0,5.0,3.0,2.0,10.0,6.0,7.0,16.0,3.0,2.0,5.0,3.0,3.5,3.2,0.0,0.0,0.0,1.0,1.0,0.0,0.0,0.0,0.0,0.0,0.0,0.0,4.0,3.0,4.0,5.0,5.0,5.0,4.0,3.0,4.0,5.0,11.0,8.0,1.0,1.0,1.0,1.0,2.2,1.6,7.0,5.0,14.0,11.0,18.0,24.0,1.4,1.25,2.33333333333,1.57142857143,2.57142857143,2.4,5.0,4.0,6.0,7.0,7.0,10.0,2.0,79.0,44.0,35.0,0.0,13.0,26.0,39.0,2.0,2.02564102564,3.38461538462,1.34615384615,10,17,5,0
2016-10-17 02:00:00,1.0,2.0,2.0,2.0,5.0,3.0,2.0,10.0,6.0,7.0,16.0,12.0,2.0,5.0,3.0,3.5,3.2,4.0,0.0,0.0,1.0,1.0,0.0,1.0,0.0,0.0,0.0,0.0,0.0,0.0,3.0,4.0,5.0,5.0,5.0,4.0,3.0,4.0,5.0,11.0,8.0,4.0,1.0,1.0,1.0,2.2,1.6,1.0,5.0,14.0,11.0,18.0,24.0,16.0,1.25,2.33333333333,1.57142857143,2.57142857143,2.4,2.28571428571,4.0,6.0,7.0,7.0,10.0,7.0,5.0,88.0,53.0,35.0,0.0,15.0,26.0,41.0,3.0,2.14634146341,3.53333333333,1.34615384615,10,17,5,20
2016-10-17 02:20:00,2.0,2.0,2.0,5.0,3.0,9.0,10.0,6.0,7.0,16.0,12.0,36.0,5.0,3.0,3.5,3.2,4.0,4.0,0.0,1.0,1.0,0.0,1.0,0.0,0.0,0.0,0.0,0.0,0.0,0.0,4.0,5.0,5.0,5.0,4.0,5.0,4.0,5.0,11.0,8.0,4.0,8.0,1.0,1.0,2.2,1.6,1.0,1.6,14.0,11.0,18.0,24.0,16.0,44.0,2.33333333333,1.57142857143,2.57142857143,2.4,2.28571428571,3.14285714286,6.0,7.0,7.0,10.0,7.0,14.0,7.0,127.0,87.0,40.0,0.0,23.0,28.0,51.0,3.0,2.49019607843,3.78260869565,1.42857142857,10,17,5,40
2016-10-17 02:40:00,2.0,2.0,5.0,3.0,9.0,6.0,6.0,7.0,16.0,12.0,36.0,15.0,3.0,3.5,3.2,4.0,4.0,2.5,1.0,1.0,0.0,1.0,0.0,1.0,0.0,0.0,0.0,0.0,0.0,0.0,5.0,5.0,5.0,4.0,5.0,6.0,5.0,11.0,8.0,4.0,8.0,6.0,1.0,2.2,1.6,1.0,1.6,1.0,11.0,18.0,24.0,16.0,44.0,21.0,1.57142857143,2.57142857143,2.4,2.28571428571,3.14285714286,1.75,7.0,7.0,10.0,7.0,14.0,12.0,13.0,134.0,92.0,42.0,0.0,27.0,30.0,57.0,4.0,2.35087719298,3.40740740741,1.4,10,17,6,0
2016-10-17 03:00:00,2.0,5.0,3.0,9.0,6.0,7.0,7.0,16.0,12.0,36.0,15.0,23.0,3.5,3.2,4.0,4.0,2.5,3.28571428571,1.0,0.0,1.0,0.0,1.0,0.0,0.0,0.0,0.0,0.0,0.0,0.0,5.0,5.0,4.0,5.0,6.0,10.0,11.0,8.0,4.0,8.0,6.0,10.0,2.2,1.6,1.0,1.6,1.0,1.0,18.0,24.0,16.0,44.0,21.0,33.0,2.57142857143,2.4,2.28571428571,3.14285714286,1.75,1.94117647059,7.0,10.0,7.0,14.0,12.0,17.0,18.0,156.0,109.0,47.0,0.0,32.0,35.0,67.0,3.0,2.32835820896,3.40625,1.34285714286,10,17,6,20
2016-10-17 03:20:00,5.0,3.0,9.0,6.0,7.0,0.0,16.0,12.0,36.0,15.0,23.0,0.0,3.2,4.0,4.0,2.5,3.28571428571,0.0,0.0,1.0,0.0,1.0,0.0,0.0,0.0,0.0,0.0,0.0,0.0,0.0,5.0,4.0,5.0,6.0,10.0,2.0,8.0,4.0,8.0,6.0,10.0,2.0,1.6,1.0,1.6,1.0,1.0,1.0,24.0,16.0,44.0,21.0,33.0,2.0,2.4,2.28571428571,3.14285714286,1.75,1.94117647059,1.0,10.0,7.0,14.0,12.0,17.0,2.0,19.0,140.0,102.0,38.0,0.0,30.0,32.0,62.0,2.0,2.25806451613,3.4,1.1875,10,17,6,40
2016-10-17 03:40:00,3.0,9.0,6.0,7.0,0.0,1.0,12.0,36.0,15.0,23.0,0.0,2.0,4.0,4.0,2.5,3.28571428571,0.0,2.0,1.0,0.0,1.0,0.0,0.0,2.0,0.0,0.0,0.0,0.0,0.0,0.0,4.0,5.0,6.0,10.0,2.0,4.0,4.0,8.0,6.0,10.0,2.0,4.0,1.0,1.6,1.0,1.0,1.0,1.0,16.0,44.0,21.0,33.0,2.0,6.0,2.28571428571,3.14285714286,1.75,1.94117647059,1.0,1.2,7.0,14.0,12.0,17.0,2.0,5.0,45.0,122.0,88.0,34.0,0.0,26.0,31.0,57.0,4.0,2.14035087719,3.38461538462,1.09677419355,10,17,7,0
2016-10-17 04:00:00,9.0,6.0,7.0,0.0,1.0,1.0,36.0,15.0,23.0,0.0,2.0,2.0,4.0,2.5,3.28571428571,0.0,2.0,2.0,0.0,1.0,0.0,0.0,2.0,1.0,0.0,0.0,0.0,0.0,0.0,0.0,5.0,6.0,10.0,2.0,4.0,6.0,8.0,6.0,10.0,2.0,4.0,6.0,1.6,1.0,1.0,1.0,1.0,1.0,44.0,21.0,33.0,2.0,6.0,8.0,3.14285714286,1.75,1.94117647059,1.0,1.2,1.14285714286,14.0,12.0,17.0,2.0,5.0,7.0,44.0,114.0,78.0,36.0,0.0,24.0,33.0,57.0,4.0,2.0,3.25,1.09090909091,10,17,7,20
2016-10-17 04:20:00,6.0,7.0,0.0,1.0,1.0,2.0,15.0,23.0,0.0,2.0,2.0,5.0,2.5,3.28571428571,0.0,2.0,2.0,2.5,1.0,0.0,0.0,2.0,1.0,4.0,0.0,0.0,0.0,0.0,0.0,0.0,6.0,10.0,2.0,4.0,6.0,11.0,6.0,10.0,2.0,4.0,6.0,11.0,1.0,1.0,1.0,1.0,1.0,1.0,21.0,33.0,2.0,6.0,8.0,16.0,1.75,1.94117647059,1.0,1.2,1.14285714286,1.23076923077,12.0,17.0,2.0,5.0,7.0,13.0,56.0,86.0,47.0,39.0,0.0,17.0,39.0,56.0,8.0,1.53571428571,2.76470588235,1.0,10,17,7,40
2016-10-17 04:40:00,7.0,0.0,1.0,1.0,2.0,4.0,23.0,0.0,2.0,2.0,5.0,8.0,3.28571428571,0.0,2.0,2.0,2.5,2.0,0.0,0.0,2.0,1.0,4.0,6.0,0.0,0.0,0.0,0.0,0.0,0.0,10.0,2.0,4.0,6.0,11.0,14.0,10.0,2.0,4.0,6.0,11.0,14.0,1.0,1.0,1.0,1.0,1.0,1.0,33.0,2.0,6.0,8.0,16.0,22.0,1.94117647059,1.0,1.2,1.14285714286,1.23076923077,1.22222222222,17.0,2.0,5.0,7.0,13.0,18.0,50.0,87.0,40.0,47.0,0.0,15.0,47.0,62.0,13.0,1.40322580645,2.66666666667,1.0,10,17,8,0
2016-10-17 05:00:00,0.0,1.0,1.0,2.0,4.0,3.0,0.0,2.0,2.0,5.0,8.0,9.0,0.0,2.0,2.0,2.5,2.0,3.0,0.0,2.0,1.0,4.0,6.0,9.0,0.0,0.0,0.0,0.0,0.0,0.0,2.0,4.0,6.0,11.0,14.0,16.0,2.0,4.0,6.0,11.0,14.0,16.0,1.0,1.0,1.0,1.0,1.0,1.0,2.0,6.0,8.0,16.0,22.0,25.0,1.0,1.2,1.14285714286,1.23076923077,1.22222222222,1.31578947368,2.0,5.0,7.0,13.0,18.0,19.0,46.0,79.0,26.0,53.0,0.0,11.0,53.0,64.0,22.0,1.234375,2.36363636364,1.0,10,17,8,20
2016-10-17 05:20:00,1.0,1.0,2.0,4.0,3.0,6.0,2.0,2.0,5.0,8.0,9.0,13.0,2.0,2.0,2.5,2.0,3.0,2.16666666667,2.0,1.0,4.0,6.0,9.0,11.0,0.0,0.0,0.0,0.0,0.0,0.0,4.0,6.0,11.0,14.0,16.0,39.0,4.0,6.0,11.0,14.0,16.0,48.0,1.0,1.0,1.0,1.0,1.0,1.23076923077,6.0,8.0,16.0,22.0,25.0,61.0,1.2,1.14285714286,1.23076923077,1.22222222222,1.31578947368,1.35555555556,5.0,7.0,13.0,18.0,19.0,45.0,56.0,138.0,39.0,99.0,0.0,17.0,90.0,107.0,33.0,1.28971962617,2.29411764706,1.1,10,17,8,40
2016-10-17 05:40:00,1.0,2.0,4.0,3.0,6.0,3.0,2.0,5.0,8.0,9.0,13.0,6.0,2.0,2.5,2.0,3.0,2.16666666667,2.0,1.0,4.0,6.0,9.0,11.0,13.0,0.0,0.0,0.0,0.0,0.0,0.0,6.0,11.0,14.0,16.0,39.0,41.0,6.0,11.0,14.0,16.0,48.0,41.0,1.0,1.0,1.0,1.0,1.23076923077,1.0,8.0,16.0,22.0,25.0,61.0,47.0,1.14285714286,1.23076923077,1.22222222222,1.31578947368,1.35555555556,1.06818181818,7.0,13.0,18.0,19.0,45.0,44.0,43.0,179.0,43.0,136.0,0.0,19.0,127.0,146.0,44.0,1.22602739726,2.26315789474,1.07086614173,10,17,9,0
2016-10-17 06:00:00,2.0,4.0,3.0,6.0,3.0,2.0,5.0,8.0,9.0,13.0,6.0,5.0,2.5,2.0,3.0,2.16666666667,2.0,2.5,4.0,6.0,9.0,11.0,13.0,20.0,0.0,0.0,0.0,0.0,0.0,0.0,11.0,14.0,16.0,39.0,41.0,54.0,11.0,14.0,16.0,48.0,41.0,57.0,1.0,1.0,1.0,1.23076923077,1.0,1.05555555556,16.0,22.0,25.0,61.0,47.0,62.0,1.23076923077,1.22222222222,1.31578947368,1.35555555556,1.06818181818,1.10714285714,13.0,18.0,19.0,45.0,44.0,56.0,54.0,233.0,46.0,187.0,0.0,20.0,175.0,195.0,63.0,1.19487179487,2.3,1.06857142857,10,17,9,20
2016-10-17 06:20:00,4.0,3.0,6.0,3.0,2.0,5.0,8.0,9.0,13.0,6.0,5.0,12.0,2.0,3.0,2.16666666667,2.0,2.5,2.4,6.0,9.0,11.0,13.0,20.0,16.0,0.0,0.0,0.0,0.0,0.0,0.0,14.0,16.0,39.0,41.0,54.0,45.0,14.0,16.0,48.0,41.0,57.0,45.0,1.0,1.0,1.23076923077,1.0,1.05555555556,1.0,22.0,25.0,61.0,47.0,62.0,57.0,1.22222222222,1.31578947368,1.35555555556,1.06818181818,1.10714285714,1.14,18.0,19.0,45.0,44.0,56.0,50.0,41.0,274.0,53.0,221.0,0.0,23.0,209.0,232.0,75.0,1.18103448276,2.30434782609,1.05741626794,10,17,9,40
2016-10-17 06:40:00,3.0,6.0,3.0,2.0,5.0,4.0,9.0,13.0,6.0,5.0,12.0,9.0,3.0,2.16666666667,2.0,2.5,2.4,2.25,9.0,11.0,13.0,20.0,16.0,11.0,0.0,0.0,0.0,0.0,0.0,0.0,16.0,39.0,41.0,54.0,45.0,42.0,16.0,48.0,41.0,57.0,45.0,42.0,1.0,1.23076923077,1.0,1.05555555556,1.0,1.0,25.0,61.0,47.0,62.0,57.0,51.0,1.31578947368,1.35555555556,1.06818181818,1.10714285714,1.14,1.10869565217,19.0,45.0,44.0,56.0,50.0,46.0,46.0,303.0,54.0,249.0,0.0,23.0,237.0,260.0,80.0,1.16538461538,2.34782608696,1.05063291139,10,17,10,0
2016-10-17 07:00:00,6.0,3.0,2.0,5.0,4.0,5.0,13.0,6.0,5.0,12.0,9.0,12.0,2.16666666667,2.0,2.5,2.4,2.25,2.4,11.0,13.0,20.0,16.0,11.0,17.0,0.0,0.0,0.0,0.0,0.0,0.0,39.0,41.0,54.0,45.0,42.0,51.0,48.0,41.0,57.0,45.0,42.0,51.0,1.23076923077,1.0,1.05555555556,1.0,1.0,1.0,61.0,47.0,62.0,57.0,51.0,63.0,1.35555555556,1.06818181818,1.10714285714,1.14,1.10869565217,1.125,45.0,44.0,56.0,50.0,46.0,56.0,57.0,341.0,57.0,284.0,0.0,25.0,272.0,297.0,88.0,1.14814814815,2.28,1.04411764706,10,17,10,20
2016-10-17 07:20:00,3.0,2.0,5.0,4.0,5.0,1.0,6.0,5.0,12.0,9.0,12.0,2.0,2.0,2.5,2.4,2.25,2.4,2.0,13.0,20.0,16.0,11.0,17.0,12.0,0.0,0.0,0.0,0.0,0.0,0.0,41.0,54.0,45.0,42.0,51.0,42.0,41.0,57.0,45.0,42.0,51.0,45.0,1.0,1.05555555556,1.0,1.0,1.0,1.07142857143,47.0,62.0,57.0,51.0,63.0,47.0,1.06818181818,1.10714285714,1.14,1.10869565217,1.125,1.09302325581,44.0,56.0,50.0,46.0,56.0,43.0,38.0,327.0,46.0,281.0,0.0,20.0,275.0,295.0,89.0,1.10847457627,2.3,1.02181818182,10,17,10,40
2016-10-17 07:40:00,2.0,5.0,4.0,5.0,1.0,4.0,5.0,12.0,9.0,12.0,2.0,8.0,2.5,2.4,2.25,2.4,2.0,2.0,20.0,16.0,11.0,17.0,12.0,14.0,0.0,0.0,0.0,0.0,0.0,0.0,54.0,45.0,42.0,51.0,42.0,50.0,57.0,45.0,42.0,51.0,45.0,53.0,1.05555555556,1.0,1.0,1.0,1.07142857143,1.06,62.0,57.0,51.0,63.0,47.0,61.0,1.10714285714,1.14,1.10869565217,1.125,1.09302325581,1.12962962963,56.0,50.0,46.0,56.0,43.0,54.0,29.0,341.0,48.0,293.0,0.0,21.0,284.0,305.0,90.0,1.11803278689,2.28571428571,1.03169014085,10,17,11,0
2016-10-17 08:00:00,5.0,4.0,5.0,1.0,4.0,4.0,12.0,9.0,12.0,2.0,8.0,8.0,2.4,2.25,2.4,2.0,2.0,2.0,16.0,11.0,17.0,12.0,14.0,14.0,0.0,0.0,0.0,0.0,0.0,0.0,45.0,42.0,51.0,42.0,50.0,37.0,45.0,42.0,51.0,45.0,53.0,37.0,1.0,1.0,1.0,1.07142857143,1.06,1.0,57.0,51.0,63.0,47.0,61.0,45.0,1.14,1.10869565217,1.125,1.09302325581,1.12962962963,1.09756097561,50.0,46.0,56.0,43.0,54.0,41.0,39.0,324.0,51.0,273.0,0.0,23.0,267.0,290.0,84.0,1.11724137931,2.21739130435,1.02247191011,10,17,11,20
2016-10-17 08:20:00,4.0,5.0,1.0,4.0,4.0,3.0,9.0,12.0,2.0,8.0,8.0,6.0,2.25,2.4,2.0,2.0,2.0,2.0,11.0,17.0,12.0,14.0,14.0,8.0,0.0,0.0,0.0,0.0,0.0,0.0,42.0,51.0,42.0,50.0,37.0,43.0,42.0,51.0,45.0,53.0,37.0,43.0,1.0,1.0,1.07142857143,1.06,1.0,1.0,51.0,63.0,47.0,61.0,45.0,49.0,1.10869565217,1.125,1.09302325581,1.12962962963,1.09756097561,1.0652173913,46.0,56.0,43.0,54.0,41.0,46.0,33.0,316.0,45.0,271.0,0.0,21.0,265.0,286.0,76.0,1.1048951049,2.14285714286,1.02264150943,10,17,11,40
2016-10-17 08:40:00,5.0,1.0,4.0,4.0,3.0,7.0,12.0,2.0,8.0,8.0,6.0,16.0,2.4,2.0,2.0,2.0,2.0,2.28571428571,17.0,12.0,14.0,14.0,8.0,21.0,0.0,0.0,0.0,0.0,0.0,0.0,51.0,42.0,50.0,37.0,43.0,50.0,51.0,45.0,53.0,37.0,43.0,50.0,1.0,1.07142857143,1.06,1.0,1.0,1.0,63.0,47.0,61.0,45.0,49.0,66.0,1.125,1.09302325581,1.12962962963,1.09756097561,1.0652173913,1.15789473684,56.0,43.0,54.0,41.0,46.0,57.0,32.0,331.0,52.0,279.0,0.0,24.0,273.0,297.0,86.0,1.11447811448,2.16666666667,1.02197802198,10,17,12,0
2016-10-17 09:00:00,1.0,4.0,4.0,3.0,7.0,4.0,2.0,8.0,8.0,6.0,16.0,9.0,2.0,2.0,2.0,2.0,2.28571428571,2.25,12.0,14.0,14.0,8.0,21.0,6.0,0.0,0.0,0.0,0.0,0.0,0.0,42.0,50.0,37.0,43.0,50.0,34.0,45.0,53.0,37.0,43.0,50.0,34.0,1.07142857143,1.06,1.0,1.0,1.0,1.0,47.0,61.0,45.0,49.0,66.0,43.0,1.09302325581,1.12962962963,1.09756097561,1.0652173913,1.15789473684,1.13157894737,43.0,54.0,41.0,46.0,57.0,38.0,47.0,311.0,49.0,262.0,0.0,23.0,256.0,279.0,75.0,1.1146953405,2.13043478261,1.0234375,10,17,12,20
2016-10-17 09:20:00,4.0,4.0,3.0,7.0,4.0,3.0,8.0,8.0,6.0,16.0,9.0,6.0,2.0,2.0,2.0,2.28571428571,2.25,2.0,14.0,14.0,8.0,21.0,6.0,7.0,0.0,0.0,0.0,0.0,0.0,0.0,50.0,37.0,43.0,50.0,34.0,26.0,53.0,37.0,43.0,50.0,34.0,26.0,1.06,1.0,1.0,1.0,1.0,1.0,61.0,45.0,49.0,66.0,43.0,32.0,1.12962962963,1.09756097561,1.0652173913,1.15789473684,1.13157894737,1.10344827586,54.0,41.0,46.0,57.0,38.0,29.0,44.0,296.0,53.0,243.0,0.0,25.0,240.0,265.0,70.0,1.11698113208,2.12,1.0125,10,17,12,40
2016-10-17 09:40:00,4.0,3.0,7.0,4.0,3.0,3.0,8.0,6.0,16.0,9.0,6.0,7.0,2.0,2.0,2.28571428571,2.25,2.0,2.33333333333,14.0,8.0,21.0,6.0,7.0,11.0,0.0,0.0,0.0,0.0,0.0,0.0,37.0,43.0,50.0,34.0,26.0,36.0,37.0,43.0,50.0,34.0,26.0,36.0,1.0,1.0,1.0,1.0,1.0,1.0,45.0,49.0,66.0,43.0,32.0,43.0,1.09756097561,1.0652173913,1.15789473684,1.13157894737,1.10344827586,1.10256410256,41.0,46.0,57.0,38.0,29.0,39.0,35.0,278.0,52.0,226.0,0.0,24.0,226.0,250.0,67.0,1.112,2.16666666667,1.0,10,17,13,0
2016-10-17 10:00:00,3.0,7.0,4.0,3.0,3.0,1.0,6.0,16.0,9.0,6.0,7.0,2.0,2.0,2.28571428571,2.25,2.0,2.33333333333,2.0,8.0,21.0,6.0,7.0,11.0,5.0,0.0,0.0,0.0,0.0,0.0,0.0,43.0,50.0,34.0,26.0,36.0,32.0,43.0,50.0,34.0,26.0,36.0,32.0,1.0,1.0,1.0,1.0,1.0,1.0,49.0,66.0,43.0,32.0,43.0,34.0,1.0652173913,1.15789473684,1.13157894737,1.10344827586,1.10256410256,1.0303030303,46.0,57.0,38.0,29.0,39.0,33.0,51.0,267.0,46.0,221.0,0.0,21.0,221.0,242.0,58.0,1.10330578512,2.19047619048,1.0,10,17,13,20
2016-10-17 10:20:00,7.0,4.0,3.0,3.0,1.0,6.0,16.0,9.0,6.0,7.0,2.0,12.0,2.28571428571,2.25,2.0,2.33333333333,2.0,2.0,21.0,6.0,7.0,11.0,5.0,7.0,0.0,0.0,0.0,0.0,0.0,0.0,50.0,34.0,26.0,36.0,32.0,26.0,50.0,34.0,26.0,36.0,32.0,26.0,1.0,1.0,1.0,1.0,1.0,1.0,66.0,43.0,32.0,43.0,34.0,38.0,1.15789473684,1.13157894737,1.10344827586,1.10256410256,1.0303030303,1.1875,57.0,38.0,29.0,39.0,33.0,32.0,59.0,256.0,52.0,204.0,0.0,24.0,204.0,228.0,57.0,1.12280701754,2.16666666667,1.0,10,17,13,40
2016-10-17 10:40:00,4.0,3.0,3.0,1.0,6.0,1.0,9.0,6.0,7.0,2.0,12.0,3.0,2.25,2.0,2.33333333333,2.0,2.0,3.0,6.0,7.0,11.0,5.0,7.0,15.0,0.0,0.0,0.0,0.0,0.0,0.0,34.0,26.0,36.0,32.0,26.0,46.0,34.0,26.0,36.0,32.0,26.0,46.0,1.0,1.0,1.0,1.0,1.0,1.0,43.0,32.0,43.0,34.0,38.0,49.0,1.13157894737,1.10344827586,1.10256410256,1.0303030303,1.1875,1.04255319149,38.0,29.0,39.0,33.0,32.0,47.0,41.0,239.0,39.0,200.0,0.0,18.0,200.0,218.0,51.0,1.09633027523,2.16666666667,1.0,10,17,14,0
2016-10-17 11:00:00,3.0,3.0,1.0,6.0,1.0,5.0,6.0,7.0,2.0,12.0,3.0,11.0,2.0,2.33333333333,2.0,2.0,3.0,2.2,7.0,11.0,5.0,7.0,15.0,10.0,0.0,0.0,0.0,0.0,0.0,0.0,26.0,36.0,32.0,26.0,46.0,39.0,26.0,36.0,32.0,26.0,46.0,39.0,1.0,1.0,1.0,1.0,1.0,1.0,32.0,43.0,34.0,38.0,49.0,50.0,1.10344827586,1.10256410256,1.0303030303,1.1875,1.04255319149,1.13636363636,29.0,39.0,33.0,32.0,47.0,44.0,47.0,246.0,41.0,205.0,0.0,19.0,205.0,224.0,55.0,1.09821428571,2.15789473684,1.0,10,17,14,20
2016-10-17 11:20:00,3.0,1.0,6.0,1.0,5.0,2.0,7.0,2.0,12.0,3.0,11.0,5.0,2.33333333333,2.0,2.0,3.0,2.2,2.5,11.0,5.0,7.0,15.0,10.0,9.0,0.0,0.0,0.0,0.0,0.0,0.0,36.0,32.0,26.0,46.0,39.0,33.0,36.0,32.0,26.0,46.0,39.0,33.0,1.0,1.0,1.0,1.0,1.0,1.0,43.0,34.0,38.0,49.0,50.0,38.0,1.10256410256,1.0303030303,1.1875,1.04255319149,1.13636363636,1.08571428571,39.0,33.0,32.0,47.0,44.0,35.0,52.0,252.0,40.0,212.0,0.0,18.0,212.0,230.0,57.0,1.09565217391,2.22222222222,1.0,10,17,14,40
2016-10-17 11:40:00,1.0,6.0,1.0,5.0,2.0,6.0,2.0,12.0,3.0,11.0,5.0,13.0,2.0,2.0,3.0,2.2,2.5,2.16666666667,5.0,7.0,15.0,10.0,9.0,11.0,0.0,0.0,0.0,0.0,0.0,0.0,32.0,26.0,46.0,39.0,33.0,45.0,32.0,26.0,46.0,39.0,33.0,45.0,1.0,1.0,1.0,1.0,1.0,1.0,34.0,38.0,49.0,50.0,38.0,58.0,1.0303030303,1.1875,1.04255319149,1.13636363636,1.08571428571,1.13725490196,33.0,32.0,47.0,44.0,35.0,51.0,46.0,267.0,46.0,221.0,0.0,21.0,221.0,242.0,57.0,1.10330578512,2.19047619048,1.0,10,17,15,0
2016-10-17 12:00:00,6.0,1.0,5.0,2.0,6.0,2.0,12.0,3.0,11.0,5.0,13.0,4.0,2.0,3.0,2.2,2.5,2.16666666667,2.0,7.0,15.0,10.0,9.0,11.0,13.0,0.0,0.0,0.0,0.0,0.0,0.0,26.0,46.0,39.0,33.0,45.0,57.0,26.0,46.0,39.0,33.0,45.0,57.0,1.0,1.0,1.0,1.0,1.0,1.0,38.0,49.0,50.0,38.0,58.0,61.0,1.1875,1.04255319149,1.13636363636,1.08571428571,1.13725490196,1.03389830508,32.0,47.0,44.0,35.0,51.0,59.0,47.0,294.0,48.0,246.0,0.0,22.0,246.0,268.0,65.0,1.09701492537,2.18181818182,1.0,10,17,15,20
2016-10-17 12:20:00,1.0,5.0,2.0,6.0,2.0,6.0,3.0,11.0,5.0,13.0,4.0,14.0,3.0,2.2,2.5,2.16666666667,2.0,2.33333333333,15.0,10.0,9.0,11.0,13.0,14.0,0.0,0.0,0.0,0.0,0.0,0.0,46.0,39.0,33.0,45.0,57.0,35.0,46.0,39.0,33.0,45.0,57.0,35.0,1.0,1.0,1.0,1.0,1.0,1.0,49.0,50.0,38.0,58.0,61.0,49.0,1.04255319149,1.13636363636,1.08571428571,1.13725490196,1.03389830508,1.19512195122,47.0,44.0,35.0,51.0,59.0,41.0,35.0,305.0,50.0,255.0,0.0,22.0,255.0,277.0,72.0,1.10108303249,2.27272727273,1.0,10,17,15,40
2016-10-17 12:40:00,5.0,2.0,6.0,2.0,6.0,2.0,11.0,5.0,13.0,4.0,14.0,4.0,2.2,2.5,2.16666666667,2.0,2.33333333333,2.0,10.0,9.0,11.0,13.0,14.0,17.0,0.0,0.0,0.0,0.0,0.0,0.0,39.0,33.0,45.0,57.0,35.0,45.0,39.0,33.0,45.0,57.0,35.0,51.0,1.0,1.0,1.0,1.0,1.0,1.13333333333,50.0,38.0,58.0,61.0,49.0,55.0,1.13636363636,1.08571428571,1.13725490196,1.03389830508,1.19512195122,1.17021276596,44.0,35.0,51.0,59.0,41.0,47.0,63.0,311.0,51.0,260.0,0.0,23.0,254.0,277.0,74.0,1.12274368231,2.21739130435,1.02362204724,10,17,16,0
2016-10-17 13:00:00,2.0,6.0,2.0,6.0,2.0,6.0,5.0,13.0,4.0,14.0,4.0,15.0,2.5,2.16666666667,2.0,2.33333333333,2.0,2.5,9.0,11.0,13.0,14.0,17.0,17.0,0.0,0.0,0.0,0.0,0.0,0.0,33.0,45.0,57.0,35.0,45.0,46.0,33.0,45.0,57.0,35.0,51.0,55.0,1.0,1.0,1.0,1.0,1.13333333333,1.19565217391,38.0,58.0,61.0,49.0,55.0,70.0,1.08571428571,1.13725490196,1.03389830508,1.19512195122,1.17021276596,1.34615384615,35.0,51.0,59.0,41.0,47.0,52.0,56.0,331.0,55.0,276.0,0.0,24.0,261.0,285.0,81.0,1.16140350877,2.29166666667,1.05747126437,10,17,16,20
2016-10-17 13:20:00,6.0,2.0,6.0,2.0,6.0,2.0,13.0,4.0,14.0,4.0,15.0,4.0,2.16666666667,2.0,2.33333333333,2.0,2.5,2.0,11.0,13.0,14.0,17.0,17.0,11.0,0.0,0.0,0.0,0.0,0.0,0.0,45.0,57.0,35.0,45.0,46.0,44.0,45.0,57.0,35.0,51.0,55.0,47.0,1.0,1.0,1.0,1.13333333333,1.19565217391,1.06818181818,58.0,61.0,49.0,55.0,70.0,51.0,1.13725490196,1.03389830508,1.19512195122,1.17021276596,1.34615384615,1.10869565217,51.0,59.0,41.0,47.0,52.0,46.0,42.0,344.0,54.0,290.0,0.0,24.0,272.0,296.0,83.0,1.16216216216,2.25,1.06617647059,10,17,16,40
2016-10-17 13:40:00,2.0,6.0,2.0,6.0,2.0,3.0,4.0,14.0,4.0,15.0,4.0,6.0,2.0,2.33333333333,2.0,2.5,2.0,2.0,13.0,14.0,17.0,17.0,11.0,15.0,0.0,0.0,0.0,0.0,0.0,0.0,57.0,35.0,45.0,46.0,44.0,44.0,57.0,35.0,51.0,55.0,47.0,44.0,1.0,1.0,1.13333333333,1.19565217391,1.06818181818,1.0,61.0,49.0,55.0,70.0,51.0,50.0,1.03389830508,1.19512195122,1.17021276596,1.34615384615,1.10869565217,1.06382978723,59.0,41.0,47.0,52.0,46.0,47.0,43.0,336.0,47.0,289.0,0.0,21.0,271.0,292.0,87.0,1.15068493151,2.2380952381,1.06642066421,10,17,17,0
2016-10-17 14:00:00,6.0,2.0,6.0,2.0,3.0,2.0,14.0,4.0,15.0,4.0,6.0,4.0,2.33333333333,2.0,2.5,2.0,2.0,2.0,14.0,17.0,17.0,11.0,15.0,13.0,0.0,0.0,0.0,0.0,0.0,0.0,35.0,45.0,46.0,44.0,44.0,33.0,35.0,51.0,55.0,47.0,44.0,33.0,1.0,1.13333333333,1.19565217391,1.06818181818,1.0,1.0,49.0,55.0,70.0,51.0,50.0,37.0,1.19512195122,1.17021276596,1.34615384615,1.10869565217,1.06382978723,1.05714285714,41.0,47.0,52.0,46.0,47.0,35.0,34.0,312.0,47.0,265.0,0.0,21.0,247.0,268.0,87.0,1.16417910448,2.2380952381,1.07287449393,10,17,17,20
2016-10-17 14:20:00,2.0,6.0,2.0,3.0,2.0,3.0,4.0,15.0,4.0,6.0,4.0,6.0,2.0,2.5,2.0,2.0,2.0,2.0,17.0,17.0,11.0,15.0,13.0,17.0,0.0,0.0,0.0,0.0,0.0,0.0,45.0,46.0,44.0,44.0,33.0,60.0,51.0,55.0,47.0,44.0,33.0,63.0,1.13333333333,1.19565217391,1.06818181818,1.0,1.0,1.05,55.0,70.0,51.0,50.0,37.0,69.0,1.17021276596,1.34615384615,1.10869565217,1.06382978723,1.05714285714,1.09523809524,47.0,52.0,46.0,47.0,35.0,63.0,25.0,332.0,39.0,293.0,0.0,18.0,272.0,290.0,90.0,1.14482758621,2.16666666667,1.07720588235,10,17,17,40
2016-10-17 14:40:00,6.0,2.0,3.0,2.0,3.0,3.0,15.0,4.0,6.0,4.0,6.0,6.0,2.5,2.0,2.0,2.0,2.0,2.0,17.0,11.0,15.0,13.0,17.0,17.0,0.0,0.0,0.0,0.0,0.0,0.0,46.0,44.0,44.0,33.0,60.0,53.0,55.0,47.0,44.0,33.0,63.0,56.0,1.19565217391,1.06818181818,1.0,1.0,1.05,1.05660377358,70.0,51.0,50.0,37.0,69.0,62.0,1.34615384615,1.10869565217,1.06382978723,1.05714285714,1.09523809524,1.10714285714,52.0,46.0,47.0,35.0,63.0,56.0,22.0,339.0,41.0,298.0,0.0,19.0,280.0,299.0,90.0,1.13377926421,2.15789473684,1.06428571429,10,17,18,0
2016-10-17 15:00:00,2.0,3.0,2.0,3.0,3.0,1.0,4.0,6.0,4.0,6.0,6.0,3.0,2.0,2.0,2.0,2.0,2.0,3.0,11.0,15.0,13.0,17.0,17.0,13.0,0.0,0.0,0.0,0.0,0.0,0.0,44.0,44.0,33.0,60.0,53.0,41.0,47.0,44.0,33.0,63.0,56.0,41.0,1.06818181818,1.0,1.0,1.05,1.05660377358,1.0,51.0,50.0,37.0,69.0,62.0,44.0,1.10869565217,1.06382978723,1.05714285714,1.09523809524,1.10714285714,1.04761904762,46.0,47.0,35.0,63.0,56.0,42.0,24.0,313.0,29.0,284.0,0.0,14.0,275.0,289.0,86.0,1.0830449827,2.07142857143,1.03272727273,10,17,18,20
2016-10-17 15:20:00,3.0,2.0,3.0,3.0,1.0,2.0,6.0,4.0,6.0,6.0,3.0,4.0,2.0,2.0,2.0,2.0,3.0,2.0,15.0,13.0,17.0,17.0,13.0,13.0,0.0,0.0,0.0,0.0,0.0,0.0,44.0,33.0,60.0,53.0,41.0,41.0,44.0,33.0,63.0,56.0,41.0,41.0,1.0,1.0,1.05,1.05660377358,1.0,1.0,50.0,37.0,69.0,62.0,44.0,45.0,1.06382978723,1.05714285714,1.09523809524,1.10714285714,1.04761904762,1.04651162791,47.0,35.0,63.0,56.0,42.0,43.0,14.0,307.0,29.0,278.0,0.0,14.0,272.0,286.0,88.0,1.07342657343,2.07142857143,1.02205882353,10,17,18,40
2016-10-17 15:40:00,2.0,3.0,3.0,1.0,2.0,2.0,4.0,6.0,6.0,3.0,4.0,4.0,2.0,2.0,2.0,3.0,2.0,2.0,13.0,17.0,17.0,13.0,13.0,13.0,0.0,0.0,0.0,0.0,0.0,0.0,33.0,60.0,53.0,41.0,41.0,32.0,33.0,63.0,56.0,41.0,41.0,35.0,1.0,1.05,1.05660377358,1.0,1.0,1.09375,37.0,69.0,62.0,44.0,45.0,39.0,1.05714285714,1.09523809524,1.10714285714,1.04761904762,1.04651162791,1.14705882353,35.0,63.0,56.0,42.0,43.0,34.0,26.0,296.0,27.0,269.0,0.0,13.0,260.0,273.0,86.0,1.08424908425,2.07692307692,1.03461538462,10,17,19,0
2016-10-17 16:00:00,3.0,3.0,1.0,2.0,2.0,1.0,6.0,6.0,3.0,4.0,4.0,2.0,2.0,2.0,3.0,2.0,2.0,2.0,17.0,17.0,13.0,13.0,13.0,8.0,0.0,0.0,0.0,0.0,0.0,0.0,60.0,53.0,41.0,41.0,32.0,24.0,63.0,56.0,41.0,41.0,35.0,24.0,1.05,1.05660377358,1.0,1.0,1.09375,1.0,69.0,62.0,44.0,45.0,39.0,26.0,1.09523809524,1.10714285714,1.04761904762,1.04651162791,1.14705882353,1.04,63.0,56.0,42.0,43.0,34.0,25.0,15.0,285.0,25.0,260.0,0.0,12.0,251.0,263.0,81.0,1.08365019011,2.08333333333,1.03585657371,10,17,19,20
2016-10-17 16:20:00,3.0,1.0,2.0,2.0,1.0,2.0,6.0,3.0,4.0,4.0,2.0,4.0,2.0,3.0,2.0,2.0,2.0,2.0,17.0,13.0,13.0,13.0,8.0,4.0,0.0,0.0,0.0,0.0,0.0,0.0,53.0,41.0,41.0,32.0,24.0,20.0,56.0,41.0,41.0,35.0,24.0,20.0,1.05660377358,1.0,1.0,1.09375,1.0,1.0,62.0,44.0,45.0,39.0,26.0,24.0,1.10714285714,1.04761904762,1.04651162791,1.14705882353,1.04,1.09090909091,56.0,42.0,43.0,34.0,25.0,22.0,16.0,240.0,23.0,217.0,0.0,11.0,211.0,222.0,68.0,1.08108108108,2.09090909091,1.02843601896,10,17,19,40
2016-10-17 16:40:00,1.0,2.0,2.0,1.0,2.0,1.0,3.0,4.0,4.0,2.0,4.0,3.0,3.0,2.0,2.0,2.0,2.0,3.0,13.0,13.0,13.0,8.0,4.0,6.0,0.0,0.0,0.0,0.0,0.0,0.0,41.0,41.0,32.0,24.0,20.0,23.0,41.0,41.0,35.0,24.0,20.0,23.0,1.0,1.0,1.09375,1.0,1.0,1.0,44.0,45.0,39.0,26.0,24.0,26.0,1.04761904762,1.04651162791,1.14705882353,1.04,1.09090909091,1.08333333333,42.0,43.0,34.0,25.0,22.0,24.0,11.0,204.0,20.0,184.0,0.0,9.0,181.0,190.0,57.0,1.07368421053,2.22222222222,1.01657458564,10,17,20,0
2016-10-17 17:00:00,2.0,2.0,1.0,2.0,1.0,1.0,4.0,4.0,2.0,4.0,3.0,2.0,2.0,2.0,2.0,2.0,3.0,2.0,13.0,13.0,8.0,4.0,6.0,4.0,0.0,0.0,0.0,0.0,0.0,0.0,41.0,32.0,24.0,20.0,23.0,13.0,41.0,35.0,24.0,20.0,23.0,13.0,1.0,1.09375,1.0,1.0,1.0,1.0,45.0,39.0,26.0,24.0,26.0,15.0,1.04651162791,1.14705882353,1.04,1.09090909091,1.08333333333,1.07142857143,43.0,34.0,25.0,22.0,24.0,14.0,17.0,175.0,19.0,156.0,0.0,9.0,153.0,162.0,48.0,1.08024691358,2.11111111111,1.01960784314,10,17,20,20
2016-10-17 17:20:00,2.0,1.0,2.0,1.0,1.0,2.0,4.0,2.0,4.0,3.0,2.0,4.0,2.0,2.0,2.0,3.0,2.0,2.0,13.0,8.0,4.0,6.0,4.0,8.0,0.0,0.0,0.0,0.0,0.0,0.0,32.0,24.0,20.0,23.0,13.0,24.0,35.0,24.0,20.0,23.0,13.0,24.0,1.09375,1.0,1.0,1.0,1.0,1.0,39.0,26.0,24.0,26.0,15.0,28.0,1.14705882353,1.04,1.09090909091,1.08333333333,1.07142857143,1.07692307692,34.0,25.0,22.0,24.0,14.0,26.0,19.0,158.0,19.0,139.0,0.0,9.0,136.0,145.0,43.0,1.08965517241,2.11111111111,1.02205882353,10,17,20,40
2016-10-17 17:40:00,1.0,2.0,1.0,1.0,2.0,0.0,2.0,4.0,3.0,2.0,4.0,0.0,2.0,2.0,3.0,2.0,2.0,0.0,8.0,4.0,6.0,4.0,8.0,4.0,0.0,0.0,0.0,0.0,0.0,0.0,24.0,20.0,23.0,13.0,24.0,15.0,24.0,20.0,23.0,13.0,24.0,15.0,1.0,1.0,1.0,1.0,1.0,1.0,26.0,24.0,26.0,15.0,28.0,15.0,1.04,1.09090909091,1.08333333333,1.07142857143,1.07692307692,1.0,25.0,22.0,24.0,14.0,26.0,15.0,17.0,134.0,15.0,119.0,0.0,7.0,119.0,126.0,34.0,1.06349206349,2.14285714286,1.0,10,17,21,0
2016-10-17 18:00:00,2.0,1.0,1.0,2.0,0.0,0.0,4.0,3.0,2.0,4.0,0.0,0.0,2.0,3.0,2.0,2.0,0.0,0.0,4.0,6.0,4.0,8.0,4.0,1.0,0.0,0.0,0.0,0.0,0.0,0.0,20.0,23.0,13.0,24.0,15.0,16.0,20.0,23.0,13.0,24.0,15.0,16.0,1.0,1.0,1.0,1.0,1.0,1.0,24.0,26.0,15.0,28.0,15.0,16.0,1.09090909091,1.08333333333,1.07142857143,1.07692307692,1.0,1.0,22.0,24.0,14.0,26.0,15.0,16.0,11.0,124.0,13.0,111.0,0.0,6.0,111.0,117.0,27.0,1.05982905983,2.16666666667,1.0,10,17,21,20
2016-10-17 18:20:00,1.0,1.0,2.0,0.0,0.0,0.0,3.0,2.0,4.0,0.0,0.0,0.0,3.0,2.0,2.0,0.0,0.0,0.0,6.0,4.0,8.0,4.0,1.0,1.0,0.0,0.0,0.0,0.0,0.0,0.0,23.0,13.0,24.0,15.0,16.0,11.0,23.0,13.0,24.0,15.0,16.0,11.0,1.0,1.0,1.0,1.0,1.0,1.0,26.0,15.0,28.0,15.0,16.0,11.0,1.08333333333,1.07142857143,1.07692307692,1.0,1.0,1.0,24.0,14.0,26.0,15.0,16.0,11.0,18.0,111.0,9.0,102.0,0.0,4.0,102.0,106.0,24.0,1.04716981132,2.25,1.0,10,17,21,40
2016-10-17 18:40:00,1.0,2.0,0.0,0.0,0.0,2.0,2.0,4.0,0.0,0.0,0.0,4.0,2.0,2.0,0.0,0.0,0.0,2.0,4.0,8.0,4.0,1.0,1.0,2.0,0.0,0.0,0.0,0.0,0.0,0.0,13.0,24.0,15.0,16.0,11.0,15.0,13.0,24.0,15.0,16.0,11.0,15.0,1.0,1.0,1.0,1.0,1.0,1.0,15.0,28.0,15.0,16.0,11.0,19.0,1.07142857143,1.07692307692,1.0,1.0,1.0,1.11764705882,14.0,26.0,15.0,16.0,11.0,17.0,12.0,104.0,10.0,94.0,0.0,5.0,94.0,99.0,20.0,1.05050505051,2.0,1.0,10,17,22,0
2016-10-17 19:00:00,2.0,0.0,0.0,0.0,2.0,2.0,4.0,0.0,0.0,0.0,4.0,4.0,2.0,0.0,0.0,0.0,2.0,2.0,8.0,4.0,1.0,1.0,2.0,8.0,0.0,0.0,0.0,0.0,0.0,0.0,24.0,15.0,16.0,11.0,15.0,17.0,24.0,15.0,16.0,11.0,15.0,17.0,1.0,1.0,1.0,1.0,1.0,1.0,28.0,15.0,16.0,11.0,19.0,21.0,1.07692307692,1.0,1.0,1.0,1.11764705882,1.10526315789,26.0,15.0,16.0,11.0,17.0,19.0,10.0,110.0,12.0,98.0,0.0,6.0,98.0,104.0,24.0,1.05769230769,2.0,1.0,10,17,22,20
2016-10-17 19:20:00,0.0,0.0,0.0,2.0,2.0,1.0,0.0,0.0,0.0,4.0,4.0,2.0,0.0,0.0,0.0,2.0,2.0,2.0,4.0,1.0,1.0,2.0,8.0,2.0,0.0,0.0,0.0,0.0,0.0,0.0,15.0,16.0,11.0,15.0,17.0,16.0,15.0,16.0,11.0,15.0,17.0,16.0,1.0,1.0,1.0,1.0,1.0,1.0,15.0,16.0,11.0,19.0,21.0,18.0,1.0,1.0,1.0,1.11764705882,1.10526315789,1.05882352941,15.0,16.0,11.0,17.0,19.0,17.0,4.0,100.0,10.0,90.0,0.0,5.0,90.0,95.0,18.0,1.05263157895,2.0,1.0,10,17,22,40
2016-10-17 19:40:00,0.0,0.0,2.0,2.0,1.0,3.0,0.0,0.0,4.0,4.0,2.0,6.0,0.0,0.0,2.0,2.0,2.0,2.0,1.0,1.0,2.0,8.0,2.0,4.0,0.0,0.0,0.0,0.0,0.0,0.0,16.0,11.0,15.0,17.0,16.0,8.0,16.0,11.0,15.0,17.0,16.0,8.0,1.0,1.0,1.0,1.0,1.0,1.0,16.0,11.0,19.0,21.0,18.0,14.0,1.0,1.0,1.11764705882,1.10526315789,1.05882352941,1.27272727273,16.0,11.0,17.0,19.0,17.0,11.0,1.0,99.0,16.0,83.0,0.0,8.0,83.0,91.0,18.0,1.08791208791,2.0,1.0,10,17,23,0
2016-10-17 20:00:00,0.0,2.0,2.0,1.0,3.0,5.0,0.0,4.0,4.0,2.0,6.0,10.0,0.0,2.0,2.0,2.0,2.0,2.0,1.0,2.0,8.0,2.0,4.0,3.0,0.0,0.0,0.0,0.0,0.0,0.0,11.0,15.0,17.0,16.0,8.0,13.0,11.0,15.0,17.0,16.0,8.0,13.0,1.0,1.0,1.0,1.0,1.0,1.0,11.0,19.0,21.0,18.0,14.0,23.0,1.0,1.11764705882,1.10526315789,1.05882352941,1.27272727273,1.27777777778,11.0,17.0,19.0,17.0,11.0,18.0,6.0,106.0,26.0,80.0,0.0,13.0,80.0,93.0,20.0,1.13978494624,2.0,1.0,10,17,23,20
2016-10-17 20:20:00,2.0,2.0,1.0,3.0,5.0,1.0,4.0,4.0,2.0,6.0,10.0,2.0,2.0,2.0,2.0,2.0,2.0,2.0,2.0,8.0,2.0,4.0,3.0,2.0,0.0,0.0,0.0,0.0,0.0,0.0,15.0,17.0,16.0,8.0,13.0,11.0,15.0,17.0,16.0,8.0,13.0,11.0,1.0,1.0,1.0,1.0,1.0,1.0,19.0,21.0,18.0,14.0,23.0,13.0,1.11764705882,1.10526315789,1.05882352941,1.27272727273,1.27777777778,1.08333333333,17.0,19.0,17.0,11.0,18.0,12.0,2.0,108.0,28.0,80.0,0.0,14.0,80.0,94.0,21.0,1.14893617021,2.0,1.0,10,17,23,40
